price,sqrt,location,bhk,Gymnasium,Lift Available,CarParking,Maintenance Staff,Swimming Pool
14950000.0,1498.0,kharghar,3.0,1,0,1,0,1
125000000.0,2904.0,worli,4.0,1,1,1,1,1
43000000.0,2195.0,goregaon east,3.0,1,1,1,0,1
4500000.0,738.0,taloja,1.0,1,1,1,0,1
6000000.0,650.0,mira road east,2.0,0,1,0,0,0
3000000.0,1160.0,boisar,3.0,0,1,0,0,1
11500000.0,650.0,mulund east,1.0,1,1,0,0,0
5500000.0,700.0,ulwe,2.0,0,0,0,0,0
9700000.0,645.0,mira road east,3.0,0,1,1,0,0
10800000.0,928.0,thane west,2.0,1,1,0,0,1
6500000.0,1100.0,beturkar pada,2.0,0,1,0,0,0
8000000.0,698.0,koper khairane,1.0,0,1,1,1,0
4800000.0,855.0,kalyan east,2.0,0,1,0,0,0
11500000.0,1771.0,panvel,3.0,1,1,1,0,1
13899999.0,538.0,kanjurmarg,2.0,1,0,0,0,1
6000000.0,700.0,thane west,1.0,1,1,0,0,0
60100000.0,1435.0,juhu,3.0,0,1,1,0,1
6500000.0,500.0,sector 19 nerul,1.0,0,0,0,0,0
10200000.0,585.0,malad west,1.0,1,1,1,0,0
23000000.0,1100.0,unknown,3.0,0,1,1,1,0
13500000.0,565.0,powai,1.0,0,1,1,0,1
8800000.0,600.0,kandivali west,1.0,1,1,0,0,1
55000000.0,1388.0,lower parel,2.0,0,0,1,1,0
12750000.0,1150.0,ulwe,3.0,1,0,1,0,0
7837000.0,1045.0,mira road east,2.0,0,1,0,0,0
14400000.0,1030.0,seawoods,2.0,1,1,1,0,0
24000000.0,828.0,kandivali west,2.0,1,1,1,0,1
15000000.0,850.0,andheri  east,2.0,0,1,1,0,1
2900000.0,695.0,taloja,1.0,0,1,1,1,0
14800000.0,882.0,kurla,2.0,1,0,0,0,0
12000000.0,931.0,panvel,3.0,1,1,1,0,1
8588000.0,1130.0,kharghar,2.0,1,1,1,1,1
19500000.0,1200.0,malad east,2.0,0,0,0,0,0
5300000.0,860.0,nala sopara,1.0,0,1,0,0,0
2300000.0,640.0,virar,1.0,0,1,0,0,0
25000000.0,1250.0,andheri  west,3.0,1,1,0,0,1
19900000.0,664.0,mulund west,2.0,1,0,1,0,1
2005000.0,575.0,badlapur,1.0,0,1,1,0,0
15500000.0,800.0,jogeshwari west,2.0,0,1,0,0,0
10800000.0,1260.0,thane west,2.0,1,1,0,0,1
19500000.0,1215.0,unknown,3.0,0,1,1,1,1
16000000.0,800.0,andheri  west,2.0,0,0,0,0,1
9300000.0,1800.0,panvel,3.0,1,1,0,0,1
2700000.0,712.0,virar west,1.0,1,1,0,0,0
30000000.0,2355.0,unknown,4.0,1,1,1,0,1
28000000.0,730.0,mumbai,2.0,1,1,1,1,0
15200000.0,1286.0,nerul,3.0,1,1,1,1,1
7500000.0,1050.0,kharghar,2.0,0,1,1,1,0
8800000.0,804.0,panvel,2.0,1,1,1,0,1
3500000.0,607.0,kalyan west,1.0,1,1,0,0,1
10400000.0,1365.0,mira road east,3.0,0,1,0,0,0
9500000.0,950.0,unknown,2.0,1,1,1,1,1
13500000.0,1340.0,sector 19 kharghar,2.0,0,0,1,1,0
5900000.0,725.0,kalamboli,1.0,0,1,0,0,0
6400000.0,1180.0,mira road and beyond,2.0,1,1,1,0,0
9300000.0,1310.0,kamothe,2.0,0,0,1,1,0
5000000.0,702.0,mumbai agra national highway,1.0,0,0,0,0,0
8000000.0,720.0,thane west,1.0,0,1,1,0,1
2390000.0,556.0,unknown,1.0,0,1,0,0,0
8100000.0,1097.0,unknown,2.0,0,0,0,0,0
14500000.0,839.0,kandivali west,2.0,1,1,1,0,0
8500000.0,560.0,dahisar west,1.0,0,0,0,0,0
32500000.0,980.0,dadar west,2.0,0,1,1,0,0
6000000.0,740.0,kharghar,1.0,1,1,1,1,0
4500000.0,550.0,kharghar,1.0,0,1,1,1,0
10000000.0,1700.0,kamothe,3.0,1,1,1,1,0
8420000.0,960.0,unknown,2.0,1,1,0,0,1
19000000.0,980.0,goregaon west,2.0,1,1,0,0,0
4000000.0,565.0,kalyan west,1.0,0,1,1,0,0
57000000.0,1203.0,ghatkopar west,4.0,1,1,1,1,0
3125000.0,680.0,taloja,1.0,0,0,1,1,0
19250000.0,946.0,powai,2.0,1,0,1,0,1
33500000.0,1112.0,goregaon west,3.0,1,1,1,0,0
4052000.0,1113.0,badlapur east,2.0,1,1,1,0,1
8900000.0,1690.0,panvel,3.0,1,1,1,0,0
12400000.0,650.0,andheri  east,1.0,0,0,0,0,0
18000000.0,1350.0,goregaon west,3.0,1,1,0,0,1
19700000.0,709.0,unknown,2.0,0,0,0,0,0
13899999.0,614.0,kandivali east,2.0,1,1,1,0,1
8725000.0,1140.0,kamothe,2.0,1,1,1,0,1
17900000.0,1400.0,kandivali west,3.0,0,1,0,0,0
3600000.0,800.0,nala sopara,2.0,0,1,0,0,0
15000000.0,1100.0,dahisar,2.0,0,1,0,0,1
22000000.0,1300.0,borivali west,2.0,1,1,1,0,1
112500000.0,2436.0,napeansea road,3.0,1,1,1,1,1
40000000.0,610.0,matunga east,1.0,0,1,0,0,0
2460000.0,510.0,taloja,1.0,1,1,0,0,0
9013000.0,1195.0,panvel,2.0,1,1,1,0,1
18900000.0,1404.0,malad west,3.0,1,1,0,1,1
6500000.0,645.0,ghansoli,1.0,0,1,0,0,0
9500000.0,750.0,borivali west,1.0,0,0,0,0,0
16500000.0,1350.0,ghatkopar west,3.0,1,1,0,0,0
17200000.0,750.0,unknown,2.0,1,1,1,1,1
14900000.0,806.0,malad east,2.0,0,0,1,1,0
4500000.0,550.0,unknown,1.0,1,0,1,1,1
5600000.0,695.0,mira road east,1.0,0,1,1,0,0
6600000.0,975.0,kalyan west,2.0,1,1,1,0,1
23500000.0,1250.0,nerul,1.0,0,1,1,0,1
8500000.0,650.0,unknown,1.0,0,0,0,0,0
37700000.0,1556.0,goregaon west,3.0,1,1,0,0,1
14500000.0,950.0,dahisar,2.0,0,1,1,0,0
19500000.0,1043.0,unknown,2.0,1,1,1,0,1
8000000.0,750.0,panvel,2.0,0,0,0,0,1
15400000.0,711.0,thane west,2.0,1,1,0,0,1
10500000.0,1136.0,sector 5,2.0,0,0,1,1,0
3500000.0,670.0,taloja panchanand,1.0,0,1,1,0,1
2725000.0,535.0,badlapur east,1.0,1,0,1,0,1
18000000.0,1309.0,thane west,3.0,1,0,1,0,0
16500000.0,970.0,powai,2.0,1,0,1,0,1
3000000.0,530.0,thane,1.0,1,1,1,1,0
16500000.0,756.0,borivali west,1.0,1,1,1,0,1
12000000.0,750.0,kandivali west,1.0,0,1,0,0,0
14000000.0,1320.0,sector 18,2.0,0,0,1,1,0
4000000.0,550.0,panvel,2.0,0,0,0,0,0
4427000.0,873.0,badlapur east,2.0,1,1,1,0,1
29500000.0,1818.0,malad east,3.0,1,1,0,0,0
12200000.0,855.0,malad east,2.0,0,1,0,0,0
17500000.0,1750.0,kharghar,3.0,1,1,1,1,1
2600000.0,590.0,nala sopara,1.0,1,1,1,0,1
16800000.0,751.0,chembur,2.0,0,0,0,0,0
7930000.0,1220.0,panvel,2.0,1,1,0,0,1
2600000.0,510.0,badlapur east,1.0,1,1,1,0,1
42000000.0,1200.0,lower parel,2.0,0,1,1,0,1
26500000.0,1450.0,magathane,3.0,0,1,0,1,0
17500000.0,3200.0,panvel,5.0,1,1,0,0,1
17000000.0,1250.0,unknown,2.0,0,0,1,0,0
29400000.0,1450.0,andheri,3.0,1,1,1,0,1
3661000.0,1077.0,boisar,3.0,1,0,0,0,1
3645000.0,810.0,virar,2.0,1,1,1,0,1
3600000.0,450.0,dombivali,1.0,0,1,1,0,1
19250000.0,800.0,powai,2.0,0,1,0,0,0
70000000.0,1824.0,bandra west,3.0,0,1,0,0,0
5000000.0,600.0,kharghar,1.0,0,1,1,1,0
11000000.0,750.0,jogeshwari west,1.0,0,1,1,0,0
6500000.0,720.0,kalwa,1.0,0,0,0,0,0
15500000.0,1387.0,kharghar,3.0,1,1,0,0,1
6900000.0,1100.0,kharghar,2.0,0,1,1,1,0
3467000.0,596.0,dombivali east,1.0,0,1,1,0,0
26400000.0,837.0,ville parle east,2.0,0,1,0,0,0
49500000.0,1092.0,worli,3.0,1,1,0,0,1
12000000.0,900.0,borivali west,2.0,1,1,0,0,1
18900000.0,1225.0,thakur complex,2.0,0,1,1,1,0
7400000.0,890.0,sector 17 ulwe,2.0,1,1,1,1,0
18900000.0,600.0,ville parle east,1.0,0,0,0,0,0
5299000.0,860.0,kalyan west,2.0,1,1,1,1,0
2400000.0,595.0,nala sopara,1.0,1,1,1,0,1
2700000.0,540.0,naigaon east,1.0,1,1,1,1,0
19800000.0,1450.0,malad west,3.0,1,1,1,0,1
8500000.0,575.0,thane west,1.0,1,1,1,0,1
12500000.0,1390.0,mira road east,3.0,1,1,1,0,1
9100000.0,600.0,mulund west,1.0,0,1,0,0,0
16200000.0,2495.0,panvel,4.0,1,1,1,0,1
14500000.0,791.0,kandivali west,2.0,1,1,1,0,1
2650000.0,420.0,ulwe,1.0,0,0,0,0,0
9200000.0,945.0,bhayandar east,2.0,1,1,1,0,1
17250000.0,915.0,andheri  east,2.0,1,1,1,1,1
9600000.0,950.0,thane west,2.0,1,1,0,0,1
13500000.0,650.0,santacruz east,1.0,0,1,0,0,0
12800000.0,1100.0,sainath nagar,2.0,0,1,1,1,0
6700000.0,670.0,thane west,1.0,0,0,0,0,0
15300000.0,688.0,malad west,2.0,1,1,1,0,1
2300000.0,480.0,dombivli (west),1.0,0,0,0,0,0
9000000.0,1220.0,sector 5 ulwe,3.0,0,1,1,1,0
14200000.0,950.0,malad west,2.0,0,1,1,0,0
26250000.0,1600.0,borivali west,3.0,1,0,0,0,1
7500000.0,550.0,thane west,1.0,1,1,1,0,1
8355000.0,1055.0,mira road east,2.0,1,1,1,0,1
4600000.0,600.0,sector 36 kharghar,1.0,0,0,1,1,0
19000000.0,1350.0,malad west,3.0,1,1,1,0,1
6000000.0,335.0,ghatkopar east,1.0,1,1,1,1,1
2068500.0,653.0,mumbai,1.0,1,1,1,1,0
17000000.0,1050.0,goregaon west,3.0,0,1,0,0,0
5000000.0,650.0,sector 20 kharghar,1.0,1,1,1,1,0
18000000.0,1120.0,kandivali east,2.0,1,1,1,0,1
6300000.0,850.0,panvel,2.0,1,1,1,1,1
26500000.0,910.0,powai,2.0,1,1,1,0,1
3500000.0,650.0,ulwe,1.0,0,1,0,0,0
26500000.0,1250.0,andheri  west,2.0,1,1,0,0,1
17000000.0,1050.0,magathane,2.0,0,1,1,1,0
27500000.0,1000.0,borivali west,3.0,1,0,0,0,0
10500000.0,1098.0,thane west,2.0,1,1,0,0,0
23000000.0,1000.0,juhu,2.0,0,0,0,0,0
12100000.0,690.0,kolshet road,2.0,0,0,1,0,0
2500000.0,675.0,boisar,2.0,1,1,0,0,1
14950000.0,1845.0,kharghar,3.0,1,1,1,1,1
14800000.0,1055.0,kanjurmarg,2.0,1,1,0,0,0
112500000.0,1340.0,napeansea road,3.0,0,1,0,0,0
8000000.0,810.0,mumbai highway,2.0,1,1,1,0,0
8700000.0,525.0,kandivali east,1.0,1,1,1,0,1
9485000.0,963.0,thane west,2.0,1,1,1,0,1
2669000.0,639.0,titwala,1.0,0,1,0,0,0
26500000.0,1494.0,thakur village,3.0,0,1,1,1,0
18000000.0,1060.0,wadala east wadala,2.0,1,1,1,1,0
2099000.0,882.0,khalapur,1.0,1,1,0,0,1
65000000.0,2695.0,wadala,4.0,1,1,1,0,1
10000000.0,1340.0,unknown,3.0,1,1,1,0,1
34500000.0,2465.0,kandivali east,3.0,1,1,1,0,1
14000000.0,1050.0,thane west,2.0,1,1,1,0,1
2250000.0,610.0,badlapur east,1.0,1,1,0,0,1
10500000.0,1078.0,ulwe,2.0,1,0,1,1,1
28500000.0,1289.0,goregaon west,3.0,0,0,0,0,0
5200000.0,700.0,kharghar,1.0,1,1,1,1,1
4000000.0,577.0,kalyan west,1.0,1,1,0,0,1
4500000.0,600.0,greater khanda,1.0,0,1,0,0,0
4500000.0,665.0,taloja,1.0,0,0,0,0,0
7959999.0,755.0,kalyan west,2.0,0,1,1,1,0
8200000.0,685.0,malad west,1.0,1,1,1,0,0
2600000.0,545.0,nala sopara,1.0,1,1,1,0,1
19000000.0,1150.0,rajendra nagar,3.0,0,1,1,0,0
12400000.0,1300.0,unknown,3.0,0,1,1,1,0
11500000.0,650.0,borivali west,1.0,0,1,0,0,0
9000000.0,1225.0,ghansoli,3.0,0,0,0,0,0
8000000.0,1027.0,ulwe,2.0,1,0,1,1,1
16500000.0,1500.0,kharghar,3.0,1,1,1,0,1
18500000.0,1020.0,borivali east,2.0,1,1,1,0,1
2800000.0,375.0,mulund east,1.0,0,1,1,1,0
27000000.0,1502.0,powai,3.0,1,1,1,1,1
7500000.0,800.0,ulwe,1.0,0,1,0,0,0
9499000.0,692.0,chembur,1.0,1,1,1,0,0
55700000.0,1181.0,andheri  west,3.0,1,1,1,0,1
6000000.0,1080.0,unknown,2.0,1,1,1,0,1
9200000.0,940.0,thane west,2.0,1,1,0,0,1
24100000.0,2090.0,thane west,3.0,1,1,1,0,1
10900000.0,684.0,thane west,2.0,1,0,1,0,1
9800000.0,600.0,malad west,1.0,0,0,0,0,0
19600000.0,1250.0,chembur,2.0,0,1,1,1,0
6100000.0,1150.0,dronagiri,2.0,0,1,1,0,0
7000000.0,560.0,kandivali west,1.0,0,0,0,0,0
5500000.0,980.0,kalyan west,2.0,1,0,0,0,1
16000000.0,750.0,borivali west,2.0,0,0,0,0,0
20000000.0,1440.0,seawoods,3.0,1,1,1,0,1
20000000.0,925.0,borivali west,2.0,0,1,0,0,0
9000000.0,350.0,jawahar nagar,1.0,0,1,1,1,0
6500000.0,525.0,malad west,1.0,0,0,0,0,0
9500000.0,1150.0,unknown,2.0,1,1,0,0,0
6000000.0,892.0,dahisar east,2.0,0,1,0,0,0
6200000.0,650.0,kharghar,1.0,0,1,1,1,0
5500000.0,550.0,kharghar,1.0,1,1,1,1,1
20500000.0,1067.0,chembur,2.0,1,1,1,1,0
9500000.0,1000.0,kharghar,2.0,1,1,1,1,1
16299999.0,1063.0,thakur village,2.0,0,0,1,1,0
6320000.0,384.0,mira road east,1.0,1,1,1,0,0
8500000.0,1075.0,ulwe,2.0,0,0,0,0,0
10000000.0,475.0,andheri  east,1.0,0,0,0,0,0
6000000.0,550.0,dahisar,1.0,1,1,0,0,1
10900000.0,901.0,thane west,2.0,1,1,1,0,1
2700000.0,615.0,nalasopara west,1.0,0,0,0,0,0
16500000.0,1508.0,ulwe,3.0,1,1,0,0,0
4000000.0,600.0,sector 17 ulwe,2.0,1,0,1,1,0
20800000.0,1214.0,thane west,3.0,1,0,0,0,0
71000000.0,2580.0,worli,3.0,1,1,1,0,1
11000000.0,1550.0,kharghar,3.0,1,1,1,1,0
4000000.0,1380.0,boisar,3.0,1,1,0,0,1
2350000.0,540.0,unknown,1.0,1,1,1,1,0
6000000.0,1000.0,dronagiri,2.0,1,0,0,0,1
5600000.0,600.0,unknown,1.0,1,1,0,0,1
16500000.0,1550.0,thane west,3.0,0,0,0,0,0
11299999.0,600.0,borivali east,1.0,1,0,1,0,1
9000000.0,524.0,borivali west,1.0,1,1,0,0,1
7900000.0,940.0,kamothe,2.0,1,1,1,1,0
3499000.0,420.0,unknown,1.0,0,1,0,0,0
5500000.0,750.0,vasai west,2.0,0,0,0,0,0
5700000.0,1060.0,taloja,2.0,0,0,1,1,0
5000000.0,950.0,kalyan west,2.0,1,1,1,0,1
9500000.0,1120.0,kharghar,2.0,1,1,1,1,1
23900000.0,1042.0,wadala east,2.0,1,1,0,1,1
6798999.0,577.0,thane west,2.0,1,1,1,0,0
12500000.0,880.0,thane west,2.0,1,1,1,0,1
18500000.0,1050.0,dattapada,2.0,0,1,1,1,0
13500000.0,1066.0,thane west,2.0,0,0,0,0,0
8500000.0,1448.0,vasai west,3.0,0,0,0,0,0
3900000.0,975.0,virar,2.0,0,1,1,0,0
11500000.0,860.0,marol,1.0,1,0,0,0,1
13500000.0,1300.0,kharghar,3.0,1,0,1,1,1
9200000.0,1160.0,mira road east,2.0,1,1,0,0,1
4095000.0,830.0,virar,2.0,1,1,1,0,0
12500000.0,1500.0,mira road east,3.0,0,1,1,0,0
23000000.0,1250.0,andheri  west,2.0,1,0,0,0,1
5760000.0,625.0,thane west,1.0,1,1,1,0,1
25500000.0,1650.0,goregaon west,3.0,0,1,1,0,1
8500000.0,980.0,mira road east,2.0,1,1,0,0,1
7320000.0,746.0,thane west,1.0,1,1,0,0,1
9500000.0,650.0,borivali west,1.0,0,1,0,0,0
6500000.0,450.0,malad west,1.0,0,0,0,0,0
8600000.0,900.0,thane west,2.0,1,1,1,0,1
250000000.0,4200.0,hanuman nagar,5.0,0,1,1,1,0
14800000.0,581.0,mulund east,2.0,0,0,0,0,0
10000000.0,1100.0,kalyan west,2.0,1,1,0,1,1
6800000.0,1050.0,kalyan west,2.0,0,1,0,0,0
17300000.0,845.0,kandivali east,2.0,1,1,1,0,1
16500000.0,1100.0,ghansoli,2.0,1,1,0,0,0
4300000.0,750.0,unknown,1.0,1,1,1,0,0
4500000.0,645.0,mira road east,1.0,1,1,1,0,1
11700000.0,550.0,shreyas colony,1.0,0,1,1,1,0
5500000.0,650.0,ulwe,1.0,0,1,0,0,0
2800000.0,565.0,naigaon east,1.0,1,1,1,0,0
31000000.0,1672.0,malad east,3.0,1,1,1,1,1
3100000.0,450.0,unknown,1.0,0,0,0,1,0
9500000.0,1190.0,kharghar,2.0,1,1,0,0,1
16000000.0,1200.0,dahisar,2.0,1,1,0,0,0
3700000.0,550.0,taloja,1.0,1,0,1,0,1
9500000.0,1026.0,thane west,2.0,1,1,1,1,1
32550000.0,1485.0,chembur east,3.0,0,1,0,1,0
3700000.0,335.0,unknown,1.0,0,1,0,0,0
14900000.0,1200.0,malad east,1.0,0,0,1,1,0
10900000.0,598.0,thane west,2.0,1,1,1,0,1
6700000.0,1200.0,panvel,2.0,1,1,1,0,1
5600000.0,950.0,vasai west,2.0,0,1,0,0,0
27500000.0,840.0,vile parle west,2.0,0,1,0,0,0
24500000.0,1300.0,samata nagar,3.0,0,1,1,1,0
10000000.0,1180.0,ulwe,2.0,1,1,0,1,1
41500000.0,1850.0,andheri  west,3.0,1,1,1,0,1
26000000.0,1050.0,sen nagar,2.0,0,1,0,0,0
5000000.0,600.0,sector 22 kamothe,1.0,0,0,1,1,0
25500000.0,1113.0,andheri  east,3.0,1,0,1,0,1
8400000.0,1055.0,panvel,2.0,1,1,1,0,1
21500000.0,1264.0,bhandup west,3.0,1,1,0,0,0
26000000.0,1125.0,sen nagar,2.0,0,0,0,0,0
13000000.0,775.0,bhandup west,1.0,1,1,1,0,1
4140999.0,650.0,ulwe,1.0,0,1,0,0,0
8323999.0,1051.0,kalwa,2.0,0,1,0,0,1
2100000.0,700.0,karjat,1.0,0,1,0,0,0
8800000.0,1185.0,ulwe,2.0,1,0,1,0,1
22500000.0,1050.0,andheri  west,2.0,1,1,0,0,1
2200000.0,540.0,kharegaon,1.0,0,1,0,0,0
15000000.0,990.0,dahisar west,2.0,0,0,0,0,0
6400000.0,670.0,kharghar,1.0,1,1,1,0,1
34800000.0,750.0,ville parle west,2.0,1,1,0,0,1
6400000.0,1150.0,taloja,2.0,1,1,0,0,0
11500000.0,1182.0,sector 11 belapur,2.0,0,0,1,1,0
3424000.0,818.0,titwala,2.0,0,1,0,0,0
4300000.0,650.0,kharghar,1.0,0,1,1,1,0
6900000.0,1130.0,kalyan west,2.0,1,1,0,0,0
2350000.0,594.0,nala sopara,1.0,0,0,1,1,0
7000000.0,448.0,panch pakhadi,1.0,0,0,1,1,0
2700000.0,572.0,nala sopara,1.0,1,1,1,0,1
21000000.0,900.0,shimpoli,2.0,0,0,0,0,0
9167000.0,686.0,panvel,1.0,1,1,1,0,1
5600000.0,610.0,sector 20 kharghar,1.0,0,0,1,1,0
30000000.0,1800.0,andheri  west,4.0,1,1,1,0,0
9000000.0,535.0,kandivali east,1.0,0,1,1,1,0
13000000.0,1100.0,nerul,2.0,0,0,1,0,0
10500000.0,660.0,powai,1.0,0,0,0,0,0
5325000.0,325.0,borivali west,1.0,0,1,0,0,0
11000000.0,1060.0,kharghar,2.0,0,0,1,0,0
8100000.0,1134.0,mira road east,2.0,1,1,0,0,1
5550000.0,600.0,vasai west,2.0,0,0,0,0,0
60000000.0,1634.0,unknown,3.0,1,0,1,1,1
2100000.0,450.0,sector-26 taloja,1.0,1,1,0,0,1
9700000.0,560.0,borivali west,1.0,1,1,0,0,1
6146500.0,1350.0,virar,3.0,1,1,0,0,0
6000000.0,1070.0,taloja,2.0,0,0,1,1,0
55000000.0,2160.0,juhu,3.0,0,1,0,0,0
4200000.0,1005.0,koproli,2.0,1,0,0,0,0
5999000.0,969.0,thane west,2.0,1,1,1,0,1
8000000.0,732.0,panvel,2.0,1,1,1,0,1
13200000.0,1525.0,mira road east,2.0,1,0,1,1,0
6000000.0,945.0,kalyan west,2.0,0,1,0,0,0
28000000.0,1350.0,samata nagar thakur village,3.0,0,1,0,1,0
8900000.0,600.0,borivali west,1.0,0,0,0,0,0
36500000.0,965.0,bandra kurla complex,3.0,0,1,1,1,1
12600000.0,850.0,thane west,2.0,1,1,0,0,1
3200000.0,610.0,naigaon east,1.0,1,1,0,0,1
75100000.0,2100.0,goregaon east,3.0,1,1,0,0,1
9500000.0,1260.0,sector 19 kharghar,2.0,1,1,1,1,0
2600000.0,585.0,nala sopara,1.0,0,0,1,1,0
9000000.0,925.0,unknown,2.0,1,1,1,0,1
7500000.0,600.0,airoli,1.0,0,1,0,0,0
16000000.0,890.0,krishanlal marwah marg,2.0,0,0,1,0,0
5500000.0,600.0,unknown,1.0,1,1,1,1,0
5200000.0,580.0,mira bhayandar,1.0,0,1,1,1,0
7700000.0,1046.0,mira road east,2.0,1,1,0,0,0
2800000.0,635.0,taloja,1.0,0,1,1,1,0
8650000.0,571.0,malad west,1.0,1,1,1,0,1
4045000.0,910.0,virar,2.0,1,1,1,0,1
29000000.0,1160.0,mulund west,3.0,1,0,0,0,0
8650000.0,350.0,malad west,1.0,0,1,0,0,0
6990000.0,450.0,unknown,1.0,1,1,0,0,1
2600000.0,740.0,nala sopara,1.0,0,1,1,1,0
17000000.0,1760.0,kopar khairane sector 19a,3.0,0,1,1,1,0
4700000.0,1017.0,bhiwandi,2.0,1,1,1,0,1
7500000.0,550.0,kannamwar nagar ii,1.0,0,1,1,1,0
35000000.0,867.0,santacruz west,2.0,0,1,0,0,0
2400000.0,575.0,nala sopara,1.0,1,1,1,0,1
2100000.0,529.0,vangani,1.0,0,0,0,0,0
12700000.0,1290.0,thane west,3.0,1,1,1,0,1
5000000.0,504.0,sector 12 kharghar,1.0,0,1,0,1,0
9200000.0,1150.0,unknown,2.0,1,1,0,0,1
13000000.0,960.0,malad east,1.0,0,0,0,0,0
3500000.0,770.0,naigaon east,2.0,0,1,0,0,0
15200000.0,1662.0,thane west,3.0,1,1,0,0,1
14100000.0,1650.0,ulwe,3.0,1,1,0,0,0
6000000.0,650.0,mira road,1.0,1,1,1,0,1
110000000.0,2590.0,andheri  west,3.0,1,1,1,0,1
46000000.0,1040.0,lower parel,1.0,0,1,0,0,1
55000000.0,1225.0,khar west,3.0,0,0,0,0,0
3750000.0,1050.0,badlapur east,2.0,1,1,0,0,0
4200000.0,635.0,kalyan west,1.0,1,1,1,1,1
14000000.0,1600.0,kharghar,3.0,1,1,1,1,1
22500000.0,768.0,andheri  west,2.0,0,0,0,0,0
10400000.0,503.0,mira road east,2.0,0,1,0,0,0
9200000.0,1310.0,kamothe,3.0,1,0,1,1,0
3110000.0,715.0,virar,1.0,1,0,0,0,0
11700000.0,840.0,malad west,2.0,1,1,1,0,0
4400000.0,550.0,panvel,1.0,0,0,0,0,0
12000000.0,675.0,unknown,1.0,0,1,1,1,0
18500000.0,1000.0,chembur,2.0,0,0,1,0,0
8200000.0,650.0,malad west,1.0,1,1,1,1,1
6000000.0,735.0,kharghar,1.0,1,1,1,1,1
6500000.0,670.0,ghansoli,1.0,0,1,0,0,0
5600000.0,549.0,kharghar,1.0,1,1,1,1,1
15500000.0,1000.0,kandivali east,2.0,1,1,0,0,1
19000000.0,721.0,kandivali west,2.0,0,1,0,0,0
16000000.0,2020.0,unknown,3.0,1,1,1,0,1
3800000.0,657.0,bhiwandi,1.0,1,1,0,0,1
25500000.0,1750.0,kandivali east,3.0,1,1,1,0,1
8000000.0,1375.0,unknown,3.0,1,0,1,1,0
17000000.0,950.0,borivali east,2.0,0,0,0,0,0
8400000.0,650.0,malad west,1.0,1,1,0,0,1
8500000.0,1045.0,kamothe,2.0,1,1,0,0,1
10900000.0,727.0,unknown,2.0,1,1,0,0,1
5200000.0,679.0,unknown,1.0,0,0,0,0,0
65500000.0,1344.0,andheri  west,3.0,1,1,1,0,1
5990000.0,902.0,thane west,2.0,1,1,1,0,1
16600000.0,1650.0,kharghar,3.0,1,1,1,1,1
3250000.0,600.0,kalyan west,1.0,1,1,0,0,1
22500000.0,1330.0,goregaon east,3.0,0,0,0,0,0
11900000.0,538.0,sion,1.0,1,1,1,0,0
6500000.0,650.0,thane west,1.0,1,1,1,0,1
22200000.0,960.0,andheri  west,2.0,1,1,0,0,1
10500000.0,700.0,tolaram colony,2.0,1,1,1,1,0
25000000.0,700.0,malad east,2.0,1,1,1,0,1
3300000.0,679.0,unknown,1.0,0,1,0,0,0
54000000.0,2095.0,kandivali east,4.0,1,1,1,0,1
15200000.0,1250.0,thane west,3.0,1,1,1,0,1
12000000.0,1450.0,ulwe,3.0,0,0,0,0,0
9300000.0,1100.0,kavesar,2.0,0,0,1,1,0
7850000.0,712.0,ghatkopar west,1.0,1,1,1,0,1
8100000.0,1060.0,mira road east,2.0,1,1,0,0,1
7020000.0,426.0,mira road east,1.0,1,1,1,0,1
8500000.0,450.0,santacruz east,1.0,0,1,0,0,0
4700000.0,675.0,panvel,1.0,1,1,0,0,1
4850000.0,900.0,ambernath east,2.0,1,1,0,0,1
13000000.0,1433.0,kharghar,3.0,0,1,1,1,0
10000000.0,1125.0,kharghar,2.0,1,1,0,0,1
9500000.0,852.0,kharghar,2.0,1,1,1,0,1
13000000.0,2455.0,ghansoli,4.0,1,1,1,0,1
2445000.0,585.0,nala sopara,1.0,0,1,1,1,0
2625000.0,675.0,badlapur,1.0,1,1,1,0,0
8500000.0,380.0,jawahar nagar,1.0,0,1,1,1,0
22000000.0,1125.0,seawoods,1.0,1,0,1,1,1
16000000.0,902.0,unknown,2.0,0,1,1,1,0
3000000.0,545.0,nalasopara west,1.0,0,0,1,0,0
18000000.0,630.0,ghatkopar west,2.0,0,1,1,1,0
13000000.0,1350.0,ulwe,2.0,1,1,0,0,1
7500000.0,1050.0,parsik nagar,2.0,0,1,1,1,0
9400000.0,495.0,chembur,1.0,1,1,1,0,0
6800000.0,966.0,kalyan west,2.0,1,1,1,0,1
13899999.0,1200.0,kandivali west,2.0,1,1,1,1,1
5600000.0,1171.0,mira road east,2.0,1,1,1,0,1
5550000.0,990.0,palava,2.0,0,0,1,0,0
9500000.0,914.0,kharghar,2.0,0,0,1,1,0
2283000.0,550.0,titwala,1.0,0,1,0,0,0
22000000.0,1530.0,kandivali east,3.0,1,1,1,1,1
18000000.0,560.0,unknown,1.0,1,1,0,0,0
14500000.0,580.0,borivali west,2.0,1,1,0,0,0
21700000.0,1251.0,goregaon west,3.0,1,1,0,0,1
85000000.0,2000.0,worli,3.0,0,1,1,1,0
39000000.0,1627.0,borivali west,3.0,0,0,0,0,0
13799999.0,1440.0,sector-3 ulwe,2.0,1,1,1,0,1
16200000.0,1850.0,kharghar,3.0,1,1,1,1,0
30900000.0,2065.0,bhandup west,3.0,1,0,1,0,0
9800000.0,600.0,goregaon west,1.0,0,0,0,0,0
9000000.0,1160.0,kharghar,2.0,1,1,1,1,1
15000000.0,1400.0,thane west,3.0,1,1,1,1,0
8499000.0,508.0,mira road east,1.0,1,1,1,0,0
20000000.0,1000.0,malad west,2.0,0,0,0,0,0
3400000.0,730.0,rutu enclave,1.0,0,0,1,0,0
20500000.0,950.0,magathane,2.0,0,1,1,1,0
17100000.0,1760.0,kharghar,3.0,1,1,1,1,1
6000000.0,675.0,sector35d kharghar,1.0,0,0,1,1,0
4489000.0,454.0,virar,2.0,0,0,0,0,1
120000000.0,2150.0,bandra west,4.0,0,1,1,0,0
10000000.0,1151.0,dombivli (west),2.0,0,1,0,0,0
8500000.0,959.0,kalwa,2.0,1,1,1,0,0
6000000.0,1010.0,karanjade,2.0,0,1,1,0,0
4000000.0,424.0,shil phata,1.0,0,0,0,0,0
9497000.0,1200.0,kavesar,2.0,0,1,1,1,0
14500000.0,1560.0,ulwe,3.0,1,1,1,1,1
12200000.0,1235.0,mira road east,3.0,1,1,0,0,1
5200000.0,560.0,kharghar,1.0,1,1,1,1,1
7500000.0,890.0,sector 17 ulwe,2.0,1,1,1,1,0
4500000.0,593.0,kharghar,1.0,0,1,1,1,0
9500000.0,600.0,borivali west,1.0,0,0,0,0,0
8500000.0,1115.0,unknown,2.0,0,1,0,0,0
230000000.0,6900.0,worli,5.0,1,0,1,1,1
2500000.0,600.0,kalyan west,1.0,0,1,0,1,0
11500000.0,350.0,santacruz east,1.0,0,0,0,0,0
26500000.0,1050.0,powai,2.0,1,1,1,1,1
220000000.0,7600.0,andheri  west,5.0,1,1,0,0,1
9500000.0,610.0,borivali west,1.0,0,0,0,0,0
13600000.0,1680.0,kharghar,3.0,1,1,1,1,1
3000000.0,385.0,naigaon east,1.0,1,1,1,0,1
22500000.0,1498.0,kandivali east,3.0,1,1,1,0,1
5000000.0,735.0,ulwe,1.0,0,1,1,0,0
8700000.0,585.0,vikhroli west,1.0,0,0,0,0,0
5000000.0,300.0,kandivali east,1.0,1,1,1,0,0
8500000.0,1150.0,kharghar,2.0,1,1,1,1,1
11000000.0,225.0,powai,1.0,0,0,0,0,0
23500000.0,1415.0,goregaon,3.0,1,1,1,0,1
14000000.0,671.0,deonar,1.0,1,1,1,0,1
4800000.0,650.0,kharghar,1.0,1,1,1,0,1
2800000.0,324.0,thane west,1.0,0,1,1,0,0
7200000.0,860.0,sector 10,1.0,0,0,0,0,0
30000000.0,1804.0,malad west,3.0,1,1,1,1,1
11000000.0,905.0,ghansoli,2.0,1,1,1,0,1
8500000.0,1089.0,kamothe,2.0,0,0,1,1,0
9150000.0,1127.0,belapur,2.0,1,1,0,0,0
2500000.0,590.0,nalasopara west,1.0,0,0,0,0,0
2500000.0,500.0,naigaon east,1.0,1,1,1,1,0
2576000.0,699.0,ambernath west,1.0,0,1,0,0,0
7500000.0,950.0,kamothe,2.0,0,1,1,0,1
11500000.0,1220.0,ulwe,2.0,1,1,0,0,1
2100000.0,585.0,nala sopara,1.0,0,1,0,0,0
16000000.0,826.0,malad west,2.0,1,1,0,0,1
9000000.0,600.0,unknown,1.0,0,0,0,0,0
2005000.0,595.0,mumbai,1.0,1,1,1,1,0
16399999.0,947.0,kanjurmarg,2.0,1,0,0,0,1
4200000.0,646.0,kharghar,1.0,0,1,1,1,0
8668000.0,394.0,kurla,1.0,1,0,0,0,0
2100000.0,573.0,mira road east,1.0,0,0,1,0,0
7800000.0,1365.0,dronagiri,2.0,0,1,1,0,0
2700000.0,585.0,nala sopara,1.0,1,1,1,0,0
23800000.0,1535.0,mulund west,3.0,1,1,1,0,1
28000000.0,2000.0,mulund west,3.0,1,1,0,0,1
11100000.0,1245.0,sector 17 ulwe,2.0,0,1,1,1,0
7800000.0,700.0,malad west,1.0,1,1,1,0,1
4300000.0,810.0,boisar,3.0,1,1,0,0,1
3800000.0,800.0,nala sopara,2.0,0,1,0,0,0
8800000.0,650.0,borivali west,1.0,0,0,0,0,0
14000000.0,780.0,goregaon west,2.0,0,1,0,0,0
2900000.0,595.0,vasai,1.0,0,0,0,0,0
8655000.0,1055.0,mira road east,2.0,1,1,0,0,0
4099000.0,590.0,thane west,1.0,1,1,1,0,0
7800000.0,600.0,sector 19a nerul,1.0,1,1,1,1,0
3000000.0,545.0,vasai west,1.0,0,1,0,0,0
6400000.0,980.0,kamothe,2.0,1,1,1,1,0
4200000.0,1380.0,boisar,3.0,1,0,0,0,0
10300000.0,1050.0,kolshet road,2.0,1,1,1,1,0
9000000.0,1120.0,ulwe,2.0,0,0,0,0,0
2500000.0,753.0,powai,1.0,0,1,0,0,0
14000000.0,1050.0,malad west,2.0,1,1,1,0,1
8600000.0,575.0,kandivali east,1.0,0,1,0,0,0
11000000.0,550.0,santacruz east,1.0,0,0,0,0,0
9500000.0,1050.0,koper khairane,2.0,0,1,0,0,0
13799999.0,870.0,unknown,2.0,0,1,0,0,0
42600000.0,2000.0,nerul,3.0,1,1,0,0,1
22000000.0,985.0,andheri  west,3.0,1,1,0,0,1
9500000.0,1210.0,kharghar,2.0,1,1,1,0,1
15500000.0,850.0,andheri  east,2.0,1,1,1,0,1
4150000.0,950.0,unknown,2.0,0,1,1,0,0
7700000.0,1100.0,unknown,2.0,1,1,1,0,1
20700000.0,905.0,goregaon west,2.0,1,0,0,0,1
9000000.0,1005.0,thane west,2.0,1,1,0,1,1
18000000.0,980.0,mulund east,2.0,1,1,0,0,0
4500000.0,650.0,kharghar,1.0,1,1,1,1,0
3800000.0,700.0,nalasopara east,1.0,0,0,0,0,0
9500000.0,1200.0,ulwe,2.0,1,1,1,0,1
13000000.0,1300.0,kharghar,2.0,0,0,1,1,0
10700000.0,800.0,dahisar west,2.0,0,1,0,0,0
7000000.0,750.0,kharghar,2.0,1,1,0,0,0
13000000.0,1300.0,sector 20 kharghar,2.0,0,0,1,1,0
5800000.0,550.0,thane west,1.0,0,1,1,1,0
34000000.0,2365.0,kandivali east,4.0,1,1,1,0,0
8400000.0,515.0,borivali west,1.0,0,1,0,0,0
10000000.0,590.0,borivali west,1.0,0,1,0,0,0
3200000.0,610.0,nala sopara,1.0,0,0,0,0,0
3757000.0,835.0,virar,1.0,1,1,1,0,0
10800000.0,550.0,borivali west,1.0,0,1,0,0,0
21000000.0,1130.0,bhakti park,2.0,1,1,1,1,0
18100000.0,1153.0,unknown,3.0,0,1,0,0,1
20000000.0,1000.0,unknown,2.0,0,1,0,0,0
9200000.0,1260.0,sector 5 ulwe,2.0,1,1,1,1,0
6220000.0,349.0,mira road east,1.0,1,0,1,0,1
15700000.0,1044.0,thane west,2.0,0,1,0,0,0
9300000.0,1060.0,mira road east,2.0,1,1,1,0,1
8000000.0,1100.0,ulwe,2.0,0,1,0,0,0
3800000.0,335.0,kandivali west,1.0,0,1,0,0,0
6400000.0,697.0,thane west,1.0,1,1,1,0,1
19000000.0,1150.0,chembur east,2.0,1,1,1,1,0
7900000.0,1010.0,kamothe,2.0,1,1,1,0,1
7500000.0,495.0,malad west,1.0,0,1,0,0,0
8800000.0,1235.0,ulwe,2.0,1,1,1,0,0
4499000.0,810.0,unknown,2.0,1,1,1,0,0
13799999.0,1050.0,malad west,2.0,1,1,1,0,1
4600000.0,610.0,sector16 airoli,1.0,0,0,1,0,0
8200000.0,1150.0,panvel,2.0,1,1,1,0,1
2200000.0,500.0,nalasopara west,1.0,0,0,0,0,0
9500000.0,1000.0,kharghar,2.0,0,0,0,0,0
15900000.0,1090.0,belapur,2.0,1,0,0,0,1
2350000.0,390.0,kalyan west,1.0,1,0,0,0,1
9900000.0,480.0,malad west,1.0,1,1,1,0,1
19000000.0,1100.0,malad east,2.0,1,1,1,0,1
19100000.0,1278.0,chembur,2.0,1,1,1,0,0
18500000.0,1700.0,kharghar,3.0,1,1,1,0,1
3700000.0,417.0,unknown,1.0,0,0,1,1,0
8298999.0,700.0,unknown,1.0,0,1,0,0,0
7800000.0,1055.0,sector-3 ulwe,2.0,0,0,1,1,0
18000000.0,675.0,4 bunglows,2.0,1,1,1,1,0
7500000.0,500.0,goregaon east,1.0,1,1,0,0,0
8500000.0,930.0,ulwe,2.0,1,0,1,1,1
2500000.0,728.0,ambernath west,1.0,1,1,0,0,0
11100000.0,1205.0,seawoods,2.0,0,0,1,0,0
10500000.0,650.0,borivali west,1.0,0,0,0,0,0
5250000.0,679.0,ulwe,1.0,0,0,0,0,0
82500000.0,1220.0,khar,3.0,0,0,0,0,0
5500000.0,650.0,kharghar,1.0,1,0,1,1,0
13500000.0,1256.0,kharghar,2.0,0,1,1,0,1
29000000.0,1100.0,ville parle east,2.0,1,1,0,1,0
4500000.0,1134.0,naigaon east,2.0,1,1,0,0,0
19200000.0,1150.0,borivali west,2.0,1,0,0,0,0
92500000.0,2670.0,parel,5.0,1,1,1,0,1
8900000.0,972.0,mira road east,2.0,1,0,0,0,1
5900000.0,950.0,panvel,2.0,0,0,0,0,0
8000000.0,1250.0,sector 18 kharghar,2.0,1,1,0,1,0
8500000.0,1258.0,kamothe,2.0,1,0,0,1,0
9500000.0,1050.0,kharghar,2.0,0,0,1,1,0
6500000.0,620.0,kalwa,1.0,1,1,0,0,0
3200000.0,630.0,koproli,1.0,0,0,0,0,0
7200000.0,845.0,kalyan east,2.0,1,1,0,0,1
4067000.0,830.0,unknown,2.0,0,1,1,0,0
19000000.0,1600.0,kharghar,3.0,1,1,1,1,1
17500000.0,1185.0,ghatkopar west,2.0,1,1,1,0,1
27500000.0,1180.0,ville parle east,2.0,1,1,0,0,1
6000000.0,650.0,ulwe,1.0,0,0,0,0,0
15000000.0,950.0,andheri  east,2.0,0,1,1,1,1
3600000.0,600.0,balkum,1.0,0,1,1,1,0
22300000.0,1355.0,goregaon east,3.0,1,1,0,1,1
33500000.0,2040.0,unknown,3.0,1,1,0,0,1
22500000.0,935.0,borivali west,2.0,1,0,0,0,0
5250000.0,640.0,kharghar,1.0,0,0,1,1,0
2200000.0,820.0,boisar,2.0,0,0,0,0,0
3600000.0,700.0,dombivali,1.0,0,1,0,0,0
3700000.0,607.0,kalyan west,1.0,0,1,0,0,0
20500000.0,1000.0,antop hill,2.0,1,1,1,1,0
19200000.0,863.0,thane west,3.0,1,1,0,0,1
2500000.0,580.0,nala sopara,1.0,1,1,0,0,0
12000000.0,1450.0,ulwe,3.0,1,1,0,0,0
2300000.0,350.0,kalyan west,1.0,0,1,0,0,0
20299999.0,890.0,malad west,3.0,1,1,0,0,1
50000000.0,1020.0,juhu,2.0,0,0,0,0,0
4500000.0,420.0,dombivli (west),1.0,0,0,0,0,0
12700000.0,750.0,borivali west,2.0,0,1,0,0,0
9500000.0,1056.0,kalwa,2.0,1,1,1,1,0
24000000.0,660.0,andheri  west,2.0,0,0,0,0,0
2816000.0,630.0,vasai,1.0,0,1,1,0,0
29500000.0,1000.0,matunga east,2.0,0,1,0,0,0
3200000.0,600.0,vasai east,1.0,0,0,0,0,0
3800000.0,738.0,unknown,1.0,1,1,1,0,0
17000000.0,900.0,borivali west,2.0,0,1,0,0,0
13000000.0,1075.0,koper khairane,2.0,1,1,0,0,0
4200000.0,860.0,nala sopara,2.0,1,1,1,0,1
6351000.0,352.0,thane west,1.0,1,1,0,0,1
16800000.0,764.0,unknown,2.0,1,0,1,1,0
35000000.0,1700.0,powai,3.0,1,1,1,0,1
19500000.0,1000.0,andheri  west,2.0,0,1,0,0,1
14600000.0,1135.0,unknown,2.0,0,1,0,0,1
5000000.0,900.0,palava,2.0,0,0,0,0,0
9900000.0,845.0,thane west,2.0,1,0,0,0,1
8500000.0,1157.0,ulwe,2.0,0,0,0,0,0
9500000.0,1132.0,kharghar,2.0,0,1,0,0,1
6400000.0,693.0,mira road east,1.0,1,1,0,0,1
2600000.0,650.0,virar,1.0,1,1,1,0,1
56000000.0,1196.0,khar west,3.0,0,1,0,0,0
11200000.0,541.0,mira road east,2.0,1,1,0,0,1
4400000.0,735.0,ulwe,1.0,0,1,0,0,0
8500000.0,1190.0,ulwe,2.0,0,0,0,0,0
14000000.0,1170.0,unknown,2.0,1,0,1,0,1
4800000.0,600.0,sector 36 kamothe,1.0,0,1,1,1,0
5250000.0,620.0,kharghar,1.0,1,1,0,0,1
30000000.0,1120.0,kandivali east,3.0,1,0,0,0,1
8500000.0,275.0,thane,1.0,1,1,1,1,0
10700000.0,660.0,mulund west,1.0,1,1,1,0,0
9800000.0,660.0,kandivali east,2.0,0,1,0,0,0
18500000.0,2267.0,andheri  east,4.0,0,1,0,0,1
10500000.0,882.0,majiwada,2.0,0,1,1,1,0
8800000.0,500.0,jawahar nagar,1.0,0,1,1,1,0
5600000.0,630.0,kalwa,1.0,1,0,1,1,0
79200000.0,1648.0,andheri  west,4.0,1,1,1,0,1
9500000.0,575.0,mulund east,1.0,0,1,1,0,0
9300000.0,1010.0,thane west,3.0,1,1,1,0,1
8800000.0,750.0,malad west,1.0,1,1,0,1,0
9500000.0,1100.0,kharghar,2.0,1,1,0,0,0
6000000.0,650.0,mira road east,1.0,0,0,1,0,0
17000000.0,1020.0,chembur,1.0,1,1,1,1,0
5500000.0,745.0,kharghar,1.0,0,0,1,1,0
4803000.0,655.0,kharghar,1.0,0,1,1,1,0
54200000.0,1613.0,powai,4.0,1,1,1,0,1
15400000.0,2363.0,mira road east,4.0,1,1,1,0,1
21400000.0,990.0,thane west,2.0,1,1,0,0,1
8500000.0,506.0,sanpada,1.0,1,1,1,0,1
2200000.0,500.0,naigaon east,1.0,1,1,1,1,0
5000000.0,665.0,kharghar,1.0,0,1,1,1,0
4800000.0,550.0,mira road east,1.0,0,1,1,0,0
7700000.0,1125.0,kamothe,2.0,1,1,1,1,0
55599999.0,3181.0,bhandup west,4.0,1,1,1,0,1
16500000.0,1660.0,kharghar,3.0,1,1,1,0,1
38000000.0,750.0,unknown,2.0,1,1,0,0,1
2500000.0,618.0,kalyan west,1.0,0,0,0,0,0
3100000.0,669.0,mira road east,1.0,0,1,0,0,0
27300000.0,733.0,powai,2.0,1,1,1,0,1
75000000.0,1600.0,almeida park,4.0,1,1,1,1,0
2700000.0,416.0,sector 20 kharghar,1.0,0,0,0,1,0
18000000.0,1165.0,kandivali east,3.0,1,1,1,0,1
3400000.0,600.0,dronagiri,1.0,1,1,1,0,0
12000000.0,560.0,unknown,2.0,0,1,1,1,0
3500000.0,1000.0,mumbai,2.0,1,1,1,1,0
14500000.0,1215.0,kharghar,2.0,0,0,0,0,0
5800000.0,405.0,kandivali west,1.0,1,1,1,0,1
5500000.0,660.0,kharghar,1.0,1,1,1,1,1
2014999.0,598.0,mumbai,1.0,0,0,1,1,0
6120000.0,720.0,mira road east,1.0,0,1,1,0,0
7311000.0,1149.0,haware city,3.0,1,0,1,0,1
26000000.0,1350.0,unknown,3.0,0,1,1,0,0
3300000.0,620.0,morya nagar,1.0,0,0,0,0,0
13500000.0,1056.0,seawoods,2.0,1,1,1,0,0
31500000.0,1423.0,borivali east,3.0,0,1,1,0,1
21000000.0,1425.0,seawoods,2.0,1,1,1,1,1
33000000.0,1700.0,mulund east,5.0,1,1,0,0,0
2400000.0,930.0,boisar,2.0,0,0,0,0,0
8480000.0,1060.0,mira road east,2.0,1,1,0,0,1
7600000.0,1595.0,ulwe,3.0,1,0,1,1,1
2300000.0,690.0,ambernath east,1.0,1,1,1,1,1
5150000.0,720.0,mira road east,1.0,0,1,0,0,0
17900000.0,1810.0,kharghar,4.0,1,1,1,0,1
4499000.0,518.0,virar,2.0,1,0,1,0,1
25400000.0,1900.0,belapur,3.0,0,1,0,0,0
25500000.0,921.0,goregaon west,2.0,1,1,0,0,1
7500000.0,553.0,kandivali east,1.0,1,1,1,0,0
10000000.0,1098.0,sector 19 kharghar,2.0,0,0,1,1,0
4000000.0,620.0,sector-24 kamothe,1.0,0,1,1,0,0
6000000.0,673.0,thane west,1.0,1,1,0,0,1
4200000.0,340.0,kandivali west,1.0,0,1,0,0,0
2600000.0,520.0,taloja,1.0,0,1,1,1,0
16000000.0,900.0,thane west,2.0,1,1,0,0,0
3000000.0,650.0,dronagiri,1.0,0,1,0,1,0
5600000.0,710.0,mira road east,1.0,1,1,1,1,1
4300000.0,526.0,goregaon east,1.0,1,1,1,1,1
3000000.0,600.0,bhayandar east,1.0,0,0,0,0,0
9000000.0,720.0,mulund west,1.0,0,1,0,0,0
12000000.0,680.0,kandivali west,2.0,0,1,1,0,0
27500000.0,1358.0,kandivali east,3.0,1,1,1,0,1
5600000.0,560.0,sector 20 kharghar,1.0,0,0,0,1,0
6800000.0,665.0,unknown,1.0,1,1,1,0,1
3317000.0,990.0,boisar,3.0,1,1,1,0,1
7000000.0,410.0,dahisar west,1.0,0,0,0,0,0
4300000.0,900.0,sriprastha,2.0,0,0,1,1,0
12000000.0,925.0,ghansoli,2.0,1,1,1,0,1
36500000.0,2030.0,goregaon west,3.0,1,1,1,1,1
11500000.0,1000.0,belapur,2.0,0,1,0,0,1
3900000.0,640.0,karanjade,1.0,0,1,0,0,0
4400000.0,650.0,ulwe,1.0,0,1,1,1,0
12000000.0,785.0,dahisar east,1.0,0,0,0,0,0
26250000.0,1450.0,jogeshwari west,3.0,1,1,0,0,0
22000000.0,985.0,powai,2.0,1,1,0,0,1
9800000.0,555.0,powai,1.0,1,1,1,1,1
7200000.0,650.0,thane west,1.0,0,0,0,0,0
70000000.0,1174.0,tardeo,2.0,1,1,1,1,1
5583000.0,705.0,mira road east,1.0,1,1,1,0,1
18500000.0,1350.0,malad east,3.0,1,1,1,0,1
7500000.0,1100.0,ulwe,2.0,0,1,0,0,0
25700000.0,1638.0,goregaon west,3.0,1,1,1,1,1
36800000.0,2191.0,parel,4.0,1,1,1,0,1
47500000.0,1632.0,andheri  west,3.0,1,1,0,0,1
9700000.0,1150.0,ulwe,2.0,0,0,0,0,0
4580000.0,430.0,kalyan west,1.0,0,0,1,1,0
11000000.0,585.0,borivali east,1.0,0,1,1,1,0
8000000.0,1000.0,ulwe,2.0,1,1,1,0,1
4300000.0,650.0,kharghar,1.0,1,1,1,1,1
6500000.0,650.0,kharghar,1.0,1,1,1,0,1
15500000.0,913.0,unknown,2.0,0,0,0,0,0
6800000.0,822.0,kalyan west,2.0,1,0,0,0,1
58500000.0,3410.0,unknown,4.0,1,1,1,0,0
30500000.0,1017.0,mulund west,3.0,1,1,1,0,1
9600000.0,850.0,panvel,2.0,0,1,0,0,0
4500000.0,610.0,kamothe,1.0,0,1,1,0,0
7500000.0,560.0,thane west,1.0,1,1,0,1,1
5400000.0,720.0,mira road east,1.0,0,1,0,0,0
8100000.0,1240.0,sector 5 ulwe,2.0,1,1,1,1,0
30000000.0,1212.0,vashi,3.0,0,1,0,0,0
2600000.0,605.0,nala sopara,1.0,1,0,1,0,0
3488000.0,660.0,virar west,1.0,0,1,0,0,0
4000000.0,550.0,anjurdive,1.0,1,1,1,0,1
2000000.0,740.0,nala sopara,1.0,1,1,1,0,1
4200000.0,680.0,kharghar,1.0,0,1,1,1,0
2100000.0,682.0,karjat,1.0,0,1,0,0,0
6200000.0,750.0,mira road east,1.0,1,1,1,1,1
4400000.0,490.0,mira road east,1.0,0,0,0,0,0
5500000.0,785.0,dombivli (west),1.0,0,1,0,0,0
14500000.0,900.0,powai,2.0,1,1,0,0,1
5100000.0,690.0,ulwe,1.0,0,1,0,0,0
6800000.0,1101.0,kamothe,2.0,1,0,1,0,0
14400000.0,860.0,sanpada,2.0,1,1,1,1,1
3599000.0,526.0,kalyan west,1.0,1,1,0,0,1
5200000.0,600.0,kharghar,1.0,1,0,1,0,1
10000000.0,1595.0,dombivali,2.0,1,1,1,0,1
5800000.0,1021.0,bhiwandi,2.0,0,0,0,0,0
8100000.0,990.0,mira road east,2.0,1,1,0,0,0
27000000.0,1560.0,mulund west,3.0,1,1,1,0,1
2835000.0,630.0,virar,1.0,1,1,1,0,1
7998999.0,1060.0,kalyan west,2.0,0,1,0,0,0
11500000.0,1065.0,vasant vihar thane west,2.0,1,1,1,1,0
16600000.0,1650.0,unknown,4.0,1,1,1,1,1
6800000.0,880.0,kalyan west,2.0,0,1,0,0,0
13500000.0,1400.0,kharghar,3.0,1,1,0,1,1
13000000.0,1283.0,thane west,3.0,1,1,1,1,0
2582000.0,580.0,titwala,1.0,0,1,0,0,0
10000000.0,459.0,kurla,1.0,1,0,0,0,0
4700000.0,690.0,kharghar,1.0,0,1,1,1,1
72500000.0,2014.0,ghatkopar west,4.0,1,1,1,0,1
8500000.0,450.0,thane west,1.0,0,1,0,0,0
3500000.0,700.0,nalasopara east,1.0,0,1,0,0,0
19000000.0,1165.0,magathane,2.0,0,1,1,1,0
13200000.0,1525.0,mira road east,3.0,1,1,1,1,1
7800000.0,1103.0,unknown,2.0,0,0,0,0,0
12300000.0,1305.0,kharghar,2.0,1,0,1,0,1
12200000.0,675.0,kolshet road,2.0,0,0,1,1,0
16399999.0,808.0,thane west,2.0,1,1,1,0,1
3800000.0,340.0,malad west,1.0,0,0,0,0,0
3800000.0,700.0,nalasopara east,1.0,0,1,0,0,0
12000000.0,610.0,kandivali west,1.0,0,0,0,0,0
3310000.0,780.0,kasheli,2.0,0,1,1,0,0
2350000.0,585.0,nala sopara,1.0,1,1,0,0,0
17000000.0,1080.0,unknown,2.0,0,1,0,0,0
3700000.0,500.0,kharghar,1.0,1,1,1,1,0
3100000.0,920.0,badlapur east,2.0,0,1,0,0,0
4500000.0,356.0,malad east,1.0,0,0,0,0,0
17000000.0,1400.0,sanpada,3.0,0,0,0,0,0
15000000.0,650.0,andheri  west,1.0,0,0,0,0,0
2886000.0,962.0,karjat,2.0,0,1,0,0,0
3977000.0,925.0,vasai,2.0,0,1,1,0,0
8100000.0,538.0,mira road east,2.0,1,1,1,0,1
200000000.0,3000.0,tardeo,4.0,1,1,1,1,1
15900000.0,1200.0,bhandup west,2.0,1,1,0,0,1
3850000.0,650.0,roadpali,1.0,1,1,1,1,0
360000000.0,5476.0,lower parel,5.0,1,1,1,0,1
11000000.0,979.0,kharghar,2.0,1,1,1,1,1
4500000.0,890.0,kalyan west,2.0,0,1,0,0,0
23000000.0,1500.0,unknown,2.0,1,1,0,1,0
54750000.0,1403.0,parel,3.0,1,1,1,0,1
6800000.0,890.0,mira road and beyond,2.0,1,1,1,0,0
13000000.0,725.0,thane west,2.0,1,1,1,1,0
45199999.0,1850.0,kandivali east,4.0,1,1,1,0,1
160000000.0,6381.0,lower parel,4.0,1,1,1,1,1
18500000.0,857.0,mulund west,2.0,1,1,1,0,1
16000000.0,1000.0,unknown,2.0,1,1,1,0,1
14600000.0,850.0,thane west,2.0,1,1,0,0,1
2800000.0,200.0,malad west,1.0,0,0,0,0,0
11000000.0,1350.0,ulwe,3.0,1,1,1,0,1
18900000.0,1435.0,goregaon west,3.0,0,0,0,0,0
8700000.0,796.0,borivali east,1.0,1,1,0,0,0
2596000.0,590.0,vasai,1.0,0,1,1,0,0
3800000.0,560.0,sector-5 kamothe,1.0,0,0,1,1,0
4550000.0,650.0,ulwe,1.0,1,1,1,0,0
71500000.0,1600.0,khar west,3.0,0,1,0,0,0
4000000.0,300.0,andheri  east,1.0,0,1,0,0,0
4000000.0,665.0,kalyan west,1.0,0,1,0,0,0
4700000.0,740.0,unknown,1.0,0,1,1,1,0
14000000.0,1550.0,kharghar,3.0,1,1,1,1,0
29000000.0,1120.0,khar west,2.0,0,0,0,0,0
8000000.0,1100.0,mira road east,2.0,1,1,0,0,1
12000000.0,540.0,borivali west,1.0,0,1,1,0,0
2600000.0,570.0,vashi,1.0,0,1,0,0,0
12000000.0,864.0,andheri  east,1.0,1,1,0,0,1
22500000.0,900.0,chembur,2.0,0,1,1,1,0
15400000.0,1570.0,thane west,3.0,1,1,1,0,1
2500000.0,545.0,nala sopara,1.0,0,0,0,0,0
10900000.0,654.0,mira road and beyond,1.0,1,1,1,1,0
12000000.0,1080.0,thane west,3.0,1,1,1,0,1
4000000.0,910.0,virar west,1.0,1,1,0,0,0
8500000.0,1119.0,kharghar,2.0,1,0,0,0,0
5499000.0,500.0,thane west,1.0,0,1,1,0,0
17000000.0,670.0,parel village,1.0,0,1,1,0,0
3874000.0,673.0,ambernath east,1.0,0,1,0,1,0
11000000.0,585.0,unknown,1.0,0,1,1,0,0
14000000.0,700.0,chembur,2.0,0,1,0,0,0
13500000.0,1146.0,thane west,3.0,1,1,1,0,1
2164000.0,556.0,badlapur,1.0,0,1,1,1,0
16000000.0,1944.0,mira road east,4.0,1,1,0,0,1
13799999.0,1020.0,sahkar nagar,2.0,1,1,0,1,0
3500000.0,300.0,andheri  east,1.0,0,0,0,0,0
15100000.0,593.0,mulund east,2.0,0,0,0,0,0
6500000.0,735.0,borivali west,1.0,0,0,0,0,0
12400000.0,1335.0,virar,4.0,1,1,0,0,1
16000000.0,1290.0,unknown,2.0,1,1,1,0,1
11000000.0,926.0,govandi,2.0,0,1,0,0,0
7400000.0,650.0,nerul,1.0,0,1,1,0,0
14200000.0,1050.0,kanjurmarg,2.0,1,1,1,0,1
21500000.0,1200.0,dahisar west,3.0,0,0,0,0,0
3500000.0,650.0,vasai,1.0,0,1,0,0,0
4100000.0,910.0,virar,1.0,1,1,1,0,1
7000000.0,780.0,mira road east,2.0,0,0,0,0,0
11500000.0,471.0,thane west,1.0,1,1,1,0,0
6000000.0,761.0,thane west,2.0,1,1,1,0,1
7500000.0,580.0,borivali west,1.0,0,0,0,0,0
13500000.0,640.0,bhandup west,2.0,1,1,1,0,1
12000000.0,950.0,thane west,2.0,1,1,1,1,1
51000000.0,2600.0,mulund west,3.0,1,1,0,0,1
2850000.0,225.0,malad west,1.0,0,1,0,0,0
65000000.0,1175.0,khar west,3.0,0,0,0,0,0
19000000.0,900.0,andheri  west,2.0,1,1,0,0,1
32500000.0,1130.0,ville parle east,3.0,0,0,0,0,0
17000000.0,1105.0,borivali east,2.0,1,1,1,0,1
8400000.0,776.0,sector 20 kharghar,2.0,1,1,1,0,1
2250000.0,525.0,nalasopara west,1.0,0,1,0,0,0
5500000.0,800.0,panvel,1.0,1,1,1,0,1
17000000.0,815.0,jeejamata nagar,2.0,0,1,1,1,0
2394000.0,640.0,titwala,1.0,1,0,1,1,0
9750000.0,620.0,andheri  east,1.0,1,1,1,1,1
16800000.0,1180.0,mulund,2.0,0,0,0,1,1
5500000.0,400.0,mulund east,1.0,0,0,0,0,0
9600000.0,900.0,thane west,2.0,1,1,1,0,1
21000000.0,587.0,seawoods,1.0,1,1,1,0,1
3900000.0,522.0,palava,1.0,0,0,0,0,0
2600000.0,590.0,nala sopara,1.0,0,1,0,0,0
31000000.0,1550.0,chembur,3.0,1,0,1,1,0
4900000.0,650.0,sector 23 ulwe,1.0,1,1,1,1,0
25000000.0,1313.0,powai,3.0,1,1,1,0,1
5500000.0,560.0,kharghar,1.0,1,1,1,1,1
27250000.0,890.0,borivali east,3.0,1,1,0,0,0
8100000.0,1079.0,kharghar,2.0,1,1,1,1,0
8600000.0,695.0,kurla west,1.0,0,0,0,0,0
21500000.0,1200.0,kandivali east,3.0,1,1,0,0,1
14500000.0,1250.0,goregaon west,2.0,0,1,1,1,0
2000000.0,640.0,ambivli,1.0,0,0,0,0,0
3779999.0,840.0,virar,2.0,0,1,1,0,1
5300000.0,556.0,ulwe,1.0,0,0,0,0,0
5250000.0,1050.0,nalasopara east,2.0,0,1,0,0,0
11200000.0,1726.0,panvel,3.0,1,1,1,0,1
2105000.0,495.0,kasheli,1.0,0,1,0,1,0
15500000.0,1200.0,ghansoli,2.0,1,1,0,0,1
9000000.0,575.0,kurla west,1.0,0,0,0,0,0
39400000.0,2080.0,karave nagar,3.0,1,1,1,1,0
9500000.0,1075.0,kharghar,2.0,1,1,1,0,1
41100000.0,1737.0,kandivali west,4.0,1,0,0,0,0
16299999.0,716.0,malad west,2.0,1,1,1,0,1
5299000.0,905.0,thane west,2.0,1,1,1,0,0
8300000.0,1095.0,mira road east,2.0,1,1,1,0,0
60000000.0,1836.0,dadar west,3.0,1,1,1,1,1
15000000.0,1650.0,ulwe,3.0,1,1,1,1,1
4500000.0,599.0,unknown,1.0,1,1,1,1,0
10000000.0,800.0,andheri  west,2.0,0,0,0,0,0
5100000.0,626.0,kamothe,1.0,0,0,1,1,0
8600000.0,550.0,malad east,1.0,0,0,1,1,0
9167000.0,1490.0,bhiwandi,3.0,1,1,1,0,1
6100000.0,770.0,parsik nagar,1.0,0,1,1,1,0
12000000.0,1356.0,ulwe,3.0,1,1,0,0,0
39900000.0,1556.0,unknown,3.0,0,0,1,0,0
5500000.0,620.0,kalwa,1.0,0,1,0,0,0
27000000.0,1100.0,powai,2.0,0,1,1,0,1
14500000.0,1150.0,unknown,2.0,0,0,0,0,0
6700000.0,531.0,mira road east,1.0,0,1,0,0,0
2300000.0,585.0,unknown,1.0,0,1,1,0,0
4750000.0,950.0,unknown,2.0,0,1,0,0,0
2500000.0,615.0,virar east,1.0,0,0,0,0,0
150000000.0,4650.0,andheri  west,5.0,1,1,1,0,1
8500000.0,1000.0,sector 36 kharghar,2.0,1,1,1,0,0
9600000.0,1210.0,kharghar,2.0,1,1,0,0,0
12800000.0,913.0,kandivali west,2.0,1,1,0,1,0
16900000.0,723.0,kanjurmarg east,2.0,1,1,0,0,1
8900000.0,571.0,ghansoli,1.0,1,0,0,0,1
28500000.0,1150.0,powai,2.0,1,1,1,1,1
4200000.0,640.0,kamothe,1.0,0,1,0,0,0
21500000.0,1650.0,thane west,3.0,1,1,0,0,1
16800000.0,800.0,chembur,2.0,0,0,0,0,0
7900000.0,965.0,mira road east,2.0,1,0,1,0,1
7575000.0,550.0,unknown,1.0,0,1,1,1,0
10300000.0,470.0,kurla,1.0,1,0,0,0,0
7000000.0,1000.0,sector 17 ulwe,2.0,0,1,1,1,0
19500000.0,3025.0,andheri,4.0,1,1,1,1,1
3100000.0,832.0,palghar,2.0,0,1,1,0,0
15000000.0,880.0,sion,2.0,0,0,0,0,0
7450000.0,956.0,mira road east,2.0,1,1,1,0,1
21700000.0,900.0,vakola,2.0,0,1,0,0,0
8500000.0,990.0,kharghar,2.0,1,1,1,1,1
10000000.0,320.0,ville parle east,1.0,0,1,0,0,0
16500000.0,1313.0,sanpada,2.0,1,1,1,1,1
26500000.0,1060.0,unknown,2.0,1,1,1,0,1
16500000.0,1090.0,kandivali east,2.0,1,0,1,0,1
12000000.0,1150.0,kharghar,2.0,1,0,1,0,1
9500000.0,510.0,goregaon west,1.0,0,1,0,0,0
2600000.0,610.0,boisar,1.0,0,1,0,0,0
20200000.0,1040.0,goregaon east,2.0,1,1,1,1,1
14950000.0,1725.0,kharghar,3.0,1,1,1,0,1
4361000.0,890.0,virar,2.0,1,1,1,0,1
2300000.0,310.0,kharghar,1.0,0,0,0,1,0
11800000.0,1440.0,panvel,3.0,1,1,1,0,1
7600000.0,1050.0,mira road east,2.0,0,1,0,0,0
8499000.0,1050.0,kharghar,2.0,1,1,0,0,1
3000000.0,575.0,nala sopara,1.0,1,1,1,0,1
13600000.0,1760.0,kharghar,3.0,1,0,1,1,1
16700000.0,1184.0,jankalyan nagar,2.0,0,1,0,1,0
27000000.0,1650.0,unknown,3.0,0,1,1,1,0
3000000.0,330.0,kalwa,1.0,0,0,0,0,0
27300000.0,1144.0,bhandup west,3.0,1,1,1,0,1
2799000.0,334.0,thane west,1.0,1,1,0,0,1
18000000.0,704.0,goregaon west,2.0,0,1,0,0,0
11000000.0,1300.0,thane west,3.0,1,1,0,0,1
12500000.0,570.0,borivali west,1.0,0,0,0,0,0
27500000.0,790.0,juhu,2.0,1,1,0,0,0
7800000.0,1050.0,unknown,2.0,1,1,0,0,0
6800000.0,1080.0,ulwe,2.0,0,1,1,0,0
31500000.0,1010.0,vikhroli,2.0,1,0,0,0,1
6000000.0,800.0,thane,2.0,1,1,1,1,0
107600000.0,2605.0,parel,4.0,1,1,0,0,1
145000000.0,3800.0,khar west,4.0,1,1,1,0,0
2200000.0,500.0,vasai west,1.0,0,0,0,0,0
4200000.0,720.0,ulwe,1.0,0,0,0,0,0
16000000.0,742.0,malad west,2.0,1,1,0,0,1
11000000.0,600.0,borivali east,1.0,1,1,1,0,0
14500000.0,900.0,goregaon east,2.0,0,1,0,0,0
33000000.0,944.0,andheri  west,3.0,1,0,0,0,0
14800000.0,780.0,kurla,2.0,1,0,1,0,0
6500000.0,974.0,goregaon east,2.0,1,1,0,0,1
27500000.0,1650.0,seawoods,2.0,0,1,1,0,1
5500000.0,620.0,unknown,1.0,0,1,0,0,0
16600000.0,2456.0,thane west,4.0,0,1,0,0,0
3300000.0,600.0,unknown,1.0,0,1,0,0,0
5800000.0,650.0,kharghar,1.0,0,1,0,0,0
14000000.0,1085.0,borivali west,2.0,1,1,0,0,1
9000000.0,1060.0,kharghar,2.0,1,0,0,0,1
6300000.0,964.0,kalyan west,2.0,0,1,0,0,0
21500000.0,1450.0,andheri  east,3.0,1,1,1,0,1
22500000.0,1589.0,borivali west,3.0,1,1,0,0,1
8359999.0,930.0,thane west,2.0,1,1,0,0,1
100000000.0,2040.0,juhu,4.0,0,0,0,0,0
5300000.0,615.0,mira road east,1.0,0,1,0,0,0
4556000.0,729.0,dombivali,1.0,1,0,0,0,1
12000000.0,1375.0,kharghar,3.0,1,1,1,0,0
13300000.0,1287.0,kharghar,3.0,1,1,1,0,1
4095000.0,710.0,dombivali,1.0,1,1,0,0,1
80000000.0,2590.0,andheri  west,5.0,0,1,0,0,0
5250000.0,735.0,kharghar,1.0,1,1,1,1,0
6900000.0,1400.0,panvel,2.0,1,1,1,0,1
14950000.0,1300.0,kharghar,3.0,0,1,1,1,1
3500000.0,433.0,unknown,1.0,1,1,1,0,1
9000000.0,1060.0,kharghar,2.0,1,1,1,0,1
12000000.0,700.0,goregaon west,1.0,0,1,0,0,0
7900000.0,538.0,mira road east,2.0,1,0,0,0,1
22500000.0,1189.0,borivali east,3.0,1,1,1,0,0
8800000.0,600.0,borivali west,1.0,0,1,0,1,0
5000000.0,735.0,kharghar,1.0,0,1,0,1,0
5300000.0,1100.0,taloja,2.0,0,1,1,1,0
13600000.0,1140.0,thane west,3.0,1,1,0,0,1
11200000.0,915.0,unknown,2.0,1,1,1,0,1
2500000.0,585.0,nala sopara,1.0,0,1,1,0,1
4700000.0,990.0,nala sopara,2.0,0,1,0,0,0
8100000.0,1250.0,unknown,2.0,1,0,1,1,0
8900000.0,1480.0,dombivali east,3.0,0,0,0,0,0
17000000.0,1100.0,kandivali west,2.0,0,0,1,0,0
7000000.0,735.0,unknown,1.0,0,0,1,1,0
4800000.0,660.0,kharghar,1.0,0,0,1,0,0
54200000.0,1338.0,andheri  west,3.0,1,1,0,0,1
14500000.0,1020.0,kandivali,2.0,1,1,0,0,1
2767000.0,615.0,virar,1.0,1,1,1,0,1
6800000.0,1050.0,mira road east,2.0,1,1,0,0,0
8000000.0,500.0,ghatkopar west,1.0,0,0,0,0,0
6000000.0,575.0,thane west,1.0,0,0,1,0,0
6500000.0,508.0,unknown,1.0,1,0,1,0,0
21700000.0,954.0,andheri  west,2.0,1,1,0,0,1
9000000.0,650.0,goregaon,1.0,0,1,1,1,1
12300000.0,1500.0,kamothe,3.0,1,1,1,0,1
2150000.0,415.0,nala sopara,1.0,1,1,1,0,0
6000000.0,350.0,thane west,1.0,0,0,0,0,0
10500000.0,1356.0,kharghar,3.0,1,1,1,1,1
6048000.0,756.0,mira road east,1.0,1,1,0,0,1
5000000.0,650.0,parsik nagar,1.0,0,1,1,1,0
15000000.0,1000.0,kandivali east,2.0,1,1,1,1,0
2300000.0,450.0,vasai east,1.0,0,0,0,0,0
6000000.0,620.0,kalwa,1.0,1,1,1,1,0
32500000.0,2000.0,grant road west,3.0,0,0,1,0,0
18000000.0,900.0,andheri  east,2.0,1,1,0,0,0
45000000.0,1250.0,unknown,3.0,1,1,0,0,0
22750000.0,400.0,andheri  west,2.0,0,1,1,1,0
43500000.0,2600.0,malad east,4.0,1,1,1,1,1
14000000.0,1200.0,sector 18 kharghar,2.0,1,1,1,0,0
8100000.0,1025.0,mira road east,2.0,1,0,1,0,1
7000000.0,1100.0,kharghar,2.0,0,1,1,1,0
2000000.0,365.0,nalasopara east,1.0,0,0,0,0,0
30000000.0,1080.0,juhu,2.0,0,0,0,0,0
15200000.0,513.0,wadala east,1.0,1,1,0,0,1
12000000.0,525.0,borivali west,1.0,0,1,0,0,0
14600000.0,698.0,chembur,2.0,1,1,0,0,0
5300000.0,695.0,kalyan west,1.0,1,1,0,0,1
4200000.0,555.0,kamothe,1.0,1,1,1,1,1
9400000.0,1376.0,kamothe,3.0,1,1,1,0,1
22500000.0,1466.0,sainath nagar,3.0,0,0,1,1,0
14000000.0,1100.0,malad west,2.0,1,1,0,0,1
18400000.0,1100.0,goregaon west,1.0,1,1,0,0,1
5200000.0,650.0,kharghar,1.0,0,1,0,0,0
13300000.0,599.0,malad west,2.0,1,1,1,0,1
5900000.0,650.0,mira road east,1.0,0,1,1,1,1
5500000.0,670.0,kharghar,1.0,1,1,1,1,1
9000000.0,793.0,dahisar east,2.0,0,1,1,0,0
6500000.0,600.0,thane west,1.0,1,0,1,0,0
6800000.0,1050.0,unknown,2.0,1,1,0,0,0
20000000.0,823.0,malad west,2.0,0,1,0,0,0
4800000.0,687.0,ulwe,1.0,0,0,0,0,0
47900000.0,1043.0,parel,3.0,1,1,0,0,1
9200000.0,620.0,chembur,1.0,1,1,1,1,0
8330000.0,980.0,mira road east,2.0,0,1,1,0,1
9700000.0,1100.0,mira road east,2.0,0,1,0,0,0
32500000.0,1502.0,goregaon east,3.0,1,1,1,1,1
8000000.0,670.0,malad east,1.0,1,1,1,0,1
21400000.0,1197.0,unknown,2.0,1,1,1,0,1
9700000.0,506.0,chembur,2.0,1,1,1,0,0
31750000.0,1620.0,goregaon east,3.0,1,1,1,1,1
41000000.0,1595.0,goregaon east,3.0,1,1,1,0,1
2900000.0,1529.0,boisar,3.0,0,0,0,0,1
12500000.0,600.0,powai,1.0,1,1,0,0,1
12000000.0,720.0,malad east,1.0,1,0,1,0,1
2400000.0,600.0,unknown,1.0,0,1,0,0,0
31300000.0,1740.0,mulund west,3.0,1,1,1,0,1
16000000.0,900.0,link road,2.0,1,1,1,1,0
32500000.0,1250.0,wadala east wadala,3.0,1,1,1,1,0
4100000.0,585.0,ulwe,1.0,0,1,0,0,0
2440000.0,585.0,nala sopara,1.0,0,1,0,1,0
20000000.0,980.0,borivali west,1.0,1,1,0,0,0
2400000.0,575.0,nala sopara,1.0,1,1,1,0,0
7500000.0,650.0,shakti nagar,2.0,0,1,1,0,0
2970000.0,660.0,virar,1.0,1,1,0,0,1
6500000.0,620.0,thane west,1.0,1,1,1,0,1
16900000.0,888.0,kandivali west,2.0,1,1,0,0,0
25800000.0,1400.0,goregaon west,2.0,1,1,1,1,1
8628000.0,654.0,panvel,2.0,1,1,0,0,1
32900000.0,1250.0,andheri  west,2.0,1,1,0,0,1
8016000.0,809.0,dombivali,2.0,1,1,1,0,1
15200000.0,1943.0,kharghar,4.0,1,1,0,0,1
2500000.0,1758.0,kandivali east,4.0,0,0,0,0,0
2399000.0,620.0,badlapur west,1.0,0,1,1,0,0
6000000.0,915.0,vasai,2.0,0,1,0,0,0
5500000.0,525.0,shil phata,2.0,0,0,0,0,0
6000000.0,982.0,kalyan west,2.0,1,1,0,0,1
2574000.0,615.0,titwala,1.0,0,1,0,0,0
4800000.0,1091.0,kalyan west,2.0,0,1,1,0,1
9200000.0,594.0,malad east,1.0,1,1,1,0,1
8750000.0,540.0,borivali west,1.0,0,0,0,0,0
22000000.0,1770.0,kharghar,3.0,1,1,1,1,1
33000000.0,1200.0,ville parle east,2.0,0,1,0,0,0
16700000.0,770.0,borivali west,2.0,1,0,1,0,1
14500000.0,840.0,kandivali west,2.0,0,0,0,0,0
5800000.0,868.0,unknown,2.0,1,1,1,0,1
2350000.0,643.0,nala sopara,1.0,0,1,0,0,0
4100000.0,530.0,mira road east,1.0,0,0,0,0,0
69900000.0,2005.0,wadala,4.0,1,1,1,1,1
8000000.0,1000.0,sector 20 kharghar,2.0,0,0,1,1,0
12800000.0,1100.0,sainath nagar,2.0,0,0,0,1,0
31500000.0,2360.0,powai,4.0,1,1,1,0,1
16000000.0,1053.0,ghatkopar west,2.0,1,1,1,0,1
6000000.0,750.0,thane west,1.0,1,1,0,0,0
10000000.0,1325.0,kharghar,2.0,1,1,1,0,1
6500000.0,380.0,borivali west,1.0,0,0,0,0,0
2898000.0,966.0,karjat,2.0,0,1,0,0,0
9500000.0,1055.0,sector 19 kharghar,2.0,1,1,1,1,0
7100000.0,950.0,greater khanda,2.0,0,0,0,0,0
60100000.0,3585.0,goregaon west,4.0,1,0,1,1,1
8500000.0,1250.0,ulwe,2.0,1,0,1,1,1
2200000.0,760.0,nala sopara,1.0,0,1,0,0,0
2882000.0,415.0,panvel,1.0,0,0,0,0,0
4100000.0,650.0,kalyan west,1.0,1,0,0,0,1
24500000.0,2200.0,sector 30 kharghar,4.0,0,1,1,1,0
7000000.0,950.0,kharghar,2.0,0,0,0,0,0
9600000.0,580.0,borivali west,1.0,0,0,0,0,0
26500000.0,1500.0,kandivali west,3.0,1,1,1,0,1
30400000.0,957.0,chembur,3.0,1,1,0,0,1
19000000.0,1140.0,borivali west,3.0,0,0,0,0,0
2400000.0,625.0,dronagiri,1.0,0,1,1,1,0
22000000.0,1100.0,malad west,2.0,1,1,1,0,1
6500000.0,800.0,kharghar,2.0,1,1,1,1,0
7600000.0,960.0,mira road east,2.0,1,0,1,0,0
12000000.0,1400.0,kharghar,3.0,0,0,0,0,0
5600000.0,650.0,mira road east,1.0,0,1,0,0,0
16100000.0,1222.0,panvel,3.0,1,1,1,1,1
10000000.0,1075.0,kharghar,2.0,1,1,1,1,1
9600000.0,576.0,borivali west,1.0,1,1,0,0,0
7500000.0,650.0,thane west,1.0,1,1,0,0,1
42600000.0,894.0,andheri  west,2.0,1,1,1,0,1
4200000.0,650.0,unknown,1.0,1,1,1,1,1
21100000.0,1050.0,chembur,2.0,0,1,0,0,0
2899000.0,450.0,ulwe,1.0,0,1,0,0,0
11299999.0,744.0,kandivali east,1.0,1,1,1,0,1
7798999.0,700.0,unknown,1.0,0,1,0,0,0
6000000.0,765.0,kharghar,1.0,1,1,1,1,1
13500000.0,850.0,dahisar,2.0,0,1,0,0,0
4500000.0,650.0,vasai,2.0,0,0,1,0,0
4100000.0,1380.0,boisar,3.0,0,0,0,0,0
13500000.0,1385.0,unknown,3.0,1,1,1,0,1
8000000.0,1300.0,panvel,3.0,1,0,1,0,0
8900000.0,1017.0,unknown,2.0,1,1,0,0,0
10800000.0,780.0,dahisar east,2.0,0,0,0,0,0
30000000.0,1799.0,andheri,4.0,0,1,1,1,0
6800000.0,875.0,mira road east,2.0,1,1,1,0,1
3600000.0,600.0,nala sopara,1.0,1,1,1,0,1
2450000.0,820.0,boisar,2.0,0,0,0,0,0
5200000.0,650.0,ulwe,1.0,0,1,0,0,0
3200000.0,600.0,kalyan west,1.0,1,1,0,0,1
20099999.0,1060.0,mulund west,2.0,1,1,1,0,1
15000000.0,630.0,unknown,1.0,1,1,0,0,1
10000000.0,850.0,thane west,2.0,0,0,0,0,0
10000000.0,552.0,borivali east,1.0,1,0,1,0,0
5600000.0,1080.0,bhiwandi,2.0,1,1,1,0,0
11100000.0,1117.0,sector 20 kharghar,2.0,0,0,1,1,0
26000000.0,1850.0,malad east,3.0,1,1,0,0,1
21000000.0,1050.0,andheri  east,2.0,0,1,1,0,0
4600000.0,670.0,unknown,2.0,1,0,0,0,0
7500000.0,1050.0,airoli,1.0,0,1,0,0,0
33400000.0,2950.0,ulwe,4.0,1,1,0,0,1
7500000.0,985.0,bhiwandi,2.0,1,1,0,1,1
9000000.0,1260.0,sector12 new panvel,2.0,1,1,1,1,0
4151000.0,650.0,ulwe,1.0,0,1,0,0,0
32700000.0,1763.0,unknown,4.0,1,1,1,0,1
25700000.0,1289.0,goregaon west,3.0,1,1,0,0,1
28500000.0,1700.0,borivali east,3.0,1,1,0,0,1
5100000.0,400.0,borivali west,1.0,0,0,0,0,0
3000000.0,950.0,thane,2.0,0,1,1,1,0
9400000.0,1245.0,kamothe sector 16,2.0,1,0,1,1,0
5250000.0,650.0,kharghar,1.0,0,0,1,1,0
8500000.0,950.0,mira road east,2.0,0,1,0,0,0
2950000.0,580.0,nala sopara,1.0,1,1,0,0,0
4800000.0,653.0,kamothe,1.0,0,0,1,1,0
15200000.0,1170.0,malad west,2.0,1,1,1,0,1
19500000.0,1250.0,dattapada,3.0,0,1,1,1,0
9000000.0,650.0,bhandup west,1.0,0,1,0,0,0
2650000.0,590.0,nala sopara,1.0,1,1,1,0,1
5637000.0,650.0,mira road east,1.0,0,1,0,0,0
5000000.0,650.0,ulwe,1.0,0,0,0,0,0
47500000.0,1906.0,malad east,4.0,1,0,0,0,1
3100000.0,450.0,dombivali east,1.0,0,0,0,0,0
3700000.0,550.0,dombivali east,1.0,1,1,1,1,0
2500000.0,774.0,virar east,1.0,0,0,0,0,0
5500000.0,636.0,kharghar,1.0,1,1,1,1,1
65000000.0,1600.0,andheri  west,4.0,1,1,1,0,0
22000000.0,1600.0,thane west,3.0,0,1,0,0,0
19200000.0,767.0,seawoods,1.0,1,1,1,1,1
15200000.0,1050.0,kandivali west,2.0,1,1,1,0,0
25000000.0,1600.0,goregaon west,3.0,1,1,0,0,1
14500000.0,900.0,kandivali east,2.0,1,1,1,1,1
25500000.0,2329.0,malad east,4.0,1,1,1,0,1
4700000.0,670.0,vasai,2.0,0,0,1,0,0
17500000.0,1065.0,andheri  east,2.0,1,1,0,0,1
8500000.0,1000.0,ulwe,2.0,1,1,0,0,0
4500000.0,689.0,unknown,1.0,1,0,1,1,1
9499000.0,1100.0,kavesar,2.0,0,1,1,1,0
18000000.0,850.0,wadala,2.0,0,0,0,0,0
9199000.0,600.0,sanpada,1.0,1,1,1,1,1
24600000.0,1072.0,mulund west,3.0,0,0,0,0,0
2350000.0,820.0,boisar,2.0,0,0,0,0,0
4099000.0,650.0,ulwe,1.0,0,1,0,0,0
9900000.0,1025.0,sector-34b kharghar,2.0,0,0,1,1,0
31200000.0,838.0,bandra east,2.0,1,1,0,0,1
9500000.0,1200.0,panvel,2.0,1,1,1,0,1
5800000.0,472.0,thane west,1.0,1,1,1,0,1
8000000.0,340.0,goregaon,1.0,0,1,1,1,0
2400000.0,565.0,naigaon east,1.0,0,1,1,0,0
8500000.0,1080.0,kharghar,2.0,0,1,0,0,0
3185000.0,490.0,unknown,1.0,1,1,1,0,1
11000000.0,350.0,jogeshwari east,1.0,0,0,1,0,0
10500000.0,1540.0,unknown,3.0,0,1,0,0,1
2565000.0,675.0,badlapur east,1.0,0,0,1,1,0
14500000.0,1100.0,nerul,2.0,0,0,0,0,0
12700000.0,1385.0,kharghar,3.0,0,0,0,0,0
71500000.0,2347.0,unknown,4.0,1,1,0,0,1
8200000.0,1015.0,unknown,2.0,0,1,1,1,0
25500000.0,1200.0,chembur,2.0,0,1,0,0,0
7000000.0,340.0,kandivali west,1.0,0,0,0,0,0
18500000.0,1100.0,santacruz east,2.0,0,1,0,0,0
9500000.0,585.0,chembur,1.0,1,1,1,1,0
38500000.0,985.0,unknown,3.0,0,1,0,0,0
3675000.0,610.0,ulwe,1.0,0,0,0,0,0
21000000.0,1129.0,kandivali west,2.0,1,1,1,0,1
7800000.0,534.0,mira road east,2.0,1,0,1,0,1
6000000.0,555.0,kharghar,1.0,0,1,1,1,0
5300000.0,1120.0,dronagiri,2.0,1,1,0,1,1
18500000.0,1350.0,magathane,3.0,0,1,1,1,0
25400000.0,735.0,powai,2.0,1,1,1,0,1
9500000.0,1050.0,thane west,2.0,1,1,0,0,1
27500000.0,3000.0,sector-3 ulwe,4.0,1,1,1,0,1
6000000.0,350.0,mulund east,1.0,0,0,0,0,0
3200000.0,285.0,vasai east,1.0,0,0,1,0,0
13100000.0,1140.0,thane west,2.0,0,0,0,0,0
9500000.0,515.0,kandivali east,1.0,1,0,0,0,0
7000000.0,650.0,koper khairane,1.0,0,0,0,0,0
13500000.0,900.0,malad west,2.0,1,1,0,1,1
3500000.0,710.0,taloja,1.0,0,0,1,1,0
10000000.0,1463.0,unknown,2.0,0,0,1,1,0
18000000.0,1100.0,goregaon west,1.0,1,1,0,0,1
2750000.0,572.0,badlapur east,1.0,1,1,0,0,1
11100000.0,1135.0,thane west,2.0,1,1,1,0,1
18000000.0,1350.0,rajendra nagar,3.0,0,1,1,1,0
11500000.0,1260.0,ulwe,2.0,1,0,1,1,0
21500000.0,1645.0,sanpada,3.0,1,1,1,0,0
5000000.0,690.0,sector12 kamothe,1.0,0,1,1,1,0
3425000.0,845.0,titwala,2.0,0,1,0,0,0
14500000.0,950.0,kandivali west,2.0,0,1,0,0,0
35000000.0,800.0,unknown,2.0,0,0,0,0,1
27500000.0,916.0,unknown,2.0,1,1,1,1,1
8500000.0,1000.0,kharghar,2.0,1,0,1,0,1
51500000.0,2095.0,kandivali east,5.0,1,1,1,0,1
25000000.0,1160.0,borivali west,3.0,0,0,0,0,0
5500000.0,510.0,bhandup west,1.0,0,1,0,0,0
8300000.0,725.0,unknown,1.0,1,1,0,0,1
5000000.0,680.0,ulwe,1.0,1,1,0,0,1
8500000.0,611.0,hiranandani estates,2.0,1,1,0,0,1
6000000.0,1000.0,dombivali,2.0,1,1,0,0,1
4800000.0,700.0,mira road east,1.0,1,0,0,0,1
25600000.0,1487.0,goregaon west,3.0,1,1,1,1,1
9000000.0,1060.0,kharghar,2.0,0,1,1,1,1
5500000.0,995.0,bhiwandi,2.0,1,1,1,0,1
13000000.0,550.0,four bunglows,1.0,0,0,1,0,0
3000000.0,275.0,thane,1.0,1,1,1,1,0
54750000.0,1177.0,parel,3.0,1,1,1,0,1
16000000.0,1250.0,borivali east,2.0,1,1,1,1,1
10800000.0,1209.0,majiwada,2.0,0,1,1,1,0
23300000.0,1250.0,powai,2.0,1,1,1,0,1
39000000.0,1600.0,malad west,3.0,1,1,0,0,1
4900000.0,900.0,panvel,2.0,0,1,1,0,1
2300000.0,585.0,nala sopara,1.0,0,1,0,0,0
4260000.0,695.0,unknown,1.0,0,1,0,0,0
14500000.0,1360.0,kharghar,2.0,1,1,1,0,1
11500000.0,650.0,govandi,1.0,1,1,1,1,0
7650000.0,1020.0,mira road east,2.0,0,1,0,0,0
22200000.0,926.0,andheri  west,2.0,1,1,0,0,0
14000000.0,1653.0,ulwe,3.0,1,1,1,1,1
6900000.0,446.0,borivali west,1.0,0,1,0,0,0
4550000.0,860.0,vijay nagar,2.0,0,1,0,0,0
27000000.0,872.0,juhu,1.0,0,0,1,1,1
20000000.0,1600.0,malad east,3.0,1,1,1,0,1
11500000.0,441.0,jawahar nagar,2.0,0,1,1,1,0
8800000.0,980.0,malad west,1.0,0,1,1,0,1
2900000.0,590.0,nala sopara,1.0,0,1,0,0,0
10000000.0,750.0,unknown,2.0,0,0,0,0,0
9000000.0,950.0,thane west,2.0,1,1,1,0,0
10900000.0,703.0,thane west,2.0,1,1,0,0,0
42000000.0,1800.0,borivali west,3.0,0,1,0,0,0
35000000.0,1405.0,goregaon (east),3.0,1,1,0,0,0
13000000.0,760.0,borivali west,2.0,0,0,0,0,0
65000000.0,1500.0,gulmohar road,3.0,1,1,1,0,0
55000000.0,1225.0,shiv sagar estate,3.0,0,1,1,1,0
7500000.0,435.0,borivali west,1.0,0,0,0,0,0
16800000.0,1168.0,powai,2.0,1,1,1,0,0
11000000.0,550.0,mulund east,1.0,0,1,0,0,0
12100000.0,1150.0,dahisar,2.0,1,1,1,0,1
4300000.0,950.0,taloja,2.0,0,0,1,1,0
27500000.0,1600.0,malad east,3.0,1,1,1,0,1
5900000.0,585.0,majiwada,1.0,0,1,1,1,0
60000000.0,1735.0,central avenue,3.0,0,1,1,1,0
8500000.0,1140.0,ulwe,2.0,0,0,0,0,0
10500000.0,911.0,kharghar,2.0,0,0,1,1,0
7998000.0,990.0,vartak nagar,2.0,0,1,1,1,0
4200000.0,455.0,dombivali,1.0,0,0,0,0,0
72500000.0,3700.0,worli,3.0,1,1,1,1,1
9000000.0,550.0,mulund east,1.0,0,0,0,0,0
3100000.0,773.0,ambernath east,1.0,1,1,1,0,0
26800000.0,1324.0,thane west,3.0,1,1,1,0,1
34100000.0,1500.0,diamond market road,3.0,1,1,1,1,0
2320000.0,570.0,taloja,1.0,1,1,0,0,1
15000000.0,1760.0,kharghar,3.0,1,0,1,0,1
9500000.0,981.0,mira road east,2.0,1,1,0,0,1
6400000.0,925.0,sector 10,2.0,0,1,1,1,0
3300000.0,660.0,nalasopara east,1.0,0,1,0,0,0
11500000.0,1330.0,kalamboli,2.0,1,1,1,1,1
6000000.0,690.0,ulwe,1.0,0,1,0,1,1
2565000.0,620.0,nala sopara,1.0,0,1,0,0,0
3000000.0,550.0,ulwe,1.0,0,1,0,0,0
11399999.0,650.0,powai,1.0,1,1,0,0,1
14500000.0,1250.0,thane west,3.0,1,1,1,0,1
19000000.0,750.0,borivali west,2.0,0,0,0,0,0
35000000.0,1349.0,seawoods,3.0,1,1,1,0,1
6663000.0,398.0,mira road east,1.0,1,1,1,0,1
48000000.0,1296.0,vasai,2.0,1,1,1,1,1
16500000.0,860.0,kandivali east,2.0,1,0,1,1,1
7600000.0,950.0,dombivali east,3.0,1,1,1,1,0
12500000.0,745.0,kandivali east,2.0,1,1,1,1,1
4800000.0,600.0,kamothe,1.0,0,0,0,1,0
8500000.0,810.0,unknown,2.0,1,1,1,0,1
8500000.0,600.0,mulund east,1.0,0,1,0,0,0
5800000.0,770.0,mira road and beyond,1.0,1,1,1,1,0
9500000.0,1120.0,kharghar,2.0,1,1,0,0,0
4500000.0,910.0,virar west,2.0,0,0,0,0,0
2300000.0,560.0,nala sopara,1.0,0,0,0,0,0
13000000.0,685.0,kandivali west,2.0,0,1,0,0,0
65000000.0,2250.0,vile parle e,4.0,1,1,1,0,1
13500000.0,800.0,borivali west,2.0,0,1,0,0,0
2700000.0,570.0,panvel,1.0,0,1,1,0,0
3151000.0,372.0,virar,1.0,0,0,0,0,1
6998999.0,764.0,virar,3.0,0,0,0,0,1
14950000.0,1687.0,kharghar,3.0,1,1,1,1,1
17500000.0,950.0,dattapada,2.0,0,1,1,1,0
9500000.0,1005.0,chembur east,2.0,1,1,1,0,0
21500000.0,986.0,unknown,2.0,0,1,1,0,0
4200000.0,675.0,kharghar,1.0,0,1,0,0,0
3700000.0,425.0,kharegaon,1.0,0,1,1,0,0
2116000.0,630.0,mumbai,1.0,1,0,1,1,0
16000000.0,680.0,borivali west,2.0,1,1,0,0,0
10000000.0,610.0,dahisar west,1.0,0,0,0,0,0
8500000.0,2460.0,mira road east,4.0,1,1,1,0,1
2011000.0,597.0,mumbai,1.0,1,1,1,1,0
7900000.0,1189.0,kamothe,2.0,1,1,1,0,1
80000000.0,2453.0,hanuman chowk,4.0,0,0,0,0,0
5600000.0,560.0,mira road east,1.0,0,0,0,0,0
31500000.0,1600.0,borivali west,3.0,0,1,0,0,0
2331000.0,740.0,boisar,2.0,0,1,0,0,0
9500000.0,1225.0,kamothe,2.0,0,0,1,0,0
28700000.0,1670.0,borivali west,3.0,0,1,0,0,0
20000000.0,839.0,goregaon west,2.0,0,1,1,0,1
16800000.0,1150.0,kanjurmarg,2.0,1,1,1,0,1
33000000.0,1667.0,kandivali east,3.0,1,1,1,1,1
14600000.0,850.0,thane west,2.0,1,0,0,0,0
6500000.0,693.0,mira road east,1.0,1,1,0,0,1
12500000.0,900.0,kandivali west,2.0,0,1,0,0,0
9000000.0,847.0,thane west,1.0,0,1,1,0,0
43000000.0,3000.0,borivali west,4.0,0,1,0,0,0
10000000.0,600.0,goregaon east,1.0,0,0,0,0,0
3300000.0,450.0,bhayandar east,1.0,0,0,0,0,0
82000000.0,2044.0,worli,3.0,1,0,0,0,1
18800000.0,1100.0,andheri  east,2.0,1,1,1,0,1
26500000.0,1250.0,malad east,3.0,1,1,1,0,1
18900000.0,1299.0,goregaon west,2.0,1,1,0,0,0
2700000.0,450.0,ulwe,1.0,0,1,0,0,0
59000000.0,1213.0,andheri  west,3.0,1,1,0,0,1
4500000.0,700.0,kalyan west,1.0,1,1,1,0,1
25000000.0,2394.0,thane west,4.0,1,1,0,1,1
3125000.0,470.0,taloja,1.0,0,1,1,1,0
7500000.0,1022.0,sector 18 kharghar,2.0,0,1,1,1,0
13500000.0,1677.0,kharghar,3.0,0,1,1,1,0
2600000.0,575.0,virar east,1.0,0,0,0,0,0
4400000.0,560.0,thane west,1.0,1,1,1,0,1
6186000.0,401.0,mira road east,1.0,0,0,0,0,0
3565999.0,703.0,badlapur east,2.0,1,1,1,0,1
36500000.0,2200.0,unknown,4.0,0,1,1,0,1
2156000.0,580.0,nala sopara,1.0,1,1,0,0,0
22500000.0,1500.0,sanpada,3.0,1,1,1,1,1
15250000.0,1503.0,mumbai highway,3.0,0,0,1,0,1
4300000.0,375.0,thane west,1.0,1,1,0,0,1
30900000.0,2066.0,bhandup west,3.0,1,1,1,0,1
17100000.0,882.0,seawoods,2.0,0,1,1,1,0
20900000.0,697.0,mulund west,2.0,1,1,1,0,1
2900000.0,1995.0,boisar,4.0,1,0,0,0,1
35000000.0,969.0,khar,2.0,1,0,1,1,1
5700000.0,610.0,kharghar,1.0,1,1,1,1,1
18000000.0,1565.0,thane west,3.0,1,1,1,0,1
21500000.0,1340.0,malad west,2.0,0,1,1,1,0
18000000.0,1335.0,belapur,2.0,0,1,0,1,0
9000000.0,1220.0,sector-3 ulwe,2.0,0,1,1,1,0
12700000.0,585.0,chembur east,1.0,1,1,1,1,0
8500000.0,1100.0,ulwe,2.0,0,0,0,0,0
15000000.0,1780.0,kharghar,3.0,1,1,1,1,1
6000000.0,610.0,sector9 kamothe,1.0,1,1,0,1,0
4800000.0,650.0,unknown,1.0,1,0,1,1,1
8800000.0,1054.0,kandivali,2.0,1,1,1,0,1
28000000.0,800.0,vedant complex,3.0,0,0,1,1,0
6200000.0,660.0,kamothe sector 16,1.0,1,0,1,0,0
3000000.0,540.0,vasai east,1.0,0,0,0,0,0
17800000.0,1716.0,kharghar,3.0,1,1,1,1,1
37500000.0,1200.0,worli,2.0,1,1,0,0,1
11000000.0,585.0,chembur,1.0,1,1,1,1,0
4600000.0,910.0,panvel,2.0,1,1,1,0,0
17500000.0,650.0,borivali west,2.0,0,1,0,0,0
3600000.0,500.0,dombivali east,1.0,0,0,0,0,0
4500000.0,650.0,unknown,1.0,0,1,1,1,0
6500000.0,649.0,kharghar,1.0,0,1,1,0,0
4700000.0,675.0,sector-8 ulwe,1.0,0,0,0,0,0
11399999.0,1341.0,mira road east,3.0,1,1,0,0,1
22100000.0,1475.0,bhandup west,2.0,0,0,1,0,1
4800000.0,695.0,roadpali,1.0,0,1,1,1,0
8500000.0,1150.0,mira road east,2.0,0,1,0,0,0
7700000.0,999.0,kalyan west,2.0,1,1,1,1,1
12100000.0,1515.0,sector-18 ulwe,3.0,0,1,1,1,0
16500000.0,1249.0,thane west,3.0,1,1,0,0,1
12500000.0,989.0,koper khairane,2.0,0,1,1,0,0
20299999.0,638.0,wadala,2.0,0,0,0,0,0
9500000.0,600.0,borivali west,1.0,0,1,0,0,0
11500000.0,1200.0,chembur,3.0,1,1,1,0,1
2300000.0,578.0,nala sopara,1.0,0,1,0,0,0
18500000.0,1100.0,unknown,2.0,0,0,0,0,0
7200000.0,1050.0,unknown,2.0,1,1,1,1,1
5000000.0,663.0,sector 20 kamothe,1.0,0,0,0,1,0
26000000.0,955.0,wadala east,2.0,0,0,0,0,1
3000000.0,740.0,goregaon east,1.0,1,1,1,0,0
8212000.0,1314.0,dombivali,3.0,1,1,1,0,1
5500000.0,650.0,kharghar,1.0,0,1,1,1,0
3954999.0,993.0,ambernath east,2.0,1,1,0,0,0
9000000.0,990.0,parsik nagar,2.0,1,0,1,1,0
7600000.0,1098.0,kamothe,2.0,0,0,0,1,0
105500000.0,2285.0,worli,3.0,1,1,1,1,1
13000000.0,1050.0,mulund west,2.0,0,0,0,0,0
9496000.0,1100.0,thane west,2.0,0,1,1,0,0
3000000.0,605.0,naigaon east,1.0,1,1,1,1,1
4278000.0,514.0,vasai,2.0,0,1,1,0,0
150000000.0,1500.0,breach candy,2.0,0,0,1,1,0
2000000.0,420.0,virar east,1.0,0,0,0,0,0
12300000.0,525.0,kandivali west,1.0,0,1,0,0,0
14950000.0,1370.0,kharghar,3.0,0,0,0,0,0
10600000.0,1014.0,malad west,2.0,1,0,1,1,1
4000000.0,670.0,karanjade,1.0,0,1,1,1,0
9800000.0,610.0,kurla,1.0,1,1,0,0,1
12100000.0,890.0,malad west,2.0,1,1,0,1,1
35200000.0,1960.0,mulund west,3.0,1,1,1,0,0
10000000.0,575.0,borivali west,1.0,0,1,0,0,0
57500000.0,1200.0,ville parle east,3.0,0,1,0,0,0
22000000.0,742.0,andheri  east,2.0,1,1,1,0,1
13000000.0,1800.0,kharghar,3.0,1,0,1,1,0
8000000.0,1246.0,panvel,2.0,0,1,0,1,0
9800000.0,750.0,malad west,1.0,1,1,1,1,0
2800000.0,690.0,ambernath east,1.0,1,1,0,0,0
8200000.0,1034.0,dombivli (west),2.0,0,1,0,0,0
27000000.0,1205.0,goregaon west,3.0,1,1,0,0,1
2600000.0,324.0,thane west,1.0,1,1,1,0,1
5500000.0,1068.0,mumbai central,2.0,1,0,1,1,0
3326000.0,348.0,virar,1.0,0,1,0,0,0
19000000.0,945.0,unknown,2.0,0,1,1,0,1
10500000.0,1050.0,koparkhairane station road,2.0,0,1,1,1,0
4200000.0,640.0,ulwe,1.0,0,0,0,0,0
25000000.0,2000.0,hiranandani estates,3.0,1,1,0,0,1
5800000.0,700.0,mira road east,1.0,1,1,0,0,0
19000000.0,1150.0,rajendra nagar,3.0,0,0,1,1,0
4600000.0,850.0,koproli,2.0,1,1,1,0,0
53000000.0,1900.0,sector 58a seawoods navi mumbai,4.0,0,1,1,1,0
8200000.0,1015.0,mira road east,2.0,1,1,1,0,1
3100000.0,450.0,rustomjee global city,1.0,0,0,1,0,0
16500000.0,1250.0,unknown,3.0,0,0,1,1,0
6500000.0,1050.0,ulwe,2.0,0,1,0,0,0
9000000.0,640.0,goregaon west,1.0,1,1,0,1,1
21200000.0,1465.0,goregaon west,3.0,1,1,1,1,0
24000000.0,952.0,andheri  west,2.0,0,0,1,1,0
4200000.0,680.0,karanjade,1.0,0,0,0,0,0
2700000.0,350.0,sector 17 ulwe,1.0,1,1,1,1,0
8000000.0,1140.0,ulwe,2.0,1,1,1,0,0
2100000.0,395.0,karanjade,1.0,0,1,1,1,0
16000000.0,1944.0,mira road,4.0,1,1,1,0,1
2900000.0,350.0,jankalyan nagar,1.0,0,1,1,1,0
16000000.0,750.0,borivali west,2.0,1,0,0,0,1
11000000.0,1500.0,sector 36 kharghar,3.0,0,1,1,1,0
4700000.0,675.0,ulwe,1.0,0,0,0,0,0
8000000.0,700.0,pant nagar,1.0,1,1,1,1,0
2500000.0,560.0,dombivali east,1.0,0,1,0,0,0
9000000.0,1125.0,panvel,2.0,1,1,1,0,1
5200000.0,596.0,kalyan west,1.0,0,1,1,0,0
4400000.0,450.0,ulwe,1.0,1,1,1,0,0
6500000.0,675.0,sector 19 kharghar,1.0,0,0,1,1,0
2500000.0,650.0,vasai,1.0,1,1,1,0,1
8500000.0,630.0,unknown,1.0,0,1,0,0,0
7200000.0,1161.0,kamothe,2.0,0,0,1,1,0
5000000.0,655.0,sector12 kamothe,1.0,0,1,0,0,0
8500000.0,570.0,kandivali east,1.0,0,1,0,0,0
5250000.0,517.0,kharghar,1.0,0,0,1,1,0
8000000.0,1109.0,kamothe,2.0,1,0,1,1,0
8400000.0,1050.0,panvel,2.0,1,0,0,0,1
25000000.0,2500.0,sea face,7.0,0,1,1,1,0
8600000.0,965.0,mira road east,2.0,0,1,0,0,0
22000000.0,1590.0,kharghar,3.0,1,0,1,1,1
90000000.0,1396.0,kamothe,3.0,1,1,0,1,1
14500000.0,649.0,chembur,2.0,0,0,0,0,0
62500000.0,1165.0,agripada,4.0,1,1,1,0,1
12500000.0,1150.0,kharghar,2.0,1,1,1,0,1
5000000.0,705.0,panvel,1.0,1,1,0,0,1
25700000.0,1505.0,goregaon west,3.0,1,1,1,1,1
8900000.0,600.0,borivali west,1.0,0,1,0,0,0
2850000.0,305.0,kharghar,1.0,0,1,1,1,0
8500000.0,550.0,andheri  east,1.0,0,0,0,0,0
4400000.0,670.0,ulwe,1.0,1,0,1,1,1
32100000.0,2100.0,powai,3.0,1,0,0,0,1
18200000.0,1100.0,unknown,1.0,1,1,0,0,0
10900000.0,1050.0,thane west,2.0,1,1,0,0,0
7000000.0,840.0,hiranandani estates,2.0,0,1,1,1,0
120000000.0,3600.0,worli,4.0,1,1,0,0,1
24500000.0,1527.0,thane west,3.0,1,0,1,0,1
7100000.0,1060.0,kalyan east,2.0,1,0,1,0,1
12500000.0,765.0,kandivali east,2.0,1,1,1,1,1
4390000.0,911.0,panvel,2.0,0,0,0,0,0
8200000.0,2061.0,mira road east,4.0,1,1,1,0,1
12100000.0,1600.0,sector-18 ulwe,3.0,0,1,1,1,0
14000000.0,1183.0,airoli,2.0,1,1,1,0,1
80000000.0,1980.0,bandra east,3.0,1,1,0,0,0
35000000.0,950.0,ville parle east,2.0,0,1,0,0,0
16500000.0,950.0,kurla,2.0,1,1,0,0,0
14500000.0,451.0,andheri  east,1.0,1,1,1,0,1
5000000.0,550.0,kharghar,1.0,0,1,1,1,0
58500000.0,3410.0,ghatkopar east,4.0,1,0,1,0,0
10700000.0,528.0,mira road east,2.0,1,1,0,0,1
6500000.0,1332.0,bhiwandi,3.0,1,1,1,0,1
16000000.0,1140.0,ghansoli,2.0,1,1,1,0,1
94900000.0,2255.0,bandra west,3.0,1,1,1,0,0
17200000.0,1100.0,karanjade,2.0,0,1,0,0,0
2600000.0,619.0,dronagiri,1.0,0,0,0,0,0
7500000.0,460.0,kandivali east,1.0,1,1,1,0,1
5500000.0,720.0,mira road east,1.0,0,1,1,0,0
20000000.0,1250.0,magathane,3.0,0,1,1,1,0
16500000.0,649.0,mulund east,2.0,0,0,0,0,0
27000000.0,1361.0,andheri  west,2.0,0,1,0,1,1
59400000.0,1080.0,poddar road,2.0,0,0,1,0,0
39000000.0,1271.0,vasant vihar,3.0,1,1,1,1,0
4500000.0,690.0,dombivali east,1.0,1,1,0,0,0
6500000.0,1240.0,panvel,2.0,1,1,1,0,1
6000000.0,660.0,ghansoli,1.0,0,0,0,0,0
3536000.0,1105.0,boisar,3.0,1,1,0,0,0
19900000.0,800.0,kandivali west,2.0,0,0,0,0,0
8500000.0,650.0,kandivali west,1.0,1,1,0,0,0
7300000.0,450.0,mira road and beyond,1.0,1,1,1,1,0
2500000.0,665.0,nala sopara,1.0,0,1,0,0,0
12000000.0,550.0,santacruz east,1.0,0,0,0,0,0
29000000.0,821.0,mulund west,3.0,1,1,1,0,1
16000000.0,2200.0,kamothe,3.0,1,1,1,0,1
8500000.0,1355.0,ulwe,2.0,0,0,0,0,0
7500000.0,600.0,unknown,1.0,0,1,0,0,0
8200000.0,1015.0,kharghar,2.0,0,1,0,0,0
7200000.0,1050.0,ulwe,2.0,1,0,1,0,0
19000000.0,1411.0,marol,1.0,1,1,1,0,0
7400000.0,800.0,mira road east,2.0,1,1,1,0,1
15300000.0,1275.0,thane west,2.0,1,1,1,0,0
19000000.0,1600.0,sainath nagar,3.0,0,1,1,1,0
66600000.0,833.0,willingdon,2.0,0,0,1,1,0
19000000.0,1267.0,belapur,3.0,1,1,1,0,0
35700000.0,1710.0,goregaon west,4.0,1,1,0,0,1
4500000.0,664.0,thane west,1.0,1,1,1,0,1
9000000.0,1060.0,kharghar,2.0,1,1,1,1,1
8200000.0,539.0,mira road east,2.0,1,1,1,0,1
5400000.0,697.0,ulwe,1.0,0,0,0,0,0
18500000.0,882.0,sanpada,2.0,1,1,1,1,1
5600000.0,661.0,sector 21 kamothe,1.0,1,1,1,1,0
16800000.0,922.0,andheri  east,2.0,1,1,1,1,1
4500000.0,560.0,thane west,1.0,1,0,1,0,0
13000000.0,510.0,parel,1.0,0,0,0,0,0
47500000.0,1440.0,wadala,3.0,1,1,0,0,1
18500000.0,1440.0,unknown,3.0,1,1,0,0,1
13500000.0,1549.0,kharghar,3.0,1,1,1,0,1
11700000.0,1440.0,panvel,3.0,0,0,0,0,0
4700000.0,695.0,kalyan west,1.0,1,1,1,0,0
6200000.0,650.0,kharghar,1.0,0,0,1,1,0
65000000.0,1600.0,santacruz west,4.0,1,1,1,0,0
6000000.0,693.0,unknown,1.0,1,1,0,0,1
15500000.0,850.0,dahisar,2.0,1,1,0,0,0
14500000.0,1000.0,dahisar west,2.0,0,1,1,0,0
2600000.0,500.0,unknown,1.0,0,0,1,0,0
6000000.0,900.0,kalyan west,2.0,1,1,0,0,1
8500000.0,507.0,thane,1.0,0,0,0,0,0
5800000.0,650.0,ulwe,1.0,1,1,0,0,0
16500000.0,1850.0,ulwe,3.0,1,1,0,0,1
7100000.0,890.0,mira road east,2.0,1,1,0,1,1
9100000.0,585.0,borivali west,1.0,0,0,0,0,0
4500000.0,540.0,dombivli (west),1.0,0,1,0,0,0
5800000.0,1080.0,bhiwandi,2.0,1,1,1,0,1
22000000.0,2000.0,kharghar,3.0,1,1,1,1,1
5200000.0,1166.0,kalyan west,2.0,1,1,0,0,0
8000000.0,930.0,kamothe,2.0,1,0,1,0,1
3599000.0,620.0,kalyan west,1.0,0,1,1,1,0
4600000.0,650.0,mira road east,1.0,0,1,1,1,0
11500000.0,1100.0,kurla west,2.0,0,1,0,0,0
17200000.0,1112.0,chembur,2.0,1,1,1,0,0
5999000.0,905.0,thane west,2.0,1,1,1,0,1
23500000.0,1325.0,kandivali east,3.0,0,1,0,0,1
8400000.0,950.0,panvel,2.0,1,1,1,0,1
3372000.0,412.0,virar,1.0,1,1,0,0,1
6500000.0,514.0,thane west,1.0,0,0,0,0,0
13000000.0,1319.0,ulwe,3.0,1,1,0,0,1
4800000.0,600.0,kamothe,1.0,1,1,1,1,0
5100000.0,427.0,owale,1.0,1,1,1,1,1
16000000.0,2200.0,kharghar,4.0,1,1,1,1,1
6000000.0,1065.0,thane,2.0,0,1,1,0,0
12700000.0,1190.0,thane west,2.0,1,1,0,0,1
5300000.0,687.0,panvel,1.0,0,1,0,0,0
15500000.0,915.0,powai,2.0,1,0,1,0,1
38500000.0,985.0,ville parle west,3.0,0,1,0,0,0
10900000.0,876.0,thane west,2.0,0,1,1,0,1
16250000.0,950.0,borivali east,2.0,1,1,0,1,1
5500000.0,650.0,kharghar,1.0,0,0,1,1,0
16200000.0,1555.0,thane west,3.0,1,1,0,1,1
12000000.0,1580.0,ulwe,3.0,0,1,0,0,1
13000000.0,880.0,jogeshwari west,2.0,0,1,0,0,0
18500000.0,950.0,jogeshwari west,2.0,0,0,0,0,0
2500000.0,525.0,nalasopara east,1.0,0,0,0,0,0
11900000.0,1461.0,thane west,3.0,1,1,0,0,1
10000000.0,748.0,powai,1.0,1,1,1,0,1
23000000.0,1850.0,belapur,3.0,1,1,0,0,1
55000000.0,1950.0,andheri  west,3.0,1,1,1,1,1
24000000.0,1240.0,kandivali,3.0,0,1,1,0,1
3600000.0,910.0,ambernath west,2.0,0,1,0,0,1
17500000.0,1630.0,sector 7 kharghar,3.0,0,0,1,0,1
4000000.0,665.0,taloja,1.0,0,0,1,1,0
11100000.0,602.0,powai,1.0,0,1,1,0,1
25400000.0,1431.0,wadala,2.0,1,1,1,0,1
5100000.0,1017.0,bhiwandi,2.0,1,1,1,0,1
15000000.0,1016.0,chembur,2.0,1,1,1,1,0
26500000.0,1740.0,bhandup west,3.0,1,0,0,0,0
28800000.0,907.0,ville parle east,2.0,1,1,1,0,1
13500000.0,910.0,sanpada,2.0,1,1,1,1,1
84500000.0,1409.0,bandra west,3.0,1,1,1,0,1
2910000.0,551.0,virar,1.0,1,1,1,0,1
2500000.0,540.0,virar east,1.0,0,0,0,0,0
27000000.0,900.0,unknown,2.0,0,0,0,0,0
23000000.0,1850.0,seawoods,3.0,1,1,0,0,0
6200000.0,868.0,bhiwandi,2.0,1,1,1,1,1
24000000.0,1300.0,andheri  west,2.0,1,1,1,1,1
4200000.0,650.0,ulwe,1.0,0,1,0,0,0
26000000.0,1500.0,borivali west,3.0,0,1,0,0,0
16500000.0,1220.0,thane west,2.0,1,1,0,0,1
9550000.0,614.0,mira road east,1.0,1,1,1,0,1
40400000.0,1261.0,ville parle east,3.0,1,1,1,0,1
3125000.0,338.0,virar,1.0,0,0,0,0,1
3800000.0,890.0,virar,2.0,1,1,0,0,1
9200000.0,560.0,dahisar west,1.0,0,0,0,0,0
14750000.0,320.0,ville parle east,1.0,0,0,0,0,0
8100000.0,1137.0,mira road east,2.0,1,1,1,0,1
35000000.0,700.0,khar,2.0,0,1,1,0,0
4400000.0,676.0,kalyan west,1.0,1,1,1,0,0
8100000.0,500.0,mira road east,2.0,1,1,1,1,0
6900000.0,850.0,sector 17 ulwe,2.0,1,0,1,0,0
29000000.0,665.0,ville parle east,2.0,0,1,0,0,0
33700000.0,1600.0,chembur,3.0,0,0,1,0,0
26500000.0,1100.0,koldongri,3.0,0,0,1,1,0
7650000.0,621.0,mira road east,2.0,0,0,0,0,0
5300000.0,275.0,thane,1.0,1,1,0,0,0
8800000.0,990.0,mira road east,2.0,0,1,1,0,0
16900000.0,904.0,chembur,2.0,1,1,1,0,1
10000000.0,650.0,kandivali west,1.0,1,1,1,0,1
7000000.0,540.0,thane west,1.0,0,1,0,0,0
40000000.0,2100.0,unknown,4.0,1,1,1,1,1
7800000.0,545.0,thane west,1.0,0,1,1,1,0
5250000.0,650.0,mira road east,1.0,0,1,0,0,0
2288000.0,572.0,vasai,1.0,0,0,0,0,0
4200000.0,555.0,kalyan west,1.0,0,1,0,0,0
8500000.0,1155.0,ulwe,2.0,0,0,0,0,0
5300000.0,670.0,kharghar,1.0,1,1,1,1,1
8900000.0,635.0,borivali west,1.0,1,1,1,0,1
8000000.0,1095.0,kalyan west,2.0,0,0,0,0,0
46000000.0,1150.0,worli,2.0,1,1,0,1,1
27500000.0,1400.0,unknown,3.0,1,1,1,0,1
7950000.0,1060.0,mira road east,2.0,1,1,0,0,0
9500000.0,500.0,borivali west,1.0,0,1,0,0,0
5500000.0,670.0,unknown,1.0,1,1,1,1,1
4500000.0,810.0,kalyan west,2.0,1,1,1,0,0
3600000.0,605.0,kalyan west,1.0,1,1,0,0,1
7600000.0,1079.0,ulwe,2.0,0,1,0,0,0
12500000.0,802.0,andheri  east,1.0,1,1,0,0,1
21500000.0,881.0,chembur,2.0,0,1,0,0,0
3400000.0,680.0,nala sopara,1.0,0,1,0,0,0
19000000.0,1350.0,unknown,3.0,0,0,1,1,0
8000000.0,990.0,mira road east,2.0,0,0,0,0,0
18000000.0,1278.0,chembur,2.0,1,1,1,0,0
22100000.0,885.0,mulund west,3.0,1,0,0,0,0
13700000.0,990.0,kandivali west,2.0,0,1,0,0,0
5200000.0,350.0,malad west,1.0,0,1,0,0,0
17000000.0,1200.0,ghansoli,2.0,1,1,1,0,1
4500000.0,565.0,mira road east,1.0,0,0,0,0,0
3250000.0,600.0,unknown,1.0,1,1,0,0,1
17500000.0,750.0,malad west,2.0,1,1,0,1,0
11800000.0,1150.0,kharghar,2.0,1,1,1,0,1
14500000.0,1655.0,sector-18 ulwe,3.0,0,1,1,1,0
12700000.0,1125.0,kharghar,2.0,0,0,0,1,0
8198999.0,1050.0,mira road east,2.0,1,1,0,0,1
9800000.0,1090.0,kharghar,2.0,0,0,1,1,0
33000000.0,1400.0,chembur east,3.0,0,1,1,1,0
11000000.0,1100.0,majiwada thane,2.0,0,0,1,1,0
11500000.0,650.0,chembur,1.0,0,1,0,0,0
5250000.0,600.0,kharghar,1.0,1,1,0,1,1
5600000.0,700.0,mira road east,1.0,1,0,1,0,1
23000000.0,1680.0,sector-8 sanpada,4.0,0,1,1,1,0
26000000.0,1250.0,dahisar,3.0,0,1,1,1,0
26750000.0,2050.0,malad east,3.0,1,1,1,1,1
11800000.0,900.0,sanpada,2.0,1,1,1,1,1
4300000.0,564.0,thane west,1.0,0,1,0,0,1
55000000.0,1500.0,juhu,3.0,0,0,0,0,0
4050000.0,638.0,kamothe,1.0,1,1,1,1,0
3125000.0,700.0,taloja,1.0,0,0,1,1,0
79900000.0,1835.0,parel,3.0,0,1,0,0,1
8500000.0,405.0,vazira,1.0,0,1,1,1,0
2800000.0,545.0,virar east,1.0,0,0,0,0,0
2800000.0,482.0,rasayani,1.0,1,1,1,0,1
2300000.0,740.0,boisar,2.0,1,1,1,0,1
11000000.0,473.0,chembur,1.0,0,1,1,0,0
5700000.0,1718.0,ulwe,4.0,0,0,0,0,0
9000000.0,1150.0,ulwe,2.0,0,1,0,0,0
5500000.0,354.0,dahisar,1.0,0,0,0,0,0
8000000.0,1075.0,kharghar,2.0,1,1,1,1,1
4225000.0,650.0,ulwe,1.0,0,1,0,0,0
2250000.0,252.0,naigaon east,1.0,1,1,1,0,0
21500000.0,1450.0,borivali east,2.0,1,1,0,0,1
9000000.0,492.0,dahisar,1.0,0,0,0,0,0
4800000.0,1075.0,virar west,2.0,0,1,0,0,0
16500000.0,1654.0,sector9 kamothe,3.0,1,1,1,1,0
7000000.0,895.0,kalyan west,2.0,1,1,1,0,1
3500000.0,687.0,ulwe,1.0,0,0,0,0,0
29500000.0,2100.0,ville parle east,5.0,0,1,0,0,0
27500000.0,1404.0,goregaon east,2.0,1,1,1,1,1
40000000.0,893.0,worli,2.0,0,1,0,0,1
8100000.0,372.0,borivali east,1.0,1,0,0,0,0
11399999.0,448.0,akurli nagar,1.0,0,1,1,1,0
3700000.0,440.0,mira road east,1.0,0,1,1,0,0
6575000.0,369.0,mira road east,1.0,1,1,0,0,1
8400000.0,1150.0,ulwe,2.0,0,1,0,0,0
5760000.0,645.0,thane west,1.0,1,1,1,0,1
22000000.0,788.0,andheri  west,3.0,0,0,0,0,0
19500000.0,1050.0,powai  lake,2.0,1,1,1,1,0
4600000.0,700.0,kalyan west,1.0,1,1,1,0,1
2400000.0,500.0,nalasopara west,1.0,0,0,0,0,0
8500000.0,1045.0,kalyan west,2.0,1,1,1,0,1
25000000.0,1400.0,goregaon east,3.0,0,1,0,1,0
2515000.0,710.0,nala sopara,2.0,0,1,0,0,0
23000000.0,907.0,kandivali west,3.0,0,1,0,0,0
2450000.0,550.0,ambernath west,1.0,1,0,1,1,1
8100000.0,1050.0,mira road east,2.0,1,1,0,0,1
7000000.0,1003.0,kamothe,2.0,1,1,1,1,0
12000000.0,851.0,sanpada,2.0,1,1,1,1,1
3900000.0,650.0,kalyan west,1.0,1,1,0,0,0
19200000.0,1278.0,chembur,2.0,1,1,1,0,0
4000000.0,600.0,sector 21 kamothe,1.0,0,0,1,1,0
5000000.0,570.0,kharghar,1.0,0,1,1,1,0
9500000.0,1050.0,kharghar,2.0,1,1,1,1,0
3900000.0,380.0,kandivali west,1.0,0,1,0,0,0
3300000.0,670.0,koproli,1.0,1,1,1,0,1
2750000.0,700.0,badlapur east,1.0,1,1,1,0,1
12000000.0,975.0,kandivali west,2.0,0,0,0,0,0
25500000.0,1900.0,unknown,3.0,0,1,0,0,1
15000000.0,1050.0,dattapada,2.0,0,1,1,1,0
2021000.0,600.0,mumbai,1.0,0,1,1,1,0
15000000.0,971.0,panch pakhadi,2.0,0,0,1,0,0
13500000.0,1560.0,sector 22 kamothe,3.0,1,1,1,0,0
5300000.0,710.0,mira road east,1.0,1,1,0,0,0
29000000.0,690.0,ville parle east,2.0,0,1,0,0,0
8580000.0,390.0,kurla,1.0,1,0,0,0,0
3500000.0,550.0,koproli,1.0,0,0,0,0,0
25000000.0,2400.0,kharghar,5.0,1,1,1,1,1
8650000.0,980.0,malad west,1.0,1,0,1,0,1
13000000.0,1001.0,belapur,2.0,0,1,0,0,1
7100000.0,1200.0,panvel,3.0,1,1,0,0,1
11500000.0,1075.0,koper khairane,2.0,0,1,0,0,0
19000000.0,1050.0,dattapada,2.0,0,1,1,0,0
250000000.0,5200.0,bandra kurla complex,5.0,1,1,1,1,1
2400000.0,700.0,badlapur west,1.0,1,0,0,0,0
35000000.0,1000.0,bandra west,2.0,0,1,1,0,0
3800000.0,400.0,mira road and beyond,1.0,1,1,0,1,0
24500000.0,1350.0,kandivali east,3.0,1,1,1,0,1
4700000.0,310.0,kandivali east,1.0,0,1,1,0,0
2400000.0,535.0,nala sopara,1.0,0,1,0,0,0
7798999.0,700.0,malad west,1.0,1,0,1,0,1
18500000.0,1100.0,powai,2.0,1,1,1,0,1
24500000.0,906.0,wadala,2.0,1,1,0,0,1
15500000.0,610.0,sewri,1.0,0,1,0,0,0
47000000.0,2600.0,wadala east wadala,3.0,1,1,1,1,0
22500000.0,1650.0,goregaon west,3.0,1,1,0,0,1
9500000.0,1000.0,kharghar,2.0,1,0,0,0,0
14500000.0,960.0,goregaon east,2.0,1,1,0,0,1
2350000.0,390.0,kalyan west,1.0,0,0,0,0,0
8600000.0,615.0,seawoods,1.0,0,1,0,0,0
13000000.0,900.0,chembur,2.0,1,1,1,1,0
8600000.0,989.0,unknown,2.0,1,1,0,0,1
20500000.0,1015.0,bhandup west,3.0,1,1,1,0,1
17100000.0,1100.0,seawoods,2.0,0,1,1,1,0
2000000.0,400.0,kharegaon,1.0,0,1,1,1,0
2500000.0,500.0,virar west,1.0,0,0,0,0,0
38500000.0,1660.0,goregaon east,4.0,0,0,0,0,0
18000000.0,1050.0,goregaon east,2.0,0,0,0,0,0
18000000.0,1006.0,andheri  west,2.0,1,1,1,0,1
57200000.0,1655.0,wadala,3.0,1,1,1,1,1
7600000.0,1100.0,sector 19 kharghar,2.0,1,1,1,1,0
17000000.0,800.0,rajendra nagar,2.0,0,0,1,0,0
4000000.0,679.0,ulwe,1.0,0,0,0,0,0
4700000.0,885.0,powai  lake,2.0,1,1,0,1,0
6700000.0,556.0,thane,2.0,1,1,1,1,0
2582000.0,670.0,titwala,1.0,1,1,0,0,0
12000000.0,957.0,ghatkopar,2.0,1,1,1,1,1
22000000.0,1000.0,andheri  east,2.0,0,1,0,0,0
6000000.0,850.0,sector 19 kharghar,1.0,0,0,1,1,0
3750000.0,645.0,ulwe,1.0,0,1,0,0,0
4475000.0,700.0,dombivali,1.0,0,1,1,1,1
120000000.0,2600.0,khar west,4.0,1,1,1,0,0
7600000.0,1100.0,ulwe,2.0,1,1,0,0,0
12600000.0,561.0,chembur,1.0,0,0,0,0,0
5250000.0,700.0,kharghar,1.0,1,1,0,0,0
52500000.0,946.0,unknown,2.0,1,1,1,1,1
2600000.0,645.0,dronagiri,1.0,0,1,1,0,0
9800000.0,580.0,kandivali west,1.0,1,1,0,0,1
17000000.0,547.0,ville parle east,1.0,1,1,1,0,0
16000000.0,1044.0,dahisar,3.0,0,0,0,0,0
17000000.0,1114.0,andheri  east,3.0,1,1,1,0,1
65000000.0,3200.0,seawoods,5.0,1,1,0,0,1
21400000.0,1090.0,chembur,2.0,0,1,1,1,0
24500000.0,1550.0,belapur,3.0,0,0,0,0,0
2350000.0,685.0,shirgaon,1.0,0,0,0,0,0
85000000.0,2350.0,dadar east,4.0,1,1,1,1,1
22000000.0,1250.0,andheri  west,2.0,1,1,0,0,1
4800000.0,485.0,kalyan west,1.0,0,0,1,0,0
46500000.0,1250.0,andheri  west,3.0,1,1,1,0,1
21500000.0,1240.0,jeejamata nagar,3.0,0,1,1,0,0
10000000.0,750.0,malad west,1.0,1,1,0,0,1
14500000.0,710.0,borivali west,1.0,0,0,0,0,0
34700000.0,832.0,bandra kurla complex,2.0,1,1,1,0,1
18500000.0,1150.0,tilak nagar,2.0,0,1,0,1,0
13899999.0,720.0,dahisar,2.0,1,1,1,0,1
19500000.0,1014.0,mhada colony 20,2.0,0,1,0,1,0
8500000.0,1165.0,sector12 kamothe,2.0,1,1,1,1,0
14000000.0,1530.0,sector 10 khanda colony,3.0,1,1,1,0,0
4300000.0,650.0,mira road east,1.0,0,1,1,1,0
12400000.0,1565.0,kamothe,3.0,0,0,1,0,0
25000000.0,3000.0,sector35d kharghar,5.0,0,1,1,1,0
3500000.0,585.0,naigaon east,1.0,1,1,0,0,0
25000000.0,1250.0,borivali west,3.0,0,0,0,0,0
2000000.0,820.0,boisar,2.0,0,0,0,0,0
27200000.0,1088.0,goregaon west,3.0,1,0,0,0,1
4400000.0,600.0,kalyan west,2.0,0,1,1,0,0
11200000.0,650.0,borivali west,1.0,0,0,0,0,0
6350000.0,655.0,mira road east,1.0,1,1,1,0,1
5000000.0,655.0,sector13 khanda colony,1.0,0,0,0,0,0
8000000.0,1050.0,kamothe,2.0,1,1,0,0,0
6000000.0,905.0,unknown,2.0,1,1,1,0,1
8000000.0,1055.0,ulwe,2.0,1,1,0,0,0
4500000.0,980.0,taloja,2.0,0,0,1,1,0
5900000.0,610.0,thane west,1.0,0,1,1,0,0
8700000.0,900.0,thane west,2.0,0,1,0,0,1
20000000.0,1070.0,powai,2.0,1,1,0,0,1
3588000.0,690.0,sector 23 ulwe,1.0,1,1,0,1,0
9700000.0,1098.0,unknown,2.0,0,0,0,0,1
11000000.0,1050.0,kurla west,2.0,0,0,0,0,0
3500000.0,670.0,nalasopara east,1.0,0,1,0,0,0
12700000.0,991.0,sector 15 kharghar,2.0,0,0,1,1,0
42500000.0,1305.0,bandra east,2.0,1,1,1,1,1
4500000.0,588.0,byculla,1.0,0,0,0,0,0
9300000.0,1240.0,kharghar,2.0,1,1,0,0,1
19500000.0,1300.0,thane west,3.0,1,1,0,0,1
16299999.0,1145.0,malad west,2.0,1,1,0,0,1
13000000.0,1150.0,unknown,2.0,1,1,0,0,1
27900000.0,1656.0,goregaon west,3.0,1,1,0,1,1
22750000.0,890.0,andheri  west,2.0,1,1,0,0,0
12000000.0,600.0,powai,1.0,1,1,0,0,1
11000000.0,625.0,chembur,1.0,1,1,1,1,0
14500000.0,1655.0,kharghar,3.0,0,0,1,1,0
3650000.0,665.0,dronagiri,1.0,0,0,1,0,0
56000000.0,2200.0,wadala east wadala,3.0,0,1,1,1,0
7800000.0,660.0,airoli,1.0,0,0,0,0,0
6700000.0,950.0,mira road east,2.0,0,1,1,0,0
12800000.0,1800.0,thane west,3.0,1,1,0,0,1
16500000.0,840.0,kandivali west,2.0,0,1,0,0,0
14000000.0,900.0,seawoods,2.0,0,0,1,0,0
52500000.0,1144.0,unknown,3.0,0,0,1,1,0
5650000.0,780.0,mira road east,1.0,0,1,0,0,1
9000000.0,1171.0,kopara,2.0,1,0,1,0,0
5000000.0,647.0,kalwa,1.0,0,1,0,0,0
4900000.0,580.0,mira road east,1.0,0,1,0,0,0
9000000.0,1200.0,kalyan west,2.0,1,0,0,0,0
18500000.0,1200.0,borivali west,2.0,0,0,0,0,0
4600000.0,650.0,kalamboli,1.0,0,1,0,0,0
39100000.0,707.0,khar,2.0,1,1,0,0,1
11500000.0,1340.0,mira road east,3.0,1,1,1,0,1
6200000.0,480.0,dahisar,1.0,0,0,0,0,0
3110000.0,715.0,virar,1.0,1,1,0,0,0
32000000.0,3205.0,kharghar,4.0,1,1,1,0,0
14900000.0,900.0,vashi,2.0,0,1,1,0,0
42500000.0,1777.0,goregaon east,3.0,0,1,1,1,1
42000000.0,1850.0,andheri  west,3.0,1,1,0,0,1
38100000.0,1596.0,malad west,3.0,1,0,0,0,1
11500000.0,1594.0,mira road east,3.0,1,1,1,0,1
42500000.0,1350.0,ville parle west,3.0,0,1,0,0,0
4170000.0,850.0,unknown,2.0,0,0,0,0,0
2500000.0,560.0,nalasopara west,1.0,0,1,0,0,0
9400000.0,1200.0,kharghar,3.0,1,1,1,1,1
153600000.0,3200.0,worli sea fase,5.0,0,1,1,1,0
4150000.0,650.0,ulwe,1.0,0,1,1,0,0
3853000.0,860.0,neral,2.0,0,1,0,0,0
3500000.0,900.0,thane,2.0,1,1,1,1,0
50000000.0,1150.0,matunga east,2.0,1,1,0,0,0
13500000.0,1140.0,thane west,3.0,1,1,1,1,1
29000000.0,980.0,dahisar,2.0,0,1,1,1,0
18500000.0,1285.0,chembur,3.0,0,1,0,0,0
16000000.0,1650.0,ulwe,3.0,0,1,0,0,1
25000000.0,675.0,matunga,1.0,0,1,1,0,0
4200000.0,690.0,dronagiri,1.0,0,1,1,1,0
3400000.0,450.0,kandivali west,1.0,0,1,0,0,0
14900000.0,698.0,wadala east wadala,1.0,1,1,0,1,0
8500000.0,700.0,malad west,1.0,1,1,0,1,1
12000000.0,1026.0,thane west,2.0,1,1,0,0,1
14000000.0,1016.0,sector 18 kharghar,2.0,1,0,1,0,1
38000000.0,1690.0,goregaon east,2.0,1,1,1,0,1
4100000.0,340.0,kandivali west,1.0,0,0,0,0,0
8527000.0,597.0,mira road east,1.0,0,0,0,0,0
9900000.0,784.0,unknown,2.0,1,1,0,0,1
40000000.0,1850.0,seawoods,3.0,1,1,1,0,1
3700000.0,710.0,nala sopara,1.0,0,1,0,0,1
22500000.0,1290.0,unknown,2.0,0,0,0,0,0
145000000.0,3320.0,yari road,5.0,0,1,1,1,0
2865000.0,675.0,badlapur east,1.0,0,1,1,0,0
34750000.0,1086.0,wadala,3.0,1,1,0,0,1
19400000.0,1162.0,powai,2.0,0,1,1,0,1
18200000.0,1500.0,kandivali west,3.0,1,1,1,0,1
70000000.0,1442.0,marine lines,3.0,1,1,1,1,1
16000000.0,900.0,borivali west,2.0,0,1,1,1,0
3050000.0,565.0,panvel,1.0,0,0,0,0,0
9000000.0,1050.0,ulwe,2.0,1,1,1,0,0
3800000.0,556.0,naigaon east,2.0,1,0,1,1,0
12000000.0,1210.0,kolshet road,2.0,1,1,1,1,0
25000000.0,1440.0,kandivali west,3.0,1,1,1,1,1
3200000.0,2139.0,kalyan west,4.0,1,1,0,0,1
32100000.0,1400.0,chembur,3.0,1,1,1,1,0
4500000.0,450.0,thane west,1.0,1,1,1,0,0
78700000.0,2300.0,unknown,3.0,0,1,0,0,1
16000000.0,1600.0,kharghar,4.0,1,1,1,1,1
8000000.0,1200.0,panvel,1.0,0,0,0,0,0
15000000.0,1400.0,majiwada thane,3.0,0,0,1,1,0
16250000.0,900.0,borivali east,2.0,0,1,1,0,0
31000000.0,2150.0,vasant vihar,3.0,1,1,1,1,0
8700000.0,1200.0,panvel,2.0,1,0,0,0,1
2100000.0,410.0,kurla west,1.0,1,1,0,0,0
17500000.0,1600.0,unknown,3.0,1,1,1,0,0
30000000.0,1200.0,andheri  east,3.0,0,1,1,0,1
36500000.0,1950.0,andheri  east,3.0,0,0,0,0,0
5500000.0,1050.0,taloja,2.0,0,1,1,0,0
16000000.0,1150.0,goregaon west,2.0,1,1,0,0,1
7600000.0,1050.0,ulwe,2.0,0,1,0,0,0
8500000.0,1115.0,kharghar,2.0,1,1,1,0,1
12400000.0,673.0,kolshet road,2.0,0,0,1,1,0
2950000.0,550.0,vasai,1.0,0,0,0,0,0
9200000.0,1165.0,ulwe,2.0,0,1,1,0,1
5100000.0,760.0,unknown,1.0,0,0,0,0,0
8000000.0,1098.0,dombivali,1.0,1,0,1,0,1
17400000.0,624.0,chembur,2.0,1,0,0,0,1
2465000.0,700.0,shirgaon,1.0,0,0,0,0,0
2550000.0,585.0,nala sopara,1.0,0,1,1,1,0
12500000.0,1000.0,mulund west,2.0,0,0,0,0,0
17200000.0,1100.0,thakur complex,2.0,0,1,1,1,0
11000000.0,1415.0,kharghar,3.0,1,1,1,1,1
33500000.0,777.0,matunga,2.0,0,1,0,0,0
4584000.0,535.0,virar,2.0,0,1,0,0,0
5199000.0,880.0,vasai west,2.0,0,0,0,0,0
21400000.0,1101.0,malad west,3.0,0,0,0,0,0
11000000.0,644.0,unknown,1.0,1,1,1,0,0
4425000.0,418.0,virar,2.0,0,0,0,0,1
5300000.0,933.0,kalyan west,2.0,0,1,0,0,0
2077000.0,620.0,badlapur west,1.0,1,1,1,0,0
25000000.0,1950.0,nerul,3.0,0,1,1,1,0
10000000.0,646.0,thakur village,1.0,0,1,1,1,0
50000000.0,7000.0,unknown,6.0,0,0,1,1,0
9500000.0,812.0,panvel,2.0,1,0,1,0,1
4250000.0,635.0,unknown,1.0,1,1,0,0,1
7000000.0,900.0,sector 11 kharghar,2.0,0,0,0,0,0
2582000.0,670.0,titwala,1.0,0,1,0,0,0
5800000.0,1025.0,taloja panchanand,2.0,0,1,1,1,0
12100000.0,1600.0,kharghar,3.0,1,1,1,1,1
4275000.0,950.0,virar,2.0,1,1,1,0,1
45500000.0,1620.0,parel,3.0,1,1,0,0,1
19500000.0,1400.0,cbd belapur east,3.0,1,0,1,0,1
21600000.0,1264.0,malad east,2.0,1,1,1,1,1
16500000.0,1600.0,kharghar,4.0,1,1,1,0,1
29200000.0,909.0,seven bunglow,2.0,0,0,1,0,0
4450000.0,455.0,unknown,1.0,0,0,1,1,0
11500000.0,1026.0,dahisar east,2.0,1,1,0,0,1
8200000.0,900.0,ghansoli,2.0,0,0,0,0,0
5200000.0,577.0,ulwe,1.0,0,0,0,0,0
20500000.0,908.0,kandivali west,2.0,0,1,1,0,0
15500000.0,1450.0,kharghar,3.0,1,1,0,0,1
27900000.0,1865.0,bhandup west,3.0,1,0,1,0,1
39000000.0,1147.0,andheri  west,3.0,1,1,0,0,1
9600000.0,1083.0,kharghar,2.0,0,1,1,1,0
6200000.0,1135.0,ulwe,2.0,0,0,0,1,0
9600000.0,633.0,mira road east,3.0,1,1,1,0,1
9100000.0,1185.0,unknown,3.0,0,1,0,0,0
11600000.0,1230.0,kharghar,2.0,1,1,1,0,1
25500000.0,859.0,andheri  east,3.0,1,1,1,0,1
3000000.0,719.0,dombivli (west),1.0,0,0,0,0,0
16299999.0,742.0,malad west,1.0,0,1,0,0,1
16200000.0,872.0,malad west,2.0,1,0,0,0,1
3061000.0,972.0,badlapur east,2.0,0,1,0,0,1
29000000.0,1475.0,unknown,3.0,1,1,1,0,1
4000000.0,680.0,karanjade,1.0,0,1,0,0,0
6000000.0,885.0,shilphata road thane,2.0,1,1,1,0,0
6500000.0,365.0,malad west,1.0,0,0,0,0,0
40000000.0,1850.0,ville parle east,3.0,1,1,0,0,0
17500000.0,1070.0,chembur,2.0,0,0,1,0,0
25500000.0,3000.0,sector-3 ulwe,5.0,0,1,1,1,0
22500000.0,1196.0,dahisar,3.0,1,0,1,0,1
14500000.0,890.0,dahisar,2.0,0,0,0,0,0
23500000.0,1293.0,borivali west,3.0,0,0,0,0,0
60000000.0,1100.0,central avenue,3.0,0,0,1,1,0
11800000.0,984.0,unknown,2.0,1,0,0,0,1
8500000.0,580.0,dahisar east,1.0,0,0,0,0,0
17500000.0,1200.0,kandivali east,3.0,0,1,0,0,0
8500000.0,920.0,ulwe,2.0,0,1,0,0,0
18500000.0,1498.0,saki naka,3.0,0,1,1,1,1
2300000.0,425.0,bandra east,1.0,0,1,0,0,0
3700000.0,620.0,ulwe,1.0,0,1,0,0,0
3700000.0,1025.0,badlapur east,2.0,1,1,0,0,1
13200000.0,885.0,mira road east,3.0,1,1,1,1,1
2300000.0,650.0,ambernath east,1.0,1,1,0,0,0
29000000.0,1543.0,wadala east wadala,3.0,1,1,0,1,0
45000000.0,1717.0,prabhadevi,3.0,1,0,0,0,0
10700000.0,675.0,chembur east,1.0,1,0,0,1,0
3600000.0,615.0,nala sopara,1.0,0,1,1,0,0
26000000.0,1840.0,borivali east,3.0,1,1,1,0,1
22750000.0,810.0,andheri  west,2.0,1,1,0,0,0
19400000.0,1810.0,unknown,4.0,1,1,1,0,1
7400000.0,913.0,kalyan west,2.0,1,1,0,0,1
47900000.0,1043.0,parel,3.0,0,1,1,0,1
85000000.0,3733.0,andheri  west,4.0,1,1,1,0,1
7998999.0,1080.0,kalyan west,2.0,0,1,0,0,0
9500000.0,916.0,kamothe,2.0,0,0,1,1,0
29000000.0,1350.0,chembur east,3.0,1,1,1,1,0
16000000.0,900.0,andheri  east,2.0,0,0,0,0,0
11500000.0,1182.0,kharghar,2.0,0,0,1,1,0
26000000.0,1350.0,kandivali east,3.0,1,1,1,0,1
7548000.0,950.0,panvel,2.0,1,1,0,0,1
18500000.0,905.0,goregaon west,2.0,1,0,0,0,1
21500000.0,1250.0,seawoods,1.0,1,0,1,0,1
6250000.0,625.0,sector 18 kamothe,1.0,0,0,1,1,0
8975000.0,460.0,panvel,2.0,1,1,0,0,1
4150000.0,910.0,virar,2.0,1,1,0,0,1
9200000.0,556.0,bhandup west,1.0,0,0,1,0,0
9200000.0,696.0,malad east,1.0,0,1,0,0,0
21100000.0,1200.0,unknown,2.0,1,1,0,1,0
2599000.0,334.0,thane west,1.0,1,1,1,0,1
7500000.0,500.0,dahisar west,1.0,0,0,0,0,0
28800000.0,963.0,mulund west,3.0,1,1,0,0,1
5200000.0,500.0,kalwa,1.0,0,1,0,0,0
18500000.0,1202.0,goregaon,2.0,1,1,0,0,1
9500000.0,1975.0,vasai west,3.0,0,0,0,0,0
2350000.0,430.0,badlapur east,1.0,0,1,1,1,0
3999000.0,890.0,virar,2.0,1,1,1,0,1
27000000.0,1601.0,malad west,3.0,0,0,1,1,0
51500000.0,1170.0,matunga,3.0,0,0,0,0,0
5500000.0,675.0,ulwe,1.0,0,0,0,0,0
23000000.0,1250.0,chembur,3.0,0,1,0,0,0
14000000.0,750.0,borivali west,2.0,0,0,0,0,0
10600000.0,575.0,unknown,1.0,1,1,1,0,0
33000000.0,1245.0,wadala,3.0,1,1,1,0,1
28500000.0,3500.0,kharghar,4.0,0,1,0,0,1
11900000.0,698.0,mira road east,3.0,1,1,1,0,1
7100000.0,700.0,koper khairane,2.0,1,1,1,1,0
2300000.0,450.0,kanjurmarg east,1.0,1,0,0,0,0
22500000.0,1700.0,borivali west,3.0,1,0,0,0,0
3600000.0,750.0,nala sopara,1.0,0,1,1,0,0
16000000.0,1350.0,sector 17 ulwe,2.0,1,0,1,0,0
3900000.0,999.0,boisar,2.0,1,1,0,0,1
7800000.0,1005.0,kamothe,2.0,1,1,1,1,0
2100000.0,245.0,mira road east,1.0,0,0,1,0,0
32000000.0,1950.0,goregaon,3.0,1,1,0,1,1
6600000.0,2451.0,unknown,4.0,1,1,1,1,0
8500000.0,600.0,seawoods,1.0,0,1,0,0,0
4700000.0,478.0,kalwa,1.0,0,1,0,0,0
22000000.0,1590.0,kharghar,3.0,1,1,1,1,1
12900000.0,576.0,chembur,2.0,0,0,0,0,0
3500000.0,300.0,jogeshwari east,1.0,0,1,0,0,0
6500000.0,702.0,borivali west,1.0,0,0,0,0,0
40000000.0,2100.0,kharghar,4.0,0,1,1,1,0
7500000.0,767.0,mira road east,2.0,0,0,0,0,0
10500000.0,850.0,kolshet road,2.0,1,1,1,1,0
2684000.0,650.0,titwala,1.0,0,1,0,0,0
3500000.0,1200.0,boisar,3.0,1,1,0,0,1
40000000.0,950.0,juhu,3.0,0,1,0,0,0
6800000.0,1400.0,panvel,2.0,1,1,0,0,1
5350000.0,850.0,vasai east,2.0,0,1,0,0,0
2000000.0,575.0,nala sopara,1.0,1,1,1,0,1
2500000.0,620.0,nala sopara,1.0,0,1,0,0,0
22000000.0,1614.0,kandivali west,4.0,0,0,0,0,1
8700000.0,580.0,borivali west,1.0,0,1,0,0,0
3700000.0,650.0,taloja,1.0,0,1,0,0,0
47800000.0,815.0,mahim,2.0,1,1,0,0,1
43500000.0,1466.0,unknown,4.0,1,1,0,0,1
20000000.0,1164.0,malad east,2.0,1,1,1,0,1
7300000.0,500.0,ghatkopar west,1.0,0,0,0,0,0
18900000.0,1350.0,chembur,3.0,0,0,0,0,0
21000000.0,2250.0,kharghar,4.0,1,1,0,1,1
8500000.0,585.0,jogeshwari west,1.0,0,0,0,0,0
15000000.0,1350.0,belapur,2.0,1,1,1,0,1
21200000.0,1412.0,mulund,3.0,1,1,1,0,0
10500000.0,1839.0,borivali west,4.0,0,0,0,0,0
14000000.0,623.0,chembur,2.0,0,0,0,0,0
16500000.0,1250.0,unknown,2.0,0,1,1,0,0
3720000.0,930.0,virar west,2.0,1,1,0,1,0
21500000.0,1280.0,malad east,2.0,1,1,1,1,1
3500000.0,646.0,palghar,3.0,0,0,0,0,1
27500000.0,1100.0,vile parle west,2.0,0,0,0,0,0
16800000.0,1100.0,unknown,2.0,1,1,0,0,1
7400000.0,650.0,thane west,1.0,1,1,1,0,1
12500000.0,1151.0,koparkhairane station road,2.0,1,1,1,1,0
13200000.0,1370.0,kharghar,3.0,1,1,1,1,1
8800000.0,779.0,kolshet road,1.0,0,1,1,1,0
25600000.0,788.0,powai,2.0,0,1,1,0,1
28000000.0,2470.0,kharghar,4.0,1,1,1,1,1
16399999.0,1065.0,kandivali east,2.0,1,1,0,0,1
22799999.0,1050.0,kandivali east,2.0,1,1,0,0,1
2600000.0,560.0,virar east,1.0,0,0,0,0,0
19000000.0,1325.0,kandivali east,3.0,0,0,0,0,0
8287000.0,1275.0,panvel,2.0,1,1,1,0,1
3300000.0,620.0,nala sopara,1.0,0,0,0,0,0
4500000.0,735.0,kalyan west,1.0,0,0,0,0,0
50000000.0,1800.0,ville parle east,3.0,0,1,0,0,0
6137000.0,829.0,bhiwandi,2.0,1,1,1,0,1
4400000.0,750.0,unknown,1.0,0,1,0,0,0
30000000.0,3500.0,kharghar,4.0,0,0,0,0,0
19800000.0,1130.0,powai,2.0,0,1,1,0,1
13000000.0,1024.0,sector 18 kharghar,2.0,1,1,1,0,1
4299000.0,615.0,thane west,1.0,1,0,1,0,0
16800000.0,1690.0,ulwe,3.0,1,1,0,0,0
8733000.0,1335.0,virar,4.0,1,1,1,0,0
4200000.0,910.0,virar west,2.0,0,1,0,0,0
6900000.0,685.0,koper khairane,1.0,1,1,1,1,0
18500000.0,1950.0,borivali west,3.0,0,0,0,0,0
15700000.0,699.0,chembur,2.0,0,0,0,0,0
12500000.0,680.0,kandivali west,2.0,0,1,1,0,0
8700000.0,705.0,thane west,2.0,1,1,0,0,1
15500000.0,1250.0,andheri  west,2.0,1,1,0,0,1
30000000.0,2000.0,vashi,4.0,0,1,0,0,0
2357000.0,555.0,virar east,1.0,0,0,0,0,0
34000000.0,1555.0,kandivali west,3.0,1,0,1,0,0
5200000.0,1070.0,dronagiri,2.0,1,1,1,1,1
9000000.0,650.0,kandivali east,1.0,0,1,0,0,0
9000000.0,560.0,andheri  east,1.0,0,0,0,0,0
29000000.0,1404.0,goregaon east,2.0,1,1,1,1,1
7800000.0,785.0,mira road east,2.0,0,1,1,0,1
12000000.0,723.0,jogeshwari west,1.0,1,1,0,0,0
8800000.0,1157.0,ulwe,2.0,0,0,0,0,0
34000000.0,1540.0,mira road east,3.0,1,1,1,0,1
33000000.0,1650.0,unknown,4.0,1,1,1,1,0
5500000.0,560.0,kharghar,1.0,0,1,1,1,0
6152000.0,769.0,mira road east,1.0,1,0,1,0,1
5200000.0,340.0,kandivali west,1.0,0,1,0,0,0
2500000.0,1828.0,naigaon east,4.0,0,1,0,0,0
15500000.0,1435.0,kharghar,3.0,1,1,1,1,1
2483000.0,673.0,ambarnath,1.0,1,1,1,0,1
3415000.0,925.0,ambernath east,2.0,1,1,0,0,0
11500000.0,1450.0,ulwe,3.0,1,1,0,0,0
32100000.0,1350.0,powai,3.0,1,0,1,0,1
4100000.0,534.0,nala sopara,1.0,1,1,1,0,0
5200000.0,685.0,unknown,2.0,1,0,1,1,1
12500000.0,996.0,ghatkopar west,2.0,1,1,0,0,0
62500000.0,2191.0,ville parle east,4.0,0,0,0,0,0
4000000.0,640.0,karanjade,1.0,0,0,0,0,0
7000000.0,890.0,mira road east,2.0,1,1,1,1,1
5300000.0,600.0,unknown,1.0,1,1,1,1,1
19500000.0,1398.0,dattapada,3.0,0,1,1,1,0
22000000.0,1300.0,andheri  east,3.0,0,1,0,0,0
2520000.0,686.0,virar,1.0,1,1,1,0,1
39900000.0,2500.0,borivali east,4.0,0,1,0,0,1
8500000.0,600.0,dahisar east,1.0,0,0,0,0,0
3700000.0,682.0,ulwe,1.0,0,0,0,0,0
40000000.0,1850.0,chembur east,3.0,0,1,1,0,0
16450000.0,950.0,wadala east wadala,1.0,1,1,1,1,0
13500000.0,967.0,thane west,2.0,1,1,1,0,1
13000000.0,1455.0,unknown,3.0,0,1,1,1,0
5760000.0,670.0,thane west,1.0,1,1,1,0,0
37800000.0,1094.0,powai,2.0,1,1,1,0,0
60000000.0,1750.0,bandra east,3.0,1,1,1,1,1
18000000.0,950.0,malad west,2.0,1,0,0,0,1
3979999.0,546.0,kalyan west,1.0,0,1,1,1,0
11700000.0,1150.0,thane west,2.0,1,1,0,0,1
9900000.0,786.0,mira road east,3.0,1,1,1,0,1
10900000.0,724.0,thane west,2.0,0,1,0,0,1
5600000.0,765.0,thane west,2.0,1,1,1,0,1
45000000.0,1400.0,ville parle east,3.0,0,1,1,0,0
9500000.0,603.0,unknown,1.0,1,1,1,0,1
3100000.0,400.0,goregaon east,1.0,1,1,1,0,0
32700000.0,1309.0,mulund west,3.0,1,0,0,0,0
3699000.0,650.0,kalyan west,1.0,0,1,0,0,0
9000000.0,1180.0,mira road east,2.0,0,1,0,0,1
9600000.0,900.0,kharghar,2.0,1,1,1,0,0
2300000.0,400.0,naigaon east,1.0,0,1,1,0,1
13000000.0,1630.0,kharghar,3.0,0,1,1,1,0
13500000.0,985.0,mulund east,2.0,1,1,0,0,0
18700000.0,980.0,kandivali west,2.0,1,1,0,0,0
8300000.0,1256.0,unknown,2.0,1,1,1,1,0
9000000.0,1031.0,kharghar,2.0,1,1,0,0,0
6400000.0,1180.0,mira road and beyond,2.0,1,0,1,1,0
5100000.0,1511.0,ulwe,3.0,1,0,1,1,1
2225000.0,595.0,ambernath east,1.0,0,1,1,0,0
18500000.0,1100.0,goregaon west,2.0,1,1,0,0,1
120000000.0,3000.0,shastri nagar,4.0,0,0,1,0,0
2576000.0,567.0,ambernath west,1.0,1,1,1,1,0
13500000.0,931.0,thane west,3.0,1,1,0,0,1
22500000.0,1350.0,kurla west,2.0,0,0,0,0,0
35000000.0,864.0,juhu,2.0,0,1,0,0,0
2057000.0,605.0,boisar,1.0,1,0,1,0,1
38000000.0,1850.0,andheri  west,3.0,1,1,1,0,1
3500000.0,600.0,naigaon east,1.0,0,1,0,0,0
2550000.0,560.0,nala sopara,1.0,0,1,0,0,0
30000000.0,1550.0,malad west,3.0,1,1,0,0,1
6419000.0,655.0,mira road east,1.0,1,1,1,0,1
4517000.0,500.0,unknown,1.0,1,1,0,0,1
4100000.0,910.0,unknown,2.0,1,1,0,0,0
22000000.0,1150.0,unknown,3.0,1,1,0,0,1
6850000.0,1050.0,ulwe,2.0,0,1,1,0,0
4500000.0,920.0,dombivali east,2.0,0,1,0,0,0
41500000.0,1295.0,andheri  west,3.0,0,0,0,0,0
35000000.0,1098.0,bandra east,2.0,1,1,0,0,1
6100000.0,1035.0,karanjade,2.0,1,1,0,0,0
18800000.0,1350.0,malad west,3.0,1,1,1,1,1
2700000.0,450.0,ulwe,1.0,0,0,0,0,0
18800000.0,1450.0,kandivali west,2.0,1,0,0,1,1
10600000.0,650.0,kanjurmarg,1.0,1,1,0,0,1
7000000.0,1000.0,kamothe,2.0,1,1,1,1,0
13200000.0,1820.0,jogeshwari east,2.0,1,1,1,0,1
12000000.0,1560.0,kalyan west,3.0,1,1,0,0,0
17500000.0,1120.0,kandivali east,2.0,1,1,0,0,1
5599000.0,905.0,thane west,2.0,1,1,0,0,1
20500000.0,1339.0,malad east,3.0,1,1,1,0,1
2600000.0,360.0,bhayandar east,1.0,0,0,1,0,0
4000000.0,680.0,unknown,1.0,1,1,0,0,0
7400000.0,650.0,unknown,1.0,1,1,1,0,0
9800000.0,1165.0,ulwe,2.0,0,0,0,0,0
4900000.0,700.0,ulwe,1.0,1,0,1,1,0
11700000.0,430.0,chembur,1.0,1,1,0,0,1
23500000.0,1100.0,borivali west,3.0,0,1,0,0,0
65000000.0,1200.0,churchgate,2.0,0,1,0,0,0
6850000.0,989.0,kharghar,2.0,1,1,1,1,1
25000000.0,1600.0,unknown,3.0,1,1,1,0,1
22500000.0,1281.0,unknown,2.0,0,1,0,0,1
16000000.0,1515.0,kharghar,3.0,1,1,1,0,1
6700000.0,980.0,kamothe,2.0,1,0,1,0,0
3300000.0,612.0,katrap,2.0,0,1,1,1,0
2350000.0,610.0,nala sopara,1.0,1,1,1,0,1
11200000.0,1130.0,thane west,2.0,1,1,1,0,1
33000000.0,740.0,powai,2.0,1,1,0,0,1
5700000.0,590.0,thane west,1.0,0,0,0,0,0
4900000.0,239.0,thane west,1.0,1,1,0,0,1
35000000.0,1400.0,ville parle east,3.0,0,0,0,0,0
20000000.0,1400.0,cbd belapur east,3.0,1,1,1,0,1
8500000.0,1048.0,mira road east,2.0,0,1,0,0,0
2770000.0,655.0,kasheli,2.0,0,1,1,0,0
19100000.0,800.0,borivali west,2.0,0,0,0,0,0
14800000.0,1200.0,ghansoli,2.0,1,1,0,0,0
4400000.0,735.0,ulwe,1.0,1,1,0,0,0
4200000.0,1010.0,ambernath east,2.0,1,1,0,0,0
25500000.0,1151.0,goregaon west,3.0,1,1,0,0,1
2250000.0,590.0,nala sopara,1.0,1,1,1,0,1
2500000.0,585.0,nala sopara,1.0,0,1,1,1,0
4300000.0,700.0,kharghar,1.0,1,1,0,0,0
4099000.0,850.0,nalasopara west,2.0,0,1,0,0,0
6426000.0,693.0,mira road east,1.0,1,0,0,0,1
27000000.0,1400.0,goregaon east,3.0,1,1,0,0,1
5600000.0,585.0,mira road east,1.0,0,0,0,0,0
23400000.0,929.0,kanjurmarg,2.0,1,0,0,0,1
5800000.0,1000.0,kamothe,2.0,1,1,1,1,0
4500000.0,600.0,dombivali,1.0,1,0,1,0,1
9300000.0,1050.0,kharghar,2.0,0,1,1,1,1
8500000.0,1100.0,kharghar,2.0,1,1,0,0,1
28400000.0,1733.0,thane west,3.0,0,0,1,1,0
2300000.0,820.0,unknown,2.0,1,1,0,0,1
7500000.0,1060.0,mira road east,2.0,1,1,0,0,0
25000000.0,1160.0,unknown,2.0,1,1,0,0,0
9500000.0,742.0,malad east,1.0,0,1,0,0,0
7731000.0,1137.0,mira road east,2.0,1,1,1,0,1
8200000.0,1005.0,unknown,2.0,1,1,0,0,1
14800000.0,1600.0,kharghar,3.0,1,1,1,1,1
2100000.0,780.0,boisar,2.0,1,0,0,0,1
6000000.0,687.0,sector-18 ulwe,1.0,1,1,1,0,0
3400000.0,610.0,nala sopara,1.0,0,0,0,0,0
9000000.0,900.0,thane west,2.0,0,1,0,0,0
13400000.0,783.0,mira road east,3.0,1,1,1,0,1
17000000.0,999.0,natakwala lane,2.0,0,1,0,1,0
4100000.0,355.0,kandivali west,1.0,0,1,0,0,0
10900000.0,500.0,kanjurmarg east,1.0,0,1,0,0,0
73500000.0,800.0,worli,1.0,0,1,1,1,0
8500000.0,1120.0,kharghar,2.0,0,0,0,0,0
37400000.0,940.0,parel,2.0,1,1,0,0,1
4500000.0,660.0,kharghar,1.0,0,1,1,1,0
22200000.0,995.0,unknown,3.0,0,1,1,1,0
6500000.0,580.0,kalwa,1.0,0,0,0,0,0
2600000.0,620.0,nala sopara,1.0,0,1,1,1,0
2800000.0,610.0,nala sopara,1.0,1,1,1,0,1
5900000.0,576.0,kolshet,1.0,0,1,1,1,0
16200000.0,975.0,unknown,2.0,0,0,0,0,0
3125000.0,650.0,taloja,1.0,0,1,1,1,0
14000000.0,1150.0,kharghar,2.0,1,1,1,0,1
4200000.0,655.0,kalyan west,1.0,0,1,1,0,0
12500000.0,1250.0,ulwe,2.0,1,1,1,0,1
39800000.0,2525.0,andheri  west,4.0,1,1,1,0,0
11500000.0,650.0,patel nagar,1.0,1,0,0,0,1
15500000.0,1500.0,sector-3 ulwe,3.0,0,1,1,0,1
24000000.0,1452.0,mulund west,3.0,1,1,0,0,0
19100000.0,797.0,mulund west,2.0,1,1,1,0,1
12100000.0,1251.0,kharghar,2.0,1,1,1,1,1
39600000.0,1753.0,thane west,4.0,0,1,1,0,1
12000000.0,510.0,goregaon west,1.0,0,0,0,0,0
13000000.0,1050.0,malad west,2.0,1,1,1,0,1
28500000.0,1050.0,andheri  east,2.0,1,1,1,0,1
4200000.0,870.0,koproli,2.0,1,0,0,0,0
2350000.0,704.0,nala sopara,1.0,0,1,0,0,0
55000000.0,1296.0,matunga east,3.0,1,1,0,0,0
4095000.0,910.0,virar,2.0,1,1,1,0,1
43700000.0,1950.0,chembur,3.0,1,0,1,1,0
3500000.0,1250.0,naigaon east,2.0,1,1,1,0,1
17000000.0,830.0,kandivali west,2.0,1,0,0,1,1
13700000.0,1857.0,borivali west,4.0,1,1,0,0,0
7200000.0,860.0,kharghar,1.0,0,0,1,1,0
2900000.0,585.0,vasai east,1.0,0,0,0,0,0
4500000.0,690.0,koproli,2.0,0,0,0,0,0
2400000.0,570.0,boisar,1.0,0,0,0,0,0
13100000.0,1140.0,thane west,2.0,1,1,0,0,1
10000000.0,750.0,ghatkopar west,1.0,0,0,0,0,0
11700000.0,480.0,bangur nagar,1.0,0,1,1,1,0
17600000.0,783.0,chembur,1.0,0,0,0,0,0
5400000.0,531.0,mira road east,1.0,0,1,0,0,0
5600000.0,675.0,mira road east,1.0,0,1,0,0,1
4300000.0,665.0,unknown,1.0,0,0,0,0,0
21000000.0,1198.0,powai,2.0,1,1,0,0,1
8800000.0,1083.0,thane west,2.0,1,1,1,0,1
22500000.0,1750.0,sanpada,3.0,0,1,1,0,0
9520000.0,1140.0,thane west,2.0,0,1,0,0,1
9500000.0,1075.0,kharghar,2.0,0,0,1,1,0
6800000.0,693.0,mira road east,1.0,0,1,0,0,1
2990000.0,745.0,naigaon east,1.0,0,1,0,0,0
13500000.0,750.0,chembur,1.0,0,1,0,0,0
2050000.0,513.0,boisar,1.0,1,1,0,0,1
9500000.0,1050.0,mira road east,2.0,0,1,0,0,0
5700000.0,650.0,kharghar,1.0,0,1,1,1,0
62100000.0,1305.0,andheri  west,3.0,1,1,1,0,1
13700000.0,697.0,borivali west,2.0,0,1,0,0,0
3900000.0,825.0,unknown,2.0,1,1,1,0,1
48500000.0,1150.0,matunga east,3.0,0,1,0,0,0
7600000.0,975.0,mira road east,2.0,0,1,0,0,0
9400000.0,1250.0,ulwe,2.0,1,1,0,0,1
24600000.0,1167.0,thane west,2.0,1,1,0,0,0
2000000.0,706.0,neral,1.0,0,0,0,0,0
7300000.0,1149.0,kasar vadavali,3.0,1,1,0,0,1
7000000.0,400.0,kannamwar nagar ii,1.0,0,1,1,1,0
5100000.0,945.0,nala sopara,2.0,0,1,1,0,1
12600000.0,519.0,thane west,1.0,1,1,1,0,1
27500000.0,1357.0,magathane,3.0,0,1,1,0,0
10000000.0,750.0,malad west,1.0,1,1,1,0,1
16000000.0,580.0,borivali west,1.0,0,1,0,0,0
4000000.0,690.0,karanjade,1.0,0,1,0,0,0
11000000.0,1160.0,sector 10,2.0,0,0,1,0,0
7950000.0,940.0,kamothe,2.0,1,1,1,1,0
14400000.0,1086.0,hiranandani estates,3.0,1,1,0,0,1
21800000.0,999.0,kandivali east,2.0,1,1,1,1,0
2900000.0,324.0,thane west,1.0,1,1,1,0,1
7000000.0,700.0,airoli,1.0,0,1,0,0,0
2500000.0,689.0,nala sopara,1.0,1,1,0,0,0
6000000.0,750.0,dombivli (west),1.0,0,0,0,0,0
10200000.0,1230.0,unknown,2.0,1,1,1,0,0
3600000.0,550.0,vasai west,1.0,0,0,0,0,0
5700000.0,1050.0,boisar,3.0,0,0,0,0,0
4500000.0,650.0,koproli,2.0,0,0,0,0,0
15500000.0,1234.0,kharghar,3.0,1,1,1,0,1
13000000.0,1150.0,kharghar,2.0,1,1,1,0,1
27000000.0,949.0,chembur,3.0,1,1,0,0,0
2500000.0,1750.0,boisar,4.0,1,1,0,0,1
12700000.0,1183.0,kandivali west,2.0,0,1,0,0,0
40000000.0,1700.0,ville parle east,3.0,0,1,0,0,0
2600000.0,505.0,vasai east,1.0,0,0,0,0,0
2500000.0,560.0,nala sopara,1.0,1,1,1,0,1
18000000.0,780.0,kandivali west,2.0,0,1,1,0,0
9900000.0,1150.0,kharghar,2.0,1,1,1,1,1
8030000.0,698.0,mira road east,2.0,1,1,1,1,1
22750000.0,1250.0,andheri  west,2.0,0,1,1,1,1
2800000.0,795.0,boisar,2.0,0,1,0,0,0
7900000.0,1491.0,bhiwandi,3.0,1,1,1,0,1
9500000.0,1150.0,kharghar,2.0,1,1,1,1,1
2500000.0,594.0,nala sopara,1.0,1,1,1,1,0
17000000.0,1450.0,kharghar,3.0,1,0,0,0,1
26800000.0,1787.0,unknown,3.0,1,1,1,0,0
100000000.0,3321.0,tardeo,4.0,1,0,1,1,1
19250000.0,910.0,powai,2.0,0,1,1,0,1
4350000.0,800.0,sriprastha,2.0,0,1,1,1,0
10500000.0,1150.0,koper khairane,2.0,1,1,1,1,0
10600000.0,1160.0,thane west,2.0,1,1,1,0,1
9500000.0,575.0,borivali west,1.0,0,1,1,0,0
21500000.0,1200.0,chembur,2.0,1,1,1,0,1
4300000.0,530.0,panvel,1.0,1,1,1,0,1
7300000.0,735.0,thane west,1.0,1,1,0,0,1
16299999.0,1090.0,kandivali east,2.0,1,0,1,0,1
55000000.0,1900.0,bandra west,3.0,1,1,1,0,0
20000000.0,1250.0,goregaon west,2.0,1,1,0,0,1
17800000.0,1350.0,malad west,3.0,0,1,1,0,1
40000000.0,2250.0,borivali west,4.0,0,1,1,0,0
20000000.0,1200.0,chembur,2.0,0,1,0,0,0
8000000.0,1050.0,kharghar,2.0,1,0,1,1,1
17000000.0,2026.0,kharghar,4.0,1,1,0,1,1
8999000.0,950.0,unknown,2.0,1,1,1,0,1
4800000.0,610.0,kalyan west,2.0,0,0,1,1,0
2900000.0,713.0,malad west,1.0,0,0,0,0,0
7000000.0,650.0,ulwe,1.0,0,0,0,0,0
2900000.0,558.0,vasai east,1.0,0,1,1,0,0
6000000.0,373.0,sector8 sanpada,1.0,0,1,1,1,0
5200000.0,690.0,mira road east,1.0,0,0,0,0,0
44000000.0,2580.0,malad east,4.0,1,1,1,0,1
44300000.0,932.0,andheri  west,2.0,1,1,1,0,0
4300000.0,560.0,thane west,1.0,1,1,1,0,1
11000000.0,580.0,borivali west,1.0,0,0,0,0,0
16399999.0,1050.0,ghatkopar west,2.0,1,1,1,0,1
3950000.0,630.0,karanjade,1.0,0,0,1,1,0
62800000.0,1335.0,andheri  west,3.0,1,0,0,0,1
4380000.0,610.0,kalyan west,2.0,0,0,1,1,0
8000000.0,1221.0,kalamboli,2.0,1,1,0,1,0
8600000.0,1177.0,kamothe,2.0,1,1,0,0,0
6800000.0,543.0,bhandup west,1.0,1,0,1,0,1
35000000.0,508.0,vasant vihar,1.0,1,1,1,1,0
30000000.0,1200.0,malad east,3.0,1,1,0,0,1
3100000.0,420.0,ulwe,1.0,0,0,0,0,0
11500000.0,1240.0,ulwe,2.0,1,1,1,1,1
11500000.0,1820.0,kharghar,3.0,0,1,1,1,1
9500000.0,1100.0,kharghar,2.0,0,0,0,0,0
27100000.0,980.0,goregaon east,3.0,0,1,0,0,1
6100000.0,550.0,malad west,1.0,0,0,0,0,0
8000000.0,600.0,sanpada,1.0,1,1,1,1,1
2999000.0,665.0,virar,1.0,0,0,1,0,1
91800000.0,2600.0,nerul,4.0,0,0,0,0,0
10000000.0,440.0,unknown,1.0,1,1,1,1,1
8100000.0,1108.0,unknown,3.0,1,1,1,1,1
10500000.0,680.0,bhayandar west,1.0,0,1,0,0,0
3200000.0,550.0,koproli,1.0,0,0,0,0,0
3200000.0,785.0,boisar,2.0,0,1,0,0,0
17200000.0,750.0,chembur,2.0,0,1,0,0,0
9000000.0,600.0,sanpada,1.0,1,1,1,1,1
35300000.0,1962.0,kandivali west,3.0,1,1,1,1,1
9800000.0,900.0,panvel,2.0,1,1,0,0,1
7500000.0,1067.0,mira road east,2.0,0,1,1,0,0
4000000.0,350.0,kandivali west,1.0,0,1,0,0,0
15500000.0,1130.0,kharghar,2.0,1,1,1,1,1
3200000.0,950.0,kewale,2.0,1,0,0,0,0
11000000.0,1341.0,mira road east,3.0,1,1,0,0,0
9300000.0,750.0,malad west,1.0,1,1,0,1,1
37400000.0,940.0,parel,2.0,1,1,0,0,0
2548000.0,675.0,ambarnath,1.0,1,1,1,0,0
15500000.0,1047.0,unknown,2.0,1,1,1,0,1
4500000.0,450.0,mira road east,1.0,0,1,1,0,1
2050000.0,1000.0,ulhasnagar 4,2.0,0,0,0,0,0
15500000.0,919.0,thane west,2.0,0,1,0,0,0
30400000.0,1100.0,bandra east,2.0,1,1,0,0,1
11200000.0,1532.0,sector-8 ulwe,3.0,0,1,1,1,0
6500000.0,730.0,kharghar,1.0,0,0,0,0,0
17600000.0,1100.0,chembur,2.0,0,0,1,0,0
3100000.0,600.0,koproli,1.0,1,0,1,0,0
16299999.0,1640.0,sector 17 ulwe,3.0,1,1,1,1,0
5800000.0,686.0,dombivali east,2.0,0,1,1,1,0
2599000.0,600.0,dombivali east,1.0,0,1,0,0,0
20500000.0,1155.0,borivali,3.0,1,1,1,0,1
10500000.0,1095.0,kharghar,2.0,1,1,1,1,1
48000000.0,600.0,santacruz west,1.0,0,1,1,0,0
6500000.0,450.0,kharodi,1.0,0,0,0,0,0
3700000.0,925.0,unknown,1.0,0,1,1,0,0
2300000.0,445.0,taloja,1.0,0,0,1,1,0
5760000.0,778.0,vasai,2.0,0,1,1,1,0
13000000.0,679.0,andheri  east,1.0,1,1,1,0,1
9500000.0,595.0,powai,1.0,1,1,1,0,1
67500000.0,1567.0,juhu,3.0,0,1,0,0,0
9997000.0,1015.0,thane west,2.0,1,1,1,0,1
5500000.0,676.0,kharghar,1.0,1,1,1,1,1
10000000.0,1150.0,koparkhairane station road,2.0,1,1,0,1,0
10000000.0,1056.0,ulwe,2.0,1,1,0,0,0
2400000.0,450.0,nala sopara,1.0,0,1,0,0,0
20299999.0,799.0,mulund east,3.0,0,0,0,0,0
9200000.0,600.0,chembur,1.0,0,1,0,0,0
7425000.0,1125.0,vasai,3.0,1,1,1,0,1
7600000.0,500.0,ghatkopar west,1.0,0,0,0,0,0
20000000.0,1250.0,thakur village,2.0,0,1,1,1,0
17900000.0,1000.0,raheja vihar,2.0,0,1,1,1,0
8600000.0,608.0,malad east,1.0,0,0,1,1,0
14200000.0,1800.0,kharghar,3.0,0,1,1,0,1
3900000.0,640.0,karanjade,1.0,0,0,0,0,0
14500000.0,696.0,unknown,2.0,1,1,1,0,0
12000000.0,1150.0,ulwe,3.0,1,1,0,0,0
5425000.0,619.0,kamothe,1.0,1,1,1,1,0
18900000.0,1091.0,chembur,2.0,1,1,1,1,0
5125000.0,1420.0,sector 18 kamothe,3.0,1,0,1,1,1
28000000.0,1100.0,ville parle east,2.0,0,1,1,0,0
5099000.0,384.0,mira road east,1.0,1,0,1,0,1
3000000.0,830.0,titwala,2.0,0,0,0,0,0
2330000.0,590.0,nala sopara,1.0,0,1,0,0,0
5250000.0,758.0,kharghar,1.0,0,1,1,0,1
4500000.0,585.0,unknown,1.0,0,1,0,0,0
6500000.0,650.0,unknown,1.0,1,1,1,0,1
6500000.0,650.0,kharghar,1.0,0,0,0,0,0
7800000.0,960.0,mira road east,2.0,1,1,1,0,0
7300000.0,1149.0,haware city,3.0,1,1,0,0,1
10900000.0,999.0,thane west,2.0,1,1,1,0,1
30000000.0,2950.0,kharghar,4.0,1,1,1,1,1
13500000.0,1050.0,belapur,2.0,0,1,1,1,0
23500000.0,1300.0,link road borivali west,2.0,0,0,1,0,0
9400000.0,583.0,malad west,1.0,1,1,1,0,1
16000000.0,1550.0,sector 10,3.0,0,0,1,0,0
6200000.0,900.0,kamothe,2.0,1,0,1,1,0
9500000.0,1025.0,unknown,2.0,1,1,1,1,1
10500000.0,625.0,govandi,1.0,1,1,1,1,0
70000000.0,2500.0,seawoods,4.0,1,1,1,1,1
90000000.0,5245.0,thane west,5.0,1,1,1,0,1
11000000.0,600.0,goregaon west,1.0,0,0,0,0,0
28800000.0,1638.0,wadala,3.0,1,1,1,0,1
4099000.0,588.0,thane west,1.0,1,1,1,0,0
21500000.0,1500.0,goregaon west,3.0,1,1,1,0,1
5250000.0,675.0,kharghar,1.0,0,0,0,0,0
15500000.0,750.0,jogeshwari west,2.0,0,1,0,0,0
4400000.0,570.0,ulwe,1.0,0,1,0,0,0
26000000.0,980.0,powai,2.0,1,1,0,0,1
4907000.0,755.0,panvel,1.0,1,1,1,0,1
17250000.0,700.0,andheri  east,2.0,0,0,0,0,0
18000000.0,850.0,mulund west,2.0,0,0,0,0,0
2800000.0,650.0,virar,1.0,1,1,1,0,1
7500000.0,650.0,kalwa,1.0,1,0,1,1,0
4100000.0,741.0,karanjade,1.0,0,1,1,1,0
8750000.0,792.0,dahisar east,1.0,0,1,0,0,1
12500000.0,1540.0,unknown,3.0,0,0,1,1,0
11000000.0,1650.0,ulwe,3.0,1,1,1,0,0
5200000.0,950.0,nalasopara east,2.0,0,1,0,0,0
13899999.0,505.0,unknown,1.0,1,1,0,0,0
6900000.0,440.0,thane west,1.0,1,1,0,0,1
45100000.0,2376.0,wadala,3.0,1,1,1,0,1
15000000.0,1016.0,chembur,2.0,0,0,1,0,0
18100000.0,1296.0,goregaon west,2.0,1,1,1,1,1
5800000.0,675.0,mira road east,1.0,1,0,1,1,1
6800000.0,710.0,mira road east,2.0,1,0,1,0,1
10000000.0,600.0,borivali east,1.0,0,0,0,0,0
12000000.0,905.0,kolshet,2.0,1,1,1,1,0
4200000.0,870.0,koproli,2.0,1,1,1,0,1
27500000.0,1250.0,antop hill,3.0,0,1,1,1,0
58500000.0,1700.0,bandra east,3.0,0,1,0,0,1
3500000.0,975.0,unknown,2.0,1,1,1,1,0
9300000.0,812.0,unknown,2.0,1,1,1,0,1
8950000.0,650.0,goregaon west,1.0,1,1,1,0,1
4100000.0,640.0,kalyan west,1.0,1,1,1,0,1
33500000.0,912.0,unknown,2.0,0,1,0,0,0
2300000.0,254.0,mira road east,1.0,0,1,0,0,0
6500000.0,686.0,ulwe,1.0,1,0,1,1,1
2435000.0,590.0,titwala,1.0,0,1,0,0,0
20000000.0,897.0,unknown,2.0,1,1,1,0,1
29900000.0,1500.0,goregaon west,3.0,1,0,0,0,1
5250000.0,675.0,kharghar,1.0,0,1,0,0,0
4000000.0,960.0,titwala,2.0,0,1,1,0,1
31500000.0,1250.0,borivali west,3.0,1,1,0,0,0
3800000.0,930.0,lokhandwala,2.0,1,1,1,1,0
5500000.0,480.0,unknown,1.0,1,1,1,0,1
3500000.0,655.0,sector 17 ulwe,1.0,0,1,1,1,0
4100000.0,340.0,kandivali west,1.0,0,1,0,0,0
45000000.0,1100.0,worli,2.0,0,1,1,1,0
9500000.0,650.0,borivali west,1.0,1,1,1,0,1
9800000.0,580.0,malad west,1.0,1,1,1,0,1
14500000.0,1335.0,thane west,3.0,1,1,0,0,1
14200000.0,925.0,kandivali west,2.0,1,1,1,0,1
74500000.0,3600.0,goregaon east,4.0,1,1,0,0,0
4400000.0,796.0,thane west,1.0,1,1,1,0,1
9100000.0,1168.0,kamothe,2.0,1,1,0,0,1
8400000.0,952.0,unknown,2.0,0,1,0,0,0
3700000.0,550.0,sector13 kharghar,1.0,0,0,0,1,0
2700000.0,600.0,naigaon east,1.0,1,0,1,1,0
10000000.0,600.0,borivali east,1.0,0,1,1,0,0
13500000.0,850.0,borivali west,2.0,0,1,0,0,0
11000000.0,600.0,borivali east,1.0,0,1,0,0,1
2018000.0,375.0,dombivali,1.0,0,0,0,0,0
8500000.0,1055.0,panvel,1.0,1,1,1,0,0
2485000.0,585.0,nala sopara,1.0,0,1,0,0,0
25000000.0,1189.0,goregaon west,3.0,1,1,0,0,1
10700000.0,1240.0,thane west,2.0,1,1,0,0,0
9500000.0,580.0,dahisar,1.0,0,1,0,0,0
15000000.0,1440.0,kharghar,3.0,1,1,1,1,1
2300000.0,410.0,taloja,1.0,0,1,0,0,0
8900000.0,750.0,thane west,1.0,1,1,0,0,1
7600000.0,1760.0,mira road and beyond,2.0,1,0,1,0,0
11000000.0,592.0,borivali west,1.0,0,1,0,0,0
2520000.0,630.0,ambernath west,1.0,0,0,0,0,0
4800000.0,410.0,sector 22 kamothe,1.0,1,1,1,1,0
4371000.0,510.0,virar,2.0,0,1,0,0,0
18200000.0,750.0,andheri  west,2.0,1,1,1,0,1
6900000.0,446.0,borivali west,1.0,0,0,0,0,0
2700000.0,590.0,nala sopara,1.0,0,1,0,0,0
7100000.0,1085.0,kharghar,2.0,0,0,1,1,0
29500000.0,1500.0,dahisar west,3.0,0,0,0,0,0
14900000.0,1145.0,thane west,2.0,0,1,0,0,0
36500000.0,1620.0,wadala,3.0,1,1,0,0,1
7500000.0,950.0,mira road east,2.0,1,1,1,0,1
3300000.0,637.0,dombivali,1.0,1,1,1,1,1
10000000.0,1100.0,kharghar,2.0,1,1,0,0,0
2000000.0,275.0,thane,1.0,1,1,1,1,0
28000000.0,950.0,ville parle east,2.0,0,0,0,0,0
7200000.0,490.0,malad east,1.0,0,0,0,0,0
6738000.0,547.0,unknown,2.0,0,0,0,0,0
13000000.0,816.0,borivali west,2.0,0,1,1,0,0
2600000.0,610.0,koproli,1.0,1,0,0,0,0
8500000.0,640.0,kandivali west,1.0,0,0,0,0,0
48000000.0,3230.0,goregaon,4.0,0,1,1,0,1
21000000.0,1153.0,unknown,3.0,1,1,1,0,1
3985000.0,670.0,kalyan,1.0,0,1,1,1,0
3400000.0,670.0,nalasopara east,1.0,0,1,0,0,0
19000000.0,980.0,goregaon west,2.0,1,1,0,0,1
2836000.0,774.0,ambernath west,1.0,0,1,0,0,0
9500000.0,622.0,borivali west,1.0,0,0,0,0,0
19100000.0,685.0,mulund west,2.0,1,1,1,0,1
5100000.0,581.0,mira road east,1.0,1,0,1,0,1
28400000.0,1733.0,thane west,4.0,0,0,1,1,0
3250000.0,585.0,kalyan west,1.0,1,1,1,0,1
3325000.0,665.0,dombivali,1.0,1,1,0,0,0
28000000.0,1003.0,unknown,2.0,1,1,1,1,1
2815000.0,710.0,badlapur east,1.0,1,0,0,0,1
18000000.0,1155.0,unknown,2.0,1,1,1,0,1
62000000.0,1450.0,worli,3.0,1,1,1,1,1
3299000.0,950.0,unknown,2.0,1,1,1,0,0
2250000.0,626.0,nala sopara,1.0,1,1,0,0,0
63000000.0,2700.0,chembur,4.0,1,1,1,1,0
25000000.0,1750.0,kandivali east,3.0,1,1,1,0,1
8000000.0,580.0,dahisar east,1.0,0,0,0,0,0
6200000.0,700.0,ulwe,1.0,1,1,1,0,1
21000000.0,1142.0,dattapada,2.0,0,1,0,1,0
4850000.0,700.0,mira road east,1.0,1,1,0,0,0
45000000.0,2905.0,ulwe,4.0,1,1,0,0,0
27000000.0,1815.0,malad west,3.0,1,1,1,1,0
3800000.0,635.0,nala sopara,1.0,1,1,0,0,0
5500000.0,660.0,kharghar,1.0,0,1,1,1,0
6500000.0,1120.0,ulwe,2.0,1,0,1,1,1
2700000.0,420.0,ulwe,1.0,0,1,0,0,0
3533500.0,620.0,dombivali east,1.0,0,0,1,1,0
3000000.0,600.0,thane,1.0,1,1,1,1,0
7000000.0,1030.0,ulwe,2.0,0,0,0,0,0
3500000.0,400.0,mumbai,2.0,1,1,1,1,0
10000000.0,650.0,magathane,1.0,0,1,1,1,0
11000000.0,825.0,chembur,1.0,0,0,0,0,0
19500000.0,1225.0,kalpataru,2.0,0,1,1,1,0
13000000.0,800.0,kandivali west,2.0,0,1,1,0,0
2400000.0,580.0,nala sopara,1.0,0,1,0,0,0
3722999.0,1095.0,boisar,3.0,1,0,1,0,1
25200000.0,1750.0,kandivali east,3.0,0,1,1,0,1
19000000.0,1291.0,seawoods,2.0,1,1,1,0,1
4800000.0,600.0,sector 22 kamothe,1.0,0,0,1,1,0
9100000.0,600.0,mulund west,1.0,0,0,0,0,0
29000000.0,1800.0,ghansoli,3.0,1,1,1,0,0
12800000.0,687.0,thane west,2.0,1,1,1,0,1
27500000.0,1350.0,kandivali east,3.0,0,0,0,0,0
12600000.0,1150.0,sector-12 kamothe,2.0,0,1,1,1,0
7600000.0,956.0,mira road east,2.0,1,1,1,1,1
16800000.0,1050.0,borivali west,2.0,0,0,0,0,0
6700000.0,1127.0,thane west,2.0,1,1,1,0,0
4300000.0,640.0,kharghar,1.0,1,1,1,1,1
17500000.0,1760.0,kharghar,3.0,1,1,1,0,1
38500000.0,942.0,khar west,2.0,0,0,0,0,0
6000000.0,349.0,mira road east,1.0,1,0,1,0,1
5250000.0,650.0,kharghar,1.0,0,1,1,1,0
16700000.0,1050.0,ghatkopar west,2.0,0,1,0,0,1
26400000.0,1014.0,kandivali east,3.0,0,1,0,1,0
12000000.0,750.0,vikroli east,2.0,0,0,0,0,0
8725000.0,1135.0,sector-9 ulwe,2.0,1,1,1,1,1
5000000.0,550.0,kharghar,1.0,0,0,1,1,0
10000000.0,1155.0,koparkhairane station road,2.0,1,1,1,0,0
22000000.0,2400.0,sanpada,3.0,1,1,0,0,1
23000000.0,1265.0,unknown,2.0,1,1,1,1,1
9000000.0,520.0,kandivali west,1.0,0,0,0,0,0
15600000.0,732.0,borivali west,2.0,1,1,1,0,1
4500000.0,610.0,ulwe,1.0,0,1,1,1,0
7200000.0,961.0,ulwe,2.0,1,1,1,0,0
5375000.0,425.0,kurla west,1.0,0,1,0,0,0
20000000.0,2500.0,kalwa,5.0,1,1,0,0,1
12300000.0,1044.0,thane west,3.0,1,1,0,0,1
3960000.0,880.0,virar,2.0,1,1,1,0,1
2900000.0,700.0,powai  lake,1.0,1,1,1,0,0
4400000.0,530.0,sector 11 kamothe,1.0,0,0,1,0,0
10000000.0,447.0,chembur,1.0,0,0,0,0,0
51500000.0,1170.0,matunga,3.0,1,1,0,0,0
6350000.0,730.0,mira road,1.0,0,1,0,0,0
33500000.0,2000.0,sanpada,4.0,1,1,1,1,1
63900000.0,2780.0,andheri  west,4.0,0,1,1,0,1
28200000.0,1170.0,kandivali east,3.0,0,1,1,1,0
33000000.0,1472.0,kandivali west,3.0,1,1,1,0,1
2000000.0,731.0,boisar,2.0,0,0,0,0,0
29500000.0,2415.0,kandivali east,4.0,1,1,1,0,1
6900000.0,621.0,kharghar,1.0,1,0,0,0,0
23500000.0,1300.0,powai,3.0,0,0,0,0,1
31700000.0,1166.0,andheri  west,2.0,1,1,1,1,1
4760000.0,700.0,mira road east,1.0,1,1,1,1,0
25500000.0,850.0,matunga east,2.0,0,1,0,0,0
7320000.0,999.0,bhayandar east,2.0,0,1,0,0,0
10800000.0,1280.0,unknown,3.0,1,1,1,0,1
4500000.0,457.0,mumbai nashik expressway,1.0,0,1,1,1,0
28000000.0,1650.0,magathane,3.0,0,1,1,1,0
13000000.0,561.0,jogeshwari west,1.0,0,1,0,0,0
5000000.0,735.0,ulwe,1.0,0,0,0,0,0
2600000.0,690.0,nere,1.0,0,0,0,0,0
52500000.0,1800.0,juhu,3.0,1,1,0,0,1
2700000.0,585.0,karanjade,1.0,0,1,1,0,0
36000000.0,930.0,andheri  west,2.0,1,1,0,0,1
9500000.0,709.0,malad west,1.0,0,0,0,0,0
8300000.0,1120.0,kalyan west,2.0,1,1,1,0,1
4794000.0,510.0,virar,1.0,0,1,1,0,1
10000000.0,1156.0,ulwe,2.0,1,1,0,0,0
12750000.0,1660.0,ulwe,3.0,1,1,1,1,1
17000000.0,747.0,santacruz east,1.0,0,1,0,0,0
6300000.0,365.0,kandivali east,1.0,0,0,0,0,0
2500000.0,555.0,unknown,1.0,0,1,0,0,0
91800000.0,2600.0,nerul,4.0,0,1,0,0,0
8000000.0,976.0,thane west,2.0,0,1,1,0,1
5500000.0,620.0,kharghar,1.0,1,1,1,1,1
11000000.0,642.0,unknown,1.0,0,1,0,0,0
2650000.0,560.0,naigaon east,1.0,1,1,1,0,1
25700000.0,750.0,bandra west,2.0,0,0,0,0,0
14800000.0,915.0,andheri  east,2.0,1,1,0,0,1
5400000.0,620.0,ulwe,1.0,1,1,1,1,0
7900000.0,564.0,kandivali east,1.0,1,1,1,0,1
11000000.0,600.0,chembur,1.0,0,0,1,1,0
16000000.0,970.0,malad west,2.0,1,0,0,1,1
5200000.0,690.0,mira road east,1.0,0,1,0,0,0
106000000.0,2826.0,worli,3.0,0,1,1,0,1
3350000.0,650.0,unknown,1.0,0,0,0,0,0
12500000.0,745.0,kandivali east,2.0,0,1,1,0,0
2000000.0,450.0,kalyan west,1.0,0,0,0,0,0
17500000.0,978.0,powai,2.0,1,1,1,0,1
5700000.0,516.0,thane,1.0,1,0,0,0,0
6800000.0,1120.0,dombivali,3.0,1,1,1,0,1
9000000.0,1100.0,ulwe,2.0,1,0,1,1,1
6700000.0,908.0,kamothe,2.0,1,1,1,1,0
6800000.0,890.0,mira road east,2.0,1,1,0,0,0
7500000.0,1085.0,kharghar,2.0,0,1,1,1,0
5050000.0,675.0,unknown,2.0,1,0,1,1,0
8500000.0,846.0,yogi hills,2.0,1,1,1,1,0
55400000.0,1179.0,unknown,3.0,1,1,1,0,1
5500000.0,665.0,kamothe,1.0,0,1,1,1,0
12000000.0,900.0,santacruz east,2.0,0,1,0,0,0
5200000.0,641.0,kharghar,1.0,1,1,0,1,0
59250000.0,2660.0,ville parle east,4.0,0,1,0,0,0
60000000.0,1400.0,vile parle west,3.0,0,0,0,0,0
11000000.0,532.0,mira road east,1.0,1,1,0,0,1
11000000.0,1580.0,ulwe,3.0,0,1,1,1,1
30000000.0,1041.0,unknown,2.0,1,1,1,1,1
25000000.0,1350.0,powai,3.0,1,1,0,0,1
8000000.0,850.0,koper khairane,2.0,0,0,0,0,0
17000000.0,1270.0,goregaon west,3.0,0,0,0,0,1
36100000.0,2065.0,unknown,3.0,1,1,0,0,1
5500000.0,900.0,taloja,2.0,1,1,1,0,1
12500000.0,809.0,ghansoli,2.0,1,0,0,0,1
3800000.0,716.0,andheri  east,1.0,0,0,0,0,0
25500000.0,1400.0,andheri  west,2.0,1,1,1,1,1
11000000.0,1726.0,panvel,4.0,1,1,0,0,1
8000000.0,798.0,chembur,1.0,0,1,0,0,0
27000000.0,1550.0,magathane,3.0,0,1,1,1,0
13000000.0,550.0,santacruz east,1.0,0,1,0,0,0
2100000.0,495.0,thane,1.0,0,1,1,0,0
22500000.0,1650.0,sanpada,3.0,0,1,1,1,1
90399999.0,1452.0,prabhadevi,3.0,0,1,0,0,0
10500000.0,750.0,jogeshwari west,1.0,0,1,1,0,0
17700000.0,1338.0,thane west,3.0,0,1,0,0,1
4700000.0,625.0,kharghar,1.0,0,1,0,0,0
14000000.0,1137.0,thane west,3.0,1,1,1,0,1
2164000.0,563.0,badlapur,1.0,0,1,1,0,0
3445000.0,530.0,panvel,1.0,1,0,1,0,1
3700000.0,879.0,kewale,2.0,0,1,1,0,0
7600000.0,950.0,dahisar,2.0,1,1,1,0,1
12000000.0,1340.0,kalyan west,3.0,1,1,1,0,1
3000000.0,500.0,taloja,1.0,0,1,1,0,0
9000000.0,1150.0,kharghar,2.0,0,0,0,0,0
8500000.0,600.0,malad west,1.0,0,1,0,0,0
8200000.0,525.0,kandivali east,1.0,1,1,1,0,1
3877000.0,1077.0,boisar,3.0,1,1,1,0,0
26000000.0,1230.0,dahisar,3.0,0,1,1,1,0
37000000.0,2224.0,malad east,4.0,1,1,0,0,1
11000000.0,650.0,chembur,1.0,0,1,0,0,0
3700000.0,400.0,ghansoli,1.0,0,1,1,1,0
9200000.0,750.0,malad west,1.0,1,1,1,0,1
14500000.0,1145.0,ghansoli,2.0,1,1,1,0,0
23000000.0,1500.0,borivali east,3.0,0,1,1,0,1
9700000.0,1100.0,unknown,2.0,1,1,1,0,0
9500000.0,1120.0,unknown,2.0,1,1,1,1,1
18000000.0,900.0,unknown,2.0,1,1,1,1,1
16500000.0,1502.0,kharghar,3.0,1,1,1,0,1
2780000.0,324.0,thane west,1.0,0,1,1,0,1
2500000.0,445.0,nala sopara,1.0,0,0,1,1,0
4700000.0,1005.0,taloja,2.0,0,0,1,1,0
37500000.0,1750.0,kharghar,3.0,1,1,0,0,1
9000000.0,950.0,thane west,2.0,1,1,1,0,1
3175000.0,569.0,palghar,2.0,0,0,0,0,1
21000000.0,1250.0,magathane,2.0,0,1,1,1,0
19250000.0,870.0,powai,2.0,1,1,1,0,1
3300000.0,520.0,koproli,1.0,0,0,0,0,0
37400000.0,1224.0,goregaon west,3.0,1,1,1,0,1
7500000.0,1200.0,vasai west,3.0,0,0,0,0,0
11000000.0,1254.0,kharghar,3.0,1,1,1,1,1
12500000.0,1238.0,ghatkopar west,2.0,1,1,0,0,0
11700000.0,1440.0,panvel,3.0,1,1,0,0,0
2400000.0,569.0,virar west,1.0,0,0,0,0,0
5500000.0,580.0,kalwa,1.0,1,0,1,1,0
5500000.0,800.0,kalyan west,2.0,1,1,1,0,0
7600000.0,1350.0,palava,3.0,0,0,0,0,0
2300000.0,560.0,nalasopara west,1.0,0,1,0,0,0
9500000.0,1492.0,kharghar,3.0,1,1,1,0,0
6400000.0,681.0,kandivali east,1.0,1,1,1,0,1
10700000.0,693.0,thane west,2.0,1,1,1,0,1
4000000.0,650.0,ulwe,1.0,1,1,1,1,0
14600000.0,958.0,thane west,3.0,1,1,0,0,1
15000000.0,1050.0,malad west,2.0,1,0,1,0,1
22000000.0,1400.0,thane west,3.0,1,1,0,0,1
5800000.0,1060.0,taloja panchanand,2.0,0,1,1,1,1
2300000.0,500.0,naigaon east,1.0,1,1,1,0,0
27500000.0,1045.0,powai,2.0,0,1,1,0,1
13700000.0,1192.0,unknown,2.0,1,1,1,1,1
31000000.0,1456.0,goregaon east,3.0,0,0,0,0,0
2500000.0,690.0,vangani,1.0,0,0,0,0,0
2800000.0,840.0,nala sopara,2.0,1,1,1,0,0
6000000.0,750.0,kharghar,1.0,1,1,1,1,1
36500000.0,1500.0,chembur,2.0,0,1,1,1,0
6500000.0,563.0,unknown,1.0,0,0,0,0,0
3188000.0,797.0,ambernath west,1.0,0,1,0,0,0
5500000.0,695.0,kalyan west,1.0,1,1,0,0,1
4500000.0,680.0,ulwe,1.0,0,1,1,0,0
2485000.0,700.0,shirgaon,1.0,0,0,0,0,0
37000000.0,1650.0,andheri  west,3.0,1,1,0,0,1
9958000.0,1011.0,thane west,2.0,1,1,1,0,1
4000000.0,713.0,ulwe,1.0,0,0,0,0,0
13500000.0,1092.0,seawoods,1.0,1,1,0,0,1
7500000.0,960.0,mira road east,2.0,0,1,1,0,0
4500000.0,650.0,dombivali,1.0,1,1,0,0,1
9800000.0,1225.0,kamothe,2.0,0,0,1,1,0
2063000.0,655.0,badlapur east,1.0,1,1,1,0,1
36800000.0,1600.0,andheri  west,4.0,1,1,0,0,1
12600000.0,650.0,powai,1.0,1,0,1,1,1
16500000.0,1050.0,chembur,3.0,0,1,0,0,0
16500000.0,950.0,unknown,2.0,1,1,1,0,1
16800000.0,800.0,chembur,2.0,0,1,0,0,0
2500000.0,760.0,nala sopara,1.0,0,1,0,0,0
12000000.0,1128.0,thane west,2.0,1,1,0,0,1
38700000.0,1295.0,andheri,3.0,1,1,1,1,1
2450000.0,545.0,nala sopara,1.0,1,1,1,0,1
6000000.0,709.0,nala sopara,2.0,1,1,1,1,0
14500000.0,1450.0,thane west,3.0,0,0,0,0,0
100000000.0,2000.0,peddar road,3.0,0,1,1,1,0
32500000.0,940.0,unknown,2.0,0,0,0,0,0
7000000.0,560.0,kandivali west,1.0,0,1,0,0,0
5600000.0,645.0,mira road east,1.0,1,1,1,0,1
36000000.0,1900.0,unknown,3.0,1,1,1,1,1
7500000.0,1000.0,kharghar,2.0,1,0,1,1,1
6500000.0,925.0,unknown,2.0,0,1,0,0,0
7000000.0,950.0,kharghar,2.0,0,1,0,0,0
23200000.0,1264.0,andheri  west,2.0,1,0,1,0,1
29800000.0,1017.0,mulund west,3.0,0,1,1,0,1
4621000.0,532.0,virar,2.0,1,1,1,0,1
14800000.0,1460.0,mira road east,3.0,1,1,0,0,0
9500000.0,1088.0,kharghar,2.0,1,1,1,1,0
8500000.0,880.0,thane west,2.0,1,1,1,0,1
6300000.0,1050.0,taloja,2.0,0,1,1,1,0
11500000.0,859.0,panvel,2.0,1,1,1,1,1
3650000.0,725.0,ambernath east,1.0,1,1,1,0,0
6998999.0,650.0,ulwe,1.0,0,1,0,0,0
5900000.0,666.0,airoli,1.0,0,0,0,0,0
6000000.0,1000.0,ulwe,2.0,0,0,0,0,0
18500000.0,1100.0,borivali west,2.0,0,0,0,0,0
8300000.0,525.0,kandivali east,1.0,1,1,1,1,1
3728000.0,910.0,virar,2.0,1,1,1,0,1
17000000.0,1044.0,borivali west,2.0,0,1,0,0,0
13500000.0,750.0,unknown,2.0,1,1,0,0,1
20000000.0,1250.0,malad east,2.0,1,0,0,0,1
19500000.0,1400.0,malad west,2.0,1,1,0,0,0
41500000.0,1105.0,andheri  west,3.0,1,1,1,0,1
5000000.0,700.0,ulwe,1.0,1,1,0,0,0
58000000.0,1735.0,vile parle west,3.0,0,0,0,0,0
20000000.0,1012.0,thane west,2.0,0,1,0,0,0
2677000.0,595.0,virar,1.0,1,1,1,0,1
4300000.0,560.0,thane west,1.0,1,0,1,0,1
15100000.0,1350.0,kandivali east,3.0,0,1,1,0,1
6600000.0,640.0,airoli,1.0,0,1,0,0,0
5100000.0,700.0,kharghar,1.0,0,1,0,1,0
3000000.0,665.0,dronagiri,1.0,0,0,0,0,0
27400000.0,1552.0,manpada,4.0,1,1,1,0,1
5999000.0,720.0,mira road east,1.0,0,1,0,0,0
13000000.0,995.0,malad west,2.0,1,0,1,0,1
7745999.0,629.0,mira road east,1.0,0,0,0,0,0
21000000.0,950.0,kandivali west,2.0,1,1,0,0,1
17500000.0,1100.0,powai,2.0,1,1,1,0,1
15200000.0,739.0,thane west,2.0,1,1,1,0,1
7900000.0,1000.0,kamothe,2.0,0,0,1,1,0
7900000.0,1065.0,unknown,2.0,1,0,1,1,0
22000000.0,1800.0,belapur,3.0,1,1,0,0,1
5894000.0,581.0,majiwada,1.0,0,1,1,1,0
20000000.0,1250.0,malad west,3.0,1,1,0,0,0
12000000.0,1050.0,andheri  east,2.0,1,1,1,0,0
4750000.0,900.0,panvel,2.0,1,1,1,0,1
119900000.0,3140.0,andheri  west,3.0,1,1,1,0,1
47500000.0,2400.0,borivali west,4.0,0,1,0,0,0
3800000.0,766.0,petali,1.0,0,1,1,1,0
16800000.0,734.0,malad west,2.0,0,0,0,0,1
30500000.0,2153.0,goregaon,3.0,1,1,1,0,1
2139000.0,620.0,boisar,1.0,0,1,0,0,0
19700000.0,880.0,marol,2.0,0,1,1,1,0
5800000.0,630.0,parsik nagar,1.0,0,1,0,1,0
4800000.0,580.0,mira road east,1.0,0,1,1,1,0
6200000.0,695.0,mira road east,1.0,0,1,0,0,0
6450000.0,426.0,mira road east,1.0,1,0,1,0,1
7500000.0,1050.0,greater khanda,2.0,1,1,0,0,1
2425000.0,690.0,badlapur west,1.0,0,1,1,0,0
9800000.0,585.0,mulund west,1.0,0,0,1,0,0
12500000.0,510.0,wadala,1.0,1,1,1,1,1
18500000.0,663.0,mulund west,2.0,1,1,1,0,0
2600000.0,935.0,boisar,2.0,0,1,0,0,0
11299999.0,750.0,govind nagar,2.0,0,0,1,1,0
3624000.0,895.0,vasai,2.0,0,0,0,0,0
14600000.0,829.0,kandivali west,2.0,1,0,1,0,0
7909999.0,553.0,unknown,1.0,1,1,1,0,0
7600000.0,972.0,unknown,2.0,0,1,1,0,1
15500000.0,1525.0,kharghar,3.0,1,1,0,0,0
26100000.0,900.0,borivali west,2.0,0,1,0,0,0
13500000.0,1500.0,kharghar,3.0,1,1,1,1,1
11200000.0,1150.0,ulwe,2.0,1,1,0,0,1
12000000.0,700.0,antop hill,1.0,1,1,1,1,0
11200000.0,573.0,ulwe,2.0,1,1,1,1,1
9000000.0,400.0,borivali east,1.0,0,0,0,0,0
7100000.0,700.0,thane west,1.0,1,1,1,1,1
17500000.0,694.0,kanjurmarg,2.0,1,0,0,0,1
4656000.0,536.0,virar,2.0,1,1,1,0,0
180000000.0,2200.0,juhu tara,3.0,0,1,1,0,0
6500000.0,650.0,unknown,1.0,0,0,1,0,0
5686000.0,1017.0,bhiwandi,2.0,1,1,1,0,1
13200000.0,2300.0,kapur bawdi,4.0,0,1,1,1,0
60000000.0,2365.0,powai,4.0,1,1,1,0,1
5200000.0,950.0,kalyan west,2.0,1,1,0,0,1
12900000.0,1125.0,malad west,2.0,1,1,0,0,0
5760000.0,590.0,thane west,1.0,1,1,0,0,1
6100000.0,700.0,mira road east,1.0,0,0,0,0,0
32100000.0,1502.0,powai,3.0,1,1,1,0,0
6300000.0,570.0,kalyan west,1.0,0,1,0,0,0
19250000.0,1100.0,powai,2.0,0,1,1,1,0
7350000.0,1160.0,vasai,3.0,0,1,1,0,0
8000000.0,920.0,unknown,2.0,0,0,0,0,0
30000000.0,1180.0,vikhroli,2.0,1,1,0,0,1
6000000.0,730.0,mira road east,1.0,0,1,0,0,0
49000000.0,1177.0,parel,3.0,1,1,0,0,1
3600000.0,1100.0,kewale,2.0,1,1,1,0,1
10500000.0,590.0,malad west,1.0,0,1,1,0,1
20500000.0,1040.0,ghatkopar west,2.0,1,0,1,0,1
13500000.0,500.0,powai,1.0,1,1,0,0,0
10000000.0,1055.0,kharghar,2.0,0,1,1,0,1
24500000.0,1350.0,jogeshwari west,3.0,1,0,0,0,1
8000000.0,800.0,panvel,2.0,1,1,0,0,1
3243000.0,506.0,unknown,1.0,1,0,1,0,1
8500000.0,1098.0,mira road east,2.0,1,1,1,0,1
18000000.0,812.0,kamothe,2.0,1,1,1,0,1
3850000.0,510.0,kharghar,1.0,0,0,1,1,0
10500000.0,420.0,unknown,1.0,1,1,1,0,1
29000000.0,1654.0,mulund west,3.0,1,1,0,0,1
2500000.0,450.0,taloja,1.0,0,1,0,0,0
3250000.0,585.0,naigaon east,1.0,1,1,1,0,0
8200000.0,608.0,panvel,2.0,1,1,1,0,1
3890000.0,650.0,kalyan west,1.0,1,1,0,0,1
4500000.0,930.0,panvel,2.0,1,1,1,0,0
19100000.0,1100.0,rajendra nagar,3.0,0,1,1,1,0
33500000.0,1785.0,borivali west,3.0,1,1,1,1,1
23000000.0,1190.0,unknown,2.0,0,1,0,0,0
6500000.0,650.0,airoli,1.0,0,1,0,0,0
22750000.0,1350.0,andheri  west,2.0,1,1,0,0,1
2700000.0,680.0,virar,1.0,1,1,0,0,1
3500000.0,500.0,roadpali,1.0,1,1,0,1,0
8413000.0,1137.0,mira road east,2.0,1,1,1,0,1
9500000.0,750.0,kharghar,2.0,1,0,0,0,0
33100000.0,928.0,powai,3.0,1,1,1,0,1
14700000.0,1000.0,vikhroli,2.0,0,0,1,1,0
8500000.0,560.0,kandivali east,1.0,0,1,0,0,0
175000000.0,1698.0,thane west,4.0,1,1,1,0,1
5500000.0,840.0,ulwe,2.0,1,0,1,1,1
5742000.0,725.0,mira road east,1.0,1,1,1,0,1
7200000.0,952.0,sector 21 ulwe,2.0,0,1,1,0,0
11000000.0,600.0,borivali west,1.0,0,1,0,0,0
4200000.0,646.0,kharghar,1.0,0,1,0,1,0
5700000.0,950.0,vasai,2.0,1,1,0,1,1
21000000.0,1008.0,andheri  west,2.0,1,1,0,0,1
4925000.0,600.0,kamothe,1.0,0,0,1,1,0
15200000.0,2351.0,panvel,3.0,1,1,1,0,1
15200000.0,1500.0,thane west,3.0,1,1,1,1,1
46500000.0,1500.0,powai,3.0,1,1,1,0,1
9500000.0,850.0,four bungalows,2.0,1,1,1,1,0
5000000.0,945.0,nala sopara,2.0,1,1,1,0,1
2700000.0,650.0,unknown,1.0,0,0,0,0,0
12500000.0,1000.0,mulund west,2.0,0,1,0,0,0
10500000.0,556.0,chembur,1.0,0,1,0,0,0
3001000.0,675.0,dronagiri,1.0,1,1,1,1,0
12800000.0,950.0,chembur,1.0,0,0,0,0,0
8000000.0,1050.0,ulwe,2.0,0,1,0,0,1
4600000.0,910.0,nala sopara,2.0,0,1,1,0,0
7800000.0,1000.0,ulwe,2.0,0,0,1,1,0
5200000.0,410.0,kandivali west,1.0,0,0,0,0,0
4459000.0,910.0,virar,2.0,1,1,0,0,1
10900000.0,526.0,mira road east,2.0,1,1,0,0,1
4100000.0,650.0,kalyan west,1.0,1,1,0,0,0
9800000.0,720.0,kandivali west,1.0,1,1,1,0,1
22000000.0,1655.0,kandivali east,3.0,1,1,1,0,1
7700000.0,1095.0,ulwe,2.0,0,0,0,0,0
4200000.0,640.0,sector35d kharghar,1.0,0,0,0,1,0
40000000.0,1500.0,ville parle east,2.0,0,1,0,0,0
15100000.0,1050.0,borivali west,2.0,0,0,0,0,0
4400000.0,550.0,mira road east,1.0,0,0,0,0,0
3329999.0,820.0,titwala,2.0,0,1,0,0,0
4000000.0,310.0,unknown,1.0,0,0,0,0,0
10000000.0,650.0,jogeshwari west,1.0,0,0,0,0,0
15000000.0,1680.0,kharghar,3.0,1,1,1,1,1
24500000.0,2110.0,thakur village kandivali east,4.0,0,1,1,1,0
7000000.0,995.0,sector12 kamothe,2.0,0,1,1,1,0
8576500.0,1238.0,navi basti,2.0,1,0,0,0,0
10800000.0,1180.0,mira road east,2.0,1,1,1,0,0
4665000.0,662.0,diva,2.0,0,0,0,0,0
180000000.0,5460.0,juhu,4.0,0,1,0,0,0
5800000.0,750.0,kharghar,1.0,1,1,1,1,1
4600000.0,600.0,kharghar,1.0,0,0,1,1,0
3200000.0,580.0,unknown,1.0,1,1,0,0,1
11000000.0,1255.0,unknown,2.0,1,1,1,1,1
10800000.0,650.0,kanjurmarg,1.0,0,1,0,0,1
2249000.0,510.0,dombivali,1.0,1,1,1,1,1
19200000.0,1205.0,seawoods,1.0,0,1,0,1,1
15100000.0,1238.0,ghatkopar west,3.0,1,1,0,0,0
4800000.0,670.0,ulwe,1.0,0,1,0,0,0
70000000.0,1800.0,unknown,4.0,0,1,1,0,0
18000000.0,987.0,goregaon,2.0,1,1,1,0,0
7850000.0,605.0,ghatkopar west,1.0,0,0,0,0,0
11000000.0,550.0,vivek vidyalaya marg,1.0,0,0,0,0,0
3064000.0,766.0,ambernath west,1.0,0,1,0,0,0
14500000.0,1200.0,thane west,3.0,0,0,0,0,0
52600000.0,833.0,bandra west,2.0,1,1,1,0,1
3200000.0,600.0,nala sopara,1.0,0,0,0,0,0
25000000.0,1357.0,thakur village,3.0,0,0,1,1,0
3600000.0,600.0,vasai,1.0,0,0,1,0,0
3615000.0,1040.0,badlapur east,2.0,1,1,0,0,1
15000000.0,1450.0,manpada,3.0,1,1,1,1,0
4300000.0,595.0,kalyan west,1.0,1,0,1,1,1
12000000.0,936.0,thane west,2.0,1,1,1,0,1
39900000.0,2800.0,borivali east,4.0,0,0,0,0,0
9400000.0,1200.0,kharghar,2.0,1,1,1,1,1
24000000.0,1444.0,powai,3.0,1,1,1,0,0
11100000.0,1117.0,kharghar,2.0,0,0,1,1,0
16500000.0,1050.0,borivali east,2.0,0,0,1,1,0
25000000.0,1350.0,4 bunglows,2.0,0,1,1,1,0
10500000.0,1150.0,kharghar,2.0,1,1,1,1,1
8000000.0,1150.0,mira road east,2.0,1,1,1,0,0
6100000.0,650.0,airoli,1.0,0,0,0,0,0
5200000.0,641.0,kharghar,1.0,1,1,1,1,1
65500000.0,1543.0,parel,3.0,1,0,1,0,1
3750000.0,551.0,vasai west,1.0,0,0,0,0,0
17500000.0,650.0,andheri,1.0,1,1,1,1,0
23000000.0,500.0,ville parle east,1.0,1,1,0,0,0
16399999.0,649.0,kanjurmarg,2.0,1,0,0,0,1
11100000.0,1050.0,airoli,2.0,0,1,0,0,0
12500000.0,900.0,goregaon east,2.0,0,0,0,0,0
30200000.0,1145.0,bhandup west,3.0,0,1,1,0,1
8650000.0,728.0,malad west,1.0,1,1,0,0,1
6500000.0,566.0,dahisar,1.0,1,1,0,0,0
34000000.0,1166.0,andheri  west,3.0,0,1,1,0,1
30000000.0,1786.0,vashi,3.0,0,1,0,0,0
2800000.0,525.0,mumbai central,1.0,1,1,1,1,0
2500000.0,580.0,nalasopara west,1.0,0,1,0,0,0
14800000.0,1505.0,thane west,3.0,1,1,0,0,1
7500000.0,1107.0,vasai,3.0,0,1,1,0,0
9500000.0,1075.0,kharghar,2.0,1,1,1,1,1
15000000.0,1200.0,kharghar,2.0,1,1,0,0,1
6694000.0,400.0,mira road east,1.0,1,1,1,0,1
4250000.0,650.0,kamothe,1.0,0,1,0,0,0
12500000.0,800.0,borivali west,2.0,1,1,0,0,1
24000000.0,1290.0,malad east,2.0,1,1,0,0,1
22500000.0,1100.0,borivali west,2.0,0,0,0,0,0
13300000.0,899.0,borivali west,2.0,0,0,0,0,0
30000000.0,2110.0,unknown,3.0,1,1,0,0,1
23000000.0,925.0,haridas nagar,3.0,0,1,1,0,0
13000000.0,1395.0,kharghar,3.0,1,1,1,1,0
5500000.0,1080.0,kalyan west,2.0,1,1,0,1,0
14000000.0,850.0,kandivali west,2.0,0,1,0,0,0
10100000.0,1379.0,ulwe,3.0,1,1,1,0,1
14000000.0,1050.0,powai,2.0,1,1,1,0,1
2000000.0,510.0,naigaon east,1.0,0,1,0,0,0
9550000.0,1511.0,mira road east,3.0,1,1,1,0,1
14000000.0,652.0,andheri  east,1.0,0,0,0,0,0
23500000.0,1561.0,kandivali west,3.0,1,1,1,0,1
37400000.0,940.0,parel,2.0,1,1,1,0,1
8600000.0,1100.0,kharghar,2.0,0,0,0,0,0
85000000.0,1700.0,prabhadevi,4.0,0,0,0,1,0
3799000.0,850.0,taloja,2.0,1,1,0,0,1
8000000.0,715.0,nerul,1.0,1,1,1,1,1
30000000.0,1792.0,andheri  west,3.0,1,1,1,0,1
19900000.0,1550.0,kandivali west,3.0,1,1,1,0,0
11000000.0,585.0,powai,1.0,1,1,0,0,1
4800000.0,550.0,thane west,1.0,0,1,0,0,0
12050000.0,1250.0,kolshet road,2.0,1,1,1,1,0
18900000.0,710.0,unknown,2.0,1,1,1,0,1
5300000.0,660.0,kamothe,1.0,0,0,0,0,0
5700000.0,770.0,mira road east,1.0,0,1,0,0,0
2650000.0,610.0,unknown,1.0,0,1,1,0,0
7500000.0,1050.0,sector-35 kamothe,2.0,0,0,1,1,0
7400000.0,950.0,kharghar,1.0,0,1,0,0,0
9370000.0,583.0,mira road east,3.0,1,1,1,0,1
8500000.0,1050.0,kalyan west,2.0,1,1,1,1,1
9500000.0,1069.0,unknown,2.0,0,1,1,1,0
5600000.0,565.0,kalwa,1.0,0,0,0,0,0
18000000.0,1500.0,kandivali west,3.0,1,0,1,1,1
29900000.0,1572.0,goregaon west,3.0,1,0,0,0,1
17500000.0,1053.0,magathane,2.0,1,0,1,1,0
15500000.0,1205.0,ghansoli,2.0,1,1,0,0,1
3900000.0,1120.0,andheri,2.0,1,1,1,1,0
2650000.0,660.0,badlapur east,1.0,1,1,1,0,1
3500000.0,550.0,kalyan east,1.0,0,1,0,0,0
18500000.0,980.0,goregaon west,2.0,0,1,0,0,0
10000000.0,1078.0,kharghar,2.0,1,1,1,1,1
2700000.0,630.0,nalasopara west,1.0,0,0,0,0,0
88699999.0,1734.0,goregaon east,4.0,1,1,0,0,1
5900000.0,950.0,kamothe,2.0,1,0,1,1,0
35000000.0,873.0,dahisar,2.0,0,1,1,1,0
10000000.0,1140.0,kharghar,2.0,0,1,1,0,1
25000000.0,1356.0,andheri  east,2.0,0,0,1,0,0
9000000.0,1250.0,mira road east,3.0,0,1,0,0,0
15500000.0,1000.0,malad east,2.0,0,1,1,0,1
2325000.0,528.0,bandra east,1.0,0,0,1,0,0
6800000.0,1006.0,kamothe,2.0,1,1,1,1,0
3800000.0,350.0,kandivali west,1.0,0,1,0,0,0
3000000.0,726.0,thane west,1.0,1,1,1,0,1
3000000.0,500.0,mumbai nashik expressway,1.0,1,0,1,1,0
9000000.0,676.0,thane west,2.0,1,0,1,0,0
34600000.0,1023.0,powai,2.0,1,1,1,0,1
26000000.0,1760.0,malad east,3.0,1,1,0,0,1
13500000.0,1250.0,anand nagar thane west,2.0,0,0,0,0,0
8200000.0,950.0,panvel,2.0,1,1,1,0,1
4072000.0,1075.0,virar,2.0,1,1,1,0,1
16500000.0,980.0,sion,2.0,0,1,0,0,0
7450000.0,600.0,dahisar,1.0,0,1,1,0,0
5500000.0,681.0,mira road east,1.0,1,1,1,0,1
11000000.0,1060.0,kharghar,2.0,1,1,0,1,1
2600000.0,731.0,boisar,1.0,0,1,0,0,0
22000000.0,1650.0,kharghar,3.0,1,1,1,1,1
9199000.0,1155.0,kharghar,2.0,1,1,1,0,1
21800000.0,642.0,powai,2.0,1,1,0,0,1
7500000.0,1055.0,sector-18 ulwe,2.0,0,1,1,1,0
9000000.0,765.0,kandivali west,1.0,1,1,1,1,1
6400000.0,495.0,mira road east,1.0,1,1,0,0,1
15000000.0,1500.0,sector 18,3.0,0,0,1,1,0
3350000.0,670.0,taloja,1.0,0,0,1,0,0
16000000.0,1750.0,kharghar,3.0,0,1,1,1,0
16900000.0,850.0,andheri  east,2.0,0,1,0,0,0
11500000.0,1450.0,ulwe,2.0,1,1,1,1,1
13200000.0,925.0,jogeshwari east,2.0,0,1,1,0,0
5500000.0,650.0,mira road east,1.0,0,0,1,0,0
26000000.0,1600.0,unknown,3.0,1,0,0,0,1
8000000.0,1140.0,kalyan west,2.0,0,1,0,0,0
5300000.0,660.0,kharghar,1.0,1,1,1,1,1
14600000.0,586.0,andheri  west,2.0,0,1,1,0,1
6700000.0,850.0,thane west,2.0,1,1,1,0,0
6200000.0,425.0,borivali west,1.0,0,0,0,0,0
7200000.0,937.0,goregaon east,3.0,0,1,1,1,0
9000000.0,1128.0,kamothe,2.0,1,1,0,1,0
9000000.0,570.0,malad east,1.0,1,1,1,1,0
8600000.0,1150.0,kamothe,2.0,1,1,0,0,0
20000000.0,711.0,goregaon west,2.0,0,1,1,0,1
2164000.0,571.0,badlapur,1.0,0,1,1,0,0
3300000.0,530.0,mumbai central,1.0,1,1,1,1,0
35900000.0,979.0,parel,2.0,0,1,1,0,1
6666000.0,1602.0,khopoli,4.0,1,1,0,0,1
5200000.0,695.0,kalyan west,1.0,1,0,1,0,1
22750000.0,934.0,andheri  west,2.0,1,1,0,0,1
33800000.0,1500.0,chembur,3.0,0,0,1,0,0
27500000.0,960.0,juhu,2.0,0,1,0,0,0
6000000.0,560.0,kharghar,1.0,0,0,1,1,0
92400000.0,3080.0,andheri  west,3.0,1,1,1,0,1
5600000.0,788.0,mira road east,1.0,1,1,0,0,0
9500000.0,660.0,mulund west,1.0,1,1,0,0,0
7500000.0,757.0,chembur,1.0,1,1,1,0,1
5000000.0,1285.0,virar,3.0,0,1,1,0,0
3420000.0,760.0,virar,1.0,1,1,0,0,1
19500000.0,1073.0,chembur east,2.0,0,1,1,0,0
7200000.0,860.0,hiranandani estates,2.0,0,1,1,1,0
9200000.0,1250.0,kharghar,2.0,0,0,1,1,0
6900000.0,900.0,kamothe,2.0,1,1,1,1,0
3847000.0,487.0,vasai,2.0,0,1,1,0,0
8000000.0,967.0,thane west,2.0,1,1,0,0,1
18500000.0,1299.0,goregaon west,2.0,1,1,0,0,0
18600000.0,1067.0,sindhi society chembur,2.0,1,1,1,1,1
11000000.0,733.0,borivali west,1.0,0,0,0,0,0
55000000.0,2000.0,bandra east,3.0,0,1,0,0,0
22500000.0,980.0,borivali west,2.0,0,1,0,0,0
17600000.0,1100.0,west amardeep colony,2.0,1,1,1,1,0
11000000.0,1290.0,powai,1.0,1,1,1,0,1
47000000.0,1920.0,kandivali east,4.0,1,1,1,0,1
4554000.0,550.0,anjurdive,1.0,1,1,1,0,0
3533500.0,530.0,dombivali east,1.0,0,1,0,0,1
19800000.0,1400.0,ghansoli,2.0,0,1,0,0,1
10500000.0,980.0,kharghar,2.0,0,0,0,0,0
20000000.0,1000.0,powai,2.0,0,0,0,0,1
50100000.0,2800.0,central avenue,4.0,1,1,1,1,0
4100000.0,350.0,kandivali west,1.0,0,1,0,0,0
8500000.0,1186.0,poonam sagar complex,2.0,0,0,0,0,0
12600000.0,885.0,goregaon west,2.0,1,1,1,0,1
14600000.0,720.0,malad west,2.0,1,1,0,0,1
41900000.0,2700.0,kandivali east,5.0,1,1,1,0,0
8500000.0,1220.0,kharghar,3.0,0,1,0,0,0
42500000.0,1325.0,andheri  east,3.0,0,0,1,1,0
75000000.0,1706.0,mahalaxmi,3.0,1,1,1,0,1
9500000.0,1250.0,sector 21 kamothe,2.0,1,1,1,1,0
5900000.0,950.0,vasai,2.0,1,1,0,1,1
7100000.0,1059.0,ulwe,2.0,0,0,0,0,0
16500000.0,1150.0,powai,2.0,1,0,1,0,1
2450000.0,620.0,nala sopara,1.0,0,0,0,0,0
6370000.0,800.0,mira road east,2.0,0,1,1,0,0
11500000.0,1100.0,kharghar,2.0,1,1,0,0,1
20000000.0,1000.0,santacruz east,2.0,0,0,0,0,0
3750000.0,671.0,taloja,1.0,0,0,1,0,0
4200000.0,600.0,dombivali,1.0,1,1,0,0,1
3811999.0,750.0,badlapur east,1.0,1,1,1,0,1
9800000.0,585.0,magathane,1.0,0,1,1,1,0
12000000.0,1200.0,kharghar,2.0,1,1,1,0,1
7800000.0,660.0,airoli,1.0,0,1,0,0,0
5556000.0,902.0,haware city,2.0,1,1,1,1,0
2700000.0,560.0,nala sopara,1.0,1,1,1,0,1
21500000.0,1350.0,andheri  west,2.0,1,0,0,0,1
12000000.0,1026.0,thane west,2.0,0,0,0,0,0
25000000.0,1600.0,vashi,3.0,0,0,0,0,0
23800000.0,944.0,kanjurmarg,3.0,1,0,0,0,1
2500000.0,560.0,nala sopara,1.0,0,1,1,1,0
4500000.0,800.0,vasai east,2.0,0,1,0,0,0
8400000.0,376.0,rajendra nagar,1.0,0,1,1,1,0
5150000.0,645.0,bhayandar east,1.0,0,0,0,0,0
6700000.0,657.0,mira road east,1.0,1,1,1,0,1
14800000.0,637.0,wadala east,1.0,0,1,0,0,1
2110000.0,495.0,kasheli,1.0,0,1,1,0,0
2650000.0,324.0,thane west,1.0,1,1,1,0,1
18000000.0,1180.0,mulund,2.0,0,0,0,0,1
8700000.0,1050.0,kharghar,2.0,1,1,1,1,0
3000000.0,835.0,palghar,2.0,0,0,0,0,0
100000000.0,2320.0,yari road,5.0,0,1,1,1,0
2300000.0,640.0,virar,1.0,0,0,0,0,0
3700000.0,1126.0,boisar,2.0,1,0,0,0,1
18000000.0,1100.0,mulund west,2.0,1,0,0,0,0
29700000.0,2015.0,thane west,3.0,1,1,1,0,1
4500000.0,518.0,dombivali east,1.0,0,0,0,0,0
6500000.0,750.0,kharghar,1.0,1,1,1,0,1
2600000.0,590.0,nala sopara,1.0,1,1,0,0,1
2750000.0,585.0,nala sopara,1.0,0,1,0,0,0
36100000.0,1346.0,mumbai,3.0,1,0,0,1,0
27500000.0,2200.0,jogeshwari west,4.0,1,0,0,0,1
25000000.0,1000.0,santacruz east,3.0,0,0,0,0,0
4350000.0,660.0,thane west,1.0,0,1,0,0,0
5500000.0,650.0,shil phata,2.0,1,1,0,0,1
15000000.0,1300.0,sector 12 kharghar,3.0,0,0,1,1,0
17000000.0,2095.0,panvel,4.0,1,1,1,0,0
6320000.0,365.0,unknown,1.0,1,1,1,0,1
4000000.0,665.0,kalyan west,1.0,0,0,0,0,0
4250000.0,560.0,thane west,1.0,1,1,1,0,1
2600000.0,400.0,ulwe,1.0,0,0,0,0,0
2100000.0,656.0,palghar,1.0,1,1,0,0,1
2350000.0,425.0,bandra east,1.0,1,1,0,0,0
16500000.0,662.0,chembur,2.0,0,1,0,0,1
4800000.0,670.0,koproli,2.0,0,0,0,0,0
13500000.0,910.0,goregaon west,2.0,1,1,1,1,1
7600000.0,920.0,kalyan west,2.0,1,1,0,0,1
16500000.0,1020.0,andheri  east,1.0,1,1,1,0,1
5200000.0,525.0,unknown,1.0,0,1,1,1,0
19000000.0,760.0,santacruz east,1.0,0,0,0,0,0
16000000.0,1000.0,kandivali east,2.0,1,1,1,1,1
6300000.0,750.0,thakurli,1.0,0,1,1,0,0
3999000.0,994.0,ambernath east,2.0,1,1,0,0,0
9620000.0,1160.0,thane west,2.0,1,1,0,0,1
5900000.0,350.0,kandivali west,1.0,1,1,1,0,0
38600000.0,2030.0,borivali west,3.0,1,1,1,1,1
9000000.0,1450.0,sector 21 kamothe,2.0,0,0,1,1,0
7700000.0,510.0,unknown,1.0,1,1,1,1,1
13700000.0,1056.0,kandivali west,2.0,1,1,1,1,1
7898999.0,680.0,kurla,1.0,0,1,0,0,0
9600000.0,900.0,jankalyan nagar,1.0,0,1,1,1,0
10500000.0,760.0,vile parle,1.0,1,1,0,1,0
48000000.0,2100.0,santacruz west,4.0,0,1,0,0,0
9200000.0,620.0,dahisar,1.0,0,1,0,1,0
5100000.0,710.0,sector-3 ulwe,1.0,0,0,1,1,0
16600000.0,685.0,thane west,2.0,1,1,1,0,1
15000000.0,1300.0,kharghar,3.0,0,0,1,1,0
11500000.0,950.0,thane west,2.0,0,1,0,0,0
3900000.0,625.0,ambernath east,1.0,1,1,1,0,1
26000000.0,1050.0,sion,3.0,0,0,0,0,0
5500000.0,400.0,i c colony,1.0,0,1,1,0,0
8300000.0,750.0,thane west,1.0,1,1,0,0,1
4000000.0,490.0,panvel,1.0,1,1,1,0,1
7800000.0,985.0,beturkar pada,2.0,0,1,0,0,0
3500000.0,685.0,vasai,1.0,0,1,0,0,0
51500000.0,1640.0,andheri  west,3.0,0,0,0,0,0
7500000.0,1015.0,dombivli (west),2.0,0,1,0,0,0
4200000.0,750.0,mira road and beyond,2.0,1,1,0,1,0
8500000.0,1300.0,unknown,1.0,0,0,0,0,0
3800000.0,340.0,kandivali west,1.0,0,1,0,0,0
7900000.0,1040.0,unknown,2.0,1,1,0,1,0
12500000.0,1147.0,unknown,2.0,1,1,1,1,1
4000000.0,765.0,unknown,2.0,0,0,0,0,0
22000000.0,885.0,powai,2.0,1,1,1,0,1
8000000.0,1005.0,panvel,2.0,1,1,1,0,1
12000000.0,680.0,dahisar west,2.0,0,0,0,0,0
4000000.0,650.0,ulwe,1.0,0,1,0,0,0
40300000.0,1750.0,powai,3.0,1,1,0,0,1
2200000.0,550.0,nala sopara,1.0,0,1,0,0,0
4600000.0,680.0,sector 17 ulwe,1.0,0,1,0,1,0
7500000.0,538.0,mira road east,2.0,1,1,0,0,0
4700000.0,656.0,ulwe,1.0,0,0,0,0,0
5200000.0,665.0,mira road east,1.0,0,1,0,0,0
14000000.0,1015.0,kandivali west,2.0,0,1,0,0,0
2940000.0,324.0,unknown,1.0,1,0,1,0,1
22500000.0,1835.0,thane west,3.0,1,1,1,0,1
36000000.0,1116.0,ville parle east,3.0,1,1,0,0,0
22399999.5,1395.0,wadala,2.0,0,0,0,0,1
38000000.0,1400.0,borivali west,3.0,1,0,1,0,1
3700000.0,680.0,taloja,1.0,0,0,1,1,0
16000000.0,810.0,powai,2.0,1,0,1,1,1
30000000.0,980.0,ville parle east,2.0,0,0,0,0,0
14500000.0,1000.0,kandivali east,2.0,1,1,1,1,1
18200000.0,1050.0,chembur east,2.0,1,1,1,1,0
7500000.0,1050.0,ulwe,2.0,0,0,0,0,0
20500000.0,900.0,off shimpoli road,2.0,1,1,1,1,0
27599999.0,1600.0,thane west,3.0,1,1,0,0,1
8500000.0,783.0,thane west,2.0,1,1,0,0,1
400000000.0,3638.0,worli,4.0,0,1,0,1,0
6800000.0,1250.0,panvel,2.0,1,1,1,0,1
2250000.0,415.0,virar east,1.0,0,0,0,0,0
5400000.0,650.0,ulwe,1.0,0,1,0,0,0
105000000.0,2800.0,juhu,4.0,1,1,0,0,0
14000000.0,1200.0,sector 18 kharghar,2.0,0,1,1,0,0
4950000.0,685.0,unknown,1.0,1,0,1,0,0
7600000.0,975.0,mira road east,2.0,0,0,0,0,0
21500000.0,1300.0,seawoods,1.0,1,1,1,0,1
5500000.0,619.0,sector 21 kamothe,1.0,1,1,1,0,0
9500000.0,1200.0,mumbai,2.0,0,1,1,1,0
23800000.0,1672.0,malad east,3.0,1,1,1,1,1
18000000.0,1000.0,andheri,2.0,1,1,1,1,1
17200000.0,1250.0,kandivali east,3.0,1,1,1,0,1
4400000.0,700.0,ulwe,1.0,0,0,0,0,0
21700000.0,1250.0,seawoods,1.0,1,1,0,0,1
2000000.0,610.0,vangani,1.0,0,1,0,0,0
6242000.0,630.0,dombivali,2.0,1,1,1,0,1
2500000.0,500.0,naigaon east,1.0,1,1,1,1,1
14000000.0,650.0,andheri  east,1.0,0,0,0,0,0
8000000.0,640.0,dahisar,1.0,0,1,1,0,0
26500000.0,1500.0,powai,3.0,1,1,1,1,0
12300000.0,547.0,chembur,2.0,0,0,0,0,0
8399000.0,430.0,panvel,2.0,1,1,0,0,1
20000000.0,1000.0,kandivali west,2.0,0,0,0,0,0
2700000.0,580.0,nalasopara east,1.0,0,1,0,0,0
7600000.0,650.0,airoli,1.0,0,0,0,0,1
29000000.0,1650.0,magathane,3.0,0,1,1,0,0
3100000.0,630.0,virar,1.0,1,0,1,0,1
3700000.0,890.0,morya nagar,2.0,0,0,0,0,0
13899999.0,580.0,unknown,2.0,0,1,1,0,0
14500000.0,1309.0,kharghar,2.0,1,1,1,1,1
2600000.0,630.0,boisar,2.0,1,1,0,0,1
25000000.0,1650.0,belapur,3.0,1,1,0,0,1
8500000.0,1135.0,ulwe,2.0,1,1,1,0,1
6559999.0,965.0,mira road east,2.0,1,1,1,0,1
5500000.0,680.0,kalwa,1.0,0,1,0,0,0
15500000.0,1150.0,kharghar,2.0,1,1,1,0,1
2345000.0,525.0,nala sopara,1.0,0,1,0,0,0
9000000.0,1000.0,kharghar,2.0,1,1,0,1,0
22000000.0,858.0,borivali east,2.0,1,1,0,0,1
7700000.0,995.0,mira road east,2.0,0,1,0,0,0
14800000.0,1985.0,sector 20 kharghar,3.0,0,1,1,1,0
5500000.0,1050.0,nalasopara east,2.0,0,1,0,0,0
12500000.0,815.0,dahisar east,2.0,0,0,0,0,0
10000000.0,762.0,panvel,2.0,1,1,1,0,1
10000000.0,650.0,unknown,1.0,1,0,0,0,0
24600000.0,1182.0,ghatkopar west,3.0,1,1,0,0,1
6900000.0,735.0,kharghar,1.0,1,1,1,1,0
6952000.0,802.0,bhiwandi,2.0,1,1,1,1,1
9800000.0,1250.0,mira road east,3.0,0,0,1,0,1
6656000.0,488.0,kalwa,1.0,0,0,1,1,0
19150000.0,605.0,seawoods,1.0,0,1,0,0,0
6568500.0,834.0,dombivali,2.0,1,1,1,0,0
35000000.0,1600.0,andheri  west,3.0,1,1,1,0,1
3500000.0,655.0,ulwe,1.0,0,0,0,0,0
2800000.0,550.0,palidevad,1.0,0,0,0,0,0
18000000.0,1200.0,unknown,3.0,1,1,0,0,1
14000000.0,1687.0,kharghar,3.0,1,0,1,1,1
10800000.0,1260.0,sector12 kamothe,2.0,1,1,1,1,0
6700000.0,1125.0,uran,2.0,0,0,0,0,0
3500000.0,556.0,dronagiri,1.0,0,1,1,1,0
3400000.0,550.0,koproli,1.0,0,0,0,0,0
5000000.0,1093.0,nala sopara,2.0,1,1,1,0,0
25000000.0,900.0,ville parle east,2.0,0,1,0,0,0
9000000.0,1060.0,kharghar,2.0,0,0,0,0,0
23000000.0,1440.0,malad west,3.0,1,1,1,1,1
3100000.0,660.0,nala sopara,1.0,0,1,0,0,0
4400000.0,650.0,ulwe,1.0,1,1,0,0,0
4900000.0,655.0,unknown,1.0,0,1,1,1,0
7050000.0,890.0,mira road east,2.0,1,1,1,1,1
13500000.0,1200.0,cbd belapur east,2.0,0,1,1,0,1
17000000.0,1000.0,chembur,2.0,0,1,1,0,0
16500000.0,656.0,kanjurmarg,2.0,1,0,0,0,1
11000000.0,2208.0,dahisar west,4.0,0,0,0,0,0
6000000.0,900.0,nala sopara,2.0,0,1,0,0,0
3300000.0,910.0,nala sopara,2.0,1,1,1,0,0
11500000.0,950.0,jankalyan nagar,2.0,0,1,1,0,0
8800000.0,900.0,unknown,2.0,1,1,1,1,0
107600000.0,2604.0,parel,4.0,1,1,0,0,1
2750000.0,700.0,kalyan west,1.0,0,0,0,0,0
30500000.0,1717.0,goregaon,3.0,1,0,1,0,1
7800000.0,545.0,vrindavan society,1.0,0,1,1,0,0
21800000.0,1100.0,kandivali east,3.0,1,1,1,0,1
6400000.0,509.0,thane west,1.0,1,1,1,1,1
12000000.0,1560.0,kharghar,3.0,1,1,1,0,1
18000000.0,1278.0,unknown,3.0,1,1,1,0,0
27799999.0,1274.0,andheri  west,3.0,1,1,0,0,1
11200000.0,1025.0,kharghar,2.0,1,1,1,0,0
18500000.0,1676.0,kurla,3.0,1,0,1,0,0
5700000.0,783.0,mira road east,1.0,1,1,1,1,1
23700000.0,1450.0,malad west,3.0,1,0,1,0,0
10000000.0,1120.0,kharghar,2.0,0,1,0,0,1
6900000.0,565.0,thane,2.0,1,1,0,1,0
16000000.0,2000.0,kamothe,3.0,1,1,1,0,0
9500000.0,1200.0,kharghar,2.0,0,1,0,0,0
13000000.0,900.0,borivali west,2.0,0,1,0,0,0
2450000.0,560.0,nala sopara,1.0,0,1,0,0,0
15500000.0,850.0,ghatkopar west,2.0,1,0,0,0,1
2300000.0,510.0,naigaon east,1.0,0,1,0,0,0
13500000.0,1066.0,malad west,2.0,1,1,0,0,0
3350000.0,1160.0,boisar,3.0,0,0,0,0,0
5200000.0,534.0,godrej hill,2.0,0,1,1,1,0
10400000.0,504.0,unknown,2.0,1,1,0,0,0
10500000.0,911.0,sector 20 kharghar,2.0,0,0,1,1,0
13799999.0,1137.0,kandivali east,2.0,0,1,0,0,1
6448999.0,910.0,thane west,1.0,1,1,1,0,1
42500000.0,2400.0,borivali west,3.0,0,1,0,0,0
5700000.0,1050.0,mira road east,2.0,0,0,0,0,0
3300000.0,920.0,badlapur east,2.0,1,1,1,0,1
45000000.0,1700.0,ville parle east,3.0,0,1,0,0,0
24000000.0,960.0,andheri  west,2.0,0,1,0,0,0
13500000.0,1414.0,kharghar,3.0,1,1,1,0,1
8600000.0,700.0,borivali east,1.0,1,1,1,1,1
8500000.0,676.0,ghatkopar,1.0,1,1,1,1,1
58000000.0,1500.0,andheri  west,3.0,1,1,0,0,1
60000000.0,1118.0,bandra west,3.0,1,1,0,0,1
16449999.5,1053.0,ghatkopar west,2.0,1,1,1,0,1
52400000.0,1182.0,bandra west,2.0,1,1,1,0,1
5100000.0,675.0,panvel,1.0,1,1,0,0,1
2800000.0,510.0,naigaon east,1.0,1,1,0,1,1
70000000.0,1824.0,bandra west,3.0,0,0,0,0,0
14500000.0,950.0,kulupwadi,2.0,0,1,1,1,0
15500000.0,950.0,jogeshwari west,2.0,0,1,1,0,0
7600000.0,880.0,thane west,2.0,1,1,1,0,1
5250000.0,720.0,kharghar,1.0,1,1,1,1,1
110000000.0,3300.0,andheri  west,4.0,0,0,0,0,0
30400000.0,3205.0,kharghar,4.0,1,1,1,0,1
3800000.0,1183.0,boisar,2.0,0,0,0,0,0
35000000.0,1805.0,unknown,3.0,0,0,1,0,1
6000000.0,571.0,mira road east,1.0,0,1,1,0,0
41200000.0,2300.0,malad east,4.0,1,1,1,0,1
3600000.0,1200.0,kewale,2.0,1,1,1,0,1
36600000.0,1625.0,thane west,4.0,1,1,1,0,0
11500000.0,1066.0,koper khairane,2.0,0,0,0,0,0
23600000.0,1242.0,kandivali west,3.0,1,1,0,0,0
6500000.0,750.0,sanpada,1.0,0,1,0,0,0
5250000.0,685.0,kharghar,1.0,0,0,0,0,0
3200000.0,600.0,unknown,1.0,1,1,1,0,1
15500000.0,1605.0,kharghar,4.0,1,1,1,0,1
2500000.0,450.0,ulwe,1.0,0,1,0,0,0
65000000.0,5000.0,belapur,5.0,0,0,0,0,0
22750000.0,800.0,andheri  west,2.0,1,1,1,0,1
10300000.0,2021.0,ulwe,4.0,1,1,0,1,1
3500000.0,565.0,mira road and beyond,1.0,1,1,1,1,0
18800000.0,1350.0,rajendra nagar,3.0,0,1,1,1,0
9500000.0,600.0,powai,1.0,1,1,1,1,1
12100000.0,676.0,thane west,2.0,1,0,1,1,1
5600000.0,220.0,mira road east,1.0,0,1,0,0,0
18000000.0,1020.0,andheri  east,2.0,1,1,1,0,1
3200000.0,510.0,naigaon east,1.0,1,1,1,1,1
7300000.0,565.0,bhandup west,1.0,0,0,0,0,0
21700000.0,707.0,andheri  west,2.0,1,1,0,0,0
13500000.0,1635.0,ulwe,3.0,1,1,1,1,1
16000000.0,1150.0,chembur,2.0,1,1,0,0,0
17900000.0,1300.0,goregaon east,2.0,1,1,1,0,1
10800000.0,650.0,magathane,1.0,0,1,1,1,0
2330000.0,585.0,nala sopara,1.0,0,1,0,0,0
27500000.0,1270.0,chembur,3.0,1,1,0,1,1
4850000.0,411.0,malad east,1.0,1,1,0,0,0
4200000.0,750.0,virar west,1.0,1,1,1,1,0
4100000.0,670.0,unknown,1.0,1,1,1,1,1
14800000.0,1980.0,sector 20 kharghar,3.0,0,1,1,1,0
5800000.0,1021.0,bhiwandi,2.0,1,1,0,0,1
3125000.0,507.0,taloja,1.0,1,1,1,0,1
29000000.0,1960.0,mulund west,3.0,1,1,0,1,1
71500000.0,3182.0,worli,3.0,1,1,1,1,1
7400000.0,600.0,borivali west,1.0,0,0,0,0,0
35000000.0,1271.0,nerul,3.0,0,0,0,1,0
41500000.0,1850.0,andheri  west,3.0,1,0,1,1,1
15500000.0,845.0,borivali east,2.0,1,1,1,1,0
10000000.0,542.0,borivali west,1.0,0,1,0,0,0
13500000.0,1375.0,kharghar,3.0,1,1,1,0,1
2950000.0,630.0,virar,1.0,0,1,0,0,0
2150000.0,525.0,nala sopara,1.0,0,1,0,0,0
2418000.0,640.0,ambarnath,1.0,0,1,1,0,0
4200000.0,650.0,ulwe,1.0,0,0,0,0,0
4700000.0,690.0,taloja panchanand,1.0,0,1,1,1,0
10000000.0,585.0,unknown,1.0,0,1,0,0,1
16500000.0,750.0,jogeshwari west,2.0,0,1,1,0,0
3000000.0,320.0,mira road and beyond,1.0,0,0,0,0,0
10800000.0,1200.0,mira road east,2.0,1,1,0,0,1
42000000.0,2020.0,powai,3.0,1,1,0,0,1
12000000.0,1302.0,sector 11 kharghar,3.0,1,0,1,0,0
9500000.0,1050.0,unknown,2.0,1,1,0,0,1
15000000.0,880.0,wadala east wadala,2.0,1,1,1,1,0
4000000.0,650.0,ulwe,1.0,0,0,0,0,0
22500000.0,1250.0,dahisar,3.0,1,1,1,0,1
8250000.0,1060.0,mira road east,2.0,0,1,1,1,1
45000000.0,780.0,juhu,2.0,0,1,0,0,0
2600000.0,585.0,boisar,1.0,0,0,0,0,0
16500000.0,1660.0,unknown,3.0,1,1,0,0,1
11000000.0,585.0,powai,1.0,0,1,0,0,1
31500000.0,2700.0,kharghar,5.0,0,1,0,0,1
4900000.0,980.0,taloja,2.0,0,0,1,1,0
14500000.0,1250.0,sector 18 kharghar,2.0,1,1,1,0,1
12500000.0,1238.0,ghatkopar west,2.0,0,0,0,0,0
6300000.0,1090.0,karanjade,2.0,0,1,1,1,0
4000000.0,1050.0,virar,2.0,1,0,1,0,1
18000000.0,1050.0,dattapada,2.0,0,1,1,1,0
60000000.0,1491.0,goregaon east,3.0,1,1,1,0,1
2500000.0,453.0,naigaon east,1.0,1,1,1,0,0
5000000.0,960.0,vasai,2.0,0,1,0,0,0
10500000.0,575.0,kandivali west,1.0,0,0,0,0,0
3300000.0,625.0,karanjade,1.0,0,1,1,0,0
50100000.0,2800.0,central avenue,4.0,0,0,1,1,0
19900000.0,1100.0,chembur,2.0,1,1,1,0,0
110000000.0,3000.0,andheri  west,4.0,1,1,0,0,1
19500000.0,944.0,thane west,3.0,1,1,1,0,1
3000000.0,420.0,kamothe,1.0,0,0,1,1,0
2600000.0,650.0,titwala,1.0,0,1,0,0,0
3000000.0,665.0,dronagiri,1.0,0,1,0,0,0
4400000.0,610.0,thakur complex,1.0,1,1,1,1,0
7500000.0,700.0,kopar khairane sector 19a,2.0,1,1,0,1,0
7700000.0,1020.0,mira road east,2.0,0,1,0,0,0
18000000.0,1010.0,unknown,2.0,0,0,0,0,0
2600000.0,375.0,dombivli (west),1.0,0,1,0,0,0
39000000.0,940.0,ville parle west,3.0,0,0,0,0,0
11500000.0,789.0,mira road east,3.0,1,1,0,0,1
13000000.0,1197.0,kharghar,2.0,1,1,1,1,1
8500000.0,1150.0,sector12 kamothe,2.0,1,1,1,1,0
13200000.0,1038.0,jogeshwari east,2.0,1,0,0,0,0
2250000.0,655.0,badlapur east,1.0,1,1,0,0,0
17900000.0,750.0,andheri  west,2.0,1,1,1,0,1
14800000.0,879.0,thane west,2.0,0,1,0,0,0
2250000.0,432.0,taloje,1.0,0,0,0,0,0
14000000.0,1100.0,koparkhairane station road,2.0,0,1,1,1,0
3200000.0,410.0,greater khanda,1.0,0,0,0,0,0
4200000.0,650.0,sector16 ulwe,1.0,0,0,1,1,0
6497000.0,600.0,vartak nagar,1.0,0,1,1,1,0
7725000.0,685.0,dahisar,1.0,1,1,1,0,1
2300000.0,225.0,malad west,1.0,0,1,0,0,0
2156000.0,565.0,titwala,1.0,0,1,0,0,0
13000000.0,1450.0,malad west,2.0,1,1,1,1,1
3951000.0,650.0,unknown,1.0,0,1,0,0,0
2100000.0,580.0,unknown,1.0,0,1,0,0,0
25800000.0,1420.0,malad west,3.0,1,0,1,1,1
2500000.0,555.0,nala sopara,1.0,0,1,0,0,0
16200000.0,1675.0,kharghar,3.0,1,1,1,1,1
2250000.0,590.0,nala sopara,1.0,0,0,0,0,0
45000000.0,2100.0,goregaon east,3.0,1,1,1,0,1
20000000.0,1176.0,malad east,2.0,1,1,0,0,0
6500000.0,700.0,shil phata,2.0,1,1,0,0,1
31800000.0,1203.0,ghatkopar west,3.0,1,1,0,0,1
140000000.0,3168.0,tardeo,5.0,1,1,1,0,0
19250000.0,970.0,powai,2.0,0,1,1,0,1
18100000.0,1100.0,goregaon west,2.0,1,1,0,0,1
22000000.0,1200.0,andheri  west,3.0,1,1,1,0,1
13899999.0,900.0,thane west,2.0,1,1,1,0,1
26000000.0,1775.0,malad west,3.0,1,1,0,0,1
10400000.0,1065.0,thane west,2.0,1,1,1,0,1
5700000.0,674.0,thane west,1.0,0,1,1,0,0
8200000.0,450.0,thane west,1.0,1,1,1,0,1
4450000.0,600.0,panvel,1.0,1,1,0,0,1
3400000.0,585.0,naigaon east,1.0,0,1,0,0,0
11000000.0,712.0,jogeshwari west,1.0,0,1,0,0,0
5000000.0,650.0,unknown,1.0,0,0,1,1,0
31000000.0,1200.0,goregaon east,1.0,0,1,1,0,1
13000000.0,1215.0,nerul,2.0,1,1,0,0,1
13200000.0,1260.0,sector 12 a,2.0,0,0,1,1,0
6350000.0,900.0,kamothe,2.0,1,1,1,1,0
8600000.0,1060.0,mira road east,2.0,0,1,0,0,1
17500000.0,1775.0,thane west,3.0,1,1,0,0,1
5499000.0,650.0,mira road east,1.0,0,1,0,0,0
4500000.0,870.0,kewale,2.0,0,0,0,0,0
3400000.0,704.0,dronagiri,1.0,0,1,1,1,0
8500000.0,1100.0,kharghar,2.0,0,1,1,1,1
4500000.0,615.0,unknown,1.0,0,1,1,0,0
10000000.0,724.0,chembur,1.0,0,0,0,0,0
14000000.0,1020.0,belapur,2.0,1,1,0,0,1
13200000.0,1500.0,mira road east,3.0,0,1,0,0,0
8000000.0,1928.0,khopoli,3.0,1,1,0,0,1
8000000.0,995.0,dombivli (west),2.0,0,1,0,0,0
2600000.0,655.0,badlapur east,1.0,1,1,0,0,1
13600000.0,600.0,dn nagar road,1.0,0,1,1,1,0
10900000.0,1050.0,thane west,2.0,1,1,0,0,1
17500000.0,2392.0,malad west,4.0,1,1,1,0,1
5300000.0,325.0,borivali west,1.0,0,1,0,0,0
20000000.0,1095.0,ambivali,2.0,0,0,0,0,0
5900000.0,632.0,thane west,1.0,1,1,0,0,1
4837000.0,774.0,dombivali,1.0,1,1,1,0,1
3300000.0,550.0,panvel,1.0,1,1,1,0,0
31500000.0,2000.0,sanpada,4.0,1,1,1,1,1
30400000.0,1690.0,mulund west,3.0,1,1,1,0,1
6568500.0,1036.0,dombivali,2.0,1,1,1,0,1
4100000.0,350.0,dombivali,1.0,0,1,0,0,0
19600000.0,985.0,powai,2.0,1,0,0,0,1
30000000.0,1100.0,ville parle east,2.0,0,1,0,0,0
15000000.0,1100.0,malad west,2.0,1,1,1,1,1
2929000.0,930.0,badlapur east,2.0,1,1,1,0,1
2150000.0,777.0,boisar,1.0,0,0,0,0,0
14000000.0,1095.0,sector 18,2.0,0,0,1,1,0
5299000.0,645.0,thane west,1.0,1,1,0,0,1
22500000.0,1040.0,unknown,2.0,0,0,0,0,0
9300000.0,750.0,ghatkopar west,1.0,0,0,0,0,0
5200000.0,1000.0,kalyan west,2.0,1,1,0,0,1
13899999.0,1690.0,sector-8 ulwe,3.0,0,1,1,1,0
12700000.0,1125.0,sector 15,2.0,0,0,1,1,0
18000000.0,1100.0,goregaon west,2.0,1,1,0,0,1
7800000.0,575.0,bhandup west,1.0,1,1,0,0,1
110000000.0,2550.0,andheri  west,4.0,1,1,1,0,0
13000000.0,1150.0,nerul,2.0,0,1,0,0,0
21600000.0,1579.0,goregaon,3.0,1,1,1,0,1
2436000.0,575.0,thane west,1.0,0,1,1,0,0
2886000.0,962.0,karjat,2.0,0,0,0,0,0
7250000.0,1300.0,panvel,2.0,1,1,1,0,0
3500000.0,783.0,mira road and beyond,2.0,1,1,0,1,0
5060000.0,650.0,kalyan west,2.0,0,0,1,1,0
5000000.0,650.0,unknown,1.0,1,1,1,1,0
4400000.0,600.0,ulwe,1.0,0,0,1,1,0
5600000.0,670.0,kharghar,1.0,1,1,1,0,1
44500000.0,1950.0,sion,3.0,0,1,0,0,0
8320000.0,1040.0,bhayandar east,2.0,0,1,0,0,0
11100000.0,1160.0,thane west,2.0,1,1,0,0,1
2650000.0,650.0,badlapur west,1.0,0,1,0,0,1
15000000.0,1140.0,malad west,2.0,1,1,1,0,1
42500000.0,1200.0,parel,3.0,1,1,0,0,1
2779000.0,675.0,titwala,1.0,0,1,0,0,0
9500000.0,1100.0,ulwe,2.0,1,1,0,0,0
4823000.0,742.0,panvel,1.0,1,1,1,0,1
13000000.0,600.0,unknown,1.0,1,1,0,0,1
4400000.0,650.0,ulwe,1.0,0,1,0,0,0
17500000.0,910.0,powai,2.0,1,1,1,0,1
35000000.0,1200.0,santacruz west,2.0,0,0,0,0,0
3400000.0,985.0,nala sopara,1.0,1,1,1,0,0
9100000.0,1180.0,sector-18 ulwe,2.0,0,1,1,1,0
10200000.0,720.0,kandivali west,2.0,0,1,0,0,0
47500000.0,2050.0,vashi,4.0,0,1,0,0,0
9200000.0,1180.0,sector12 kamothe,2.0,1,1,1,1,0
45000000.0,1505.0,santacruz east,4.0,0,1,0,0,0
5600000.0,540.0,mira road east,1.0,0,1,0,0,0
12500000.0,800.0,mulund west,2.0,0,1,1,0,0
7600000.0,1075.0,ulwe,2.0,1,1,1,0,0
5500000.0,400.0,dahisar west,1.0,0,0,0,0,0
7600000.0,960.0,mira road east,2.0,1,1,0,0,0
4800000.0,970.0,nalasopara east,2.0,0,1,0,0,0
2200000.0,670.0,badlapur west,1.0,0,0,1,0,0
15500000.0,828.0,thane west,2.0,1,1,1,0,1
22200000.0,819.0,andheri  west,2.0,1,0,0,0,0
5898000.0,600.0,majiwada,1.0,0,1,1,1,0
8000000.0,1000.0,kharghar,2.0,0,0,1,1,0
5460000.0,620.0,kamothe,1.0,1,1,1,1,0
3800000.0,655.0,sector 17 ulwe,1.0,0,1,1,1,0
88000000.0,2394.0,mahalaxmi,3.0,1,1,1,0,1
8100000.0,729.0,malad west,1.0,1,1,0,0,0
8500000.0,581.0,andheri  east,1.0,0,0,0,0,0
3900000.0,340.0,kandivali west,1.0,0,1,0,0,0
36000000.0,1786.0,kandivali east,3.0,1,1,1,0,1
3800000.0,300.0,andheri  east,1.0,0,1,0,0,0
5600000.0,600.0,sector 20 kharghar,1.0,0,1,1,1,0
2130000.0,560.0,nala sopara,1.0,0,1,0,0,0
19500000.0,855.0,dahisar,2.0,1,1,1,0,1
16000000.0,1680.0,kharghar,3.0,1,1,1,0,1
23500000.0,1035.0,kandivali west,3.0,1,1,0,0,0
4000000.0,650.0,ulwe,1.0,1,1,1,1,1
10700000.0,715.0,unknown,1.0,0,0,1,0,0
12700000.0,1385.0,kharghar,3.0,1,1,0,0,0
3100000.0,920.0,badlapur east,2.0,1,1,1,0,1
15000000.0,600.0,borivali west,2.0,0,1,0,0,0
4500000.0,880.0,kalyan east,2.0,0,0,0,0,0
2670000.0,630.0,kasheli,1.0,0,0,0,0,0
25600000.0,902.0,wadala,2.0,1,1,1,0,1
27599999.0,1530.0,thane west,3.0,1,1,0,0,0
4200000.0,640.0,kharghar,1.0,0,0,1,1,0
10000000.0,479.0,kandivali east,1.0,1,1,1,0,0
11500000.0,1390.0,mira road east,3.0,1,1,1,0,1
3700000.0,790.0,it colony,2.0,1,1,1,1,1
4700000.0,840.0,sriprastha,2.0,0,1,1,1,0
56000000.0,1960.0,ville parle east,4.0,0,1,0,0,0
60000000.0,1440.0,santacruz west,3.0,0,1,0,0,0
41500000.0,2195.0,goregaon,3.0,1,1,1,0,1
5990000.0,480.0,thane west,1.0,1,1,1,0,1
12000000.0,1010.0,unknown,2.0,1,1,1,0,1
3600000.0,640.0,dronagiri,1.0,0,1,0,0,0
17500000.0,1350.0,unknown,3.0,0,1,0,0,1
6300000.0,975.0,karanjade,2.0,0,0,0,0,0
10600000.0,1070.0,sector 10,2.0,0,0,1,1,0
2200000.0,589.0,palghar,1.0,1,1,0,0,1
21500000.0,1080.0,borivali east,2.0,1,1,1,0,1
7500000.0,606.0,dahisar west,1.0,0,0,0,0,0
8844000.0,1051.0,panvel,2.0,1,1,0,0,1
18500000.0,1130.0,hiranandani meadows,3.0,0,1,1,1,0
2600000.0,620.0,nalasopara west,1.0,0,1,0,0,0
6800000.0,925.0,ulwe,2.0,0,0,0,0,0
16500000.0,1065.0,kandivali east,3.0,0,0,1,1,0
20099999.0,1145.0,kalwa,2.0,0,0,1,1,0
4300000.0,800.0,unknown,1.0,0,1,0,1,0
9300000.0,1100.0,kharghar,2.0,1,1,0,0,0
2684000.0,385.0,unknown,1.0,0,0,0,0,0
3700000.0,640.0,kharghar,1.0,0,1,0,1,0
8000000.0,800.0,mira road east,2.0,0,1,1,0,0
11000000.0,1100.0,kharghar,2.0,0,0,1,1,0
6000000.0,650.0,sector 20 kharghar,1.0,0,1,1,1,0
5800000.0,650.0,kharghar,1.0,0,0,1,1,0
4500000.0,650.0,ulwe,1.0,0,1,0,0,0
2600000.0,500.0,naigaon east,1.0,1,0,1,1,1
2400000.0,580.0,nala sopara,1.0,1,1,0,0,0
5500000.0,655.0,kharghar,1.0,1,1,1,1,1
8000000.0,1300.0,unknown,2.0,1,1,0,0,1
11000000.0,1470.0,sector-18 ulwe,3.0,0,1,1,1,0
12500000.0,878.0,malad west,2.0,1,0,1,0,1
2399000.0,700.0,badlapur east,1.0,1,1,1,0,1
26500000.0,1052.0,kanjurmarg,3.0,1,0,0,0,1
8200000.0,550.0,thane west,1.0,0,0,0,0,0
2640000.0,560.0,taloja,1.0,1,1,0,0,1
8500000.0,1120.0,kharghar,2.0,1,1,0,0,0
2840000.0,466.0,ambernath east,1.0,0,1,1,1,0
115000000.0,3000.0,bandra east,4.0,1,1,0,0,1
36800000.0,825.0,parel,2.0,1,1,0,0,1
12800000.0,700.0,antop hill,1.0,1,1,1,1,0
9900000.0,1125.0,sector 10,2.0,0,0,1,1,0
9300000.0,960.0,mira road east,2.0,0,1,0,0,0
26000000.0,710.0,ville parle east,2.0,0,1,0,0,0
9100000.0,1168.0,kamothe,2.0,1,0,0,0,1
24000000.0,1300.0,dattapada,3.0,0,0,1,1,0
6500000.0,695.0,unknown,1.0,0,1,0,1,0
4004999.0,890.0,virar,2.0,1,1,1,0,1
5500000.0,558.0,thane west,1.0,0,1,0,0,0
16500000.0,1175.0,palm beach,2.0,0,1,1,1,1
11700000.0,560.0,dahisar,2.0,1,1,1,0,1
14000000.0,650.0,andheri  east,2.0,0,0,1,1,0
7650000.0,982.0,mira road east,2.0,0,1,0,0,0
2375000.0,525.0,kalyan east,1.0,1,0,1,0,1
12800000.0,750.0,thane west,2.0,1,1,1,0,1
2100000.0,585.0,nala sopara,1.0,1,0,0,0,0
16500000.0,1350.0,ghatkopar west,3.0,1,0,0,0,0
65000000.0,2450.0,andheri  west,4.0,1,1,1,1,1
2600000.0,788.0,naigaon east,1.0,0,1,0,0,0
3900000.0,724.0,taloja,1.0,1,0,0,0,1
9600000.0,650.0,borivali west,1.0,0,1,0,0,0
2110000.0,545.0,badlapur west,1.0,1,1,0,0,0
9000000.0,1050.0,mira road east,2.0,0,1,0,0,0
14000000.0,852.0,charkop sector 8,2.0,0,1,1,0,0
6100000.0,365.0,mira road east,1.0,0,1,1,0,1
32500000.0,2415.0,sector-9 ghansoli,4.0,0,1,0,1,0
14000000.0,1055.0,seawoods,2.0,1,1,1,0,1
19500000.0,1150.0,goregaon west,2.0,1,1,1,0,1
3500000.0,620.0,unknown,1.0,0,1,0,0,0
60000000.0,2500.0,lower parel,4.0,0,0,1,1,1
11500000.0,600.0,chembur,1.0,0,0,1,0,0
14800000.0,1300.0,thane west,3.0,1,1,0,0,1
2799000.0,570.0,nala sopara,1.0,0,1,0,0,0
11000000.0,1100.0,nerul,2.0,0,1,0,0,0
6400000.0,1010.0,karanjade,2.0,0,1,1,1,0
11100000.0,1310.0,sector-8 ulwe,3.0,0,1,1,1,1
11000000.0,1000.0,thane west,2.0,1,1,0,0,1
9600000.0,1100.0,kavesar,2.0,0,1,1,1,0
8900000.0,1475.0,sector 36 kharghar,3.0,0,0,1,1,0
8500000.0,1253.0,mira road east,3.0,1,1,1,0,1
10000000.0,1050.0,mira road east,2.0,1,1,0,0,0
12500000.0,1570.0,ulwe,3.0,0,0,0,0,0
7700000.0,950.0,mira road east,2.0,0,1,0,0,0
7700000.0,1110.0,kamothe,2.0,0,0,0,0,0
29200000.0,2905.0,ulwe,4.0,1,1,0,0,0
13000000.0,750.0,jogeshwari west,1.0,0,0,0,0,0
6200000.0,400.0,airoli,1.0,0,1,1,0,0
6600000.0,750.0,bhayandar east,2.0,0,1,0,0,0
12500000.0,650.0,santacruz east,1.0,0,0,0,0,0
16000000.0,1400.0,sector 20 kharghar,3.0,0,0,1,1,0
7000000.0,720.0,kharghar,1.0,1,1,0,0,1
41200000.0,1872.0,goregaon,4.0,1,1,1,0,1
2200000.0,400.0,shirgaon,1.0,0,1,1,1,0
11800000.0,1475.0,kharghar,3.0,0,1,1,1,1
8000000.0,971.0,kalyan west,2.0,1,1,1,0,1
9500000.0,979.0,kharghar,2.0,0,1,0,0,0
13600000.0,1680.0,unknown,3.0,1,1,1,1,1
8500000.0,700.0,unknown,1.0,1,1,0,0,0
5040000.0,300.0,kandivali east,1.0,1,1,1,0,1
11500000.0,600.0,tolaram colony,1.0,1,1,1,1,0
3550000.0,607.0,kalyan west,1.0,1,0,1,0,1
11000000.0,450.0,ville parle east,1.0,0,1,0,0,0
11399999.0,1550.0,kharghar,3.0,0,1,1,1,0
6600000.0,700.0,mira road east,1.0,1,1,0,0,1
15500000.0,1000.0,vakola pipeline road,2.0,0,1,1,0,0
32500000.0,840.0,ville parle east,2.0,0,1,0,0,0
8000000.0,600.0,sanpada,1.0,1,1,1,0,1
17500000.0,1150.0,goregaon west,2.0,1,0,0,0,1
90000000.0,5150.0,ghatkopar west,3.0,1,1,0,0,1
4500000.0,580.0,kharghar,1.0,0,0,1,1,0
65000000.0,2998.0,thane west,4.0,1,1,0,0,1
28300000.0,963.0,mulund west,3.0,1,1,1,0,1
12600000.0,1150.0,sector 12 kharghar,2.0,0,1,1,1,0
11500000.0,720.0,unknown,1.0,1,1,1,0,0
24500000.0,2326.0,chembur east,4.0,1,1,1,1,0
2075000.0,661.0,neral,1.0,0,0,0,0,0
38000000.0,1514.0,nerul,3.0,0,1,1,1,0
8500000.0,1000.0,ulwe,2.0,0,1,0,0,0
5000000.0,570.0,kharghar,1.0,0,1,0,1,0
7900000.0,565.0,kandivali east,1.0,0,1,1,0,1
17000000.0,776.0,unknown,2.0,1,1,1,0,1
8000000.0,1089.0,ulwe,2.0,0,1,0,0,0
2300000.0,590.0,nala sopara,1.0,1,1,1,0,0
3800000.0,623.0,karanjade,1.0,0,0,0,0,0
4275000.0,660.0,unknown,1.0,0,1,0,0,0
5000000.0,1000.0,unknown,2.0,0,0,0,0,0
6500000.0,630.0,kharghar,1.0,0,1,0,0,0
95000000.0,3100.0,bandra kurla complex,4.0,1,1,0,0,1
19500000.0,1800.0,koper khairane,3.0,0,1,0,0,0
6000000.0,740.0,kharghar,1.0,1,1,1,1,1
27900000.0,744.0,powai,2.0,1,1,1,0,1
13500000.0,900.0,borivali west,2.0,0,1,0,0,0
5600000.0,560.0,kharghar,1.0,0,1,0,0,0
101400000.0,2880.0,lower parel,3.0,0,1,1,0,1
7000000.0,627.0,kandivali,1.0,1,1,1,0,0
2888000.0,962.0,unknown,2.0,0,1,0,0,0
9500000.0,665.0,kandivali west,1.0,1,1,1,1,1
2950000.0,580.0,badlapur east,1.0,1,1,1,0,1
11500000.0,1142.0,ulwe,2.0,1,1,0,0,0
8000000.0,806.0,pant nagar,2.0,0,0,1,1,0
35100000.0,1020.0,powai,3.0,1,1,1,0,0
7618000.0,851.0,panvel,2.0,1,0,1,0,0
6200000.0,550.0,unknown,1.0,0,1,0,0,0
23000000.0,1800.0,kharghar,3.0,1,1,1,0,1
29400000.0,1618.0,goregaon east,3.0,0,1,0,0,1
24000000.0,1300.0,dattapada,3.0,0,1,1,1,0
16200000.0,1050.0,borivali west,2.0,0,0,0,0,0
13000000.0,1050.0,kharghar,2.0,1,1,0,0,1
5200000.0,950.0,nala sopara,2.0,1,1,1,0,1
8500000.0,1125.0,ulwe,2.0,0,0,0,0,0
12200000.0,1565.0,kamothe,3.0,0,0,1,1,0
9900000.0,1495.0,kalyan west,3.0,0,1,0,0,0
3500000.0,450.0,kalyan west,1.0,0,0,1,1,0
7100000.0,887.0,kamothe,2.0,0,1,1,1,0
47500000.0,1347.0,vile parle west,3.0,0,1,0,0,0
42500000.0,1850.0,andheri  west,3.0,1,1,0,0,1
29000000.0,1153.0,wadala,3.0,1,1,1,0,1
11000000.0,650.0,unknown,1.0,0,1,1,0,0
37000000.0,2310.0,unknown,3.0,1,1,1,0,1
6200000.0,675.0,thane west,1.0,1,1,0,0,0
11000000.0,1470.0,unknown,3.0,1,1,1,1,0
31300000.0,1043.0,borivali east,3.0,1,1,0,0,1
9500000.0,950.0,kharghar,2.0,0,1,0,0,0
11000000.0,1096.0,thane west,2.0,1,1,0,0,1
17500000.0,781.0,airoli,3.0,0,1,1,0,0
3700000.0,650.0,unknown,1.0,0,1,0,0,0
30000000.0,1700.0,ville parle east,3.0,1,1,0,1,0
22200000.0,1270.0,chembur east,2.0,0,1,1,0,0
35000000.0,1007.0,santacruz west,2.0,0,0,0,0,0
10000000.0,750.0,jogeshwari west,1.0,0,0,1,0,0
8000000.0,640.0,thane west,1.0,1,1,1,0,1
5500000.0,966.0,unknown,2.0,0,1,1,0,0
17500000.0,714.0,powai,1.0,1,1,0,0,1
9800000.0,595.0,dahisar,1.0,1,1,1,0,1
14000000.0,1077.0,kurla,2.0,0,0,0,0,0
11500000.0,1100.0,unknown,2.0,1,0,0,1,1
79900000.0,1836.0,parel,3.0,1,1,0,0,1
2500000.0,594.0,nala sopara,1.0,0,1,1,1,0
122500000.0,3150.0,worli,4.0,1,1,1,1,1
9100000.0,1110.0,kalyan west,2.0,1,1,1,0,1
3300000.0,699.0,ulwe,1.0,0,1,0,0,0
5000000.0,1155.0,dronagiri,2.0,0,0,1,1,0
6022000.0,730.0,mira road east,1.0,1,1,0,0,1
4602000.0,550.0,panvel,1.0,1,1,0,0,1
18500000.0,1050.0,borivali west,2.0,1,1,0,0,0
14000000.0,888.0,kandivali east,2.0,1,1,1,1,1
22750000.0,1057.0,andheri  west,2.0,1,1,1,0,1
13000000.0,1586.0,ulwe,3.0,1,1,0,0,1
12000000.0,750.0,vikroli east,2.0,0,1,0,0,0
8700000.0,595.0,borivali east,1.0,1,1,1,0,1
7500000.0,1155.0,ulwe,2.0,0,0,0,0,0
85000000.0,1800.0,juhu,4.0,0,0,0,0,0
9900000.0,1020.0,thane west,3.0,1,1,0,0,1
6000000.0,650.0,mira road east,1.0,1,1,1,0,1
4750000.0,960.0,kalyan west,2.0,1,1,0,0,0
16600000.0,1275.0,panvel,3.0,1,1,1,1,1
7500000.0,1145.0,vasai,2.0,0,1,1,0,0
15500000.0,950.0,jogeshwari west,2.0,0,0,0,0,0
4500000.0,603.0,sector 30 kharghar,1.0,0,0,1,1,0
10200000.0,644.0,ghatkopar west,1.0,0,1,1,0,1
5600000.0,1000.0,kalyan west,3.0,0,0,0,0,0
20000000.0,1070.0,powai,2.0,1,1,1,0,1
43000000.0,1850.0,dahisar,3.0,0,0,1,1,0
70000000.0,1503.0,tardeo,2.0,1,1,0,0,1
7500000.0,2302.0,borivali west,4.0,0,0,0,0,0
4700000.0,375.0,thane west,1.0,1,1,0,0,1
10500000.0,585.0,unknown,1.0,1,0,0,0,1
8500000.0,1300.0,unknown,3.0,0,1,0,0,0
30000000.0,850.0,matunga east,2.0,1,1,0,0,0
2500000.0,550.0,nala sopara,1.0,1,0,1,0,1
5600000.0,693.0,mira road east,1.0,0,1,1,0,1
9601000.0,1075.0,thane west,2.0,1,1,1,0,0
9100000.0,650.0,dahisar,1.0,1,1,1,0,0
7700000.0,950.0,mira road east,2.0,0,0,1,0,0
11500000.0,1240.0,ulwe,2.0,1,1,1,0,1
7400000.0,909.0,mira road east,2.0,1,1,1,0,1
12500000.0,557.0,chembur,2.0,0,0,0,0,0
9100000.0,1082.0,mira road east,2.0,1,1,0,0,1
5990000.0,905.0,thane west,2.0,1,1,1,0,1
16500000.0,1050.0,magathane,2.0,0,1,0,1,0
17000000.0,775.0,chedda nagar,2.0,1,1,0,0,1
17000000.0,700.0,ville parle east,1.0,0,0,0,0,0
3829999.0,627.0,virar,2.0,1,1,1,0,0
6000000.0,1040.0,sector 23 ulwe,2.0,0,0,0,0,0
11600000.0,1150.0,kharghar,2.0,1,1,1,0,1
26500000.0,1450.0,powai,3.0,1,1,1,0,1
26500000.0,1475.0,mulund west,2.0,1,1,1,0,1
15000000.0,950.0,dattapada,2.0,0,1,1,0,0
8100000.0,1010.0,mira road east,2.0,1,1,1,1,1
2585000.0,618.0,titwala,1.0,0,1,0,0,0
30500000.0,918.0,unknown,2.0,1,1,1,1,1
5200000.0,650.0,mira road east,1.0,0,0,0,0,0
22400000.0,1496.0,chembur,2.0,1,1,1,0,0
11100000.0,550.0,suburbs mumbai,1.0,1,0,1,1,0
9500000.0,1000.0,airoli,2.0,0,1,1,1,1
3000000.0,600.0,dombivali east,1.0,0,1,1,1,0
15400000.0,670.0,andheri  east,2.0,1,1,1,0,1
12000000.0,500.0,borivali west,1.0,1,1,0,0,0
12500000.0,878.0,chembur,1.0,1,0,1,0,1
18800000.0,985.0,powai,2.0,1,1,0,0,1
10000000.0,1100.0,kopar khairane sector 19a,2.0,1,0,1,1,0
8500000.0,525.0,kandivali east,1.0,1,0,1,1,1
20700000.0,742.0,mulund west,2.0,1,1,1,0,1
15900000.0,826.0,sion,2.0,1,1,1,0,0
15400000.0,1200.0,vasant vihar,3.0,1,1,1,1,0
7000000.0,1060.0,kalyan east,2.0,1,1,1,0,1
4100000.0,615.0,unknown,2.0,1,1,1,0,1
5400000.0,735.0,kamothe,1.0,0,1,1,0,0
7053000.0,1085.0,navi basti,2.0,0,0,0,0,0
14800000.0,1245.0,airoli,2.0,0,1,1,1,0
57500000.0,1266.0,santacruz west,3.0,0,1,0,0,0
11000000.0,800.0,malad east,1.0,0,1,1,0,0
13500000.0,1235.0,kharghar,2.0,1,1,1,1,0
2600000.0,400.0,navi basti,1.0,0,0,0,0,0
28000000.0,1500.0,jogeshwari west,3.0,1,1,0,0,1
7500000.0,2085.0,kharghar,4.0,0,1,0,0,0
2400000.0,550.0,nala sopara,1.0,1,1,1,0,1
7800000.0,735.0,sector 35i kharghar,1.0,0,0,1,0,0
28000000.0,1580.0,hiranandani meadows,3.0,1,1,1,1,0
42000000.0,1820.0,goregaon east,2.0,1,1,1,0,0
13500000.0,1000.0,thane west,2.0,0,0,0,0,0
4700000.0,648.0,ulwe,1.0,1,0,1,1,1
15000000.0,800.0,chembur,2.0,0,0,1,0,0
9300000.0,1078.0,kharghar,2.0,1,1,1,1,1
4500000.0,390.0,andheri  west,1.0,1,1,1,1,0
3100000.0,630.0,virar,1.0,0,1,0,0,0
10600000.0,1230.0,thane west,2.0,1,1,0,0,1
5800000.0,686.0,dombivali east,2.0,1,0,1,1,0
24000000.0,780.0,andheri  east,2.0,0,0,0,0,0
6200000.0,940.0,mira road and beyond,2.0,1,0,1,1,0
7700000.0,950.0,kalyan west,2.0,1,0,0,0,0
7500000.0,757.0,chembur east,1.0,1,1,1,0,1
2000000.0,780.0,boisar,2.0,1,0,0,0,1
5300000.0,520.0,mira road east,2.0,0,0,0,0,0
46000000.0,2580.0,thane west,4.0,1,0,1,0,1
3200000.0,820.0,badlapur east,2.0,0,1,0,0,0
12500000.0,800.0,kandivali east,2.0,1,1,1,0,1
19750000.0,1290.0,malad east,2.0,1,1,1,0,1
5999000.0,850.0,mira road east,1.0,0,1,0,0,0
3450000.0,625.0,kalyan west,1.0,1,1,1,0,1
15500000.0,1645.0,kharghar,4.0,1,1,1,1,1
21000000.0,1050.0,samata nagar,2.0,0,1,1,1,0
5800000.0,1050.0,mira road east,2.0,0,1,0,0,0
5500000.0,500.0,thane west,1.0,1,1,0,0,1
15200000.0,1245.0,thane west,3.0,1,1,1,0,1
23500000.0,1090.0,malad west,2.0,0,1,0,0,0
19500000.0,1100.0,goregaon east,2.0,1,1,0,0,1
2000000.0,540.0,vasind,1.0,0,0,1,1,0
50000000.0,1800.0,grant road west,3.0,0,0,1,1,0
9570000.0,1160.0,mira road east,2.0,1,1,0,0,1
8600000.0,590.0,dahisar east,1.0,0,0,0,0,0
12000000.0,1170.0,malad east,2.0,1,1,0,0,1
4713000.0,725.0,navi basti,1.0,1,0,0,0,1
7500000.0,697.0,malad east,1.0,1,1,0,0,1
2300000.0,820.0,boisar,2.0,0,1,0,0,1
9000000.0,1150.0,mira road east,2.0,0,1,0,0,0
5300000.0,555.0,kalwa,1.0,0,0,1,1,0
14900000.0,1245.0,airoli,2.0,0,1,1,0,0
5800000.0,802.0,bhiwandi,2.0,0,1,1,1,0
5200000.0,590.0,kharghar,1.0,0,0,1,1,0
7500000.0,1155.0,ulwe,2.0,0,1,0,0,0
11900000.0,1585.0,sector 6,3.0,1,1,0,0,1
11000000.0,900.0,kurla west,2.0,0,1,0,0,0
14900000.0,850.0,malad west,2.0,1,1,1,0,1
16000000.0,650.0,andheri  west,1.0,0,1,0,0,0
4500000.0,650.0,taloja,1.0,0,1,1,0,0
3000000.0,560.0,virar,1.0,1,1,1,0,1
8100000.0,455.0,mira road east,2.0,1,1,1,0,1
4199000.0,625.0,thane west,1.0,1,1,1,0,1
11600000.0,1585.0,sector-3 ulwe,3.0,0,1,1,1,0
3999000.0,918.0,ambernath east,2.0,1,1,0,0,0
23800000.0,943.0,unknown,3.0,1,0,0,0,1
3900000.0,583.0,ulwe,1.0,0,1,0,0,0
12900000.0,666.0,chembur,1.0,0,0,1,0,0
9000000.0,560.0,thakur village kandivali east,1.0,0,0,0,0,0
22000000.0,1266.0,malad east,2.0,0,1,0,0,1
6000000.0,759.0,kharghar,1.0,1,1,1,1,1
10000000.0,1300.0,kalyan west,3.0,1,1,0,0,0
35000000.0,1600.0,andheri  west,4.0,1,0,1,1,0
11299999.0,900.0,goregaon east,2.0,1,0,0,0,0
3200000.0,650.0,virar,1.0,1,1,0,0,1
18200000.0,980.0,powai,2.0,0,1,0,0,1
3150000.0,585.0,kalyan west,1.0,1,1,0,0,1
10000000.0,1129.0,koper khairane,2.0,0,1,0,0,0
5100000.0,650.0,ulwe,1.0,0,0,1,0,0
8997000.0,1166.0,majiwada,2.0,1,1,1,1,1
10000000.0,600.0,borivali east,1.0,1,1,0,0,1
28700000.0,1600.0,powai,3.0,1,1,1,0,1
85000000.0,2800.0,khar west,4.0,1,1,0,0,0
8100000.0,560.0,mira road east,2.0,0,1,0,0,0
4200000.0,600.0,ulwe,1.0,0,1,0,0,0
12000000.0,1275.0,mira road east,3.0,1,1,0,0,1
7000000.0,950.0,kalyan west,2.0,0,0,0,0,0
3350000.0,650.0,vasai,1.0,0,1,1,1,0
4500000.0,550.0,kamothe,1.0,0,1,0,0,0
7500000.0,1114.0,kamothe,2.0,1,1,1,0,1
16500000.0,1050.0,dattapada,2.0,0,1,1,0,0
2500000.0,620.0,nalasopara west,1.0,0,1,0,0,0
6800000.0,800.0,kalyan west,2.0,0,0,0,0,0
6500000.0,929.0,dombivali,2.0,1,1,1,1,1
7700000.0,2040.0,sector9 kamothe,4.0,1,1,1,1,0
4000000.0,910.0,unknown,2.0,1,0,0,0,1
4400000.0,670.0,ulwe,1.0,1,1,0,0,1
16450000.0,1154.0,vashi,2.0,1,1,0,0,1
13000000.0,1800.0,kharghar,3.0,1,1,1,1,1
28400000.0,909.0,ville parle east,2.0,1,1,1,0,1
23300000.0,1395.0,malad west,3.0,0,0,0,0,1
22300000.0,1450.0,andheri  east,3.0,1,1,1,0,1
11299999.0,1389.0,mira road east,3.0,1,1,0,0,1
5800000.0,1064.0,taloja,2.0,0,0,0,1,0
7495999.0,890.0,vartak nagar,2.0,0,1,1,1,0
21000000.0,784.0,kandivali west,3.0,1,1,1,0,0
4200000.0,520.0,thane west,1.0,1,1,1,1,1
15000000.0,2150.0,kalamboli,3.0,1,1,1,0,1
12000000.0,1415.0,kharghar,3.0,1,1,1,1,1
25000000.0,850.0,bandra west,2.0,0,1,1,0,0
14500000.0,1075.0,kandivali west,2.0,0,1,0,0,0
4900000.0,980.0,nala sopara,2.0,1,1,1,0,0
80000000.0,2000.0,unknown,4.0,1,1,0,0,0
19000000.0,1035.0,goregaon east,2.0,0,0,0,1,1
4000000.0,650.0,kharghar,1.0,0,1,0,0,0
77500000.0,3507.0,goregaon,6.0,1,1,1,1,1
9800000.0,936.0,unknown,2.0,0,0,1,1,0
3300000.0,590.0,koproli,1.0,1,1,1,0,0
19200000.0,1202.0,unknown,2.0,1,1,1,0,1
2374000.0,634.0,ambernath west,1.0,0,1,1,0,0
28500000.0,1495.0,unknown,3.0,0,1,1,1,0
15500000.0,1365.0,ghansoli,3.0,1,1,0,0,1
22000000.0,1300.0,jankalyan nagar,3.0,0,1,1,1,0
3750000.0,620.0,vasai west,1.0,0,0,0,0,0
2875000.0,324.0,thane west,1.0,1,1,0,0,1
4380000.0,610.0,kalyan west,2.0,0,1,1,1,0
9500000.0,900.0,kharghar,2.0,1,1,1,1,0
13000000.0,825.0,borivali west,2.0,1,1,0,0,0
2100000.0,504.0,nala sopara,1.0,1,1,1,0,1
17500000.0,1000.0,chembur,2.0,1,1,1,1,1
10200000.0,1050.0,kharghar,2.0,1,1,1,1,1
2450000.0,2350.0,unknown,4.0,1,1,1,0,1
15800000.0,848.0,thane west,2.0,1,1,1,0,1
13300000.0,1158.0,thane west,2.0,1,1,0,0,1
8600000.0,1026.0,mira road east,2.0,1,1,0,0,1
9200000.0,1000.0,kalwa,2.0,0,1,0,0,0
6000000.0,810.0,mira road and beyond,2.0,1,1,1,1,0
8000000.0,490.0,dahisar west,1.0,0,0,0,0,0
8100000.0,965.0,mira road east,2.0,1,1,0,0,1
2750000.0,590.0,naigaon east,1.0,1,1,1,1,1
28500000.0,1050.0,powai,2.0,1,1,1,1,0
26500000.0,1200.0,borivali west,3.0,0,0,0,0,0
13000000.0,910.0,hiranandani estates,2.0,1,1,0,0,1
14500000.0,900.0,thane west,2.0,0,1,0,0,0
22500000.0,1650.0,borivali west,3.0,1,1,0,0,0
3250000.0,635.0,virar,1.0,0,1,0,0,0
13000000.0,1150.0,thane west,3.0,1,1,1,0,1
7000000.0,345.0,mulund east,1.0,0,1,0,0,0
13799999.0,746.0,thane west,2.0,1,1,1,0,1
4000000.0,695.0,kalyan west,1.0,1,1,1,0,1
21000000.0,1771.0,roadpali,3.0,1,1,0,1,1
7600000.0,1055.0,sector 2 ulwe,2.0,1,0,1,1,0
6300000.0,730.0,bhayandar east,2.0,0,1,0,0,0
11000000.0,1255.0,sector 21 kamothe,2.0,1,1,1,1,0
40000000.0,1100.0,ville parle east,3.0,0,1,0,0,0
11000000.0,652.0,malad east,1.0,0,1,0,0,0
7900000.0,925.0,mira road east,2.0,0,0,0,0,0
20200000.0,725.0,mulund west,2.0,1,1,1,0,1
4500000.0,693.0,mira road east,1.0,1,1,1,0,1
9300000.0,1075.0,panvel,2.0,1,1,1,0,1
8000000.0,650.0,dahisar w,1.0,0,0,1,0,0
9000000.0,985.0,parsik nagar,2.0,0,1,0,1,0
18200000.0,915.0,powai,2.0,1,1,1,0,1
4700000.0,800.0,vasai west,2.0,0,1,0,0,0
4095000.0,980.0,virar,2.0,1,1,1,0,1
15500000.0,610.0,sewri,1.0,0,0,0,0,0
2350000.0,525.0,nala sopara,1.0,0,1,0,0,0
28500000.0,1200.0,goregaon east,2.0,1,1,1,0,0
31000000.0,1825.0,nerul,3.0,1,0,1,1,1
5000000.0,625.0,kalyan west,1.0,0,1,0,0,0
2850000.0,575.0,diva gaon,1.0,0,1,0,0,0
15000000.0,1685.0,kharghar,3.0,1,1,1,1,1
10500000.0,1370.0,sector-13 kharghar,3.0,0,1,1,1,0
30000000.0,1450.0,magathane,3.0,0,1,1,1,0
16000000.0,995.0,powai,2.0,1,1,1,1,1
6200000.0,655.0,mira road east,1.0,1,1,1,0,1
2500000.0,545.0,virar east,1.0,0,0,0,0,0
9250000.0,1232.0,mira road east,2.0,1,1,1,1,1
3100000.0,659.0,virar,1.0,1,1,0,0,1
3663000.0,666.0,dombivali,1.0,1,1,0,0,1
13799999.0,1635.0,ulwe,3.0,1,1,1,1,1
8500000.0,484.0,kanjurmarg,1.0,1,1,1,0,1
3200000.0,890.0,kewale,2.0,1,0,0,0,0
22500000.0,830.0,magathane,2.0,0,1,1,0,0
4900000.0,690.0,kharghar,1.0,0,0,0,0,0
4800000.0,1600.0,panvel,2.0,0,0,1,0,0
7300000.0,1000.0,kharghar,2.0,1,1,1,1,1
15500000.0,927.0,mulund west,2.0,1,1,1,0,1
26700000.0,1127.0,andheri  west,3.0,1,0,0,0,0
24000000.0,1495.0,kandivali,3.0,1,1,1,0,1
3950000.0,630.0,ulwe,1.0,0,1,0,0,0
13500000.0,1386.0,mira road east,3.0,1,1,0,0,1
32000000.0,1529.0,kandivali west,3.0,0,1,1,0,0
8000000.0,1000.0,mira road east,2.0,1,1,1,0,1
52500000.0,1450.0,khar west,3.0,1,1,1,1,0
16700000.0,2200.0,kharghar,4.0,1,1,1,1,1
14200000.0,780.0,unknown,2.0,0,0,0,0,0
41500000.0,1820.0,goregaon east,3.0,1,1,1,0,1
81600000.0,3888.0,goregaon west,4.0,1,1,1,1,1
9377000.0,952.0,thane west,2.0,0,1,1,0,0
11200000.0,1106.0,thane west,2.0,1,1,1,1,1
10100000.0,1574.0,kharghar,3.0,1,1,1,0,0
4000000.0,750.0,taloja,1.0,0,1,1,1,0
27000000.0,1750.0,kandivali east,3.0,1,1,1,0,1
2400000.0,620.0,vangani,1.0,0,1,1,0,0
16000000.0,1150.0,powai,2.0,1,1,1,0,1
16500000.0,1560.0,ulwe,3.0,0,0,0,0,0
7890000.0,534.0,kandivali east,1.0,1,1,1,0,1
17500000.0,1241.0,manpada near tiku ji ni wadi,3.0,0,1,0,1,0
4000000.0,715.0,taloja,1.0,0,0,1,1,0
7400000.0,980.0,ulwe,2.0,0,0,0,0,0
16000000.0,1054.0,kanjurmarg,2.0,1,1,1,0,1
4095000.0,900.0,virar,2.0,1,1,0,0,1
3400000.0,572.0,andheri  east,1.0,0,1,0,0,0
12500000.0,1650.0,kharghar,3.0,1,1,0,0,0
15600000.0,1750.0,koper khairane,3.0,0,0,0,0,0
25200000.0,969.0,andheri  east,2.0,1,1,1,0,1
7500000.0,1150.0,ulwe,2.0,0,1,1,0,0
10700000.0,1100.0,unknown,2.0,1,1,1,0,1
5400000.0,761.0,thane west,2.0,0,1,1,0,1
10500000.0,1187.0,sector-18 ulwe,2.0,1,1,1,0,0
10500000.0,1155.0,kharghar,2.0,1,1,1,1,1
10100000.0,548.0,malad west,1.0,1,1,1,0,1
11000000.0,1440.0,sector 20 kharghar,3.0,0,0,0,0,0
14000000.0,861.0,borivali east,2.0,0,1,0,0,0
6500000.0,660.0,kalwa,1.0,1,1,0,0,0
11100000.0,886.0,thane west,2.0,1,1,0,0,1
21500000.0,1345.0,hiranandani meadows,3.0,1,1,1,1,0
2900000.0,679.0,nala sopara,1.0,0,1,0,0,0
9000000.0,505.0,dahisar,1.0,0,1,0,0,0
100000000.0,3313.0,napeansea road,4.0,1,1,1,1,1
2600000.0,580.0,nala sopara,1.0,0,1,0,0,0
2300000.0,500.0,naigaon east,1.0,1,0,0,0,0
8198999.0,1050.0,mira road east,2.0,0,1,1,0,0
19000000.0,752.0,kanjurmarg,2.0,1,0,0,0,1
39000000.0,1300.0,vasant vihar,4.0,0,0,1,1,0
5000000.0,528.0,thane west,1.0,1,1,1,0,1
18200000.0,941.0,goregaon west,2.0,1,1,0,0,1
2200000.0,500.0,unknown,1.0,1,1,1,0,1
4000000.0,750.0,palava,1.0,0,0,0,0,0
8100000.0,650.0,mira road east,2.0,0,0,0,0,0
3400000.0,650.0,ulwe,1.0,0,1,0,0,0
4100000.0,600.0,kharghar,1.0,1,1,1,1,1
8900000.0,1150.0,sector-18 ulwe,2.0,0,1,1,1,0
3500000.0,670.0,it colony,2.0,1,1,1,1,1
35000000.0,1835.0,samata nagar thakur village,3.0,1,1,1,0,1
29000000.0,1050.0,shastri nagar,3.0,1,0,1,1,0
5700000.0,657.0,kalwa,1.0,0,1,0,0,0
8500000.0,867.0,kamothe,2.0,1,1,1,1,1
17500000.0,729.0,mulund west,2.0,1,1,1,0,1
7000000.0,450.0,unknown,1.0,1,1,1,1,0
26000000.0,1350.0,no 9,3.0,0,1,1,1,0
9500000.0,1400.0,kamothe,3.0,1,1,1,0,1
2178000.0,605.0,boisar,1.0,1,0,0,0,1
19850000.0,850.0,goregaon east,2.0,0,1,0,0,0
14500000.0,775.0,goregaon west,2.0,1,1,0,1,1
8500000.0,1045.0,kalyan west,2.0,1,1,1,1,1
37000000.0,1426.0,deonar,3.0,1,1,1,1,0
3999000.0,688.0,kalyan west,1.0,0,1,0,0,0
5300000.0,545.0,royal palms goregaon east,1.0,0,0,0,0,0
27000000.0,1281.0,unknown,2.0,1,1,1,0,1
29400000.0,1984.0,unknown,4.0,1,1,1,0,1
35000000.0,2450.0,kandivali east,4.0,1,0,1,0,1
31500000.0,1786.0,kandivali east,3.0,0,1,1,0,1
2580000.0,605.0,nala sopara,1.0,1,1,1,0,1
10100000.0,739.0,mira road east,3.0,1,1,0,0,0
150000000.0,2305.0,breach candy,4.0,0,1,1,1,0
12000000.0,585.0,goregaon west,1.0,1,1,1,0,1
5401000.0,461.0,thane west,1.0,1,0,1,0,0
5994000.0,750.0,mira road east,1.0,1,0,0,1,0
11500000.0,1120.0,kurla west,2.0,0,0,0,0,0
8500000.0,950.0,koper khairane,2.0,0,0,0,0,0
8400000.0,1020.0,thane west,2.0,0,1,0,0,1
16500000.0,1585.0,unknown,3.0,1,1,1,1,1
8000000.0,1155.0,mira road east,2.0,1,1,1,0,1
9000000.0,702.0,ghansoli,1.0,1,0,0,0,1
17500000.0,1050.0,chembur,2.0,1,1,1,1,0
17500000.0,1335.0,belapur,2.0,1,1,1,1,1
5500000.0,1000.0,nala sopara,2.0,0,1,0,0,0
9750000.0,1050.0,andheri  east,1.0,1,1,1,0,1
20200000.0,1190.0,goregaon east,2.0,0,0,0,0,0
11500000.0,450.0,santacruz east,1.0,0,1,0,0,0
5700000.0,650.0,mira road east,1.0,1,1,0,0,0
9000000.0,492.0,dahisar,1.0,0,1,0,0,0
3600000.0,800.0,unknown,2.0,0,0,0,0,0
12900000.0,1235.0,mira road east,2.0,1,1,1,0,1
5600000.0,600.0,dahisar,1.0,1,1,0,0,1
31500000.0,1356.0,andheri  east,3.0,1,1,1,1,1
21300000.0,1160.0,malad east,2.0,1,1,0,0,1
18500000.0,1000.0,mulund west,2.0,1,1,0,0,0
9226000.0,580.0,unknown,2.0,1,0,0,0,1
9500000.0,1215.0,kharghar,2.0,1,1,0,0,0
16500000.0,1090.0,kandivali east,2.0,1,1,1,0,0
10500000.0,700.0,powai,1.0,0,1,0,0,0
6200000.0,1075.0,virar west,2.0,1,1,0,0,0
20500000.0,1150.0,unknown,2.0,0,1,1,1,0
2400000.0,540.0,naigaon east,1.0,0,1,0,0,0
11399999.0,1550.0,kharghar,3.0,1,0,1,0,0
8000000.0,950.0,kharghar,2.0,0,0,1,1,0
3308000.0,973.0,boisar,1.0,1,0,1,0,1
4850000.0,300.0,borivali west,1.0,0,1,0,0,0
11500000.0,960.0,cbd belapur east,2.0,1,0,0,0,1
3446000.0,426.0,unknown,1.0,1,1,1,0,1
4250000.0,640.0,unknown,1.0,0,1,0,0,0
5760000.0,625.0,thane west,1.0,1,1,1,0,0
13500000.0,1400.0,kharghar,3.0,1,1,1,1,1
10000000.0,750.0,malad west,1.0,1,1,0,1,1
9230000.0,1230.0,thane west,3.0,0,1,1,0,1
2100000.0,625.0,mumbai central,1.0,1,1,1,1,0
27000000.0,3000.0,goregaon east,5.0,0,0,0,0,0
30000000.0,1815.0,malad west,3.0,0,1,1,1,0
4785000.0,937.0,dombivali,2.0,1,1,0,0,1
3600000.0,690.0,taloja bypass nitalas link road,1.0,0,1,1,0,0
5600000.0,635.0,sector 19 kharghar,1.0,0,0,1,1,0
8500000.0,800.0,mira road east,2.0,0,1,1,0,0
6500000.0,1050.0,mira road east,2.0,1,1,1,0,0
7000000.0,680.0,airoli,1.0,0,0,0,0,0
6650000.0,750.0,thane west,1.0,1,1,1,0,1
3735000.0,830.0,virar,1.0,1,1,1,0,1
9500000.0,1100.0,sector-18 ulwe,2.0,0,1,1,1,0
15000000.0,650.0,andheri  west,1.0,0,0,0,0,1
29000000.0,900.0,andheri  east,2.0,0,0,0,0,0
17100000.0,972.0,kanjurmarg,2.0,1,0,0,0,1
3985000.0,575.0,kalyan,1.0,0,1,0,0,1
8650000.0,600.0,malad west,1.0,0,1,1,0,0
14100000.0,625.0,chembur,1.0,0,0,1,0,0
4950000.0,635.0,kamothe,1.0,0,0,1,1,0
9500000.0,640.0,malad west,1.0,0,1,0,0,0
3799000.0,830.0,virar,2.0,1,1,1,0,0
8500000.0,1150.0,mira road east,2.0,0,1,1,0,0
6300000.0,550.0,thane west,1.0,1,1,0,0,1
7800000.0,1000.0,kharghar,2.0,0,1,1,1,0
13899999.0,893.0,kandivali west,2.0,1,1,1,0,1
2600000.0,503.0,thane west,1.0,1,1,1,1,0
2300000.0,500.0,naigaon east,1.0,1,1,1,1,0
19750000.0,820.0,malad east,2.0,1,1,1,1,0
3500000.0,695.0,vasai,1.0,0,1,0,0,0
5200000.0,850.0,kamothe,1.0,1,1,1,1,0
17000000.0,580.0,ville parle east,1.0,0,0,0,0,0
3100000.0,690.0,virar,1.0,1,1,1,0,1
13100000.0,1400.0,unknown,3.0,1,1,0,0,1
9100000.0,920.0,thane west,2.0,1,1,0,0,0
5000000.0,520.0,unknown,1.0,1,1,1,1,1
5300000.0,560.0,thane belapur road kalwa,1.0,0,0,0,0,0
6000000.0,621.0,shil phata,2.0,0,0,0,0,0
6400000.0,365.0,kandivali east,1.0,1,0,1,0,1
3200000.0,615.0,naigaon east,1.0,0,1,0,0,1
14950000.0,1700.0,kharghar,3.0,1,1,0,1,1
8400000.0,605.0,kandivali west,1.0,0,0,0,0,0
8000000.0,1300.0,panvel,2.0,1,0,1,0,1
10100000.0,1431.0,kalyan west,3.0,1,1,1,0,1
14800000.0,669.0,malad west,2.0,1,0,1,0,1
11900000.0,890.0,thane west,2.0,1,1,1,0,1
8000000.0,1050.0,mira road east,2.0,1,0,0,0,1
10800000.0,841.0,thane west,2.0,1,1,1,0,1
7500000.0,580.0,borivali west,1.0,0,1,0,0,0
9800000.0,873.0,unknown,2.0,0,0,0,0,0
8200000.0,1005.0,panvel,2.0,0,1,1,1,0
2451000.0,570.0,nala sopara,1.0,1,1,0,1,1
27000000.0,853.0,ville parle east,2.0,1,1,1,0,1
11500000.0,1227.0,sector 35i kharghar,2.0,1,1,1,0,1
8000000.0,1020.0,panvel,2.0,1,1,1,0,0
54500000.0,1142.0,andheri  west,3.0,1,0,1,0,1
16900000.0,700.0,ghatkopar west,2.0,0,1,1,0,1
7430000.0,965.0,mira road east,2.0,1,1,1,0,1
53000000.0,1130.0,matunga,3.0,1,1,0,0,0
4100000.0,465.0,kalyan west,1.0,0,1,1,1,0
2850000.0,585.0,nala sopara,1.0,0,1,1,1,0
19750000.0,551.0,malad east,2.0,1,1,1,0,0
37000000.0,1600.0,andheri  west,3.0,1,1,0,0,1
2600000.0,840.0,boisar,2.0,1,1,1,0,1
30000000.0,900.0,matunga east,2.0,0,0,0,0,0
2400000.0,690.0,ambernath west,1.0,0,1,1,0,1
27500000.0,1545.0,powai,3.0,1,1,1,1,1
12900000.0,766.0,thane west,2.0,0,1,0,0,0
17700000.0,771.0,malad west,2.0,0,0,0,0,1
21000000.0,1135.0,bhakti park,2.0,1,1,1,0,0
12200000.0,880.0,borivali east,2.0,0,1,0,0,0
80000000.0,3498.0,worli,3.0,1,1,1,1,1
12400000.0,674.0,kolshet road,1.0,0,0,1,1,0
10500000.0,1674.0,kalyan west,4.0,1,1,0,0,1
4150000.0,990.0,koproli,2.0,1,0,0,0,0
11500000.0,560.0,malad west,1.0,0,0,0,0,0
5900000.0,424.0,mira road east,1.0,1,1,0,0,0
24800000.0,1080.0,unknown,2.0,0,0,0,0,0
22000000.0,788.0,andheri  west,3.0,1,1,0,0,1
4396000.0,774.0,dombivali,1.0,1,0,1,1,1
10000000.0,1505.0,kharghar,3.0,0,1,1,1,0
7000000.0,1060.0,sector 5 ulwe,2.0,1,0,1,1,0
4400000.0,650.0,ulwe,1.0,1,1,1,0,0
4400000.0,880.0,dronagiri,1.0,0,1,1,0,0
19500000.0,1600.0,kharghar,3.0,0,1,1,0,1
51900000.0,2260.0,andheri  west,3.0,1,1,1,0,1
5800000.0,663.0,kalyan west,2.0,0,1,1,1,0
6120000.0,720.0,mira road east,1.0,0,0,1,0,1
8000000.0,1095.0,kamothe,2.0,0,0,0,0,0
18500000.0,661.0,unknown,2.0,1,1,1,0,1
41500000.0,1850.0,andheri  west,3.0,0,1,1,0,1
8500000.0,750.0,jogeshwari west,1.0,0,1,1,0,0
2100000.0,400.0,dombivali east,1.0,0,0,0,0,0
15000000.0,800.0,chembur,2.0,1,0,0,0,0
22000000.0,1100.0,andheri  east,3.0,1,1,0,0,1
9500000.0,700.0,malad west,1.0,1,1,1,0,1
16500000.0,1000.0,powai,2.0,1,1,1,0,1
10800000.0,858.0,panvel,2.0,1,0,1,0,0
5699000.0,905.0,thane west,2.0,1,1,1,0,1
18000000.0,950.0,unknown,3.0,0,0,0,0,0
6500000.0,650.0,sector 20 kharghar,1.0,0,0,1,1,0
9000000.0,550.0,bhandup west,2.0,0,1,1,0,0
10000000.0,1990.0,unknown,4.0,1,1,1,0,1
9500000.0,780.0,airoli,1.0,1,0,0,0,0
3800000.0,685.0,karanjade,1.0,0,0,0,0,0
7500000.0,980.0,ulwe,2.0,1,0,1,1,1
13200000.0,935.0,malad west,2.0,1,1,1,1,1
4000000.0,713.0,kalyan west,1.0,0,1,0,0,1
11000000.0,1545.0,kalyan west,3.0,1,1,1,0,1
6200000.0,740.0,ulwe,1.0,0,0,1,1,1
5600000.0,650.0,kharghar,1.0,1,1,1,1,1
7500000.0,750.0,panvel,2.0,1,1,0,0,1
12500000.0,1100.0,kharghar,2.0,1,1,1,0,0
11500000.0,800.0,kondivita road,1.0,0,1,1,1,0
18500000.0,970.0,powai,2.0,1,1,1,0,1
5300000.0,300.0,unknown,1.0,0,0,0,0,0
25800000.0,1126.0,mulund west,3.0,0,0,0,0,0
6800000.0,574.0,dahisar,1.0,1,1,0,0,1
15500000.0,1530.0,kharghar,3.0,1,1,1,1,1
10000000.0,1161.0,kharghar,2.0,1,0,1,0,0
14500000.0,750.0,deonar,1.0,1,1,1,0,1
7500000.0,950.0,kharghar,2.0,1,1,1,1,1
8500000.0,1000.0,sector 36 kharghar,2.0,1,0,0,0,1
10400000.0,1129.0,kamothe,2.0,0,0,1,1,0
11500000.0,575.0,borivali west,1.0,0,0,0,0,0
35000000.0,1080.0,juhu,2.0,0,1,0,0,0
11500000.0,1450.0,unknown,3.0,1,1,1,1,0
7050000.0,1000.0,kharghar,2.0,0,1,1,1,0
2550000.0,355.0,nalasopara west,1.0,0,1,0,0,0
9000000.0,661.0,borivali west,1.0,0,1,1,0,1
25500000.0,878.0,andheri  east,3.0,1,1,1,0,1
3892000.0,865.0,unknown,2.0,1,1,1,0,1
4200000.0,640.0,ulwe,1.0,0,1,0,0,0
11500000.0,1350.0,ulwe,2.0,1,1,0,0,1
33000000.0,2519.0,unknown,4.0,1,1,0,0,1
6450000.0,610.0,thane west,1.0,1,1,0,0,1
19500000.0,1120.0,powai,2.0,1,1,1,0,1
17900000.0,1250.0,goregaon west,2.0,1,0,0,0,1
18800000.0,772.0,unknown,2.0,0,1,0,0,0
5700000.0,670.0,kamothe,1.0,1,1,0,1,0
15600000.0,613.0,mulund east,2.0,0,0,0,0,0
5400000.0,675.0,mira road east,1.0,0,1,1,0,0
8650000.0,600.0,malad west,1.0,0,0,0,0,0
4400000.0,667.0,ulwe,1.0,0,0,0,0,0
7700000.0,1110.0,kharghar,2.0,1,1,0,1,1
8599000.0,440.0,panvel,2.0,1,1,0,0,1
8500000.0,500.0,jogeshwari west,1.0,0,1,0,0,0
15000000.0,1730.0,kharghar,3.0,0,1,1,1,1
5556000.0,902.0,haware city,2.0,1,1,1,0,1
22000000.0,1350.0,belapur,3.0,1,1,0,0,1
5555000.0,1010.0,dombivali,3.0,0,1,0,0,1
13500000.0,880.0,wadala,2.0,0,0,0,0,0
2550000.0,590.0,nala sopara,1.0,0,1,0,0,0
10500000.0,400.0,link road,1.0,0,1,1,1,0
11800000.0,750.0,unknown,2.0,0,1,0,0,0
7815000.0,575.0,mira road east,2.0,1,1,1,1,1
12000000.0,950.0,sanpada,2.0,0,0,0,0,0
16500000.0,1054.0,ghatkopar west,2.0,1,1,0,0,1
12600000.0,1012.0,unknown,2.0,1,1,1,0,1
10500000.0,780.0,thakur complex,1.0,0,0,1,1,0
4200000.0,910.0,virar,2.0,1,1,1,0,1
10900000.0,838.0,thane west,2.0,1,1,0,0,0
25000000.0,1350.0,andheri  east,2.0,0,0,0,0,0
7800000.0,1010.0,mira road east,2.0,0,1,0,0,0
4850000.0,600.0,kharghar,1.0,0,1,1,1,0
26000000.0,1250.0,andheri  west,3.0,1,1,0,0,0
18000000.0,1350.0,goregaon west,3.0,1,0,1,0,1
2000000.0,1252.0,unknown,1.0,1,1,0,0,0
5250000.0,700.0,mira road east,1.0,0,1,0,0,0
2850000.0,540.0,naigaon east,1.0,1,1,1,1,0
4000000.0,660.0,taloja,1.0,1,1,1,0,1
9500000.0,750.0,unknown,1.0,0,0,0,0,0
11500000.0,1170.0,thane west,2.0,1,1,1,0,1
5000000.0,791.0,dombivali,2.0,1,0,1,1,1
20000000.0,950.0,unknown,2.0,1,1,1,1,1
8500000.0,685.0,unknown,1.0,1,1,1,0,1
14000000.0,700.0,borivali east,2.0,0,0,0,0,0
8700000.0,980.0,kharghar,2.0,0,1,0,1,1
2350000.0,550.0,nala sopara,1.0,0,1,0,0,0
9250000.0,770.0,kalwa,2.0,0,0,1,1,0
13200000.0,768.0,pokharan road,2.0,0,0,0,1,0
4500000.0,450.0,anjurdive,1.0,1,1,1,0,1
7000000.0,750.0,panvel,2.0,1,0,0,0,1
4500000.0,565.0,mira road east,1.0,0,1,0,0,0
5900000.0,1015.0,karanjade,2.0,1,1,1,0,0
14200000.0,1100.0,powai,2.0,1,1,0,0,1
54100000.0,1740.0,thane west,4.0,1,1,1,0,1
12800000.0,750.0,pokhran road no 2,2.0,0,1,1,1,0
22500000.0,1350.0,mulund west,3.0,1,0,0,0,0
18000000.0,1100.0,andheri,2.0,1,1,1,1,1
7300000.0,600.0,airoli,1.0,0,0,0,0,0
7500000.0,950.0,panvel,2.0,1,0,1,0,1
4800000.0,661.0,mira road east,1.0,1,1,1,1,1
9200000.0,1127.0,ulwe,2.0,0,0,0,0,0
4500000.0,705.0,panvel,1.0,0,1,0,0,0
8800000.0,650.0,malad west,1.0,1,1,1,1,1
22200000.0,900.0,andheri,3.0,0,1,1,0,0
15000000.0,1075.0,kandivali east,2.0,0,0,0,0,0
7150000.0,1050.0,ulwe,2.0,0,1,0,0,0
7000000.0,1012.0,kamothe,2.0,0,0,1,1,0
14950000.0,2030.0,kharghar,3.0,1,0,1,1,1
6700000.0,925.0,kalamboli,2.0,1,1,1,0,1
2600000.0,390.0,kharghar,1.0,0,1,0,0,0
36400000.0,1193.0,andheri  west,3.0,1,0,1,1,1
4600000.0,846.0,nala sopara,2.0,1,1,1,0,1
31000000.0,1475.0,kandivali east,3.0,1,1,1,0,1
2836000.0,709.0,ambernath west,1.0,0,1,0,0,0
16500000.0,980.0,sion,2.0,1,1,0,0,0
13899999.0,1200.0,marol,2.0,0,1,0,0,0
3700000.0,640.0,panvel,1.0,0,1,1,0,0
5500000.0,450.0,sector16 airoli,1.0,0,0,1,1,0
4900000.0,665.0,unknown,1.0,1,1,1,1,0
4250000.0,560.0,haware city,1.0,1,1,0,0,1
10000000.0,546.0,goregaon west,1.0,1,1,0,0,0
7000000.0,1080.0,sector 20 kharghar,2.0,1,1,1,1,0
11399999.0,1133.0,panvel,2.0,1,0,0,0,1
9200000.0,750.0,malad west,1.0,1,1,0,0,0
12000000.0,600.0,chembur,1.0,0,0,1,0,0
6000000.0,560.0,sector 15,1.0,0,0,1,1,0
58500000.0,2500.0,powai,4.0,1,1,0,0,1
7000000.0,1245.0,panvel,2.0,1,1,1,0,0
2350000.0,590.0,nala sopara,1.0,1,1,1,0,1
11500000.0,1260.0,ulwe,2.0,1,1,0,0,1
7500000.0,600.0,borivali west,1.0,0,1,0,0,0
4000000.0,641.0,unknown,1.0,0,0,0,0,0
13200000.0,773.0,mira road east,3.0,1,1,1,0,1
14000000.0,811.0,thane west,2.0,1,1,1,0,1
11000000.0,585.0,raheja vihar,1.0,0,1,1,1,0
16200000.0,810.0,powai,2.0,1,1,1,1,1
8600000.0,1045.0,ulwe,2.0,1,0,1,1,1
4875000.0,975.0,nalasopara east,2.0,0,1,0,0,0
16250000.0,907.0,borivali east,2.0,1,1,0,0,0
11500000.0,650.0,borivali west,1.0,0,0,0,0,0
8400000.0,516.0,panvel,1.0,1,0,0,0,1
21000000.0,620.0,andheri,2.0,0,0,1,1,0
19800000.0,1200.0,andheri  east,2.0,1,1,1,0,1
3400000.0,407.0,naigaon east,1.0,1,1,0,0,1
6500000.0,1255.0,kamothe,2.0,1,1,1,1,0
18500000.0,1700.0,kharghar,3.0,1,1,1,1,1
22750000.0,650.0,andheri  west,2.0,0,1,0,0,0
18000000.0,1400.0,malad west,3.0,1,1,1,0,0
2875000.0,324.0,thane west,1.0,1,1,1,0,1
8700000.0,1158.0,ulwe,2.0,0,0,0,0,0
3800000.0,700.0,panvel,1.0,1,1,0,0,1
10200000.0,1500.0,kalyan west,3.0,1,1,0,0,1
14500000.0,950.0,wadi bandar,2.0,1,0,1,1,0
6500000.0,743.0,mulund east,1.0,0,1,0,0,0
11399999.0,786.0,mira road east,3.0,1,1,1,0,1
6500000.0,660.0,kharghar,1.0,1,1,1,1,0
8000000.0,1050.0,kharghar,2.0,0,0,1,1,0
3900000.0,773.0,nala sopara,2.0,1,1,1,0,1
3661000.0,1200.0,boisar,3.0,1,1,0,0,1
9500000.0,1065.0,sector 35g,2.0,0,0,1,1,0
4200000.0,440.0,kalyan west,1.0,0,1,1,1,0
4200000.0,685.0,kalyan west,1.0,0,1,0,0,0
4399000.0,615.0,thane west,1.0,0,1,0,0,1
6500000.0,513.0,thane west,1.0,1,1,1,0,1
11000000.0,775.0,chembur,1.0,1,0,1,0,0
4000000.0,665.0,kalyan west,1.0,1,1,0,0,1
32500000.0,1630.0,malad west,3.0,1,1,0,0,1
4200000.0,650.0,kamothe,1.0,1,1,1,1,0
18500000.0,664.0,mulund west,2.0,1,1,1,0,0
4400000.0,600.0,dombivli (west),1.0,0,1,0,0,0
14200000.0,900.0,borivali west,2.0,1,1,0,0,0
4800000.0,945.0,nala sopara,2.0,1,1,1,0,1
9400000.0,1192.0,kamothe sector 16,2.0,0,1,1,1,0
6000000.0,745.0,ulwe,1.0,1,1,1,0,1
19000000.0,1150.0,andheri  east,2.0,0,1,0,0,0
7500000.0,600.0,dahisar east,1.0,0,0,0,0,0
8920000.0,749.0,thane west,1.0,1,1,0,0,1
13000000.0,1197.0,kharghar,2.0,1,1,1,1,0
2551000.0,609.0,titwala,1.0,0,1,0,0,0
5599000.0,950.0,kalyan west,2.0,1,1,0,0,1
11500000.0,760.0,unknown,1.0,0,1,0,0,0
14500000.0,850.0,dahisar,2.0,0,0,0,0,0
7929000.0,907.0,thane west,2.0,1,1,1,0,1
7100000.0,660.0,kalyan west,2.0,0,1,1,1,0
4400000.0,305.0,shivaji colony,1.0,0,1,1,1,0
75000000.0,1875.0,andheri  west,3.0,1,1,1,1,1
50000000.0,2300.0,andheri  west,3.0,1,1,1,0,1
70000000.0,1800.0,bandra west,3.0,0,1,0,0,0
9000000.0,1145.0,unknown,2.0,1,1,1,1,1
22400000.0,978.0,malad west,3.0,0,0,0,0,1
15500000.0,2436.0,powai,4.0,0,1,0,0,0
6800000.0,1086.0,kamothe,2.0,0,0,1,1,0
7800000.0,1165.0,parsik nagar,2.0,0,1,1,1,0
22000000.0,1527.0,ghatkopar,3.0,1,1,1,0,1
8500000.0,966.0,sector 19 kharghar,2.0,0,1,1,0,0
24000000.0,1400.0,ville parle east,3.0,1,1,0,0,0
22500000.0,1800.0,belapur,3.0,1,1,0,0,1
78800000.0,1478.0,andheri  west,3.0,1,1,1,0,1
5577000.0,715.0,bhayandar east,1.0,0,0,0,0,0
13000000.0,524.0,unknown,1.0,0,0,0,0,0
2500000.0,590.0,koproli,1.0,0,0,0,0,0
6900000.0,950.0,kamothe,2.0,1,1,1,1,1
2300000.0,510.0,naigaon east,1.0,0,0,0,0,0
14000000.0,1225.0,belapur,2.0,1,1,0,0,1
17500000.0,825.0,borivali west,2.0,0,0,0,0,0
19000000.0,1600.0,majiwada thane,3.0,0,0,1,1,0
2400000.0,1000.0,boisar,2.0,1,1,0,0,0
9800000.0,659.0,goregaon east,1.0,1,1,0,1,0
23300000.0,1118.0,mulund west,3.0,1,1,1,0,1
10000000.0,1020.0,thane west,2.0,1,1,0,0,0
5000000.0,750.0,unknown,2.0,1,0,1,1,1
3800000.0,650.0,ulwe,1.0,0,1,0,0,0
64300000.0,1259.0,ville parle west,3.0,1,1,0,0,1
6000000.0,700.0,kharghar,1.0,1,1,1,1,1
37500000.0,2195.0,goregaon,3.0,1,1,1,0,1
7500000.0,900.0,sunil nagar,2.0,1,1,1,1,0
6800000.0,740.0,thane west,1.0,1,1,1,0,1
15300000.0,848.0,andheri,2.0,0,1,1,0,1
39000000.0,1340.0,powai,3.0,1,1,1,1,1
3925000.0,510.0,virar,2.0,0,1,0,0,1
12900000.0,1066.0,malad west,2.0,0,0,0,0,0
10600000.0,1386.0,mira road east,3.0,1,1,1,0,1
8800000.0,980.0,sector9 kamothe,2.0,1,1,1,1,0
8200000.0,725.0,kurla,1.0,0,1,0,0,0
20000000.0,888.0,goregaon west,2.0,1,1,0,0,0
15200000.0,1228.0,thane west,3.0,1,1,1,0,1
3500000.0,1285.0,boisar,3.0,0,0,0,0,0
8200000.0,1100.0,ulwe,2.0,1,1,1,0,1
4000000.0,620.0,kamothe,1.0,1,1,0,1,0
36100000.0,1237.0,nahur,3.0,1,1,1,0,1
7300000.0,970.0,kalyan west,2.0,1,1,0,0,1
18000000.0,1125.0,borivali west,2.0,0,1,0,0,0
22500000.0,994.0,goregaon west,2.0,1,1,0,0,1
120000000.0,3500.0,upper  worli,7.0,0,1,1,1,0
7598999.0,400.0,thane west,2.0,1,0,0,0,1
2800000.0,585.0,nalasopara west,1.0,0,1,0,0,0
5500000.0,580.0,kharghar,2.0,0,0,0,0,0
19250000.0,1135.0,powai,2.0,1,1,1,0,1
19100000.0,1050.0,powai,2.0,1,1,1,0,1
16000000.0,1600.0,thane west,3.0,0,1,0,0,1
4500000.0,600.0,unknown,2.0,1,1,1,0,0
150000000.0,3100.0,andheri  west,5.0,1,1,1,0,1
41500000.0,1600.0,andheri  west,3.0,1,1,1,0,1
68000000.0,1005.0,bandra east,2.0,1,1,0,0,1
2600000.0,930.0,boisar,2.0,1,0,0,0,1
4850000.0,970.0,nalasopara east,2.0,0,1,0,0,0
8800000.0,820.0,kandivali,2.0,1,1,0,0,1
16800000.0,764.0,kandivali east,2.0,0,1,1,1,0
27000000.0,1250.0,malad east,3.0,1,1,1,0,1
18500000.0,1000.0,chembur,2.0,0,0,1,1,0
3400000.0,650.0,kalyan west,1.0,0,1,0,0,0
4500000.0,561.0,unknown,1.0,1,1,0,0,1
6500000.0,693.0,mira road east,1.0,1,1,1,0,1
9350000.0,1236.0,kamothe,2.0,1,0,1,1,0
23500000.0,1050.0,unknown,2.0,0,1,1,1,0
7500000.0,685.0,thane west,1.0,1,1,1,0,1
28000000.0,1850.0,dahisar,3.0,0,1,1,1,0
11500000.0,1065.0,vasant vihar thane west,2.0,0,1,1,1,0
15000000.0,1380.0,kharghar,3.0,1,1,1,1,1
9400000.0,1240.0,unknown,2.0,1,1,1,1,1
16299999.0,1705.0,kharghar,3.0,1,1,1,0,1
7600000.0,1053.0,unknown,2.0,1,1,0,0,1
11700000.0,1650.0,koper khairane,3.0,1,0,1,1,0
2500000.0,930.0,unknown,2.0,0,0,0,0,0
10500000.0,1127.0,mira road east,2.0,1,1,0,0,1
16500000.0,653.0,unknown,2.0,1,0,0,0,1
2600000.0,560.0,taloja,1.0,0,0,1,1,0
8338000.0,981.0,mira road east,2.0,1,1,0,0,0
3200000.0,390.0,kalyan west,1.0,1,1,0,0,1
5600000.0,1050.0,taloja panchanand,2.0,0,0,1,0,0
2350000.0,820.0,unknown,2.0,1,1,0,0,1
4600000.0,665.0,panvel,1.0,0,0,0,0,0
14000000.0,942.0,dahisar,2.0,0,1,0,0,0
3200000.0,585.0,naigaon east,1.0,1,1,1,0,0
7884000.0,1080.0,mira road east,2.0,1,1,1,1,0
18000000.0,1435.0,sanpada,2.0,1,1,1,1,1
3500000.0,688.0,dronagiri,1.0,1,1,1,1,0
7209999.0,900.0,mira road east,2.0,0,1,0,0,0
8600000.0,1227.0,bhiwandi,3.0,1,1,1,1,1
90000000.0,1324.0,khar west,3.0,1,1,0,0,1
21500000.0,1225.0,bhandup west,3.0,1,1,1,0,1
16500000.0,1245.0,thane west,3.0,1,1,1,0,1
8700000.0,1060.0,mira road east,2.0,1,1,0,0,0
7800000.0,950.0,unknown,2.0,1,1,0,0,0
11399999.0,789.0,mira road east,3.0,1,1,0,0,1
32500000.0,1278.0,unknown,2.0,0,1,0,0,0
26200000.0,1750.0,bhandup west,3.0,1,0,1,0,1
4500000.0,665.0,ulwe,1.0,0,1,0,0,0
26500000.0,1305.0,malad west,3.0,1,1,1,0,1
6500000.0,1300.0,nala sopara,2.0,1,0,1,0,0
9000000.0,1180.0,ulwe,2.0,1,1,1,0,1
12500000.0,1240.0,ulwe,2.0,1,1,1,1,1
19800000.0,663.0,mulund west,2.0,1,1,1,0,1
4600000.0,640.0,dombivli (west),1.0,0,1,0,0,0
8500000.0,1123.0,unknown,2.0,1,1,0,0,0
13500000.0,1370.0,kharghar,3.0,1,1,0,0,0
2400000.0,485.0,nala sopara,1.0,1,1,1,0,0
27799999.0,1810.0,kandivali east,3.0,1,1,1,1,1
3150000.0,650.0,nala sopara,1.0,1,1,1,0,1
2650000.0,380.0,dombivli (west),1.0,0,0,0,0,0
22500000.0,1900.0,sainath nagar,3.0,0,1,1,1,0
8500000.0,1050.0,kharghar,2.0,1,1,0,1,1
2300000.0,590.0,nalasopara west,1.0,0,0,0,0,0
60000000.0,1200.0,unknown,2.0,0,1,0,0,0
5500000.0,700.0,thane west,1.0,0,1,1,0,0
47500000.0,1303.0,prabhadevi,3.0,1,1,0,0,0
7700000.0,1162.0,kharghar,2.0,0,0,0,0,0
11500000.0,1050.0,thane west,2.0,1,1,0,0,1
15750000.0,1665.0,ghansoli,3.0,1,1,0,0,1
2500000.0,590.0,nala sopara,1.0,0,1,0,0,0
17000000.0,1050.0,magathane,2.0,0,0,1,1,0
15500000.0,900.0,borivali west,2.0,1,1,0,0,1
24000000.0,1600.0,sanpada,3.0,0,0,0,0,0
7900000.0,1115.0,taloja panchanand,2.0,0,1,1,1,0
9000000.0,697.0,kandivali west,1.0,0,1,0,0,0
14000000.0,1100.0,powai,2.0,1,1,0,0,1
4117000.0,1170.0,virar,2.0,1,0,1,0,1
6300000.0,750.0,unknown,1.0,0,1,0,0,0
39500000.0,940.0,ville parle west,3.0,0,1,0,0,0
23700000.0,1001.0,mulund west,2.0,1,1,1,0,1
5650000.0,1028.0,kalyan west,2.0,1,1,0,0,1
10000000.0,1150.0,mira road east,2.0,1,1,1,0,0
5300000.0,634.0,mira road east,1.0,0,0,0,0,0
17500000.0,1760.0,kharghar,4.0,1,1,1,1,1
2900000.0,570.0,adaigaon,1.0,0,0,0,0,0
19500000.0,1150.0,powai,2.0,0,1,0,0,0
14000000.0,810.0,ghatkopar east,2.0,1,1,0,0,0
30000000.0,3500.0,kharghar,4.0,1,1,0,0,1
4050000.0,675.0,vichumbe,1.0,0,0,0,0,0
5200000.0,625.0,unknown,1.0,1,1,1,1,1
7000000.0,900.0,mira road east,2.0,0,0,0,0,0
8100000.0,1175.0,dronagiri,2.0,1,1,0,0,1
45000000.0,5500.0,santacruz east,4.0,1,1,1,1,1
8200000.0,1055.0,ulwe,2.0,0,0,0,0,0
12500000.0,1550.0,kharghar,3.0,0,1,1,1,0
3900000.0,546.0,naigaon east,1.0,0,1,0,0,0
13400000.0,2582.0,panvel,4.0,1,0,1,0,1
7000000.0,565.0,kandivali west,1.0,1,1,1,0,0
19000000.0,770.0,powai,1.0,1,1,0,0,1
9000000.0,1120.0,ulwe,2.0,1,1,0,0,0
2200000.0,650.0,unknown,1.0,1,1,0,0,1
12400000.0,1365.0,mira road east,3.0,1,1,1,0,1
11600000.0,1179.0,thane west,2.0,1,1,1,1,1
7800000.0,956.0,mira road east,2.0,1,1,1,1,1
9800000.0,585.0,magathane,1.0,0,0,1,1,0
12000000.0,1150.0,kharghar,2.0,1,1,1,0,1
55000000.0,1030.0,malabar hill,2.0,0,0,0,0,0
10000000.0,825.0,mira road east,2.0,0,0,0,0,0
40000000.0,1700.0,borivali west,4.0,0,1,0,0,0
2700000.0,350.0,sector 21 kharghar,1.0,0,0,0,1,0
26700000.0,845.0,ville parle east,2.0,1,1,0,0,1
2300000.0,560.0,nala sopara,1.0,0,1,0,0,0
5600000.0,670.0,ulwe,1.0,1,1,0,0,0
6700000.0,650.0,kharghar,1.0,1,1,1,1,1
28000000.0,980.0,ville parle east,2.0,0,0,0,0,0
2700000.0,400.0,ulwe,1.0,0,0,0,0,0
8400000.0,660.0,airoli,1.0,0,0,0,0,0
16500000.0,1180.0,mulund,2.0,0,0,0,1,1
9800000.0,728.0,malad west,1.0,0,0,0,0,0
14500000.0,1150.0,malad west,2.0,1,1,1,0,1
39500000.0,1800.0,santacruz east,3.0,0,1,0,0,0
2200000.0,620.0,nala sopara,1.0,0,1,0,0,0
6600000.0,555.0,bhandup west,1.0,0,0,0,0,0
6100000.0,400.0,kandivali east,1.0,0,0,0,0,0
10800000.0,1280.0,panvel,3.0,1,1,1,0,1
59500000.0,1210.0,andheri  west,3.0,1,1,1,0,1
8500000.0,1225.0,andheri,3.0,1,1,0,1,1
4300000.0,1198.0,nilje gaon,2.0,0,0,0,0,0
9500000.0,1250.0,kharghar,2.0,1,1,1,0,1
12300000.0,1700.0,kalyan east,3.0,1,1,0,0,0
70000000.0,1097.0,haji ali,2.0,1,1,1,0,1
14500000.0,1660.0,ulwe,3.0,1,1,1,1,1
8000000.0,954.0,kharghar,2.0,0,1,1,1,0
6000000.0,660.0,ghansoli,1.0,0,1,0,0,0
17100000.0,678.0,kanjurmarg,2.0,1,0,0,0,1
5760000.0,419.0,thane west,1.0,1,1,1,0,1
27500000.0,1055.0,malad east,3.0,1,1,0,0,0
6500000.0,2148.0,kandivali east,4.0,1,1,1,1,0
8200000.0,1130.0,ulwe,2.0,1,0,1,0,1
23500000.0,1100.0,andheri  west,2.0,0,0,0,0,0
15000000.0,1050.0,kharghar,2.0,1,1,1,0,0
22500000.0,1654.0,unknown,3.0,0,0,0,0,0
10500000.0,1240.0,kharghar,3.0,1,1,1,1,1
14500000.0,1100.0,chembur,2.0,0,1,0,0,0
5000000.0,650.0,ulwe,1.0,0,1,0,0,0
4100000.0,645.0,karanjade,1.0,0,0,0,0,0
2500000.0,930.0,boisar,2.0,1,1,0,0,1
15300000.0,850.0,chembur,2.0,0,1,0,0,0
25000000.0,1250.0,borivali west,3.0,0,1,0,0,0
17500000.0,1188.0,ghatkopar,2.0,0,1,1,0,1
5000000.0,650.0,sector 22 kamothe,1.0,0,0,1,1,0
30000000.0,1075.0,andheri  west,2.0,0,1,0,0,0
9200000.0,558.0,mulund east,1.0,0,1,0,0,0
24000000.0,3050.0,kalamboli,5.0,0,1,1,1,1
5200000.0,667.0,sector 17 ulwe,1.0,0,1,1,0,0
18600000.0,820.0,kandivali east,2.0,0,1,1,1,0
7900000.0,1020.0,mira road east,2.0,0,1,0,0,0
51500000.0,1749.0,ville parle east,4.0,0,1,0,0,0
7500000.0,1100.0,kharghar,2.0,0,1,1,1,1
8250000.0,1139.0,roadpali navimumbai,2.0,0,1,0,1,0
9300000.0,960.0,mira road east,2.0,1,1,0,0,1
3900000.0,830.0,virar,2.0,1,1,0,0,0
4800000.0,675.0,ulwe,1.0,0,1,0,0,0
11299999.0,1750.0,panvel,3.0,1,1,1,0,1
11100000.0,655.0,andheri  east,2.0,0,0,1,1,0
2650000.0,600.0,nala sopara,1.0,0,1,1,0,0
9750000.0,630.0,borivali west,2.0,0,0,0,0,0
4300000.0,850.0,vasai east,2.0,0,1,0,0,0
62500000.0,1890.0,ville parle east,4.0,0,1,0,0,0
9709000.0,1022.0,thane west,2.0,1,1,0,0,0
6500000.0,1150.0,unknown,3.0,0,0,0,0,0
15100000.0,957.0,thane west,2.0,1,1,1,0,1
4267000.0,841.0,unknown,2.0,1,1,1,0,1
23000000.0,1411.0,unknown,3.0,0,1,1,1,0
4800000.0,1020.0,taloja panchanand,2.0,0,0,1,1,0
15200000.0,1128.0,unknown,2.0,0,0,0,0,0
22750000.0,1250.0,andheri  west,2.0,1,1,1,0,0
11200000.0,600.0,dattapada,1.0,0,1,1,1,0
46200000.0,1507.0,ghatkopar west,4.0,1,1,0,0,0
31500000.0,1470.0,andheri  west,3.0,0,0,0,0,0
9000000.0,650.0,borivali west,1.0,0,1,0,0,0
9500000.0,650.0,malad west,1.0,1,1,1,0,1
36100000.0,1237.0,malad east,3.0,1,1,1,0,1
2804000.0,342.0,vasai,1.0,0,1,1,0,0
2100000.0,370.0,virar east,1.0,0,0,1,1,0
4280000.0,560.0,thane west,1.0,1,1,1,0,1
19000000.0,1500.0,sanpada,3.0,1,1,0,1,1
7800000.0,1125.0,sector35d kharghar,2.0,1,1,1,1,0
9500000.0,450.0,borivali west,1.0,0,0,0,0,0
2360000.0,546.0,taloja,1.0,1,1,0,0,1
17000000.0,1080.0,andheri  east,2.0,0,1,1,1,1
3400000.0,650.0,kharghar,1.0,0,1,0,0,0
4500000.0,850.0,mira road east,2.0,0,1,1,0,0
5700000.0,620.0,mira road east,1.0,1,1,0,0,1
7940000.0,965.0,mira road east,2.0,1,1,1,0,1
2116000.0,672.0,badlapur east,1.0,1,1,1,0,1
2350000.0,625.0,shirgaon,1.0,0,1,0,0,0
10500000.0,1580.0,kharghar,3.0,1,1,1,1,0
6400000.0,495.0,airoli,1.0,0,0,0,0,0
4199000.0,1278.0,goregaon east,3.0,1,1,1,1,0
15100000.0,1450.0,ghansoli,3.0,0,0,0,0,0
2700000.0,640.0,virar,1.0,1,1,1,0,1
2000000.0,425.0,malad east,1.0,1,1,0,0,0
5990000.0,901.0,thane west,2.0,1,1,1,0,1
8000000.0,1020.0,unknown,2.0,0,1,0,0,0
26000000.0,1045.0,goregaon west,2.0,1,1,1,1,1
3459000.0,518.0,virar,1.0,0,1,0,0,0
4600000.0,650.0,koproli,2.0,0,0,0,0,0
21500000.0,1100.0,chembur,2.0,0,1,0,0,0
9500000.0,750.0,malad west,1.0,1,1,1,0,1
13500000.0,970.0,goregaon east,2.0,1,0,0,0,1
2400000.0,590.0,nalasopara west,1.0,0,1,0,0,0
9800000.0,1417.0,mira road and beyond,3.0,1,1,1,1,0
8500000.0,1215.0,ulwe,2.0,1,0,1,1,1
75000000.0,1500.0,worli sea face,3.0,0,0,1,1,0
33500000.0,1650.0,mulund east,4.0,1,1,0,0,0
16500000.0,850.0,mulund west,2.0,0,1,0,0,0
20000000.0,1450.0,kandivali west,3.0,1,1,0,0,1
4000000.0,665.0,kalyan west,1.0,1,0,0,0,1
15000000.0,728.0,kandivali east,2.0,1,1,1,0,1
60000000.0,1500.0,unknown,3.0,1,1,1,0,1
23200000.0,546.0,juhu,1.0,0,1,0,0,0
60700000.0,1234.0,andheri  west,3.0,1,1,1,0,1
36000000.0,900.0,almeida park,2.0,0,0,1,1,0
5250000.0,649.0,kharghar,1.0,0,1,1,1,0
31000000.0,1267.0,wadala,3.0,1,1,1,0,1
2450000.0,500.0,naigaon east,1.0,0,1,1,1,1
20500000.0,1050.0,magathane,2.0,0,0,1,1,0
11800000.0,1080.0,koper khairane,2.0,0,0,0,0,0
6498999.0,730.0,kavesar,1.0,0,1,1,1,0
14500000.0,1309.0,kharghar,2.0,1,0,0,0,0
110000000.0,1620.0,juhu,3.0,0,1,0,0,0
6000000.0,2700.0,mumbai,4.0,1,1,0,1,0
2750000.0,324.0,thane west,1.0,1,1,1,0,1
6200000.0,730.0,mira road east,1.0,0,0,0,0,0
4100000.0,910.0,virar,2.0,0,1,1,0,1
4000000.0,480.0,shil phata,1.0,1,1,0,0,1
4300000.0,635.0,kalyan west,1.0,0,1,0,0,0
20000000.0,1500.0,cbd belapur east,3.0,0,1,1,0,1
25000000.0,1080.0,malad east,3.0,0,0,0,0,0
13500000.0,1013.0,borivali east,2.0,1,1,0,0,0
3500000.0,610.0,virar east,1.0,0,0,0,0,0
22000000.0,1640.0,sanpada,3.0,1,1,1,1,1
4100000.0,650.0,sector 22 kamothe,1.0,1,1,1,1,0
120000000.0,2570.0,juhu,3.0,0,1,0,0,0
4600000.0,975.0,nala sopara,2.0,1,1,1,0,1
14250000.0,2730.0,dahisar,4.0,0,1,1,1,0
4600000.0,587.0,bhayandar east,1.0,0,0,0,0,0
79000000.0,3300.0,goregaon east,6.0,1,1,0,0,1
3250000.0,846.0,palghar,2.0,0,1,1,0,0
27500000.0,1000.0,prabhadevi,2.0,0,1,1,0,0
7500000.0,650.0,dahisar west,1.0,0,0,0,0,0
16000000.0,874.0,malad west,2.0,1,1,1,0,0
20000000.0,2240.0,unknown,3.0,1,1,1,0,1
2910000.0,640.0,virar,1.0,0,1,0,0,0
9500000.0,583.0,mira road east,3.0,1,1,1,0,1
4000000.0,600.0,ulwe,1.0,0,1,0,0,0
13500000.0,994.0,malad east,2.0,0,0,1,0,1
13200000.0,852.0,kharghar sector 34c,2.0,0,0,0,0,0
15200000.0,1150.0,thane west,3.0,0,1,1,0,1
7300000.0,800.0,majiwada,2.0,0,1,1,1,0
8300000.0,1050.0,kharghar,2.0,1,1,1,1,0
5500000.0,640.0,sector 20 kharghar,1.0,0,0,1,1,0
16000000.0,1600.0,kharghar,3.0,0,0,1,1,0
3100000.0,445.0,dombivali east,1.0,0,0,0,0,0
5700000.0,761.0,thane west,2.0,1,0,1,0,1
6299000.0,759.0,kalyan west,1.0,0,1,0,0,0
18500000.0,1065.0,goregaon west,2.0,1,1,1,1,1
16800000.0,1054.0,ghatkopar west,2.0,1,1,0,0,1
13000000.0,1550.0,sector 20 kharghar,3.0,1,1,1,0,1
5500000.0,690.0,ulwe,1.0,0,0,1,0,0
11000000.0,1250.0,sector 17 ulwe,2.0,0,1,1,1,0
18500000.0,1150.0,powai,2.0,1,1,1,0,1
21000000.0,1040.0,goregaon,2.0,0,1,1,0,1
4700000.0,700.0,taloja,1.0,1,1,1,0,1
14500000.0,1050.0,jogeshwari west,2.0,0,0,0,0,0
3400000.0,590.0,koproli,1.0,0,0,0,0,0
23200000.0,1264.0,andheri  west,2.0,0,1,0,1,1
3990000.0,650.0,ulwe,1.0,0,1,0,0,0
18500000.0,1020.0,andheri  east,2.0,0,1,0,0,0
2700000.0,400.0,mira road and beyond,1.0,1,1,1,1,0
17500000.0,1050.0,juhu,2.0,0,0,0,0,0
30000000.0,1550.0,belapur,3.0,0,1,0,0,0
4900000.0,906.0,taloja,2.0,1,1,0,0,1
20500000.0,1050.0,magathane,2.0,0,1,1,1,0
11000000.0,1250.0,ulwe,2.0,1,1,1,0,1
30000000.0,2065.0,unknown,3.0,1,1,0,0,1
7800000.0,1105.0,ulwe,2.0,0,0,0,0,0
35000000.0,1000.0,prabhadevi,2.0,0,1,1,1,0
4050000.0,810.0,koproli,2.0,1,0,0,0,0
6700000.0,950.0,mira road east,2.0,0,1,0,0,0
6299000.0,421.0,unknown,1.0,0,0,0,0,0
8500000.0,525.0,borivali west,1.0,0,0,0,0,0
32500000.0,1052.0,kandivali east,2.0,1,1,0,0,0
16500000.0,650.0,mulund west,1.0,0,1,0,0,0
13899999.0,800.0,devidas cross lane,2.0,0,1,1,1,0
29000000.0,1150.0,powai,2.0,0,1,1,1,1
18500000.0,1200.0,tps road,3.0,0,1,0,0,0
8000000.0,972.0,mira road,2.0,1,1,1,0,0
18000000.0,1050.0,unknown,2.0,0,1,1,0,0
2600000.0,380.0,sector-12 kamothe,1.0,0,0,1,1,0
2900000.0,590.0,nala sopara,1.0,1,1,0,0,1
50000000.0,1020.0,juhu,2.0,0,1,0,0,0
2178000.0,605.0,boisar,1.0,1,1,1,0,0
3000000.0,545.0,malad west,1.0,0,1,0,0,0
4800000.0,350.0,santacruz east,1.0,0,1,0,0,0
3000000.0,830.0,nala sopara,2.0,1,1,1,0,0
8700000.0,1160.0,sector 19 kamothe,2.0,1,1,1,1,0
7000000.0,350.0,santacruz east,1.0,0,1,0,0,0
5760000.0,520.0,thane west,1.0,1,0,1,0,0
10600000.0,510.0,mira road east,2.0,1,1,0,0,1
4600000.0,885.0,mhada colony 20,2.0,0,1,1,1,0
19000000.0,1100.0,goregaon west,2.0,1,1,1,0,1
4351000.0,967.0,palghar,2.0,0,1,0,0,0
14800000.0,880.0,thane west,3.0,1,1,1,0,1
2560000.0,441.0,badlapur east,1.0,0,1,1,0,0
7700000.0,984.0,karanjade,2.0,0,0,0,0,0
5000000.0,650.0,sector34 a kharghar,1.0,0,0,1,1,0
4500000.0,653.0,mumbai,1.0,1,1,1,1,0
17000000.0,2250.0,kamothe,3.0,1,1,1,0,1
35500000.0,2400.0,kandivali east,3.0,1,1,1,0,1
8500000.0,550.0,thane west,1.0,1,1,1,0,1
26000000.0,923.0,andheri  west,2.0,1,1,0,0,0
9500000.0,981.0,mira road east,1.0,0,0,0,0,0
45000000.0,1168.0,lower parel,2.0,0,0,0,0,0
19600000.0,1010.0,chembur,2.0,1,1,0,0,1
37500000.0,2780.0,malad east,4.0,1,1,1,1,1
60500000.0,1195.0,khar,3.0,0,1,0,0,1
5000000.0,600.0,kamothe,1.0,0,0,1,1,0
6000000.0,520.0,thane west,1.0,1,1,1,0,1
8600000.0,650.0,kandivali west,1.0,0,1,1,0,1
8100000.0,617.0,mira road east,2.0,1,0,0,0,1
17000000.0,1215.0,goregaon,2.0,0,1,1,0,0
20000000.0,900.0,haridas nagar,2.0,1,1,1,1,0
2400000.0,594.0,nala sopara,1.0,0,0,1,1,0
8600000.0,1065.0,thane west,2.0,1,1,1,1,1
18000000.0,1342.0,goregaon,3.0,1,0,1,1,1
27500000.0,720.0,ville parle east,2.0,0,1,0,0,0
8800000.0,1100.0,thane west,2.0,1,1,0,0,0
13500000.0,860.0,kandivali east,2.0,1,1,1,1,1
8300000.0,981.0,mira road east,2.0,1,1,1,0,1
3300000.0,690.0,taloja,1.0,0,0,1,1,0
12000000.0,751.0,chembur,1.0,1,1,1,1,1
4500000.0,650.0,kharghar,1.0,0,0,1,0,0
3500000.0,650.0,dronagiri,1.0,0,1,0,0,0
32500000.0,775.0,khar west,2.0,0,1,0,0,0
9500000.0,1050.0,thane west,2.0,1,0,0,0,1
50100000.0,2800.0,central avenue,4.0,0,0,0,0,0
4000000.0,675.0,nala sopara,1.0,1,1,0,0,0
12100000.0,1525.0,unknown,3.0,1,1,0,1,1
4700000.0,625.0,kharghar,1.0,1,0,1,1,1
6637000.0,1062.0,dombivali,2.0,1,1,1,0,1
13200000.0,1548.0,unknown,3.0,1,1,0,0,1
8000000.0,400.0,kandivali east,1.0,1,1,1,0,1
13500000.0,650.0,borivali west,1.0,0,1,0,0,0
9990000.0,981.0,mira road east,2.0,1,1,1,0,1
2999000.0,550.0,ulwe,1.0,0,1,0,0,0
19000000.0,796.0,seawoods,1.0,1,1,1,1,0
37500000.0,1240.0,dadar west,2.0,1,1,1,0,1
32799999.0,780.0,santacruz west,2.0,1,0,0,0,0
3797999.0,387.0,virar,1.0,0,0,0,0,0
11000000.0,1100.0,sector 20 kharghar,2.0,0,0,1,1,0
17600000.0,769.0,unknown,2.0,0,0,0,0,1
55000000.0,1557.0,lower parel,3.0,1,0,0,0,1
6217000.0,700.0,dombivali east,2.0,1,1,0,0,0
23700000.0,1585.0,bhandup west,2.0,1,0,1,0,1
37800000.0,1650.0,andheri  west,3.0,1,1,0,0,1
4500000.0,702.0,bhayandar east,1.0,0,0,0,0,0
5500000.0,900.0,unknown,2.0,0,0,1,1,0
13200000.0,1100.0,kandivali west,2.0,1,1,1,1,1
35700000.0,1728.0,ville parle east,4.0,0,1,0,0,0
6426000.0,693.0,mira road east,1.0,1,1,0,0,1
2700000.0,595.0,nala sopara,1.0,0,0,0,0,0
8000000.0,534.0,mira road east,2.0,1,1,1,0,1
70000000.0,4250.0,seawoods,3.0,1,1,1,0,1
8978000.0,629.0,mira road east,2.0,1,1,0,0,1
12000000.0,1210.0,kharghar,2.0,1,1,1,1,0
5229000.0,769.0,mira road east,1.0,1,1,1,0,1
5500000.0,705.0,mira road east,1.0,0,1,1,0,0
6862000.0,1098.0,dombivali,2.0,1,1,1,0,0
14500000.0,1100.0,thane west,2.0,1,1,1,0,1
25500000.0,1202.0,kandivali east,3.0,1,1,1,0,1
2500000.0,640.0,nala sopara,1.0,0,0,0,0,0
30000000.0,1200.0,chembur,2.0,0,1,1,0,0
6000000.0,560.0,unknown,1.0,0,0,1,1,0
8994000.0,630.0,mira road east,2.0,1,1,0,0,1
4179999.0,790.0,koproli,2.0,1,0,0,0,0
4800000.0,800.0,unknown,2.0,1,1,0,0,1
8000000.0,510.0,chembur,1.0,0,1,0,0,0
68100000.0,1418.0,andheri  west,3.0,1,1,1,0,1
14500000.0,820.0,dahisar,2.0,0,0,0,0,0
26000000.0,1250.0,goregaon west,3.0,1,1,0,0,1
3800000.0,660.0,unknown,1.0,1,1,0,0,1
5690000.0,905.0,thane west,2.0,1,1,1,0,1
180000000.0,2110.0,powai,3.0,1,1,1,1,1
8100000.0,1055.0,mira road east,2.0,1,1,1,0,1
3400000.0,580.0,panvel,1.0,0,1,1,0,0
2600000.0,686.0,nala sopara,1.0,1,1,1,0,1
5300000.0,500.0,thane west,1.0,1,1,1,0,1
5500000.0,650.0,mira road east,1.0,1,1,1,0,0
8400000.0,650.0,malad west,1.0,0,0,0,0,0
22500000.0,961.0,sion,2.0,0,1,0,0,0
17000000.0,1810.0,kharghar,4.0,1,1,1,0,1
33100000.0,1320.0,parel,2.0,0,1,1,0,1
3800000.0,678.0,ulwe,1.0,0,0,0,0,0
5500000.0,738.0,kandivali east,1.0,1,1,1,0,0
9000000.0,417.0,mulund west,1.0,1,1,1,0,0
8990000.0,750.0,thane west,2.0,1,1,1,0,1
4000000.0,680.0,panvel,1.0,0,0,0,0,0
7800000.0,450.0,unknown,1.0,1,1,0,0,1
4300000.0,774.0,unknown,2.0,0,1,1,0,1
11500000.0,1450.0,mumbai highway,3.0,1,1,1,1,0
3400000.0,380.0,mira road east,1.0,0,0,0,0,0
4000000.0,740.0,kalyan west,1.0,0,0,0,0,1
11600000.0,816.0,panvel,3.0,1,0,1,0,1
15500000.0,1050.0,dattapada,2.0,0,1,1,1,0
21500000.0,1198.0,powai,2.0,1,1,1,0,1
25000000.0,550.0,vile parle west,2.0,0,0,0,0,0
9900000.0,539.0,borivali west,1.0,1,1,1,0,0
25000000.0,1100.0,andheri  west,2.0,1,1,0,0,1
5700000.0,900.0,mira road and beyond,2.0,0,1,0,1,0
4000000.0,720.0,kalyan west,1.0,1,0,1,0,1
8100000.0,965.0,mira road east,2.0,1,1,1,0,1
12500000.0,450.0,ville parle east,1.0,0,1,0,0,0
11000000.0,1100.0,mumbai,2.0,0,0,1,1,0
10000000.0,650.0,unknown,1.0,0,0,0,0,0
20700000.0,1450.0,mulund east,2.0,1,1,1,0,0
4500000.0,800.0,sector 30 kharghar,1.0,0,0,1,1,0
15900000.0,627.0,mulund east,2.0,0,0,0,0,0
7200000.0,1300.0,panvel,2.0,1,1,1,0,1
9500000.0,1155.0,kharghar,2.0,1,1,1,1,1
15000000.0,686.0,dahisar,2.0,0,0,1,1,0
2700000.0,535.0,nala sopara,1.0,1,1,1,0,0
16000000.0,750.0,jogeshwari west,2.0,0,1,0,0,0
5330000.0,715.0,unknown,1.0,0,0,0,0,0
2500000.0,600.0,virar west,1.0,0,1,0,0,0
150000000.0,2710.0,mahalaxmi,3.0,0,0,1,1,0
4950000.0,650.0,mira road east,1.0,0,1,0,0,0
7000000.0,920.0,ulwe,1.0,0,1,0,0,0
14500000.0,1361.0,dahisar,2.0,0,1,0,1,0
9500000.0,927.0,koper khairane,2.0,0,1,0,0,0
2650000.0,520.0,nalasopara west,1.0,0,1,0,0,0
21000000.0,1150.0,magathane,2.0,0,0,1,1,0
50800000.0,1815.0,bhandup west,4.0,1,1,1,0,1
12000000.0,1750.0,ulwe,3.0,0,0,0,0,0
3397000.0,755.0,virar,1.0,1,1,1,0,1
11500000.0,780.0,kandivali east,2.0,1,1,1,1,0
5800000.0,660.0,ghansoli,1.0,0,1,0,0,0
19750000.0,975.0,malad east,2.0,1,1,1,0,1
3550000.0,585.0,kalyan west,1.0,1,1,1,0,1
7881000.0,1295.0,bhiwandi,2.0,1,1,1,0,1
4200000.0,1120.0,boisar,2.0,1,0,0,0,1
3100000.0,324.0,thane west,1.0,1,1,0,0,1
5700000.0,540.0,mira road east,1.0,0,1,0,0,0
4043000.0,408.0,dombivali,1.0,0,1,1,0,1
10500000.0,900.0,lokhandwala township,2.0,0,0,1,0,0
16000000.0,1100.0,dahisar west,2.0,0,1,0,0,0
7500000.0,552.0,malad east,1.0,0,0,0,0,0
5700000.0,670.0,ulwe,1.0,0,0,0,0,0
18000000.0,769.0,wadala east wadala,1.0,1,1,1,1,0
3500000.0,635.0,kharghar,1.0,1,1,1,1,1
5700000.0,450.0,dahisar,1.0,1,1,0,0,1
4200000.0,340.0,malad west,1.0,0,0,0,0,0
6500000.0,550.0,thane west,1.0,1,1,0,0,0
5000000.0,700.0,dombivli (west),1.0,0,1,0,0,0
27000000.0,1250.0,magathane,3.0,0,0,1,1,0
18500000.0,1150.0,borivali west,3.0,0,0,0,0,0
18500000.0,1052.0,rawal pada,2.0,1,0,1,1,0
27799999.0,944.0,andheri  west,3.0,1,1,0,0,1
13200000.0,857.0,borivali east,2.0,1,1,0,0,0
4300000.0,885.0,powai  lake,2.0,1,1,1,1,0
16000000.0,1232.0,malad east,3.0,1,1,1,1,1
30500000.0,2415.0,kandivali east,4.0,1,1,1,0,0
27250000.0,863.0,chembur,3.0,0,0,0,0,0
21500000.0,900.0,unknown,3.0,0,0,1,1,0
8000000.0,800.0,kharghar,2.0,0,0,1,1,0
4699000.0,710.0,gandhar nagar,1.0,0,1,0,0,0
9000000.0,695.0,ghansoli,1.0,1,1,0,0,1
3400000.0,610.0,koproli,1.0,1,1,0,0,0
5250000.0,650.0,kharghar,1.0,1,1,1,0,0
6800000.0,880.0,bhiwandi,2.0,1,1,1,1,1
2500000.0,570.0,nala sopara,1.0,1,0,0,0,1
70000000.0,1527.0,unknown,3.0,1,1,1,1,1
30000000.0,1701.0,wadala,3.0,1,1,0,0,1
23000000.0,1393.0,kanjurmarg,3.0,1,1,1,0,1
19900000.0,1447.0,kanjurmarg,3.0,1,1,1,0,1
20000000.0,1600.0,kharghar,3.0,1,0,1,1,0
2515000.0,602.0,khopoli,1.0,1,1,0,0,1
8000000.0,935.0,kalyan west,2.0,0,1,0,0,0
7500000.0,1150.0,ulwe,2.0,1,1,1,0,0
6450000.0,455.0,mira road east,2.0,1,1,1,0,1
4500000.0,645.0,dombivli (west),1.0,0,1,0,0,0
4200000.0,650.0,kalyan west,1.0,0,1,1,0,0
22500000.0,852.0,goregaon west,2.0,0,1,1,0,1
8100000.0,1032.0,bhiwandi,2.0,1,1,1,1,1
140000000.0,4320.0,juhu,4.0,0,1,0,0,0
7000000.0,1100.0,ulwe,2.0,1,1,0,0,0
23500000.0,1500.0,malad west,3.0,1,1,0,0,1
16200000.0,1650.0,kharghar,3.0,1,1,1,1,1
3000000.0,607.0,virar east,1.0,0,0,0,0,0
8000000.0,550.0,kandivali east,1.0,1,1,0,0,0
32500000.0,1085.0,ville parle east,2.0,0,1,0,0,0
5500000.0,1397.0,kalyan west,3.0,0,1,0,0,0
2035000.0,574.0,asangaon,1.0,1,1,1,0,1
28250000.0,4000.0,kharghar,5.0,0,1,0,1,0
7700000.0,676.0,ghatkopar west,1.0,0,0,0,0,0
95100000.0,3500.0,santacruz west,5.0,1,1,1,0,1
14000000.0,1185.0,malad west,3.0,1,1,1,0,1
9700000.0,1140.0,unknown,2.0,1,1,1,0,1
29500000.0,2130.0,unknown,3.0,1,1,0,1,1
7500000.0,1055.0,ulwe,2.0,0,0,0,0,0
8712000.0,396.0,kurla,1.0,0,0,0,0,0
14500000.0,1050.0,kandivali west,2.0,0,0,0,0,0
70000000.0,1700.0,worli,3.0,0,1,0,1,0
7500000.0,970.0,kalyan west,2.0,1,1,0,0,1
4300000.0,843.0,virar,2.0,1,1,0,0,1
2650000.0,630.0,nala sopara,1.0,0,0,1,0,0
21700000.0,651.0,powai,2.0,1,1,1,0,1
17500000.0,1500.0,kandivali west,3.0,1,1,1,0,0
13500000.0,969.0,ghatkopar east,2.0,0,1,0,0,0
8000000.0,515.0,kandivali east,1.0,1,1,1,1,1
4700000.0,500.0,mira road east,1.0,0,1,0,0,0
9000000.0,610.0,borivali west,1.0,0,1,0,0,0
45700000.0,3050.0,bhandup west,4.0,1,0,1,0,1
7700000.0,590.0,borivali west,1.0,0,1,0,0,0
138000000.0,2000.0,bandra west,4.0,0,0,0,0,0
21500000.0,1480.0,unknown,3.0,1,1,1,0,0
12200000.0,1150.0,unknown,2.0,0,0,0,0,0
23000000.0,1850.0,belapur,3.0,0,0,0,0,0
8500000.0,901.0,mira road east,2.0,1,1,1,0,1
5500000.0,725.0,dombivli (west),1.0,0,0,0,0,0
8500000.0,1060.0,mira road east,2.0,1,1,0,0,1
5499000.0,2173.0,virar,4.0,1,1,1,0,1
8500000.0,575.0,kanjurmarg,1.0,1,1,1,0,1
30000000.0,850.0,bandra west,2.0,0,0,1,1,0
67000000.0,2500.0,andheri  west,4.0,1,1,1,1,1
33000000.0,1400.0,kandivali east,3.0,1,1,0,0,1
2850000.0,530.0,karanjade,1.0,0,1,1,1,0
2700000.0,400.0,taloja,1.0,1,1,0,0,1
4200000.0,544.0,goregaon east,1.0,1,1,1,1,1
8500000.0,1040.0,sector 17 ulwe,2.0,0,1,1,1,0
8500000.0,1114.0,kharghar,2.0,1,1,1,1,1
21800000.0,1412.0,mulund,3.0,0,1,1,0,0
7600000.0,550.0,unknown,1.0,0,0,0,0,0
20200000.0,723.0,mulund west,2.0,1,1,1,0,1
22500000.0,1850.0,unknown,3.0,1,1,1,1,1
4500000.0,927.0,bhiwandi,2.0,1,1,1,0,1
5499000.0,902.0,thane west,2.0,1,1,1,0,1
5000000.0,1030.0,virar,2.0,0,1,1,0,0
10000000.0,800.0,andheri  west,2.0,0,1,0,0,0
2700000.0,315.0,dombivali,1.0,0,1,0,0,1
15000000.0,1170.0,malad west,2.0,1,1,1,0,1
6500000.0,1300.0,panvel,2.0,1,1,0,0,1
16800000.0,733.0,malad west,2.0,0,0,0,0,1
2300000.0,575.0,nala sopara,1.0,1,1,1,0,1
8300000.0,790.0,kalyan west,2.0,0,1,1,1,0
3125000.0,615.0,badlapur east,1.0,1,1,1,0,1
28500000.0,940.0,powai,2.0,1,1,1,1,0
5300000.0,650.0,kamothe,1.0,0,0,1,1,0
19750000.0,768.0,malad east,2.0,1,1,0,0,1
14000000.0,580.0,borivali west,1.0,1,1,1,0,1
2700000.0,560.0,unknown,1.0,1,1,1,0,0
16700000.0,1150.0,borivali west,2.0,1,1,1,0,1
5100000.0,383.0,ramdev park,1.0,0,0,0,1,0
55000000.0,2050.0,andheri  west,4.0,1,0,0,0,1
2900000.0,225.0,malad west,1.0,0,1,0,0,0
5500000.0,650.0,sector 17 ulwe,1.0,1,1,1,1,0
62500000.0,2665.0,goregaon west,3.0,1,1,1,0,0
3500000.0,590.0,dombivli (west),2.0,0,0,1,0,0
5760000.0,324.0,thane west,1.0,1,0,1,0,1
5100000.0,760.0,kalyan west,1.0,0,1,0,0,0
2500000.0,550.0,nala sopara,1.0,0,1,0,0,0
20000000.0,750.0,ghatkopar west,2.0,1,1,0,0,1
9800000.0,599.0,thane west,2.0,1,1,0,0,1
15500000.0,1314.0,sector9 kamothe,3.0,1,1,1,1,0
19000000.0,753.0,kanjurmarg,2.0,1,0,0,0,1
4500000.0,650.0,kharghar,1.0,0,0,0,0,0
25500000.0,1627.0,kandivali east,3.0,1,1,1,0,1
11000000.0,534.0,mira road east,2.0,1,1,0,0,1
3900000.0,350.0,kandivali west,1.0,0,1,0,0,0
4400000.0,450.0,mira road east,1.0,0,0,0,0,0
14500000.0,1125.0,malad west,2.0,0,0,0,0,0
6500000.0,902.0,thane west,2.0,1,1,1,0,1
3200000.0,620.0,karanjade,1.0,0,1,0,0,0
4300000.0,640.0,kharghar,1.0,0,1,1,1,1
29200000.0,2905.0,ulwe,5.0,1,1,0,0,0
16600000.0,706.0,thane west,2.0,1,1,1,0,1
5500000.0,523.0,unknown,1.0,1,1,1,1,1
3500000.0,570.0,virar west,1.0,1,0,1,1,0
32100000.0,1550.0,chembur east,3.0,1,1,1,1,0
9000000.0,550.0,chembur,1.0,1,1,1,0,1
39200000.0,2061.0,unknown,3.0,1,1,0,0,0
2800000.0,690.0,virar,1.0,1,1,0,0,0
8800000.0,1073.0,mira road east,2.0,1,1,0,0,0
13000000.0,990.0,malad west,2.0,1,1,1,1,0
39000000.0,1207.0,andheri  west,3.0,1,1,1,1,1
25000000.0,1600.0,kandivali east,3.0,1,1,0,0,1
30000000.0,1783.0,ville parle east,4.0,0,0,0,0,0
8200000.0,485.0,dahisar east,1.0,0,0,0,0,0
7000000.0,750.0,kandivali west,1.0,0,1,0,0,0
6500000.0,735.0,kharghar,1.0,1,1,0,1,1
5300000.0,650.0,thane west,1.0,1,1,0,0,1
22200000.0,645.0,powai,2.0,1,1,1,0,1
3600000.0,600.0,dombivali east,1.0,1,1,1,1,0
3747999.0,833.0,palghar,2.0,0,1,0,0,1
3800000.0,555.0,dombivali east,1.0,1,1,1,1,0
13750000.0,1733.0,ghatkopar east,3.0,1,0,1,0,0
6500000.0,700.0,kharghar,1.0,1,0,0,0,0
39000000.0,1000.0,santacruz west,2.0,0,0,0,0,0
7200000.0,699.0,bhayandarpada,2.0,0,1,1,1,0
11000000.0,600.0,mulund west,1.0,1,1,1,0,1
19000000.0,1050.0,patlipada,2.0,1,0,1,1,0
4000000.0,585.0,sector 18 kamothe,1.0,0,0,1,1,0
13500000.0,1390.0,kharghar,3.0,1,1,0,1,1
9000000.0,578.0,powai,1.0,1,1,1,0,1
11000000.0,1100.0,kharghar,2.0,0,0,0,0,0
125000000.0,5320.0,kandivali east,5.0,1,0,1,1,1
8200000.0,1065.0,thane west,2.0,1,1,1,1,1
12000000.0,1650.0,ulwe,3.0,1,1,1,1,1
4900000.0,550.0,thane west,1.0,0,0,1,0,0
28500000.0,997.0,andheri  west,2.0,0,1,1,0,0
16500000.0,1560.0,kharghar,3.0,1,1,1,1,1
31000000.0,667.0,matunga,2.0,1,1,0,0,0
29500000.0,930.0,ville parle east,2.0,1,1,1,0,1
3300000.0,342.0,godrej hill,1.0,0,0,1,0,0
24500000.0,1550.0,belapur,3.0,1,1,0,0,1
7598999.0,750.0,kurla,1.0,0,1,0,0,0
22000000.0,1000.0,borivali west,2.0,0,1,0,0,0
4700000.0,650.0,koproli,2.0,0,0,0,0,0
12000000.0,1530.0,kharghar,3.0,1,1,1,1,1
10500000.0,675.0,thane west,2.0,1,1,1,0,1
170000000.0,2963.0,mira road east,4.0,1,1,1,1,0
13300000.0,910.0,malad east,2.0,1,1,1,0,1
7500000.0,682.0,seawoods,1.0,0,1,1,1,0
2900000.0,500.0,taloja,1.0,1,1,0,0,1
3700000.0,300.0,andheri  east,1.0,0,0,0,0,0
9000000.0,861.0,ulwe,2.0,1,1,1,0,1
2174000.0,570.0,unknown,1.0,0,1,0,0,0
15500000.0,985.0,mulund east,2.0,1,1,0,0,0
11500000.0,585.0,borivali west,1.0,1,1,1,0,1
15000000.0,1290.0,mira road east,2.0,1,1,1,0,1
25700000.0,750.0,bandra west,2.0,0,1,0,0,0
14000000.0,1500.0,thane west,3.0,1,1,1,0,1
56500000.0,1859.0,goregaon west,4.0,1,1,1,0,1
5250000.0,605.0,kharghar,1.0,1,1,1,0,1
6800000.0,800.0,unknown,2.0,1,1,0,0,1
8400000.0,1139.0,roadpali navimumbai,2.0,0,1,1,1,0
40000000.0,1200.0,ville parle east,3.0,1,1,0,0,0
35000000.0,800.0,15th road,2.0,0,0,0,0,0
8200000.0,550.0,dahisar west,1.0,0,0,0,0,0
9500000.0,450.0,borivali west,1.0,0,1,0,0,0
3133000.0,383.0,vasai,1.0,0,0,0,0,0
9900000.0,771.0,thane west,2.0,1,1,1,1,1
3500000.0,216.0,vasai west,1.0,0,0,0,0,0
16500000.0,1482.0,navi basti,3.0,0,0,0,0,0
3200000.0,577.0,kalyan west,1.0,1,1,0,0,1
9700000.0,575.0,chembur,1.0,1,1,1,0,1
8100000.0,846.0,thane west,2.0,1,1,0,0,0
7400000.0,880.0,panvel,2.0,0,1,0,0,0
19300000.0,1600.0,malad west,3.0,1,1,0,1,1
9000000.0,585.0,dahisar west,1.0,0,0,0,0,0
29000000.0,1550.0,andheri  west,3.0,1,1,1,0,1
19500000.0,1435.0,goregaon west,3.0,1,1,0,0,1
2700000.0,610.0,nala sopara,1.0,1,1,1,0,1
14800000.0,1200.0,sector 20 kharghar,3.0,1,1,1,1,0
3797999.0,973.0,badlapur east,2.0,1,1,0,0,1
7198999.0,1182.0,unknown,2.0,1,1,1,0,0
10000000.0,600.0,vikhroli west,1.0,0,0,0,0,0
11000000.0,1575.0,kamothe,3.0,1,0,1,1,0
21000000.0,1135.0,powai,2.0,0,1,1,0,1
14500000.0,995.0,kandivali east,2.0,1,0,1,1,1
6800000.0,1065.0,kalyan west,2.0,0,1,1,1,0
13500000.0,550.0,andheri  east,1.0,0,0,0,0,0
8381999.0,584.0,mira road east,1.0,0,0,0,0,0
4800000.0,250.0,andheri  east,1.0,1,1,1,0,1
16500000.0,1240.0,ghansoli,2.0,0,1,0,0,1
8000000.0,2000.0,vitthalwadi,3.0,1,1,0,0,1
17500000.0,1350.0,thane west,3.0,1,1,0,0,1
4500000.0,600.0,mira road east,1.0,0,0,1,0,0
5900000.0,600.0,thane west,1.0,1,1,1,0,0
31000000.0,1300.0,andheri  east,3.0,0,1,1,0,1
17500000.0,1122.0,borivali west,1.0,0,1,0,0,0
40000000.0,1500.0,andheri  west,3.0,0,1,0,0,0
11000000.0,1102.0,majiwada thane,2.0,0,0,1,1,0
20000000.0,1250.0,sanpada,3.0,1,1,1,1,1
3200000.0,655.0,nala sopara,1.0,0,1,0,0,0
10500000.0,650.0,magathane,1.0,0,0,1,1,0
4800000.0,550.0,mira road east,1.0,0,0,1,0,0
8500000.0,1220.0,ulwe,2.0,1,1,1,1,1
5200000.0,675.0,ulwe,1.0,0,1,1,1,0
13000000.0,1500.0,kharghar,3.0,0,0,1,1,0
7500000.0,962.0,thane west,2.0,0,0,0,0,0
13500000.0,1235.0,kharghar,3.0,1,1,1,1,1
51500000.0,3465.0,unknown,4.0,1,1,1,1,1
15000000.0,1000.0,kandivali east,2.0,1,1,1,1,1
9000000.0,1150.0,kharghar,2.0,1,1,0,0,0
5300000.0,690.0,sector 17 ulwe,1.0,1,1,1,1,0
11800000.0,850.0,thane west,2.0,0,0,0,0,0
4999000.0,750.0,kalyan west,1.0,1,1,0,0,1
12000000.0,600.0,chembur,1.0,0,1,1,0,0
5000000.0,900.0,vasai,2.0,0,1,1,0,0
11000000.0,756.0,juhu,2.0,1,0,0,1,1
4600000.0,545.0,goregaon east,1.0,1,1,0,1,1
28000000.0,1091.0,thane west,3.0,0,1,1,0,1
21400000.0,845.0,malad west,2.0,0,1,1,1,1
42500000.0,1505.0,kandivali west,3.0,1,0,1,1,1
7000000.0,410.0,ghatkopar west,1.0,1,1,1,0,1
33500000.0,1073.0,vile parle west,2.0,0,1,0,0,0
9620000.0,1090.0,thane west,2.0,1,1,0,0,1
3200000.0,615.0,naigaon east,1.0,1,1,0,0,1
9000000.0,525.0,kandivali east,1.0,1,1,1,0,1
10500000.0,1009.0,pokhran 2,2.0,0,0,0,0,0
8000000.0,852.0,kharghar,2.0,1,1,1,1,1
16000000.0,1200.0,chembur,3.0,0,0,0,0,0
110000000.0,1850.0,juhu,4.0,1,1,0,0,0
2500000.0,585.0,nala sopara,1.0,0,1,0,0,0
7800000.0,930.0,mira road east,2.0,0,0,0,0,0
27500000.0,1500.0,borivali west,3.0,0,0,0,0,0
19000000.0,721.0,kandivali west,2.0,0,0,0,0,0
4500000.0,650.0,mira road east,1.0,0,1,0,0,0
12000000.0,1000.0,thane west,2.0,1,1,1,0,1
25000000.0,713.0,andheri  west,2.0,1,0,0,0,0
2300000.0,680.0,vasai west,1.0,0,0,0,0,0
21000000.0,1108.0,ganesh nagar,2.0,0,1,1,1,0
16200000.0,1100.0,powai,2.0,1,1,1,1,1
3800000.0,595.0,kalyan west,1.0,0,0,0,0,0
17000000.0,1050.0,chembur,2.0,1,1,1,1,1
14500000.0,980.0,kandivali west,2.0,0,0,0,0,0
17200000.0,1050.0,chembur,2.0,0,0,1,0,0
17900000.0,1100.0,unknown,2.0,0,0,0,0,0
4100000.0,590.0,mira road and beyond,1.0,1,0,1,0,0
8200000.0,610.0,borivali west,1.0,0,0,0,0,0
25000000.0,1800.0,vashi,3.0,0,0,0,0,0
8650000.0,225.0,malad west,1.0,0,1,0,0,0
19000000.0,1500.0,mumbai highway,3.0,1,0,1,0,1
9300000.0,960.0,mira road east,2.0,0,0,0,0,0
4300000.0,693.0,nilje gaon,1.0,0,0,0,0,0
11500000.0,630.0,malad east,1.0,0,0,0,0,0
14000000.0,768.0,kandivali west,2.0,1,1,1,0,1
8800000.0,1050.0,mira road east,2.0,1,1,1,0,1
6454000.0,993.0,panvel,1.0,1,1,1,0,1
8700000.0,950.0,mira road east,2.0,1,1,1,0,1
16450000.0,541.0,wadala east wadala,1.0,0,1,1,1,0
8400000.0,1002.0,thane west,2.0,0,1,0,0,1
120000000.0,3049.0,juhu,5.0,1,1,1,1,1
8200000.0,830.0,kamothe,2.0,1,1,1,0,1
5250000.0,660.0,kharghar,1.0,1,0,1,1,0
4100000.0,650.0,ulwe,1.0,0,1,0,0,0
11000000.0,1390.0,unknown,3.0,1,1,1,0,1
18500000.0,965.0,powai,2.0,1,1,1,0,1
59600000.0,2470.0,bhandup west,4.0,1,0,1,0,1
25500000.0,800.0,prabhadevi,2.0,0,0,0,0,0
50000000.0,2500.0,andheri  east,6.0,0,0,0,0,0
16200000.0,727.0,malad west,2.0,0,1,1,0,1
20000000.0,835.0,mulund west,2.0,1,1,1,0,1
2750000.0,450.0,ulwe,1.0,0,1,1,0,0
8800000.0,1085.0,ulwe,2.0,1,0,1,1,1
3200000.0,365.0,kamothe,1.0,0,1,0,0,0
2305000.0,555.0,nala sopara,1.0,0,1,0,0,0
3900000.0,695.0,kalyan west,1.0,0,1,0,0,0
13200000.0,768.0,pokhran 2,2.0,0,0,0,1,0
8900000.0,562.0,kandivali west,1.0,1,1,1,1,0
21400000.0,1560.0,borivali east,3.0,1,1,0,0,0
3300000.0,607.0,kalyan west,1.0,1,1,0,0,1
21000000.0,947.0,mulund west,2.0,0,0,0,0,0
8400000.0,1010.0,thane west,2.0,1,1,0,0,0
7200000.0,693.0,kandivali,1.0,0,1,1,0,1
9200000.0,1150.0,sector 17 ulwe,2.0,1,1,1,1,0
27000000.0,1695.0,goregaon,3.0,1,1,1,0,1
13200000.0,1120.0,kapur bawdi,2.0,0,1,1,1,0
11500000.0,600.0,borivali west,1.0,0,0,0,0,0
4400000.0,685.0,ulwe,1.0,0,1,0,0,0
13000000.0,1240.0,ulwe,3.0,1,1,0,0,0
27799999.0,1600.0,kharghar,3.0,1,1,1,0,1
7500000.0,495.0,borivali west,1.0,0,1,1,0,0
2800000.0,600.0,virar,1.0,1,1,0,1,1
21000000.0,910.0,unknown,2.0,1,0,1,0,1
28000000.0,1890.0,kandivali east,4.0,1,1,1,1,1
7500000.0,1060.0,mira road east,2.0,0,1,0,0,0
4300000.0,657.0,kalyan west,1.0,0,1,0,0,0
6500000.0,650.0,kharghar,1.0,1,1,0,0,1
12900000.0,1860.0,thane west,3.0,1,1,1,0,1
3000000.0,751.0,taloja,1.0,1,1,0,0,1
3500000.0,585.0,naigaon east,1.0,0,1,0,0,0
14200000.0,1440.0,kharghar,3.0,1,1,0,1,0
5250000.0,735.0,kharghar,1.0,1,1,1,1,1
9000000.0,1031.0,kharghar,2.0,0,0,0,0,0
4200000.0,350.0,kandivali west,1.0,0,1,0,0,0
11000000.0,800.0,mulund west,2.0,0,0,0,0,0
8750000.0,1205.0,kharghar,2.0,1,1,1,0,1
13600000.0,1050.0,chandivali,1.0,1,1,1,1,1
5100000.0,555.0,owale,1.0,1,1,1,1,0
13500000.0,1680.0,kharghar,4.0,1,0,1,0,1
4200000.0,650.0,kharghar,1.0,1,0,1,1,1
30000000.0,797.0,malad east,3.0,1,1,1,0,1
16000000.0,935.0,borivali west,2.0,1,1,0,0,0
16000000.0,1650.0,sector-50 seawoods,4.0,0,1,1,0,0
7000000.0,1020.0,mira road east,2.0,1,1,0,0,0
65500000.0,1543.0,parel,3.0,1,1,0,0,1
6800000.0,1000.0,unknown,2.0,0,1,0,0,0
4801000.0,416.0,thane west,1.0,1,1,1,0,0
19000000.0,1600.0,sainath nagar,3.0,0,0,1,1,0
9000000.0,1550.0,ulwe,2.0,1,1,1,0,1
8900000.0,750.0,malad west,1.0,0,1,1,0,1
3700000.0,650.0,ulwe sector 19,1.0,0,1,1,1,0
4700000.0,525.0,dombivli (west),1.0,0,0,0,0,0
20700000.0,1257.0,unknown,2.0,1,0,1,1,0
16000000.0,1215.0,ulwe,2.0,1,1,0,0,0
16000000.0,2115.0,dombivali,3.0,1,1,1,0,1
16500000.0,1635.0,kharghar,3.0,1,1,1,1,1
19000000.0,1150.0,powai,2.0,1,1,1,1,1
4900000.0,600.0,kharghar,1.0,0,1,1,1,0
27000000.0,1500.0,chembur,3.0,1,1,1,0,0
7150000.0,1050.0,ulwe,2.0,1,1,0,0,0
13000000.0,1350.0,thane west,3.0,0,1,0,1,1
8184999.0,831.0,unknown,2.0,1,1,1,0,1
3682000.0,715.0,badlapur west,1.0,0,1,1,1,0
7500000.0,1000.0,kharghar,2.0,1,1,0,0,1
8700000.0,675.0,koper khairane,1.0,1,1,0,0,0
5200000.0,980.0,nala sopara,2.0,0,1,0,0,0
9800000.0,540.0,mira road east,2.0,1,1,0,0,1
2576000.0,644.0,ambernath west,1.0,0,0,0,0,0
31100000.0,3275.0,kharghar,4.0,1,1,1,0,1
28000000.0,1500.0,ville parle east,3.0,1,1,0,0,0
8500000.0,840.0,thane west,2.0,1,0,1,0,0
23500000.0,1100.0,unknown,3.0,0,1,1,1,0
10000000.0,1210.0,ulwe,2.0,1,1,1,0,0
26000000.0,1088.0,goregaon west,3.0,1,0,0,0,1
66000000.0,3780.0,andheri  west,4.0,1,1,1,0,1
33400000.0,997.0,powai,3.0,1,1,0,0,1
2450000.0,585.0,nala sopara,1.0,0,1,1,1,0
3700000.0,887.0,badlapur east,2.0,1,0,0,0,1
3325000.0,665.0,dombivali,1.0,1,1,1,0,0
5518000.0,677.0,mira road east,1.0,0,1,0,0,0
3100000.0,650.0,virar,1.0,1,1,1,0,1
16500000.0,1600.0,kalamboli,4.0,1,1,1,1,1
4300000.0,620.0,koper khairane,1.0,0,0,0,0,0
15500000.0,680.0,wadala east wadala,1.0,1,1,1,1,0
6500000.0,566.0,dahisar east,1.0,1,0,1,0,0
15000000.0,1500.0,koper khairane,2.0,0,0,0,0,0
16500000.0,1150.0,powai,2.0,1,1,1,0,1
72300000.0,4240.0,malad east,5.0,1,1,1,0,1
3300000.0,600.0,kalyan west,1.0,1,1,0,0,1
4300000.0,654.0,karanjade,1.0,0,1,1,1,0
2010000.0,600.0,badlapur,1.0,0,1,1,0,0
5500000.0,425.0,bhandup west,1.0,0,0,0,0,0
35400000.0,1418.0,goregaon east,4.0,1,1,0,0,1
11900000.0,1020.0,thane west,3.0,1,1,1,0,1
240000000.0,3000.0,bandra west,2.0,1,1,0,0,0
6500000.0,650.0,mira road east,1.0,1,1,0,0,1
4380000.0,430.0,unknown,1.0,0,1,1,1,0
9000000.0,1129.0,sector-18 ulwe,2.0,0,1,0,1,0
5160000.0,645.0,bhayandar east,1.0,0,1,0,0,0
11500000.0,860.0,vashi,2.0,0,0,0,0,0
8000000.0,495.0,kandivali east,1.0,0,0,0,0,0
40000000.0,3500.0,kharghar,4.0,1,1,0,0,1
20099999.0,1100.0,unknown,2.0,1,1,1,1,1
13000000.0,1210.0,unknown,2.0,1,1,1,1,0
15500000.0,1000.0,unknown,2.0,1,1,1,1,1
7000000.0,1135.0,taloja,2.0,1,0,1,0,1
9000000.0,950.0,koper khairane,2.0,0,1,0,0,0
19000000.0,2098.0,malad west,4.0,1,1,0,0,0
6100000.0,1350.0,virar,3.0,1,1,0,0,0
12000000.0,1600.0,kharghar,3.0,1,1,1,1,1
4498000.0,454.0,dombivali,1.0,1,0,1,0,1
15000000.0,1290.0,mumbai agra national highway,3.0,0,0,1,1,0
9599000.0,1098.0,mira road east,2.0,1,0,0,0,1
3200000.0,460.0,unknown,1.0,0,0,0,0,0
10500000.0,980.0,kharghar,2.0,0,1,0,0,0
28100000.0,1115.0,kanjurmarg,3.0,1,0,0,0,1
7481000.0,1197.0,dombivali,3.0,1,1,1,0,1
4000000.0,660.0,unknown,1.0,1,1,0,0,1
18500000.0,661.0,mulund west,2.0,1,1,1,0,1
6500000.0,675.0,kharghar,1.0,0,0,1,0,0
18500000.0,1155.0,powai,2.0,1,0,0,0,0
110000000.0,1843.0,juhu,4.0,1,1,0,0,0
72000000.0,2800.0,chembur,5.0,0,1,1,0,0
13000000.0,632.0,thane west,2.0,0,1,1,0,1
21000000.0,1900.0,kharghar,3.0,0,0,0,0,0
2500000.0,900.0,nala sopara,1.0,0,1,0,0,0
6800000.0,547.0,thane,2.0,1,1,1,1,0
8500000.0,1215.0,ulwe,2.0,0,1,0,0,0
10000000.0,785.0,mumbai highway,2.0,1,1,1,0,1
10500000.0,645.0,kandivali east,1.0,1,1,0,0,1
2400000.0,590.0,unknown,1.0,0,1,1,0,0
21000000.0,1350.0,kandivali east,2.0,1,1,1,1,1
17500000.0,1020.0,chembur,2.0,1,1,1,0,0
5700000.0,550.0,thane west,1.0,1,1,1,1,1
35000000.0,1424.0,malad east,3.0,1,1,1,0,1
85000000.0,1106.0,girgaon,3.0,1,1,0,1,1
4000000.0,650.0,ulwe,1.0,1,1,0,0,0
2400000.0,714.0,boisar,2.0,0,1,1,0,1
5850000.0,500.0,thane west,1.0,0,1,1,0,0
8200000.0,1090.0,ulwe,2.0,1,1,1,0,0
16399999.0,731.0,chembur,2.0,0,0,0,0,0
27500000.0,1055.0,malad east,2.0,1,1,0,0,1
7500000.0,1220.0,kalyan west,3.0,0,0,0,0,0
26000000.0,1196.0,dahisar,3.0,1,1,1,0,1
21000000.0,1050.0,kandivali east,2.0,1,1,0,0,1
7500000.0,528.0,koper khairane,1.0,1,1,0,0,1
2064000.0,600.0,karjat,1.0,0,1,0,0,0
7500000.0,739.0,chembur,1.0,0,1,0,0,0
4999000.0,768.0,kalyan west,1.0,1,1,0,0,0
11000000.0,616.0,thane west,2.0,1,1,0,1,1
5100000.0,695.0,mira road east,1.0,0,1,1,1,1
27000000.0,1550.0,andheri  west,3.0,1,1,0,0,1
7425000.0,1050.0,vasai,3.0,0,1,1,0,0
23500000.0,634.0,nerul,1.0,1,1,1,0,1
4349000.0,870.0,unknown,2.0,1,1,1,0,0
4500000.0,650.0,kharghar,1.0,0,1,1,1,0
8900000.0,1100.0,ulwe,2.0,1,1,1,0,0
4900000.0,620.0,sector 21 kamothe,1.0,0,0,1,1,0
13000000.0,1350.0,ulwe,3.0,0,1,1,0,0
28600000.0,1766.0,ghatkopar,4.0,1,1,1,0,0
7500000.0,1350.0,ulwe,2.0,0,0,0,0,0
47000000.0,1500.0,worli,3.0,1,0,0,0,1
5600000.0,750.0,mira road east,1.0,1,1,0,0,1
16000000.0,650.0,antop hill,1.0,1,1,0,1,0
5399000.0,905.0,thane west,2.0,1,1,1,0,1
17000000.0,1700.0,ulwe,3.0,0,1,0,0,0
12000000.0,1386.0,unknown,3.0,1,1,1,0,1
6200000.0,310.0,malad west,1.0,0,0,0,0,0
6300000.0,748.0,vasai,2.0,0,1,1,0,0
55000000.0,1780.0,santacruz west,3.0,1,1,0,0,0
5675000.0,982.0,kalyan west,2.0,1,1,0,0,1
2150000.0,580.0,nala sopara,1.0,1,1,0,0,0
3872999.0,2399.0,virar,4.0,1,1,1,0,0
40000000.0,600.0,off nepean sea road,2.0,0,1,1,1,0
6190000.0,756.0,unknown,1.0,1,1,1,0,0
2050000.0,500.0,naigaon east,1.0,0,1,1,0,0
4500000.0,610.0,kamothe,2.0,1,0,1,1,0
15000000.0,1735.0,sector9 kamothe,3.0,1,1,1,1,0
15500000.0,1300.0,belapur,2.0,1,1,0,0,1
3500000.0,670.0,taloja panchanand,1.0,0,1,1,1,0
47000000.0,2050.0,powai,4.0,1,1,1,0,1
16800000.0,830.0,goregaon west,1.0,1,1,1,0,1
5800000.0,2045.0,ulwe,4.0,0,1,1,0,0
2300000.0,550.0,nala sopara,1.0,0,0,0,0,0
5200000.0,630.0,kamothe,1.0,0,0,1,1,0
15000000.0,850.0,kandivali east,2.0,1,1,0,0,1
4950000.0,650.0,kamothe,2.0,1,1,1,0,0
8200000.0,1000.0,sec 50 new,2.0,0,0,0,0,0
9450000.0,1080.0,mira road east,2.0,0,1,0,0,0
34500000.0,2465.0,kandivali east,4.0,1,1,1,0,1
9200000.0,1175.0,sector-18 ulwe,2.0,0,1,1,1,0
32300000.0,2900.0,sector-8 ulwe,5.0,0,1,1,1,0
21000000.0,900.0,soniwadi road,2.0,1,0,0,0,0
10500000.0,1098.0,kharghar,2.0,1,1,1,1,0
8500000.0,1110.0,panvel,2.0,1,0,0,0,0
13899999.0,750.0,powai,1.0,0,0,0,0,0
3500000.0,650.0,sector-8 ulwe,1.0,0,1,1,1,0
11000000.0,729.0,kandivali east,2.0,1,1,1,0,0
36000000.0,1656.0,borivali east,3.0,1,1,0,0,1
7700000.0,1137.0,mira road east,2.0,1,1,1,0,1
10200000.0,864.0,kandivali west,2.0,0,0,0,0,0
9350000.0,842.0,kharghar,2.0,1,1,1,0,1
27500000.0,1180.0,ville parle east,3.0,0,0,0,0,0
7500000.0,385.0,unknown,1.0,1,1,1,1,0
2700000.0,608.0,taloja,1.0,0,0,0,0,0
23000000.0,1360.0,thakur village,3.0,0,1,1,1,0
26000000.0,957.0,malad west,2.0,1,0,0,0,1
9500000.0,744.0,andheri  east,1.0,1,1,1,0,1
2150000.0,525.0,nalasopara west,1.0,0,0,0,0,0
9000000.0,560.0,borivali east,1.0,0,1,0,0,1
15900000.0,867.0,unknown,2.0,0,1,0,0,0
9200000.0,400.0,chembur shell colony,1.0,0,1,1,1,0
2950000.0,428.0,panvel,1.0,0,0,0,0,0
14000000.0,800.0,bhandup west,2.0,1,1,1,1,1
10000000.0,1102.0,mira road east,3.0,0,1,0,0,0
6000000.0,935.0,vasai west,2.0,0,0,0,0,0
6498000.0,570.0,unknown,1.0,0,1,1,0,0
4800000.0,540.0,kharghar,1.0,1,1,1,1,1
18000000.0,1351.0,seawoods,3.0,1,1,0,0,1
9041000.0,1530.0,bhiwandi,3.0,1,1,1,0,1
18000000.0,1282.0,ghatkopar,3.0,0,1,1,1,1
4200000.0,695.0,ulwe,1.0,0,0,0,0,0
52100000.0,1104.0,juhu,3.0,1,1,1,0,1
14900000.0,1550.0,kharghar,3.0,0,0,1,0,0
24800000.0,708.0,andheri  west,2.0,1,0,0,0,0
2750000.0,385.0,ulwe,1.0,0,0,1,1,1
4200000.0,630.0,kharghar,1.0,1,1,1,0,0
4500000.0,615.0,kalyan west,1.0,0,1,0,0,0
12800000.0,705.0,thane west,2.0,1,1,1,0,1
2600000.0,385.0,unknown,1.0,0,0,0,0,0
43000000.0,1950.0,andheri  west,4.0,0,1,0,0,1
14500000.0,721.0,unknown,2.0,0,1,1,0,1
7200000.0,1500.0,taloja,3.0,1,1,0,0,1
5999000.0,902.0,thane west,2.0,1,1,1,0,1
4600000.0,920.0,dombivali east,2.0,0,1,0,0,0
8500000.0,990.0,thane west,3.0,1,1,1,0,1
21500000.0,1350.0,borivali west,3.0,0,0,0,0,0
6300000.0,850.0,mira road east,2.0,0,1,1,1,1
14950000.0,1200.0,kharghar,3.0,0,0,1,1,0
14950000.0,1530.0,kharghar,3.0,0,1,1,1,1
6787000.0,850.0,panvel,2.0,0,0,0,0,0
11500000.0,1550.0,ulwe,3.0,0,0,0,0,0
4600000.0,700.0,dombivli (west),1.0,0,1,0,0,0
120000000.0,2393.0,bandra west,4.0,0,1,1,1,1
16000000.0,1944.0,mira road east,4.0,1,1,1,0,1
7494000.0,800.0,majiwada,2.0,0,1,0,1,0
6193000.0,1150.0,virar,3.0,1,0,1,0,1
15500000.0,1100.0,thakur village,2.0,0,1,1,1,0
18000000.0,1069.0,dahisar,2.0,0,0,1,1,0
5700000.0,670.0,ulwe,1.0,1,1,0,0,0
21000000.0,620.0,unknown,2.0,0,0,1,1,0
3900000.0,380.0,kharghar,1.0,1,1,1,0,1
15000000.0,1600.0,mira road east,2.0,1,1,1,0,1
3700000.0,717.0,nala sopara,1.0,0,1,0,1,0
10000000.0,1129.0,kamothe,2.0,0,0,1,1,0
2000000.0,390.0,bhoiwada kalyan,1.0,0,0,0,0,0
6500000.0,650.0,bhayandar east,1.0,0,1,1,0,0
2900000.0,585.0,nalasopara west,1.0,0,0,0,0,0
16000000.0,1700.0,sector12 kamothe,3.0,1,1,1,1,0
17000000.0,1450.0,kharghar,3.0,0,0,0,0,0
27500000.0,2200.0,unknown,4.0,1,1,0,0,1
36100000.0,823.0,parel,2.0,1,0,0,0,1
7500000.0,800.0,kalyan west,2.0,0,1,0,0,0
10200000.0,695.0,chembur,1.0,0,0,0,0,0
9800000.0,1170.0,mira road east,2.0,1,1,0,0,1
8000000.0,1055.0,panvel,2.0,1,1,1,0,1
19100000.0,1205.0,seawoods,1.0,1,1,1,1,1
13500000.0,527.0,airoli,2.0,0,1,1,0,0
22000000.0,1234.0,thane west,3.0,1,1,1,0,1
32100000.0,928.0,powai,3.0,1,1,0,0,1
2800000.0,324.0,thane west,1.0,1,1,1,0,1
25500000.0,805.0,ville parle east,2.0,1,1,1,0,1
12700000.0,1251.0,sector 15,2.0,0,0,1,1,0
4850000.0,720.0,unknown,1.0,0,1,1,1,0
8600000.0,550.0,unknown,1.0,0,1,0,0,0
14000000.0,1680.0,kharghar,3.0,1,0,1,1,1
19000000.0,1155.0,powai,2.0,1,1,1,1,1
10500000.0,1075.0,sector 35g,2.0,0,0,1,1,0
11000000.0,650.0,mulund west,1.0,1,1,0,0,0
14200000.0,1055.0,seawoods,2.0,1,1,1,0,1
2850000.0,324.0,thane west,1.0,0,1,1,0,1
19000000.0,764.0,charkop,1.0,0,1,1,1,0
10000000.0,1100.0,ulwe,2.0,1,1,1,1,1
8300000.0,1050.0,kharghar,2.0,1,1,1,1,1
3800000.0,650.0,kalyan west,1.0,0,1,0,0,0
12900000.0,310.0,prabhadevi,1.0,0,1,1,1,0
3300000.0,585.0,naigaon east,1.0,0,1,0,0,0
6400000.0,674.0,unknown,1.0,0,1,0,0,1
8000000.0,850.0,kalwa,2.0,0,0,0,0,0
9000000.0,550.0,dahisar west,1.0,0,0,0,0,0
7000000.0,1520.0,taloja,3.0,1,1,0,0,1
91800000.0,2703.0,nerul,4.0,1,1,1,1,1
7200000.0,995.0,mira road east,2.0,1,1,0,0,0
13899999.0,992.0,dahisar,2.0,1,1,1,0,1
6500000.0,675.0,thane belapur road kalwa,1.0,0,0,0,0,0
7500000.0,1250.0,vasai east,3.0,0,0,0,0,0
21000000.0,1190.0,seawoods,2.0,1,1,1,1,1
2064000.0,688.0,karjat,1.0,0,1,0,0,0
8200000.0,1141.0,unknown,2.0,1,1,1,1,0
16000000.0,1039.0,unknown,2.0,0,0,0,0,0
4000000.0,568.0,bhiwandi,2.0,1,1,1,0,0
86500000.0,1376.0,napeansea road,3.0,1,1,1,1,1
4000000.0,425.0,unknown,1.0,1,1,1,0,0
17500000.0,1760.0,kharghar,3.0,1,1,1,1,1
8000000.0,1155.0,ulwe,2.0,0,0,0,0,0
5600000.0,769.0,mira road east,1.0,1,1,1,0,1
7400000.0,643.0,sanpada,1.0,1,1,1,1,1
12200000.0,1327.0,balkum,3.0,0,1,1,1,0
6000000.0,1000.0,kharghar,2.0,0,0,0,0,0
11200000.0,1400.0,majiwada thane,3.0,1,1,1,1,0
14500000.0,865.0,dahisar,2.0,1,1,1,0,1
17500000.0,1095.0,chembur,2.0,1,1,0,0,0
17500000.0,1500.0,chembur,3.0,0,1,0,0,0
100000000.0,3300.0,oshiwara police station road,4.0,1,1,1,0,1
65000000.0,2664.0,goregaon west,3.0,1,1,1,0,1
4800000.0,725.0,unknown,1.0,0,0,0,0,0
9500000.0,1350.0,kharghar,2.0,0,1,1,1,0
21500000.0,1100.0,andheri  west,2.0,1,1,1,0,1
8600000.0,950.0,mira road east,2.0,0,1,0,0,0
14600000.0,1084.0,seawoods,2.0,1,1,0,0,1
21000000.0,1250.0,unknown,2.0,0,0,1,1,0
9200000.0,981.0,mira road east,2.0,1,1,0,0,1
2000000.0,580.0,nala sopara,1.0,0,1,0,0,0
13000000.0,1157.0,thane west,2.0,1,1,1,1,1
7998999.0,700.0,unknown,1.0,0,1,0,0,0
32500000.0,1545.0,powai,2.0,1,1,1,0,1
9500000.0,1240.0,kharghar,2.0,1,1,0,1,1
25000000.0,900.0,wadala,2.0,1,1,0,0,1
43500000.0,2200.0,unknown,4.0,1,1,0,0,1
6000000.0,950.0,kalyan west,2.0,1,1,0,0,1
72000000.0,1141.0,bandra east,3.0,0,0,0,0,1
18500000.0,700.0,mulund west,2.0,1,1,0,0,1
22100000.0,1075.0,magathane,2.0,0,1,1,1,0
2000000.0,590.0,unknown,1.0,1,1,0,0,1
65000000.0,2200.0,bandra west,4.0,0,0,0,0,0
11500000.0,1270.0,kharghar,2.0,0,1,0,0,0
3920000.0,1120.0,boisar,2.0,0,1,0,0,0
32500000.0,1124.0,andheri  east,3.0,1,1,1,0,1
20900000.0,1165.0,unknown,2.0,1,1,1,0,1
9774000.0,571.0,mira road east,2.0,1,1,1,0,1
16500000.0,1426.0,ghatkopar west,3.0,1,1,0,0,0
2100000.0,770.0,palghar,1.0,0,0,0,0,0
15200000.0,1490.0,thane west,3.0,1,1,0,0,0
11800000.0,2857.0,khopoli,4.0,1,1,0,0,1
13500000.0,995.0,thane west,2.0,1,0,1,0,1
5300000.0,670.0,unknown,1.0,1,1,1,1,1
5690000.0,769.0,mira road east,1.0,1,1,1,0,1
21000000.0,1280.0,malad east,2.0,1,1,1,1,1
16549999.5,1650.0,sector 17 ulwe,3.0,1,1,0,1,0
2500000.0,620.0,nala sopara,1.0,1,1,0,0,0
13000000.0,698.0,thane west,2.0,1,1,1,0,1
15800000.0,1246.0,thane west,3.0,1,1,1,1,1
2476000.0,540.0,vasai east,1.0,0,1,0,0,0
2170000.0,505.0,badlapur,1.0,1,1,1,1,1
8600000.0,1743.0,thane west,4.0,1,1,0,0,1
13500000.0,750.0,andheri  east,2.0,0,0,0,0,0
2451000.0,570.0,nala sopara,1.0,1,1,1,0,1
13000000.0,713.0,thane west,2.0,1,1,1,0,1
4600000.0,930.0,unknown,2.0,0,1,1,1,0
12500000.0,765.0,chembur,1.0,1,1,1,0,0
20500000.0,1175.0,magathane,2.0,1,0,1,1,0
46500000.0,1413.0,worli south mumbai,2.0,1,1,1,1,1
9000000.0,1078.0,kharghar,2.0,1,1,1,1,1
2100000.0,671.0,neral,1.0,0,0,0,0,0
43500000.0,2015.0,goregaon east,4.0,1,1,1,0,1
15000000.0,1109.0,vasant vihar,3.0,1,1,1,1,0
2800000.0,525.0,panvel,1.0,0,0,1,0,0
3500000.0,550.0,kalyan west,1.0,0,1,0,0,0
17500000.0,1050.0,unknown,2.0,0,1,1,1,0
11000000.0,1166.0,thane west,2.0,1,1,0,0,1
17500000.0,1300.0,dahisar,3.0,0,0,0,0,0
41000000.0,2085.0,goregaon east,4.0,1,1,0,0,1
18500000.0,1050.0,mulund west,2.0,0,1,0,0,0
10500000.0,723.0,unknown,1.0,1,1,0,0,0
6300000.0,1131.0,dombivali,3.0,0,1,0,0,0
6400000.0,506.0,unknown,1.0,0,0,1,1,0
8009999.0,965.0,mira road east,2.0,1,1,1,0,1
14000000.0,650.0,dharavi,1.0,0,1,1,0,0
13799999.0,1000.0,malad west,2.0,0,1,0,0,0
20000000.0,550.0,bandra west,1.0,0,1,0,0,0
9500000.0,1050.0,ulwe,2.0,1,1,0,0,1
6900000.0,735.0,kharghar,1.0,1,1,0,1,1
17000000.0,2235.0,kharghar,4.0,1,1,1,1,1
15500000.0,1530.0,kharghar,3.0,0,1,1,0,1
6600000.0,850.0,unknown,2.0,0,1,1,0,1
2500000.0,390.0,unknown,1.0,0,0,0,0,0
2255000.0,580.0,nalasopara west,1.0,0,1,0,0,0
8900000.0,1185.0,mira road east,3.0,0,1,0,0,0
5950000.0,540.0,thane west,1.0,1,0,1,0,0
25000000.0,1850.0,unknown,3.0,1,1,0,0,1
15900000.0,798.0,thane west,2.0,1,1,0,0,0
10900000.0,924.0,thane west,2.0,1,1,1,0,1
18900000.0,749.0,kanjurmarg,2.0,1,0,0,0,1
14000000.0,1000.0,kandivali east,2.0,1,1,1,1,1
3300000.0,650.0,virar,1.0,0,1,0,0,1
4163000.0,527.0,vasai,2.0,0,1,1,0,0
11500000.0,1133.0,unknown,2.0,1,0,0,0,1
5500000.0,650.0,sector 30,1.0,0,0,1,1,0
9750000.0,711.0,kalwa,2.0,0,0,1,1,0
16000000.0,1550.0,ghansoli,3.0,0,1,0,0,0
2781000.0,690.0,virar,1.0,1,1,0,0,0
4500000.0,650.0,panvel,1.0,0,0,0,0,0
2520000.0,630.0,ambernath west,1.0,0,1,0,0,0
6498999.0,945.0,thane west,2.0,1,0,0,0,1
2300000.0,1850.0,virar west,4.0,1,1,1,1,0
9500000.0,1005.0,kharghar,2.0,1,1,0,0,1
40000000.0,1735.0,wadala,3.0,1,1,1,0,1
4900000.0,985.0,taloja,2.0,0,0,1,1,0
11900000.0,500.0,kanjurmarg east,1.0,1,1,0,0,1
10500000.0,980.0,borivali,2.0,1,1,0,0,0
18000000.0,1561.0,dahisar east,3.0,0,0,0,0,0
4500000.0,1000.0,kalyan west,2.0,1,1,1,0,1
5400000.0,675.0,dombivali east,1.0,0,1,1,0,0
15500000.0,915.0,thane west,2.0,0,1,0,0,0
3622000.0,805.0,virar,1.0,1,1,1,0,1
18800000.0,1450.0,kandivali west,2.0,1,1,0,1,1
52500000.0,2700.0,borivali west,5.0,1,1,1,0,1
3574000.0,374.0,virar,1.0,0,1,0,0,0
18200000.0,759.0,mulund west,2.0,1,1,1,0,1
27900000.0,1404.0,goregaon east,2.0,0,1,1,0,1
2600000.0,660.0,badlapur east,1.0,1,1,1,0,1
9100000.0,690.0,mira road east,2.0,1,1,0,0,1
36900000.0,970.0,powai,3.0,1,1,1,0,1
5800000.0,540.0,unknown,1.0,0,1,0,0,0
2800000.0,555.0,dronagiri,1.0,0,0,0,0,0
28500000.0,1350.0,unknown,3.0,0,1,1,1,0
2064000.0,738.0,karjat,1.0,0,1,0,0,0
9650000.0,645.0,mira road east,3.0,1,1,1,0,1
20000000.0,1000.0,borivali west,2.0,0,0,0,0,0
34800000.0,950.0,khar,2.0,1,1,0,1,1
36100000.0,1038.0,parel,2.0,1,1,0,0,1
33000000.0,1800.0,samata nagar thakur village,3.0,1,1,1,0,1
4000000.0,670.0,ulwe,1.0,1,0,1,1,1
5400000.0,955.0,dombivali east,2.0,0,0,0,0,0
2400000.0,490.0,unknown,1.0,0,1,1,1,0
16500000.0,646.0,unknown,2.0,1,1,0,0,1
11500000.0,696.0,jogeshwari west,1.0,0,0,0,0,0
8500000.0,1050.0,ulwe,2.0,1,1,0,0,0
4000000.0,635.0,ulwe,1.0,0,1,0,0,0
13700000.0,990.0,kandivali west,2.0,0,0,0,0,0
5250000.0,585.0,kharghar,1.0,0,1,0,0,0
6500000.0,1690.0,ulwe,3.0,1,0,1,1,1
19800000.0,677.0,malad west,2.0,0,1,0,0,0
5350000.0,610.0,mira road east,1.0,0,1,0,0,0
7500000.0,725.0,koparkhairane station road,1.0,1,0,1,1,0
4600000.0,695.0,kalyan west,1.0,0,0,0,0,0
20000000.0,1500.0,kandivali west,3.0,1,1,1,0,0
2700000.0,610.0,koproli,1.0,1,0,0,0,0
3000000.0,550.0,ulwe,1.0,0,0,0,0,0
10900000.0,731.0,thane west,2.0,1,1,0,0,1
8900000.0,1065.0,kharghar,2.0,1,1,0,0,1
13100000.0,1100.0,kalyan west,3.0,1,1,0,0,1
34000000.0,1864.0,andheri  west,3.0,1,0,1,1,1
4207000.0,935.0,virar,2.0,1,1,1,0,1
13000000.0,1395.0,kharghar,3.0,1,1,1,1,1
29000000.0,1350.0,ghatkopar,3.0,1,1,1,1,0
4100000.0,559.0,kharghar,1.0,1,1,1,1,1
18500000.0,2056.0,kharghar,4.0,0,1,0,0,1
14300000.0,686.0,ghatkopar west,2.0,1,1,0,0,1
21500000.0,1350.0,andheri  west,2.0,0,0,0,0,0
13000000.0,850.0,dahisar,2.0,0,0,0,0,0
4140000.0,920.0,dombivali east,2.0,0,1,0,0,0
4500000.0,707.0,kharghar,1.0,1,1,0,1,0
13000000.0,2010.0,panvel,3.0,1,1,1,0,1
6500000.0,610.0,maharashtra nagar,1.0,0,0,0,0,0
36700000.0,1675.0,unknown,4.0,1,1,1,1,1
8575000.0,1100.0,kamothe,2.0,1,1,0,0,0
24000000.0,955.0,wadala east,2.0,1,1,0,0,1
6500000.0,1015.0,mira road east,2.0,0,0,1,1,0
8500000.0,901.0,kharghar,2.0,1,1,1,0,0
9499000.0,580.0,borivali west,1.0,1,1,0,0,0
14000000.0,800.0,dahisar west,2.0,0,1,0,0,0
33400000.0,2016.0,andheri  east,3.0,1,1,1,0,1
21800000.0,716.0,andheri  east,1.0,1,1,1,0,0
2650000.0,560.0,taloja,1.0,0,0,1,1,0
47600000.0,2070.0,andheri  west,3.0,1,1,1,0,1
6500000.0,735.0,unknown,1.0,1,1,1,1,1
18000000.0,1000.0,vashi,2.0,0,0,0,0,0
9600000.0,650.0,magathane,1.0,0,1,1,1,0
11200000.0,700.0,chembur,1.0,1,0,1,0,1
14500000.0,1109.0,vasant vihar thane west,3.0,1,1,1,0,1
9500000.0,1800.0,panvel,3.0,1,1,0,0,1
10000000.0,650.0,borivali west,1.0,0,1,0,0,0
42000000.0,1250.0,matunga east,3.0,1,1,0,0,0
3100000.0,540.0,naigaon east,1.0,1,1,1,0,1
12500000.0,800.0,kandivali west,2.0,1,1,1,1,1
4650000.0,525.0,kalyan west,1.0,0,1,1,1,0
17250000.0,700.0,andheri  east,2.0,1,1,1,0,1
23100000.0,600.0,andheri  west,1.0,0,1,1,0,0
7200000.0,657.0,thane west,1.0,1,1,1,0,1
25200000.0,1250.0,andheri  west,2.0,1,1,0,0,1
32500000.0,997.0,jogeshwari east,3.0,0,1,0,0,0
8500000.0,1175.0,kharghar,2.0,1,1,1,1,0
15000000.0,950.0,dattapada,2.0,0,0,1,0,0
6164000.0,399.0,mira road east,1.0,0,0,0,0,0
260000000.0,5642.0,sion,6.0,0,1,1,0,1
6146500.0,737.0,virar,3.0,1,1,1,0,1
5600000.0,716.0,kharghar,1.0,0,0,0,0,0
6900000.0,1287.0,palava,3.0,0,0,0,0,0
10100000.0,1265.0,navi basti,2.0,1,0,0,0,0
9400000.0,680.0,kandivali east,2.0,1,1,1,1,1
99000000.0,2073.0,andheri  west,3.0,1,1,1,0,1
11000000.0,1230.0,sector 17 ulwe,2.0,1,1,1,1,0
23500000.0,1444.0,powai,2.0,1,1,1,0,1
9500000.0,635.0,borivali west,1.0,1,1,1,0,1
4200000.0,655.0,santacruz east,1.0,1,1,0,1,1
55400000.0,2250.0,thane west,4.0,1,1,1,0,1
16000000.0,850.0,dattapada,2.0,0,1,1,1,0
15000000.0,950.0,mulund west,2.0,0,1,0,0,0
15700000.0,2420.0,panvel,4.0,1,1,1,0,1
43000000.0,1367.0,goregaon east,3.0,1,1,1,0,1
2795000.0,650.0,unknown,1.0,0,1,1,0,0
3150000.0,650.0,kalyan west,1.0,1,1,1,0,1
10800000.0,1026.0,dahisar east,2.0,1,1,0,0,1
22000000.0,1715.0,kharghar,3.0,0,0,0,0,0
13700000.0,1380.0,kharghar,2.0,1,1,1,1,1
14900000.0,1489.0,thane west,3.0,1,1,0,0,1
80000000.0,2150.0,hanuman nagar,4.0,0,1,1,1,0
15500000.0,761.0,thane west,2.0,1,1,1,0,0
14500000.0,900.0,thane west,2.0,0,0,0,0,0
15500000.0,600.0,unknown,1.0,0,1,0,0,0
12200000.0,556.0,chembur,1.0,1,0,1,0,0
2800000.0,400.0,mira road and beyond,1.0,1,0,1,1,0
5300000.0,995.0,taloja,2.0,0,0,1,1,0
10000000.0,1200.0,thane west,3.0,1,1,1,0,1
40000000.0,850.0,matunga east,2.0,1,1,0,0,0
27500000.0,1056.0,borivali west,3.0,1,1,0,0,1
13000000.0,1185.0,kharghar,2.0,1,1,1,1,1
4500000.0,500.0,thane west,1.0,1,1,1,0,1
18500000.0,1250.0,nerul,2.0,1,0,1,0,0
14000000.0,800.0,borivali west,2.0,0,1,0,0,0
2190000.0,655.0,badlapur east,1.0,0,1,0,0,0
16000000.0,950.0,dahisar,2.0,1,1,1,1,1
3800000.0,675.0,petali,1.0,0,0,1,1,0
8053000.0,700.0,mira road east,1.0,1,1,1,1,1
16500000.0,850.0,andheri  east,2.0,0,1,0,0,0
21700000.0,1315.0,malad east,3.0,1,1,1,0,0
2950000.0,605.0,unknown,1.0,0,1,1,1,0
16800000.0,1330.0,sector 17 ulwe,3.0,1,1,1,1,0
20200000.0,969.0,thane west,3.0,1,1,0,0,1
8000000.0,1300.0,tilak nagar mumbai,3.0,0,1,0,0,0
2100000.0,325.0,vasai west,1.0,0,0,0,0,0
10000000.0,1234.0,kharghar,2.0,1,1,1,0,1
16100000.0,675.0,borivali west,2.0,1,1,1,0,1
3300000.0,590.0,koproli,1.0,0,0,0,0,0
7000000.0,710.0,thane west,1.0,0,0,0,0,0
7500000.0,950.0,mira road east,2.0,1,1,1,1,1
70000000.0,2400.0,andheri  west,4.0,1,1,0,0,1
9900000.0,1150.0,kharghar,2.0,1,1,1,0,1
8800000.0,1005.0,panvel,2.0,1,1,1,0,1
11200000.0,542.0,mira road east,2.0,1,1,0,0,1
5500000.0,727.0,ulwe,1.0,0,0,0,0,0
7300000.0,750.0,thane west,1.0,0,1,0,0,0
8600000.0,865.0,kalyan west,2.0,0,1,0,0,0
72500000.0,1750.0,bandra west,3.0,1,1,1,1,0
4800000.0,655.0,kharghar,1.0,0,0,1,1,0
7800000.0,450.0,kandivali east,1.0,1,1,1,0,1
31500000.0,2415.0,kandivali east,4.0,1,1,1,0,1
2900000.0,522.0,malad west,1.0,0,1,0,0,0
4600000.0,680.0,beturkar pada,1.0,0,1,0,0,0
5097000.0,1057.0,virar,2.0,1,0,0,0,0
2099000.0,387.0,palghar,1.0,0,0,0,0,1
6990000.0,473.0,thane west,1.0,1,0,1,1,1
8000000.0,1100.0,ulwe,2.0,1,0,0,0,1
14500000.0,1200.0,thane west,3.0,1,1,0,0,1
11100000.0,1205.0,seawoods,1.0,0,1,0,0,0
39000000.0,2150.0,vasant vihar,4.0,1,1,1,1,0
6998999.0,550.0,chembur,1.0,1,1,0,0,1
24000000.0,1000.0,andheri,2.0,0,0,1,1,0
13100000.0,2700.0,panvel,4.0,1,1,1,0,1
3650000.0,830.0,virar,2.0,1,1,0,0,1
13700000.0,663.0,thane west,2.0,1,1,1,0,1
2575000.0,505.0,badlapur east,1.0,1,1,1,0,1
8000000.0,1150.0,kamothe,2.0,1,1,1,0,1
17700000.0,984.0,thane west,3.0,1,1,1,1,1
40000000.0,2000.0,kandivali west,4.0,1,1,1,0,1
6000000.0,650.0,ulwe,1.0,0,1,0,0,0
7500000.0,650.0,thane west,1.0,0,0,0,0,0
9500000.0,1100.0,kharghar,2.0,1,1,0,0,1
13000000.0,1069.0,thane west,2.0,0,1,1,1,1
13500000.0,1538.0,ulwe,3.0,1,1,0,0,1
2200000.0,525.0,nala sopara,1.0,1,1,1,0,0
26900000.0,1505.0,powai,3.0,1,1,0,0,1
60500000.0,1404.0,parel,3.0,1,1,0,0,1
33500000.0,1501.0,goregaon west,3.0,1,1,1,0,1
6800000.0,1098.0,dombivali,2.0,1,1,1,0,1
25000000.0,1445.0,powai,3.0,1,1,1,1,1
3250000.0,690.0,taloja,1.0,0,0,1,1,0
5600000.0,680.0,kalwa,1.0,0,1,0,0,0
24800000.0,958.0,wadala east wadala,2.0,0,1,1,1,0
10000000.0,610.0,kandivali west,1.0,1,1,1,0,1
10500000.0,1165.0,sector9 kamothe,2.0,0,1,1,1,0
17400000.0,885.0,powai,2.0,1,1,1,0,1
12500000.0,1240.0,kharghar,2.0,1,1,0,0,1
8000000.0,1491.0,vasai west,3.0,0,0,0,0,0
13500000.0,1072.0,malad east,1.0,0,1,0,0,0
7498999.0,1010.0,mira road east,2.0,1,1,1,0,1
5300000.0,600.0,thane,2.0,1,1,1,1,0
2580000.0,645.0,titwala,1.0,0,1,1,0,0
6000000.0,1050.0,dronagiri,2.0,1,1,0,0,1
85600000.0,1705.0,unknown,4.0,1,1,1,0,1
26900000.0,1545.0,unknown,3.0,1,0,1,1,1
15500000.0,900.0,kandivali east,2.0,1,1,0,0,1
3650000.0,850.0,naigaon east,2.0,0,0,0,0,0
5000000.0,1017.0,bhiwandi,2.0,1,1,1,0,0
42800000.0,2000.0,thane west,4.0,1,1,0,0,1
9500000.0,1005.0,chembur,2.0,1,1,1,0,1
2950000.0,630.0,virar,1.0,1,1,1,0,1
20200000.0,1252.0,chembur,2.0,1,1,1,0,1
9200000.0,1500.0,sector 21 kharghar,3.0,0,1,0,1,0
10000000.0,600.0,andheri  east,1.0,0,1,0,0,0
2200000.0,550.0,nala sopara,1.0,1,1,1,0,1
3100000.0,665.0,virar,1.0,1,1,1,0,1
16500000.0,1100.0,vikroli east,2.0,0,1,0,0,0
2150000.0,425.0,kurla west,1.0,0,1,0,0,0
32599999.0,1306.0,mulund west,3.0,1,0,0,0,0
5500000.0,450.0,kharghar,1.0,0,0,1,1,0
2400000.0,585.0,nala sopara,1.0,1,1,1,0,1
6787000.0,850.0,panvel,2.0,1,1,0,0,1
2400000.0,350.0,dombivli (west),1.0,0,1,0,0,0
8995000.0,630.0,mira road east,2.0,1,1,0,0,1
37600000.0,1630.0,thane west,4.0,1,1,1,0,1
40000000.0,1820.0,goregaon east,2.0,0,1,1,0,1
21500000.0,1012.0,thane west,3.0,1,1,0,0,1
4000000.0,600.0,bhiwandi,1.0,1,1,1,0,1
2150000.0,500.0,nalasopara west,1.0,0,0,0,0,0
8100000.0,710.0,unknown,1.0,1,1,1,0,1
3850000.0,635.0,karanjade,1.0,0,1,1,1,0
9500000.0,1100.0,ulwe,2.0,1,1,1,1,1
10500000.0,956.0,thane west,2.0,0,0,0,0,0
2400000.0,560.0,kasheli,1.0,0,1,0,0,0
11000000.0,1096.0,kharghar,2.0,1,1,0,0,1
3594000.0,850.0,nala sopara,2.0,1,1,1,0,1
8000000.0,340.0,kandivali east,1.0,1,1,1,1,0
37400000.0,3400.0,ulwe,4.0,1,1,0,0,0
7500000.0,850.0,kharghar,2.0,0,0,1,1,0
3500000.0,734.0,nala sopara,1.0,0,1,1,0,0
9618000.0,493.0,panvel,2.0,1,1,0,0,1
5100000.0,690.0,ulwe,1.0,0,0,0,0,0
2582000.0,575.0,titwala,1.0,0,1,0,0,0
22500000.0,1250.0,unknown,3.0,1,1,0,0,0
7950000.0,590.0,hiranandani estates,1.0,0,1,0,0,0
4600000.0,715.0,ulwe,1.0,0,0,0,0,0
55000000.0,1125.0,parel,2.0,1,1,1,0,1
2750000.0,394.0,unknown,1.0,0,0,0,0,0
12800000.0,1000.0,thane west,2.0,1,0,0,1,1
11500000.0,641.0,thane west,2.0,1,1,1,1,1
22500000.0,768.0,andheri  west,2.0,1,1,0,0,1
80000000.0,2475.0,dadar east,4.0,1,1,0,0,1
24000000.0,1250.0,mahatma gandhi road,3.0,0,1,1,1,0
14500000.0,989.0,chembur,2.0,1,1,1,0,1
6400000.0,1550.0,taloja,3.0,1,1,1,0,1
15800000.0,1325.0,manpada,3.0,0,1,1,1,0
14000000.0,1245.0,airoli,2.0,1,1,0,0,1
3500000.0,450.0,badlapur east,1.0,0,1,0,0,1
6900000.0,1060.0,unknown,2.0,1,1,1,0,1
26000000.0,1125.0,sen nagar,2.0,0,1,0,0,0
6542000.0,1150.0,unknown,2.0,1,1,1,1,1
3500000.0,475.0,sector 20 kamothe,1.0,0,0,0,0,0
51300000.0,1096.0,unknown,3.0,1,1,0,0,1
38800000.0,2160.0,mulund west,3.0,1,1,0,0,1
23200000.0,1660.0,malad east,3.0,0,1,0,0,0
101800000.0,2400.0,andheri  west,4.0,1,1,1,0,1
2500000.0,580.0,nala sopara,1.0,0,1,0,0,0
14500000.0,829.0,borivali,2.0,1,1,1,0,1
9500000.0,1100.0,kharghar,2.0,1,0,1,0,1
3988000.0,1108.0,boisar,3.0,1,0,1,0,1
15500000.0,1300.0,thane west,3.0,1,1,0,0,1
18900000.0,963.0,wadala,2.0,1,1,0,0,0
22000000.0,1395.0,sanpada,3.0,1,1,1,1,1
8100000.0,720.0,kurla,1.0,0,1,0,0,0
19500000.0,1600.0,belapur,4.0,1,1,0,0,1
16500000.0,1200.0,malad east,3.0,1,1,1,1,1
18000000.0,980.0,powai,2.0,1,1,1,0,1
13000000.0,1974.0,kharghar,4.0,1,1,1,0,1
11000000.0,1518.0,kharghar,3.0,0,1,1,1,0
15500000.0,1645.0,kharghar,3.0,1,1,1,1,1
17000000.0,1098.0,mira road east,2.0,1,1,1,0,1
15500000.0,1023.0,malad east,2.0,0,1,0,0,0
6300000.0,980.0,sector 17 ulwe,2.0,0,0,0,0,0
5250000.0,650.0,ulwe,1.0,1,1,1,0,1
12700000.0,908.0,thane west,2.0,1,0,0,0,1
31200000.0,1470.0,andheri  west,3.0,0,1,0,1,0
3700000.0,640.0,karanjade,1.0,0,0,0,0,0
10500000.0,620.0,kanjurmarg,1.0,0,1,0,0,1
74500000.0,3582.0,worli,3.0,1,1,1,1,1
2492000.0,660.0,unknown,1.0,0,1,1,0,0
5000000.0,640.0,ulwe,1.0,1,0,1,1,1
12900000.0,1311.0,unknown,3.0,1,1,1,0,1
4099000.0,565.0,kalyan west,1.0,0,1,1,0,0
22000000.0,1558.0,ghatkopar,3.0,0,1,1,0,1
10500000.0,1120.0,kharghar,2.0,0,1,1,0,0
22000000.0,1290.0,goregaon east,2.0,0,0,0,0,0
5700000.0,283.0,thane west,1.0,1,1,0,0,1
3365999.0,990.0,boisar,3.0,1,0,1,0,0
11000000.0,670.0,borivali west,1.0,0,1,1,0,0
27250000.0,2300.0,chembur,3.0,1,1,1,1,0
4300000.0,685.0,mumbai central,1.0,1,1,1,1,0
6800000.0,1127.0,kalyan west,2.0,0,1,1,0,1
8800000.0,1185.0,ulwe,2.0,1,0,0,0,0
17000000.0,1000.0,powai,1.0,1,1,0,0,0
4200000.0,1874.0,mira road and beyond,4.0,1,0,1,0,0
26000000.0,1200.0,andheri  west,3.0,1,0,0,0,0
7500000.0,1050.0,seawoods,2.0,0,0,0,0,0
18000000.0,614.0,malad west,2.0,0,1,0,0,0
9000000.0,1100.0,ulwe,2.0,1,1,0,0,0
9000000.0,750.0,kurla,1.0,0,1,0,0,0
8020000.0,900.0,dombivali east,3.0,1,1,0,0,1
3500000.0,360.0,mira road east,1.0,0,0,0,0,0
25000000.0,1600.0,borivali west,3.0,1,0,0,0,0
16000000.0,900.0,goregaon east,2.0,0,1,1,1,0
44000000.0,1721.0,dahisar,3.0,0,1,1,1,0
28500000.0,1485.0,unknown,3.0,0,1,1,0,1
15000000.0,1635.0,kharghar,4.0,1,1,1,1,1
3900000.0,685.0,karanjade,1.0,0,1,0,0,0
8500000.0,657.0,gokuldham,1.0,0,1,1,1,0
12100000.0,1240.0,kharghar,2.0,1,1,1,0,1
9000000.0,1026.0,kolshet,2.0,0,1,1,1,0
8000000.0,1350.0,ulwe,3.0,1,0,1,1,1
6000000.0,850.0,kharghar,2.0,1,0,0,1,1
29000000.0,2065.0,ghansoli,3.0,1,1,0,0,1
46300000.0,1797.0,kandivali east,3.0,1,1,1,0,1
20900000.0,667.0,andheri  west,2.0,1,1,1,0,1
20299999.0,991.0,thane west,3.0,1,1,1,0,1
6656000.0,488.0,kharegaon,1.0,0,0,1,1,0
22750000.0,1200.0,andheri  west,2.0,1,1,1,1,0
8500000.0,650.0,dokali pada,2.0,1,1,1,1,0
5000000.0,650.0,kharghar,1.0,0,1,0,0,0
10900000.0,700.0,thane west,2.0,1,1,0,0,1
8500000.0,840.0,mira road east,2.0,0,0,0,0,0
6900000.0,1287.0,palava,3.0,1,1,0,0,1
7600000.0,1000.0,ulwe,2.0,0,1,0,0,0
8064000.0,1100.0,kalyan east,2.0,1,1,0,0,0
3872000.0,826.0,badlapur east,2.0,1,1,1,0,1
8100000.0,972.0,mira road east,2.0,1,0,0,1,1
4500000.0,600.0,kharghar,1.0,1,1,1,1,1
7500000.0,660.0,kalyan west,2.0,0,1,1,1,0
7300000.0,640.0,kolshet,2.0,0,1,1,1,0
3711999.0,910.0,virar,2.0,1,1,1,0,1
7600000.0,705.0,thakur village kandivali east,1.0,0,1,1,0,1
11200000.0,725.0,chembur,1.0,1,1,1,1,0
13500000.0,1391.0,thane west,3.0,1,1,1,0,1
4800000.0,560.0,unknown,1.0,1,1,1,1,1
18100000.0,762.0,thane west,2.0,1,0,0,0,1
4400000.0,610.0,unknown,1.0,1,1,1,1,0
