price,sqrt,location,bhk,New/Resale,Gymnasium,Lift Available,CarParking,Maintenance Staff,24x7 Security,Children's Play Area,Clubhouse,Intercom,Landscaped Gardens,Indoor Games,Gas Connection,Jogging Track,Swimming Pool
,1498.0,Kharghar,3.0,0.0,1,No,1,0,Yes,1,1,0,,0,0,1,1
125000000.0,2904.0, WORLI,4.0,,1,1,1,1,1,,,1,1,1,1,1,1
43000000.0,2195.0,Goregaon East,3.0,0.0,1,1,1,No,1,1,1,1,1,Yes,0,1,1
4500000.0,738.0,Taloja,1.0,0.0,1,1,1,No,1,1,1,1,1,1,,1,1
6000000.0,650.0,Mira Road East,2.0,0.0,0,1,0,,1,0,0,0,No,No,0,0,0
3000000.0,1160.0,Boisar,3.0,,,1,0,No,0,1,,,1,0,0,1,1
11500000.0,650.0,Mulund East,1.0,0.0,1,1,0,0,0,1,1,1,0,,Yes,No,
5500000.0,700.0,Ulwe,2.0,1.0,0,0,0,No,No,0,0,0,0,0,0,0,No
9700000.0,645.0,Mira Road East,3.0,1.0,,1,1,No,1,1,1,Yes,1,1,0,1,
10800000.0,928.0,Thane West,2.0,1.0,1,1,0,0,0,1,1,Yes,0,,0,0,1
6500000.0,1100.0,Beturkar Pada,2.0,0.0,0,Yes,,0,0,0,1,0,0,,0,,0
8000000.0,,Koper Khairane,1.0,0.0,,1,1,1,Yes,0,1,0,0,0,No,0,0
4800000.0,855.0,Kalyan East,,1.0,0,1,,0,No,,0,,0,No,0,0,0
11500000.0,1771.0,Panvel,3.0,1.0,1,1,Yes,0,1,1,1,1,1,1,0,Yes,1
13899999.0,538.0,Kanjurmarg,2.0,1.0,1,0,0,0,,1,Yes,,0,Yes,No,No,Yes
6000000.0,700.0,Thane West,1.0,,1,1,0,0,1,1,1,1,1,1,0,0,0
60100000.0,1435.0,Juhu,3.0,1.0,,1,1,,1,0,0,1,0,0,,,1
6500000.0,500.0,Sector 19 Nerul,1.0,0.0,0,0,0,0,1,No,0,0,0,0,0,0,0
10200000.0,585.0,Malad West,1.0,1.0,1,1,1,0,1,1,1,,1,0,0,1,0
23000000.0,1100.0,nan,3.0,,0,Yes,1,1,1,No,0,0,0,0,0,0,No
13500000.0,,Powai ,1.0,0.0,,1,1,0,1,Yes,1,1,0,No,1,1,Yes
8800000.0,600.0,Kandivali West,1.0,0.0,1,1,,0,1,1,Yes,Yes,,0,0,1,1
55000000.0,1388.0,Lower Parel,2.0,0.0,0,,1,1,1,0,0,0,0,0,No,0,0
,1150.0,Ulwe,3.0,0.0,Yes,0,1,0,1,0,Yes,1,1,1,0,0,
7837000.0,1045.0,Mira Road East,2.0,,0,1,0,0,0,1,No,1,0,0,0,0,No
14400000.0,1030.0,Seawoods,2.0,1.0,1,Yes,1,0,0,1,1,1,1,1,0,1,0
24000000.0,828.0,Kandivali West,2.0,0.0,Yes,1,1,0,1,1,1,,1,0,1,1,1
15000000.0,850.0,Andheri  East,2.0,0.0,,1,1,No,1,1,1,1,0,1,1,,Yes
2900000.0,695.0,Taloja,,0.0,0,1,1,1,Yes,0,0,,0,0,0,0,0
14800000.0,,Kurla,2.0,1.0,1,0,No,0,0,,0,0,No,0,0,0,0
12000000.0,931.0,Panvel,3.0,,1,1,1,0,Yes,1,1,1,1,1,No,1,1
8588000.0,1130.0,Kharghar,2.0,1.0,1,1,1,1,1,0,1,Yes,1,1,0,1,1
19500000.0,1200.0,Malad East,2.0,1.0,0,0,0,,0,0,0,0,No,0,0,0,0
5300000.0,860.0,Nala Sopara,1.0,0.0,0,1,0,No,No,1,0,Yes,0,0,0,0,No
2300000.0,640.0,Virar,1.0,0.0,0,1,0,No,0,1,0,No,No,0,0,0,0
25000000.0,1250.0,Andheri  West,,0.0,1,1,0,No,0,0,1,1,0,0,0,No,1
,1100.0,Gundavali Gaothan,2.0,0.0,0,1,1,,1,1,0,No,0,0,No,0,No
19900000.0,664.0,Mulund West,2.0,,1,,Yes,0,1,1,1,1,1,1,,1,1
2005000.0,575.0,Badlapur,1.0,1.0,0,Yes,1,,1,No,0,1,0,0,0,0,0
,800.0,Jogeshwari West,2.0,0.0,0,Yes,0,No,0,1,0,0,0,0,0,,No
10800000.0,1260.0,Thane West,2.0,1.0,1,1,0,0,0,1,1,1,0,0,1,0,1
19500000.0,1215.0,nan,3.0,0.0,,1,Yes,1,1,1,1,1,1,1,1,1,1
16000000.0,800.0,Andheri  West,2.0,0.0,0,0,0,0,1,0,1,1,1,No,No,0,1
9300000.0,1800.0,Panvel,3.0,0.0,1,1,0,No,0,1,1,1,0,0,0,0,Yes
2700000.0,,Virar West,1.0,0.0,1,Yes,0,0,0,0,,0,0,0,0,0,0
30000000.0,2355.0,nan,4.0,0.0,1,1,1,0,1,1,1,0,,,,1,1
28000000.0,730.0,mumbai,2.0,0.0,1,1,1,Yes,1,0,No,,0,0,No,0,0
15200000.0,1286.0,Nerul,,0.0,1,1,1,1,Yes,Yes,,1,Yes,1,0,1,1
7500000.0,1050.0,Kharghar,,0.0,No,Yes,1,1,,No,No,0,No,No,No,1,0
8800000.0,,Panvel,2.0,1.0,1,1,1,,1,1,1,1,Yes,1,No,Yes,1
3500000.0,607.0,Kalyan West,1.0,1.0,1,1,0,0,Yes,1,1,1,1,0,0,1,1
10400000.0,1365.0,Mira Road East,3.0,0.0,0,1,0,0,No,1,0,1,0,0,1,0,No
9500000.0,950.0,nan,2.0,0.0,1,1,1,1,1,No,1,1,0,0,0,1,1
13500000.0,1340.0,Sector 19 Kharghar,2.0,0.0,0,,1,1,1,0,0,0,No,0,,,0
5900000.0,725.0,Kalamboli,1.0,1.0,,1,0,0,0,,1,Yes,,0,0,0,
6400000.0,1180.0,Mira Road and Beyond,2.0,0.0,Yes,Yes,1,,1,0,,0,0,No,0,,0
9300000.0,1310.0,Kamothe,2.0,0.0,0,No,1,1,1,0,0,0,0,0,0,0,0
5000000.0,702.0,mumbai Agra National Highway,1.0,1.0,0,0,No,0,0,0,0,0,0,0,0,,0
8000000.0,720.0,Thane West,1.0,,,1,1,0,1,1,,1,1,0,0,Yes,1
2390000.0,,nan,1.0,0.0,0,1,0,No,0,1,0,No,,0,0,No,0
8100000.0,1097.0,nan,2.0,0.0,0,0,0,No,0,No,0,0,0,0,0,,0
,839.0,Kandivali West,2.0,0.0,1,1,1,0,Yes,1,1,0,,,Yes,,
8500000.0,560.0,Dahisar West,,0.0,0,0,0,0,0,0,0,0,0,,1,No,0
32500000.0,980.0,Dadar West,2.0,0.0,0,1,1,0,1,0,0,No,0,0,No,0,0
6000000.0,740.0,Kharghar,1.0,0.0,Yes,Yes,1,1,1,Yes,1,1,0,Yes,0,1,
4500000.0,550.0,Kharghar,1.0,,0,1,1,Yes,1,0,0,No,1,0,0,0,0
10000000.0,1700.0,Kamothe,3.0,0.0,Yes,1,1,1,1,0,1,0,0,No,0,,0
8420000.0,960.0,nan,2.0,1.0,Yes,1,0,0,0,1,Yes,1,No,0,1,0,1
19000000.0,980.0,Goregaon West,2.0,,1,1,0,0,0,1,,1,0,0,1,1,0
4000000.0,565.0,Kalyan West,1.0,0.0,0,1,1,0,0,1,0,0,0,0,0,0,
57000000.0,1203.0,Ghatkopar West,4.0,0.0,1,1,1,1,1,1,,,Yes,1,0,0,
,680.0,Taloja,1.0,0.0,0,0,1,Yes,Yes,0,No,0,No,0,No,0,0
,,Powai ,2.0,0.0,1,,1,0,1,1,1,1,1,0,1,1,1
33500000.0,1112.0,Goregaon West,3.0,1.0,1,1,1,,1,1,Yes,1,0,0,,1,
4052000.0,,Badlapur East,2.0,1.0,1,1,1,0,1,Yes,1,Yes,0,1,0,1,1
8900000.0,1690.0,Panvel,3.0,,1,1,Yes,0,1,1,1,,1,1,0,1,
12400000.0,650.0,Andheri  East,1.0,0.0,,0,0,0,,0,0,0,0,0,0,No,0
18000000.0,1350.0,Goregaon West,3.0,0.0,1,1,,0,1,Yes,1,1,0,0,0,1,1
19700000.0,709.0,nan,2.0,1.0,0,0,0,No,0,0,0,0,0,0,,0,0
13899999.0,614.0,Kandivali East,2.0,,Yes,Yes,1,0,Yes,1,1,1,0,0,No,1,1
8725000.0,,Kamothe,2.0,0.0,1,1,1,,1,No,1,1,No,0,,1,Yes
17900000.0,1400.0,Kandivali West,3.0,1.0,0,1,No,0,0,No,0,1,0,0,1,0,0
3600000.0,800.0,Nala Sopara,2.0,,,Yes,No,0,0,Yes,0,0,0,0,0,0,0
15000000.0,1100.0,Dahisar,2.0,0.0,0,1,0,0,,1,0,0,0,0,1,0,1
22000000.0,1300.0,borivali West,2.0,1.0,Yes,1,1,0,1,1,1,Yes,1,No,0,1,1
,2436.0,Napeansea Road,3.0,1.0,1,1,Yes,1,1,Yes,1,1,1,1,1,1,1
,610.0,matunga east,1.0,0.0,0,1,0,0,0,,0,1,0,0,0,0,0
2460000.0,510.0,Taloja,1.0,,1,1,0,0,,1,1,1,0,Yes,1,0,
9013000.0,,Panvel,2.0,,1,1,1,0,1,1,1,1,Yes,1,0,,1
18900000.0,1404.0,Malad West,3.0,1.0,1,1,0,1,1,1,0,Yes,1,0,1,Yes,1
6500000.0,645.0,Ghansoli,1.0,0.0,0,1,0,0,,0,0,0,0,0,1,No,0
9500000.0,750.0,borivali West,1.0,0.0,0,0,,0,No,0,0,0,0,0,1,0,0
16500000.0,1350.0,Ghatkopar West,3.0,1.0,1,1,No,0,0,1,No,1,0,0,0,0,0
17200000.0,750.0,nan,2.0,1.0,Yes,1,1,1,1,Yes,1,1,Yes,1,0,1,1
14900000.0,806.0,Malad East,2.0,0.0,0,,Yes,1,1,0,0,0,0,0,0,0,No
4500000.0,550.0,nan,1.0,0.0,1,0,1,1,1,,0,0,0,0,0,0,1
,695.0,Mira Road East,1.0,0.0,No,1,1,0,0,1,0,1,0,,1,0,0
6600000.0,975.0,Kalyan West,2.0,0.0,Yes,1,1,,1,0,1,1,1,0,0,1,1
23500000.0,1250.0,Nerul,1.0,0.0,,1,1,0,1,1,1,,0,0,No,1,1
8500000.0,650.0,nan,1.0,1.0,0,No,0,No,0,0,0,0,0,No,0,0,0
37700000.0,1556.0,Goregaon West,3.0,1.0,1,1,0,,0,,,1,,0,1,,Yes
,950.0,Dahisar,2.0,0.0,0,1,1,0,0,0,0,0,0,0,0,No,0
19500000.0,,nan,2.0,1.0,1,1,1,0,,Yes,1,1,1,1,0,1,1
,750.0,Panvel,2.0,1.0,,,No,0,0,Yes,1,1,No,No,0,0,1
15400000.0,711.0,Thane West,2.0,1.0,1,1,0,0,0,1,1,,0,0,0,0,Yes
10500000.0,1136.0,Sector 5,2.0,0.0,0,No,1,Yes,1,0,0,No,0,0,0,0,0
3500000.0,670.0,taloja panchanand,1.0,0.0,,Yes,Yes,,1,,1,0,1,0,0,,1
2725000.0,535.0,Badlapur East,1.0,1.0,1,,1,0,Yes,1,,1,No,1,0,1,1
18000000.0,1309.0,Thane West,,1.0,1,0,1,0,,1,0,1,1,1,0,1,0
16500000.0,970.0,Powai ,2.0,0.0,Yes,,1,No,1,1,,1,1,0,0,1,1
3000000.0,530.0,Thane,1.0,,1,1,1,1,1,0,Yes,0,,0,No,No,No
16500000.0,756.0,borivali West,,1.0,1,1,1,,1,1,No,Yes,0,,0,1,Yes
12000000.0,750.0,Kandivali West,1.0,0.0,0,1,No,0,0,1,0,0,0,No,Yes,No,0
14000000.0,1320.0,Sector 18,2.0,0.0,0,0,1,Yes,1,0,0,0,0,,0,0,0
4000000.0,550.0,Panvel,2.0,,0,No,0,0,0,0,0,0,0,0,No,0,0
4427000.0,873.0,Badlapur East,2.0,1.0,1,1,1,0,1,1,1,,0,1,No,1,1
29500000.0,1818.0,Malad East,3.0,0.0,1,1,,0,1,1,1,1,Yes,1,0,1,
12200000.0,855.0,Malad East,2.0,0.0,0,1,0,0,0,0,0,1,0,,Yes,0,0
17500000.0,1750.0,Kharghar,3.0,0.0,1,1,1,Yes,Yes,,1,1,1,1,No,1,1
2600000.0,590.0,Nala Sopara,1.0,1.0,1,1,Yes,No,1,0,1,0,0,0,0,1,1
16800000.0,751.0,Chembur,2.0,1.0,0,0,0,0,0,0,0,No,0,0,0,0,0
7930000.0,1220.0,Panvel,2.0,1.0,1,1,,,1,1,1,1,1,1,0,1,1
2600000.0,510.0,Badlapur East,1.0,1.0,1,1,1,0,1,1,1,1,0,1,0,1,1
42000000.0,1200.0,Lower Parel,2.0,0.0,0,1,1,0,1,0,0,0,1,0,No,0,1
26500000.0,1450.0,Magathane,3.0,0.0,0,1,,1,1,0,0,0,No,0,0,No,0
17500000.0,3200.0,Panvel,5.0,0.0,1,1,0,No,0,1,1,1,0,0,1,0,1
17000000.0,1250.0,nan,2.0,1.0,0,,1,0,1,No,0,1,0,0,1,1,No
29400000.0,1450.0,Andheri ,3.0,1.0,1,1,1,0,1,Yes,Yes,0,0,1,0,No,1
3661000.0,1077.0,Boisar,3.0,1.0,1,0,,0,1,1,1,1,1,1,0,Yes,1
3645000.0,810.0,Virar,,1.0,1,1,1,,1,1,1,Yes,No,1,0,1,1
3600000.0,450.0,Dombivali,1.0,0.0,0,1,1,0,1,0,,0,1,,1,0,1
,800.0,Powai ,2.0,0.0,No,1,0,0,0,1,0,1,0,No,1,0,0
70000000.0,1824.0,Bandra West,3.0,0.0,0,1,0,0,0,0,0,0,0,,1,0,0
5000000.0,600.0,Kharghar,1.0,0.0,No,1,1,1,1,1,No,1,1,,No,0,0
11000000.0,750.0,Jogeshwari West,1.0,,0,1,1,0,1,0,0,0,0,0,0,0,0
6500000.0,720.0,Kalwa,1.0,0.0,0,0,0,0,,0,,No,0,0,0,0,0
15500000.0,,Kharghar,3.0,0.0,1,1,No,No,0,1,1,Yes,0,0,0,,1
6900000.0,1100.0,Kharghar,2.0,0.0,0,1,1,1,1,,0,1,1,,0,0,0
5300000.0,860.0,Nala Sopara,1.0,0.0,0,1,0,No,No,1,0,Yes,0,0,0,0,No
3467000.0,,Dombivali East,1.0,1.0,0,1,1,0,Yes,0,0,0,0,No,0,0,0
26400000.0,837.0,Ville Parle East,2.0,1.0,0,1,0,0,0,No,0,0,1,0,1,0,0
49500000.0,1092.0, WORLI,3.0,0.0,1,1,0,,0,1,1,Yes,0,0,1,No,Yes
12000000.0,900.0,borivali West,2.0,0.0,1,1,,No,1,Yes,1,1,1,,0,1,1
18900000.0,1225.0,Thakur complex,2.0,0.0,0,1,1,1,1,1,No,1,0,,1,0,0
7400000.0,890.0,Sector 17 Ulwe,2.0,0.0,1,1,1,Yes,1,0,1,0,0,0,0,0,0
18900000.0,600.0,Ville Parle East,,0.0,0,,0,No,0,0,No,0,,0,1,0,0
5299000.0,860.0,Kalyan West,2.0,0.0,1,1,1,Yes,1,1,1,0,0,0,0,,No
2400000.0,595.0,Nala Sopara,1.0,1.0,1,Yes,1,No,1,1,1,1,0,0,0,1,1
2700000.0,540.0,Naigaon East,,1.0,Yes,1,1,1,1,1,1,1,Yes,0,0,1,
19800000.0,1450.0,Malad West,3.0,,1,1,1,0,,1,1,1,1,1,0,1,Yes
8500000.0,575.0,Thane West,1.0,1.0,1,1,1,0,0,1,Yes,1,0,0,1,1,1
12500000.0,1390.0,Mira Road East,3.0,0.0,1,1,1,0,1,1,1,1,1,0,,1,1
9100000.0,600.0,Mulund West,1.0,0.0,,1,,0,0,0,0,0,0,0,1,0,0
16200000.0,2495.0,Panvel,4.0,1.0,1,1,Yes,0,1,Yes,1,1,1,1,0,Yes,1
14500000.0,791.0,Kandivali West,2.0,,1,1,1,0,1,1,1,0,0,1,1,Yes,1
2650000.0,420.0,Ulwe,1.0,1.0,0,0,No,No,0,0,0,0,0,0,0,0,0
9200000.0,945.0,Bhayandar East,2.0,,1,1,1,0,1,0,0,Yes,0,0,Yes,1,Yes
,915.0,Andheri  East,2.0,0.0,1,1,1,1,1,1,1,1,1,1,1,1,1
9600000.0,950.0,Thane West,2.0,0.0,1,1,,0,1,,Yes,0,0,No,0,0,1
13500000.0,650.0,Santacruz East,1.0,,0,1,0,0,0,1,0,No,0,0,1,0,0
12800000.0,1100.0,Sainath Nagar,2.0,0.0,No,1,1,Yes,1,No,0,0,No,0,0,,0
6700000.0,670.0,Thane West,1.0,0.0,0,0,,0,0,0,0,0,0,0,0,0,0
15300000.0,688.0,Malad West,2.0,,1,1,Yes,No,1,1,1,0,Yes,1,0,1,1
2300000.0,480.0,Dombivli (West),1.0,1.0,No,0,No,No,1,0,No,0,1,0,No,0,0
9000000.0,1220.0,Sector 5 Ulwe,,0.0,0,1,1,1,1,0,0,0,0,0,0,0,No
14200000.0,950.0,Malad West,2.0,0.0,,Yes,1,,1,Yes,1,1,1,0,0,0,0
,1600.0,borivali West,3.0,1.0,1,0,,0,1,1,1,1,1,,0,1,1
7500000.0,550.0,Thane West,1.0,0.0,1,1,Yes,0,1,1,1,1,1,0,0,Yes,Yes
8355000.0,1055.0,Mira Road East,2.0,1.0,1,1,1,0,1,,1,1,1,1,0,1,1
4600000.0,600.0,Sector 36 Kharghar,1.0,0.0,0,0,1,1,1,,0,No,0,0,0,No,No
19000000.0,1350.0,Malad West,3.0,0.0,1,1,Yes,No,Yes,1,Yes,,1,1,1,Yes,Yes
6000000.0,335.0,Ghatkopar East,1.0,1.0,1,1,1,Yes,1,1,1,1,Yes,1,0,1,1
,653.0,mumbai,1.0,0.0,1,1,1,1,1,,1,0,0,No,0,0,0
17000000.0,1050.0,Goregaon West,3.0,0.0,0,1,No,0,0,0,0,1,No,0,1,0,0
5000000.0,650.0,Sector 20 Kharghar,,0.0,1,1,1,1,1,0,0,0,0,No,0,0,0
18000000.0,1120.0,Kandivali East,,,1,1,1,0,Yes,1,1,1,0,0,1,1,1
6300000.0,850.0,Panvel,,1.0,1,1,1,1,1,1,1,1,1,0,0,1,1
26500000.0,,Powai ,2.0,1.0,1,1,1,0,1,1,1,1,Yes,,No,1,1
3500000.0,650.0,Ulwe,1.0,,,1,0,No,No,0,No,0,No,No,1,0,0
,350.0,Malad West,,0.0,No,1,0,0,0,No,0,1,0,0,1,0,0
26500000.0,1250.0,Andheri  West,2.0,0.0,1,1,,0,1,1,1,1,0,0,0,1,1
17000000.0,1050.0,Magathane,2.0,0.0,0,1,1,Yes,,,No,0,0,0,0,0,0
27500000.0,1000.0,borivali West,3.0,0.0,1,,0,No,0,,1,1,No,0,1,,0
10500000.0,,Thane West,2.0,0.0,Yes,1,0,0,,1,1,1,No,0,1,0,
23000000.0,1000.0,Juhu,2.0,0.0,0,0,0,,0,0,0,0,0,No,0,0,
12100000.0,690.0,Kolshet Road,2.0,0.0,0,No,1,,1,No,0,0,0,0,No,0,No
2500000.0,675.0,Boisar,2.0,1.0,1,1,0,0,1,1,1,1,1,0,0,0,1
,1845.0,Kharghar,3.0,0.0,1,1,Yes,1,Yes,1,Yes,1,1,0,0,1,1
14800000.0,1055.0,Kanjurmarg,2.0,1.0,1,1,,No,1,1,1,1,1,1,0,Yes,
112500000.0,1340.0,Napeansea Road,3.0,0.0,0,1,,0,1,0,No,0,0,,0,0,0
8000000.0,810.0,mumbai Highway,2.0,0.0,1,1,1,0,1,0,0,0,0,0,0,0,0
8700000.0,525.0,Kandivali East,1.0,0.0,1,1,1,0,1,1,,1,No,No,0,1,Yes
9485000.0,963.0,Thane West,2.0,1.0,1,Yes,1,,1,1,1,0,1,0,No,1,1
2669000.0,639.0,Titwala,1.0,1.0,0,Yes,No,0,0,1,0,1,0,0,0,0,0
26500000.0,,Thakur Village,3.0,0.0,0,1,1,1,1,0,0,0,0,0,0,0,0
18000000.0,1060.0,Wadala East Wadala,,0.0,1,1,1,Yes,,0,0,0,,0,0,0,
2099000.0,882.0,Khalapur,1.0,0.0,1,1,0,0,0,1,Yes,1,No,0,0,0,1
65000000.0,2695.0,Wadala,4.0,1.0,Yes,1,Yes,,Yes,1,1,1,1,No,0,1,1
10000000.0,1340.0,nan,3.0,1.0,1,1,Yes,0,1,1,1,1,1,0,0,1,1
34500000.0,2465.0,Kandivali East,3.0,0.0,1,1,1,0,1,1,1,1,,0,1,1,1
14000000.0,1050.0,Thane West,2.0,1.0,1,1,Yes,0,1,1,1,0,1,0,No,1,1
2250000.0,610.0,Badlapur East,1.0,1.0,1,1,0,0,0,1,1,0,Yes,1,0,0,1
10500000.0,,Ulwe,2.0,1.0,Yes,,1,1,,1,1,1,,0,1,1,1
28500000.0,1289.0,Goregaon West,,1.0,0,0,0,0,0,0,0,0,0,0,0,0,0
,2000.0,Bhandup West,,1.0,1,0,1,0,1,1,0,0,,1,,1,Yes
5200000.0,700.0,Kharghar,1.0,0.0,1,Yes,1,1,1,1,,Yes,1,0,,1,1
,577.0,Kalyan West,1.0,0.0,1,1,0,0,1,1,0,0,1,No,0,1,1
,950.0,Mira Road East,,0.0,0,1,1,No,1,Yes,0,No,1,0,,1,Yes
4500000.0,600.0,Greater Khanda,1.0,0.0,,1,0,0,0,1,No,0,0,0,No,0,0
4500000.0,665.0,Taloja,1.0,0.0,0,0,0,,0,0,0,0,0,0,0,0,0
7959999.0,755.0,Kalyan West,2.0,0.0,,1,1,Yes,0,0,No,0,1,0,0,0,0
8200000.0,685.0,Malad West,1.0,0.0,1,1,1,0,1,1,1,0,0,0,0,1,0
2600000.0,545.0,Nala Sopara,1.0,0.0,1,Yes,1,0,1,1,0,0,1,0,No,1,1
19000000.0,1150.0,Rajendra Nagar,3.0,0.0,0,1,1,,1,,0,0,0,0,0,,0
12400000.0,1300.0,nan,3.0,0.0,No,Yes,Yes,1,1,0,0,0,0,0,0,0,0
,615.0,nan,1.0,0.0,No,1,0,No,0,No,0,1,,0,1,0,No
11500000.0,650.0,borivali West,1.0,0.0,No,1,No,0,0,1,0,,No,0,1,No,0
9000000.0,1225.0,Ghansoli,3.0,1.0,,0,0,No,0,,0,0,0,0,0,No,0
8000000.0,,Ulwe,2.0,0.0,1,0,1,Yes,1,No,0,0,No,,0,0,1
16500000.0,1500.0,Kharghar,3.0,0.0,1,1,Yes,No,1,Yes,1,No,0,1,0,,1
18500000.0,1020.0,borivali East,2.0,0.0,1,1,1,0,1,1,1,,1,0,1,1,1
2800000.0,375.0,Mulund East,1.0,0.0,0,1,Yes,1,1,0,0,0,Yes,0,0,0,0
27000000.0,1502.0,Powai ,3.0,0.0,1,1,1,1,1,Yes,1,1,1,,1,,1
7500000.0,800.0,Ulwe,1.0,0.0,0,1,0,0,0,,,1,0,No,0,0,0
9499000.0,,Chembur,1.0,1.0,1,1,1,0,Yes,1,1,1,1,0,1,0,0
55700000.0,1181.0,Andheri  West,3.0,1.0,Yes,1,1,0,1,1,1,0,0,1,0,1,Yes
6000000.0,1080.0,nan,2.0,0.0,1,1,1,0,Yes,1,1,Yes,1,1,,1,1
9200000.0,940.0,Thane West,,0.0,1,1,No,0,0,1,1,1,0,0,Yes,,1
24100000.0,2090.0,Thane West,3.0,1.0,1,1,1,No,Yes,1,1,0,1,1,1,1,1
,684.0,Thane West,2.0,1.0,1,0,1,0,No,,1,0,1,1,,No,1
9800000.0,600.0,Malad West,1.0,0.0,0,,No,0,0,0,0,0,0,0,1,0,0
19600000.0,1250.0,Chembur,2.0,1.0,0,1,1,1,1,0,1,1,Yes,0,No,1,0
6100000.0,1150.0,Dronagiri,2.0,0.0,0,1,1,0,1,0,No,0,0,0,1,0,0
7000000.0,560.0,Kandivali West,1.0,0.0,0,No,No,0,No,0,0,0,0,0,0,0,No
5500000.0,980.0,Kalyan West,2.0,,1,,0,0,,1,1,1,1,No,0,1,1
16000000.0,750.0,borivali West,2.0,,0,0,0,0,0,0,0,,0,0,0,0,0
20000000.0,1440.0,Seawoods,3.0,1.0,1,Yes,1,0,0,1,1,,1,Yes,No,1,1
20000000.0,925.0,borivali West,2.0,0.0,0,Yes,0,0,0,Yes,0,1,0,0,1,0,0
9000000.0,350.0,Jawahar Nagar,1.0,,0,Yes,1,Yes,1,No,0,0,0,0,0,0,0
6500000.0,525.0,Malad West,1.0,,0,No,No,0,0,0,0,0,0,0,0,0,0
9500000.0,1150.0,nan,2.0,0.0,1,1,0,0,0,0,1,1,0,0,0,No,
6000000.0,,Dahisar East,2.0,0.0,No,1,0,0,0,1,0,1,0,,0,0,No
6200000.0,650.0,Kharghar,1.0,0.0,No,1,1,1,,0,0,1,1,0,1,1,0
5500000.0,550.0,Kharghar,1.0,0.0,1,1,1,1,1,,1,1,0,0,No,,1
20500000.0,,Chembur,2.0,0.0,1,1,1,1,1,0,0,0,0,0,0,0,
9500000.0,1000.0,Kharghar,2.0,0.0,1,Yes,1,1,Yes,0,1,1,0,0,0,1,Yes
16299999.0,1063.0,Thakur Village,2.0,0.0,,,1,Yes,Yes,0,No,0,,0,0,0,0
6320000.0,384.0,Mira Road East,1.0,1.0,1,1,1,0,,1,,1,1,,,1,
8500000.0,1075.0,Ulwe,2.0,0.0,0,0,,0,0,0,0,No,0,0,No,No,0
,950.0,nan,2.0,1.0,1,1,No,0,0,1,,,,0,1,0,1
10000000.0,475.0,Andheri  East,1.0,0.0,0,0,No,0,0,1,0,0,0,0,Yes,No,0
6000000.0,550.0,Dahisar,1.0,0.0,1,Yes,No,0,0,1,Yes,No,1,0,1,1,1
,901.0,Thane West,2.0,1.0,1,1,1,0,0,1,Yes,,,1,0,1,1
2700000.0,615.0,Nalasopara West,1.0,0.0,0,0,0,0,,0,0,0,,0,No,0,0
16500000.0,,Ulwe,3.0,0.0,1,1,0,0,,0,0,,0,0,0,0,0
4000000.0,600.0,Sector 17 Ulwe,2.0,0.0,1,0,Yes,1,1,0,1,0,No,,0,0,No
20800000.0,1214.0,Thane West,3.0,1.0,1,No,0,,0,No,0,No,0,1,0,1,0
71000000.0,2580.0, WORLI,3.0,0.0,1,Yes,1,0,1,0,,1,1,0,0,1,Yes
11000000.0,1550.0,Kharghar,3.0,0.0,1,1,1,1,1,1,0,1,1,0,0,1,0
4000000.0,1380.0,Boisar,3.0,0.0,1,1,,0,No,1,1,1,1,0,0,1,1
2350000.0,540.0,nan,1.0,0.0,1,Yes,1,1,1,1,0,1,1,No,0,1,0
6000000.0,1000.0,Dronagiri,2.0,1.0,1,,0,0,0,1,1,1,0,,0,No,1
5600000.0,600.0,nan,1.0,0.0,1,1,0,0,0,1,1,0,Yes,0,0,,1
16000000.0,800.0,Andheri  West,2.0,0.0,0,0,0,0,1,0,1,1,1,No,No,0,1
16500000.0,1550.0,Thane West,3.0,1.0,,0,No,No,No,0,,0,0,0,0,0,0
11299999.0,600.0,borivali East,1.0,0.0,Yes,,1,0,1,0,1,1,No,0,1,Yes,1
9000000.0,,borivali West,1.0,0.0,1,1,0,0,No,1,No,1,0,0,Yes,0,1
7900000.0,940.0,Kamothe,2.0,0.0,1,1,1,1,1,0,Yes,0,0,0,0,0,0
3499000.0,420.0,nan,1.0,,0,Yes,0,,No,0,No,,0,0,0,0,0
5500000.0,750.0,Vasai West,2.0,0.0,0,0,0,0,0,0,0,0,0,0,0,No,0
5700000.0,1060.0,Taloja,,0.0,No,0,1,1,1,0,0,0,0,0,0,No,0
5000000.0,950.0,Kalyan West,2.0,0.0,Yes,1,1,0,1,1,1,No,,0,0,1,1
9500000.0,1120.0,Kharghar,2.0,,1,1,Yes,1,,1,1,,Yes,1,0,1,Yes
23900000.0,1042.0,Wadala East,2.0,1.0,1,1,,1,1,1,Yes,Yes,1,0,0,0,1
6798999.0,577.0,Thane West,2.0,,1,1,1,0,1,0,,0,1,0,,1,
12500000.0,880.0,Thane West,2.0,0.0,1,1,Yes,0,0,Yes,,1,,0,0,1,1
18500000.0,1050.0,Dattapada,2.0,0.0,0,1,1,1,Yes,0,0,No,No,0,0,0,No
13500000.0,,Thane West,2.0,1.0,0,,0,0,0,1,0,0,1,1,,1,0
8500000.0,,Vasai West,3.0,0.0,0,0,0,No,1,0,0,,0,0,0,No,0
3900000.0,975.0,Virar,2.0,1.0,0,1,1,0,1,1,0,0,1,0,0,1,No
11500000.0,860.0,Marol,1.0,,1,,,0,1,0,0,No,Yes,No,0,0,1
13500000.0,1300.0,Kharghar,3.0,0.0,1,,1,1,1,1,1,0,1,0,0,1,1
9200000.0,1160.0,Mira Road East,2.0,1.0,1,1,No,0,0,1,1,1,0,1,1,0,1
,830.0,Virar,2.0,1.0,1,1,1,0,1,Yes,1,0,0,0,0,1,
12500000.0,1500.0,Mira Road East,,0.0,,1,1,0,1,Yes,0,1,1,0,No,1,0
23000000.0,1250.0,Andheri  West,2.0,0.0,1,,0,No,0,0,1,1,,0,0,0,1
,625.0,Thane West,1.0,,1,1,1,0,1,Yes,1,1,,0,0,1,1
25500000.0,1650.0,Goregaon West,3.0,1.0,0,1,1,0,1,0,0,0,1,0,1,0,1
8500000.0,980.0,Mira Road East,2.0,1.0,1,1,0,0,0,1,,1,0,0,1,0,1
7320000.0,746.0,Thane West,1.0,1.0,1,1,0,0,0,1,Yes,Yes,,0,1,No,1
,650.0,borivali West,1.0,0.0,0,1,0,0,No,0,0,,0,0,Yes,0,0
6500000.0,450.0,Malad West,1.0,0.0,0,No,0,0,0,No,,0,No,0,0,0,0
8600000.0,900.0,Thane West,2.0,0.0,1,1,Yes,,Yes,1,Yes,1,0,1,Yes,1,1
250000000.0,4200.0,Hanuman Nagar,5.0,0.0,0,1,1,1,1,No,0,0,1,0,0,0,0
14800000.0,581.0,Mulund East,2.0,1.0,0,0,0,No,0,0,0,0,No,No,0,No,0
10000000.0,1100.0,Kalyan West,2.0,0.0,1,1,0,1,1,1,1,1,1,1,0,,1
,1050.0,Kalyan West,2.0,0.0,0,1,No,0,,0,0,0,0,0,0,0,0
17300000.0,845.0,Kandivali East,2.0,1.0,1,1,1,,1,1,1,Yes,1,,0,1,1
16500000.0,1100.0,Ghansoli,2.0,0.0,1,1,0,0,1,1,1,1,0,1,Yes,1,
4300000.0,750.0,nan,1.0,,Yes,Yes,Yes,0,Yes,1,0,1,1,0,0,Yes,No
4500000.0,645.0,Mira Road East,1.0,0.0,1,1,1,0,,1,,No,0,No,1,1,1
11700000.0,550.0,Shreyas Colony,,0.0,No,1,1,1,,No,0,0,0,0,No,,0
5500000.0,650.0,Ulwe,1.0,0.0,0,Yes,0,0,0,0,0,0,No,0,0,0,0
,565.0,Naigaon East,1.0,1.0,1,1,1,0,,No,,1,,0,0,1,0
31000000.0,1672.0,Malad East,3.0,0.0,1,1,1,1,1,1,1,1,Yes,1,0,1,1
3100000.0,450.0,nan,1.0,0.0,0,0,0,1,1,1,0,0,0,0,0,0,0
,1190.0,Kharghar,2.0,0.0,1,Yes,No,,0,1,Yes,1,,1,,Yes,1
16000000.0,1200.0,Dahisar,2.0,0.0,1,1,0,No,0,1,0,1,,0,,0,No
3700000.0,550.0,Taloja,1.0,1.0,1,,Yes,,1,1,Yes,1,0,Yes,0,1,Yes
9500000.0,,Thane West,2.0,0.0,1,1,1,1,1,1,1,1,1,0,0,1,1
,1485.0,Chembur East,3.0,0.0,,1,,Yes,Yes,0,No,0,0,0,,0,0
3700000.0,335.0,nan,1.0,,0,1,,0,0,0,0,0,0,0,0,0,0
14900000.0,1200.0,Malad East,1.0,0.0,0,No,1,1,1,0,,0,0,0,0,0,0
,598.0,Thane West,2.0,1.0,1,1,1,,0,0,1,,0,,No,,1
6700000.0,1200.0,Panvel,2.0,1.0,1,1,1,No,1,1,1,Yes,Yes,1,0,1,1
5600000.0,950.0,Vasai West,2.0,,0,1,0,0,0,1,0,0,0,No,0,0,0
27500000.0,840.0,vile parle west,2.0,0.0,0,1,0,0,0,0,,0,0,0,Yes,No,0
24500000.0,1300.0,Samata nagar,3.0,0.0,0,Yes,1,1,1,0,0,No,0,0,No,0,0
10000000.0,1180.0,Ulwe,2.0,,1,1,,Yes,Yes,1,1,1,1,1,1,1,1
41500000.0,1850.0,Andheri  West,3.0,1.0,1,1,1,0,,1,1,1,Yes,1,1,1,1
26000000.0,1050.0,Sen Nagar,2.0,0.0,0,1,,0,0,0,0,1,0,0,1,0,No
5000000.0,600.0,Sector 22 Kamothe,1.0,0.0,0,No,1,1,1,0,0,No,0,0,0,0,0
,1113.0,Andheri  East,3.0,1.0,1,,1,,,1,1,1,1,1,0,1,1
8400000.0,1055.0,Panvel,2.0,1.0,1,1,1,0,Yes,1,1,Yes,Yes,Yes,,1,1
21500000.0,1264.0,Bhandup West,3.0,0.0,1,1,No,0,0,No,,Yes,0,0,Yes,0,0
26000000.0,1125.0,Sen Nagar,2.0,0.0,0,0,,0,,0,0,0,0,0,0,0,0
13000000.0,775.0,Bhandup West,1.0,0.0,1,1,Yes,,1,0,1,0,No,No,1,1,Yes
4140999.0,650.0,Ulwe,1.0,0.0,0,1,No,0,0,0,No,0,0,0,No,0,0
8323999.0,1051.0,Kalwa,2.0,0.0,0,1,,0,0,,0,0,No,0,0,0,1
2100000.0,700.0,Karjat,1.0,0.0,0,1,0,0,0,1,0,0,0,0,0,0,0
8800000.0,1185.0,Ulwe,2.0,1.0,1,,1,,Yes,1,1,1,,0,1,Yes,1
22500000.0,1050.0,Andheri  West,2.0,0.0,1,1,0,No,,1,1,Yes,0,Yes,0,1,1
2200000.0,,Kharegaon,1.0,0.0,0,1,,,1,0,,0,0,0,0,0,No
15000000.0,990.0,Dahisar West,2.0,0.0,No,No,0,0,0,0,No,0,0,0,0,0,0
6400000.0,670.0,Kharghar,1.0,0.0,1,1,Yes,0,1,1,Yes,1,0,0,0,1,1
34800000.0,750.0,Ville Parle West,2.0,1.0,1,1,,0,1,,1,1,1,0,0,0,1
6400000.0,1150.0,Taloja,2.0,1.0,Yes,1,No,0,0,0,0,No,0,0,0,0,No
11500000.0,1182.0,Sector 11 Belapur,2.0,0.0,0,0,1,Yes,1,0,0,0,0,0,,0,0
3424000.0,,Titwala,2.0,1.0,0,1,0,0,No,1,0,1,0,0,No,,0
4300000.0,650.0,Kharghar,1.0,0.0,0,Yes,1,1,1,0,No,0,0,0,0,0,0
6900000.0,1130.0,Kalyan West,2.0,1.0,1,1,,0,0,1,1,Yes,No,0,0,0,0
2350000.0,594.0,Nala Sopara,1.0,0.0,0,,1,1,0,Yes,0,0,1,0,0,0,0
7000000.0,448.0,Panch Pakhadi,1.0,0.0,0,0,1,Yes,1,0,No,0,0,0,0,0,0
2700000.0,572.0,Nala Sopara,1.0,0.0,1,1,1,,Yes,0,1,Yes,0,No,0,Yes,Yes
,1600.0,Chembur,,0.0,1,1,Yes,1,1,0,No,0,0,0,0,0,0
21000000.0,900.0,Shimpoli,2.0,0.0,0,0,0,0,0,0,0,0,0,0,1,0,0
9167000.0,686.0,Panvel,,1.0,Yes,1,1,0,1,Yes,Yes,,1,1,0,1,1
5600000.0,610.0,Sector 20 Kharghar,1.0,0.0,0,0,1,1,Yes,0,0,0,0,0,0,0,0
30000000.0,1800.0,Andheri  West,4.0,,1,1,Yes,0,1,0,0,0,1,,1,0,0
9000000.0,535.0,Kandivali East,1.0,0.0,No,1,1,1,0,0,No,0,0,0,,,0
13000000.0,1100.0,Nerul,2.0,,0,,1,0,1,0,0,No,0,No,Yes,No,0
10500000.0,660.0,Powai ,1.0,0.0,No,0,0,0,0,1,0,0,1,0,0,No,No
5325000.0,325.0,borivali West,1.0,0.0,0,1,No,0,0,Yes,No,No,No,0,1,No,
11000000.0,1060.0,Kharghar,2.0,0.0,0,No,1,No,,0,0,1,,No,0,0,0
,,Mira Road East,2.0,,1,1,0,0,,1,1,1,1,0,0,1,Yes
,600.0,Vasai West,2.0,0.0,0,0,0,0,0,0,No,0,0,No,0,0,0
60000000.0,1634.0,nan,3.0,,1,,Yes,1,1,1,1,1,1,1,1,1,1
2100000.0,450.0,Sector-26 Taloja,1.0,0.0,Yes,1,0,0,1,0,1,1,No,0,1,0,1
9700000.0,560.0,borivali West,1.0,0.0,1,1,0,No,0,0,0,1,0,0,No,0,1
,1350.0,Virar,3.0,1.0,Yes,1,0,0,1,Yes,1,1,1,,No,0,0
6000000.0,1070.0,Taloja,2.0,0.0,0,0,1,1,1,0,No,,0,0,0,0,0
,2160.0,Juhu,3.0,0.0,0,1,0,0,0,0,0,0,0,0,0,0,0
4200000.0,,Koproli,2.0,0.0,Yes,0,0,0,0,No,1,0,0,No,0,No,0
5999000.0,,Thane West,2.0,0.0,1,1,Yes,0,0,1,Yes,,,1,0,1,1
,732.0,Panvel,2.0,1.0,1,Yes,1,0,1,Yes,1,1,1,1,0,1,1
13200000.0,1525.0,Mira Road East,2.0,1.0,1,,1,1,1,1,1,1,1,1,1,1,
6000000.0,945.0,Kalyan West,2.0,,0,1,0,0,0,1,0,1,0,No,0,0,0
28000000.0,1350.0,Samata Nagar Thakur Village,3.0,0.0,No,1,,1,,0,0,0,0,0,0,0,0
8900000.0,600.0,borivali West,,,0,,0,0,0,1,0,1,No,,Yes,No,No
36500000.0,965.0,Bandra Kurla Complex,3.0,1.0,,Yes,1,1,1,1,1,Yes,,1,No,1,Yes
12600000.0,850.0,Thane West,2.0,1.0,1,1,0,0,,1,No,Yes,0,0,0,0,Yes
3200000.0,610.0,Naigaon East,1.0,0.0,1,1,,0,1,1,1,1,0,0,0,1,1
75100000.0,2100.0,Goregaon East,3.0,1.0,Yes,1,,0,,1,1,1,0,No,0,0,1
9500000.0,1260.0,Sector 19 Kharghar,2.0,,1,1,1,1,1,0,0,0,No,0,0,0,0
2600000.0,585.0,Nala Sopara,1.0,0.0,0,0,1,1,0,Yes,0,0,1,0,0,0,0
9000000.0,925.0,nan,2.0,0.0,1,1,Yes,No,1,Yes,1,1,1,1,0,1,1
7500000.0,600.0,Airoli,1.0,0.0,0,1,0,No,,1,1,1,1,,1,1,0
16000000.0,890.0,Krishanlal Marwah Marg,2.0,0.0,0,,1,0,1,No,No,No,0,0,,0,0
5500000.0,600.0,nan,1.0,0.0,1,1,1,1,,No,1,0,0,0,0,0,No
5200000.0,580.0,Mira Bhayandar,1.0,,0,Yes,Yes,1,1,,0,1,1,0,1,1,0
7700000.0,1046.0,Mira Road East,2.0,1.0,1,1,0,0,No,1,,1,0,0,1,0,0
2800000.0,,Taloja,1.0,1.0,,1,1,1,1,0,,1,0,0,0,0,0
,,Malad West,1.0,1.0,Yes,1,1,0,1,1,,1,0,1,0,1,1
4045000.0,910.0,Virar,2.0,1.0,1,1,1,0,1,1,1,No,,0,0,1,1
29000000.0,1160.0,Mulund West,3.0,1.0,1,0,0,0,1,1,0,1,0,0,0,No,0
,350.0,Malad West,1.0,0.0,0,1,0,0,0,1,No,1,,0,1,0,
6990000.0,450.0,nan,1.0,1.0,Yes,1,,0,0,1,1,Yes,0,,1,0,1
2600000.0,,Nala Sopara,1.0,0.0,No,1,1,1,1,1,1,0,1,1,No,1,0
17000000.0,1760.0,Kopar Khairane Sector 19A,3.0,,0,1,1,1,1,0,1,0,No,0,0,0,0
4700000.0,1017.0,Bhiwandi,2.0,0.0,1,1,Yes,0,1,1,1,1,,1,Yes,1,1
7500000.0,550.0,Kannamwar Nagar II,1.0,,,1,Yes,1,1,0,No,0,No,0,0,0,No
35000000.0,,Santacruz West,2.0,0.0,0,1,0,0,0,0,0,0,0,0,1,0,0
2400000.0,575.0,Nala Sopara,1.0,0.0,1,1,1,0,1,1,1,1,0,0,0,Yes,1
2100000.0,529.0,Vangani,1.0,1.0,0,0,0,0,,No,0,0,0,0,0,0,0
12700000.0,1290.0,Thane West,3.0,1.0,1,1,1,0,1,1,,0,1,0,0,1,Yes
5000000.0,,Sector 12 Kharghar,1.0,0.0,0,1,0,1,,0,0,0,0,No,0,0,No
,1137.0,Mira Road East,,1.0,1,1,1,0,1,Yes,,No,1,0,0,1,Yes
9200000.0,1150.0,nan,2.0,1.0,1,1,,0,No,1,1,1,1,0,0,1,1
13000000.0,960.0,Malad East,1.0,0.0,,,0,0,0,1,0,No,0,0,,0,0
3500000.0,770.0,Naigaon East,2.0,0.0,0,1,0,0,0,1,0,No,0,0,0,0,0
,1662.0,Thane West,3.0,1.0,1,1,0,0,,1,1,1,0,0,No,,1
14100000.0,1650.0,Ulwe,3.0,0.0,1,1,,0,0,0,Yes,Yes,0,0,No,0,0
6000000.0,650.0,Mira Road,1.0,1.0,Yes,1,1,0,1,0,0,0,0,,0,1,1
110000000.0,2590.0,Andheri  West,3.0,0.0,Yes,1,1,No,1,1,1,,1,0,1,1,1
46000000.0,1040.0,Lower Parel,1.0,1.0,,1,0,0,0,1,1,1,0,0,,0,1
55000000.0,1225.0,Khar West,3.0,,,0,0,0,No,0,,0,No,0,0,,
3750000.0,1050.0,Badlapur East,2.0,1.0,Yes,1,,0,0,,1,No,1,1,0,0,0
4200000.0,635.0,Kalyan West,1.0,0.0,Yes,1,1,1,1,1,1,1,Yes,No,0,1,1
14000000.0,1600.0,Kharghar,3.0,1.0,1,1,Yes,1,1,0,1,1,1,1,0,1,1
22500000.0,768.0,Andheri  West,2.0,0.0,0,0,0,0,No,0,0,0,0,0,0,No,0
4400000.0,665.0,nan,1.0,0.0,,,0,0,0,0,0,,0,0,0,0,
10400000.0,503.0,Mira Road East,2.0,1.0,,1,No,0,0,1,1,0,No,1,0,1,
9200000.0,1310.0,Kamothe,,0.0,Yes,No,1,1,1,0,1,0,0,0,0,0,0
3110000.0,715.0,Virar,1.0,0.0,1,No,,0,Yes,1,1,1,1,1,0,0,No
11700000.0,840.0,Malad West,2.0,1.0,1,1,1,0,1,No,1,0,0,0,0,1,
4400000.0,550.0,Panvel,1.0,1.0,No,0,0,0,0,0,0,0,0,,0,0,No
12000000.0,675.0,nan,1.0,0.0,,1,1,Yes,1,No,0,0,0,0,0,0,0
18500000.0,1000.0,Chembur,,,0,No,1,0,1,0,No,0,0,0,0,0,
8200000.0,650.0,Malad West,1.0,0.0,1,Yes,1,1,1,Yes,1,1,,1,0,1,1
6000000.0,735.0,Kharghar,,0.0,Yes,1,1,1,1,1,1,0,No,1,0,1,1
6500000.0,670.0,Ghansoli,1.0,0.0,No,Yes,0,0,0,0,0,1,0,0,1,0,0
5600000.0,,Kharghar,1.0,0.0,1,1,1,1,1,1,1,1,1,0,0,1,1
15500000.0,1000.0,Kandivali East,2.0,0.0,1,1,0,0,0,1,1,1,1,0,0,1,1
19000000.0,721.0,Kandivali West,2.0,0.0,,1,0,0,0,1,0,1,0,0,1,0,No
16000000.0,2020.0,nan,3.0,0.0,1,1,1,No,1,1,1,1,,1,1,1,1
3800000.0,657.0,Bhiwandi,1.0,1.0,1,1,0,0,No,1,Yes,Yes,1,0,0,1,Yes
,1750.0,Kandivali East,3.0,,1,1,1,No,1,1,,1,0,0,0,Yes,1
8000000.0,1375.0,nan,3.0,0.0,Yes,,1,1,1,0,0,0,No,0,No,0,0
,1390.0,nan,3.0,1.0,1,Yes,1,0,1,1,1,,1,No,1,1,Yes
17000000.0,950.0,borivali East,2.0,0.0,0,No,0,0,0,0,0,0,0,,No,0,0
8400000.0,650.0,Malad West,1.0,0.0,1,1,0,No,0,1,1,1,Yes,0,,0,1
8500000.0,1045.0,Kamothe,2.0,0.0,1,1,No,No,0,1,1,1,1,No,0,,1
10900000.0,727.0,nan,2.0,1.0,Yes,1,,0,,1,1,1,,0,1,0,1
5200000.0,679.0,nan,1.0,0.0,,No,0,,0,0,0,0,0,0,0,0,0
65500000.0,1344.0,Andheri  West,3.0,1.0,1,1,1,0,1,1,1,0,,Yes,0,1,1
5990000.0,902.0,Thane West,2.0,1.0,Yes,1,1,0,0,1,1,Yes,1,Yes,No,1,1
16600000.0,1650.0,Kharghar,3.0,0.0,1,1,Yes,1,1,0,1,1,0,0,No,1,1
3250000.0,600.0,Kalyan West,1.0,0.0,Yes,1,0,0,,1,1,1,,,0,1,1
22500000.0,1330.0,Goregaon East,3.0,0.0,0,0,0,0,0,0,No,0,0,0,0,0,0
11900000.0,538.0,Sion,1.0,1.0,1,1,1,No,1,1,1,1,0,0,Yes,0,No
6500000.0,650.0,Thane West,1.0,0.0,1,Yes,1,0,1,1,1,1,1,1,0,1,1
3500000.0,650.0,Ulwe,1.0,0.0,No,1,,No,0,No,,No,0,0,0,0,No
22200000.0,960.0,Andheri  West,2.0,0.0,1,Yes,0,0,0,1,1,1,No,0,1,,Yes
10500000.0,700.0,Tolaram Colony,2.0,0.0,1,1,1,1,Yes,0,,0,0,0,0,0,0
25000000.0,700.0,Malad East,2.0,0.0,1,1,1,,1,,1,0,0,0,0,1,1
3300000.0,,nan,1.0,0.0,0,1,0,No,0,0,0,,0,0,No,0,0
54000000.0,2095.0,Kandivali East,4.0,1.0,1,1,1,0,1,1,Yes,0,0,1,0,1,1
,1250.0,Thane West,3.0,0.0,Yes,1,1,0,1,1,1,Yes,,1,,1,1
12000000.0,1450.0,Ulwe,3.0,1.0,0,0,0,No,0,0,0,0,0,,0,No,0
9300000.0,1100.0,kavesar,2.0,0.0,No,,1,1,Yes,0,0,0,,,0,0,No
,,Ghatkopar West,1.0,0.0,Yes,1,Yes,0,1,,1,1,,No,Yes,1,1
,1060.0,Mira Road East,2.0,1.0,1,1,0,0,0,Yes,Yes,1,0,0,1,0,1
7020000.0,426.0,Mira Road East,1.0,1.0,1,1,1,0,1,1,Yes,1,1,1,0,1,1
8500000.0,450.0,Santacruz East,1.0,0.0,0,1,0,No,0,0,No,0,0,0,Yes,0,0
4700000.0,675.0,Panvel,1.0,1.0,1,1,0,No,No,1,1,1,,0,Yes,No,1
4850000.0,900.0,Ambernath East,2.0,0.0,1,1,0,0,0,1,Yes,,Yes,0,0,1,1
13000000.0,,Kharghar,3.0,0.0,0,1,1,1,,0,0,1,0,No,0,0,0
10000000.0,1125.0,Kharghar,2.0,0.0,1,1,0,0,0,,,1,0,0,0,No,1
9500000.0,852.0,Kharghar,2.0,,Yes,Yes,1,0,1,0,1,1,0,No,0,1,1
13000000.0,,Ghansoli,,0.0,1,1,1,0,1,Yes,1,1,0,1,1,1,Yes
2445000.0,585.0,Nala Sopara,1.0,0.0,No,1,1,1,,1,1,0,1,1,0,Yes,0
2625000.0,675.0,Badlapur,1.0,1.0,Yes,1,1,No,1,1,0,,0,No,No,No,0
8500000.0,380.0,Jawahar Nagar,,0.0,No,1,1,1,Yes,0,No,0,0,0,,0,
22000000.0,1125.0,Seawoods,1.0,0.0,1,,1,1,1,1,1,1,1,,0,1,1
16000000.0,902.0,nan,2.0,0.0,0,1,1,1,,Yes,0,,0,0,1,0,0
3000000.0,545.0,Nalasopara West,1.0,0.0,0,,1,0,No,0,0,0,0,0,0,0,0
18000000.0,630.0,Ghatkopar West,2.0,0.0,No,1,1,Yes,Yes,0,,,0,0,,0,0
13000000.0,1350.0,Ulwe,2.0,1.0,1,1,No,0,0,1,1,1,,0,0,0,1
7500000.0,1050.0,PARSIK NAGAR,2.0,0.0,No,1,Yes,1,Yes,0,,No,0,0,0,0,0
9400000.0,495.0,Chembur,1.0,1.0,1,1,1,0,,0,0,1,0,0,0,0,0
6800000.0,966.0,Kalyan West,2.0,0.0,1,1,1,0,1,Yes,1,0,1,No,0,1,1
13899999.0,1200.0,Kandivali West,2.0,1.0,1,Yes,1,Yes,1,Yes,1,1,Yes,1,No,1,1
5600000.0,,Mira Road East,2.0,0.0,1,1,1,0,1,1,Yes,1,0,No,No,1,1
5550000.0,990.0,Palava,2.0,,0,No,1,0,1,0,0,,0,0,0,0,0
,914.0,Kharghar,2.0,0.0,,0,1,1,1,0,0,0,No,,0,0,No
2283000.0,550.0,Titwala,1.0,1.0,,1,No,0,0,Yes,0,1,0,,0,0,0
22000000.0,1530.0,Kandivali East,3.0,0.0,1,1,1,1,1,1,1,1,1,1,0,1,1
18000000.0,560.0,nan,,,1,1,0,No,0,1,0,0,0,No,,0,0
14500000.0,580.0,borivali West,2.0,1.0,Yes,1,0,0,0,1,0,1,0,0,,,0
9700000.0,560.0,borivali West,1.0,0.0,1,1,0,No,0,0,0,1,0,0,No,0,1
21700000.0,,Goregaon West,3.0,1.0,1,1,0,0,0,1,1,1,Yes,0,0,1,1
85000000.0,2000.0, WORLI,3.0,0.0,0,1,1,1,Yes,0,0,No,0,0,0,0,0
39000000.0,1627.0,borivali West,3.0,1.0,0,0,0,0,0,,0,0,1,0,0,0,0
13799999.0,1440.0,Sector-3 Ulwe,2.0,,1,Yes,1,No,1,1,1,1,1,0,No,1,Yes
16200000.0,1850.0,Kharghar,3.0,0.0,1,1,1,1,Yes,0,0,0,0,0,0,0,0
30900000.0,2065.0,Bhandup West,3.0,1.0,1,0,1,0,1,1,0,0,1,,No,1,
2900000.0,695.0,Taloja,1.0,0.0,No,1,1,1,1,0,0,0,0,No,1,No,0
9800000.0,600.0,Goregaon West,1.0,0.0,,0,0,0,0,No,0,0,0,0,0,0,0
9000000.0,1160.0,Kharghar,2.0,0.0,1,1,1,1,1,0,1,1,1,No,1,1,Yes
15000000.0,1400.0,Thane West,3.0,0.0,1,1,1,1,1,,1,1,1,0,1,0,0
8499000.0,508.0,Mira Road East,1.0,1.0,Yes,1,1,No,1,0,1,0,1,0,0,1,
20000000.0,1000.0,Malad West,2.0,,0,No,0,,0,No,0,No,0,0,0,0,No
3400000.0,730.0,Rutu Enclave,1.0,0.0,0,0,1,,1,0,0,0,0,0,0,0,0
,950.0,Magathane,2.0,0.0,0,1,1,1,1,0,0,0,No,0,0,No,0
17100000.0,1760.0,Kharghar,3.0,0.0,1,1,Yes,1,1,1,1,0,0,No,0,1,Yes
6000000.0,675.0,Sector35D Kharghar,,0.0,0,0,1,1,Yes,0,0,,0,0,0,0,0
4489000.0,454.0,Virar,2.0,1.0,0,,,,0,,1,0,1,,,1,1
120000000.0,2150.0,Bandra West,4.0,0.0,0,Yes,Yes,0,0,0,No,No,0,0,0,No,0
10000000.0,,Dombivli (West),2.0,0.0,No,1,0,0,0,1,0,0,No,0,0,0,0
8500000.0,,Kalwa,2.0,1.0,1,1,1,0,1,1,1,Yes,1,0,,1,0
6000000.0,1010.0,Karanjade,2.0,1.0,0,1,1,,,0,No,1,,Yes,0,1,0
4000000.0,424.0,Shil Phata,1.0,1.0,0,,0,,No,0,0,0,0,,0,No,0
9497000.0,1200.0,kavesar,2.0,0.0,0,Yes,Yes,1,1,0,0,0,0,0,0,0,
14500000.0,1560.0,Ulwe,3.0,1.0,1,1,1,1,1,1,Yes,1,Yes,Yes,1,Yes,1
12200000.0,1235.0,Mira Road East,3.0,1.0,1,1,No,0,,1,1,,0,0,1,No,1
5200000.0,560.0,Kharghar,1.0,0.0,1,1,1,1,Yes,1,,,1,No,0,1,1
7500000.0,890.0,Sector 17 Ulwe,2.0,0.0,1,1,1,1,1,0,Yes,,No,0,0,0,No
4500000.0,,Kharghar,1.0,0.0,No,1,1,Yes,1,,0,0,No,0,0,,0
9500000.0,600.0,borivali West,1.0,0.0,0,0,No,0,0,0,0,,0,0,0,,No
8500000.0,1115.0,nan,2.0,0.0,No,1,No,0,0,,0,0,0,0,No,0,0
230000000.0,6900.0, WORLI,5.0,0.0,1,,1,1,Yes,1,Yes,1,,1,1,1,Yes
2500000.0,600.0,Kalyan West,1.0,0.0,,1,0,1,1,1,No,0,0,0,0,0,0
,350.0,Santacruz East,1.0,0.0,No,0,0,0,0,0,0,No,0,0,0,0,0
,410.0,nan,1.0,1.0,0,Yes,1,No,Yes,,0,0,1,0,No,0,0
26500000.0,1050.0,Powai ,2.0,0.0,1,1,Yes,1,1,0,1,1,1,0,0,1,1
220000000.0,7600.0,Andheri  West,5.0,0.0,1,1,0,0,0,1,1,1,0,0,1,0,1
,610.0,borivali West,1.0,0.0,,0,0,0,0,0,No,0,,0,0,,
13600000.0,1680.0,Kharghar,3.0,0.0,1,1,1,Yes,1,1,1,1,1,1,No,1,Yes
3000000.0,385.0,Naigaon East,1.0,0.0,1,1,1,,1,1,1,1,,,0,Yes,1
22500000.0,,Kandivali East,3.0,0.0,1,1,1,0,1,Yes,1,1,0,0,1,1,1
5000000.0,735.0,Ulwe,1.0,,0,1,1,0,1,0,0,0,0,0,0,0,No
8700000.0,585.0,Vikhroli West,,0.0,,0,0,0,0,0,0,0,0,0,0,0,No
5000000.0,300.0,Kandivali East,1.0,1.0,1,1,Yes,0,1,1,1,1,0,0,1,1,
8500000.0,1150.0,Kharghar,2.0,0.0,Yes,1,1,1,1,1,1,,No,1,0,1,1
,225.0,Powai ,1.0,0.0,0,No,0,No,0,0,0,0,0,0,0,0,
23500000.0,1415.0,Goregaon,3.0,1.0,1,1,Yes,No,1,1,1,Yes,1,1,0,1,1
14000000.0,671.0,Deonar,1.0,1.0,1,1,1,0,,1,,0,1,1,0,1,1
4800000.0,650.0,Kharghar,1.0,0.0,1,1,1,0,1,1,1,1,0,0,0,1,1
2800000.0,324.0,Thane West,1.0,0.0,,1,1,No,1,,1,0,1,,,1,
7200000.0,860.0,Sector 10,1.0,0.0,0,0,,,1,0,0,0,0,0,0,0,0
5500000.0,650.0,Ulwe,1.0,1.0,0,1,0,0,0,No,0,0,0,0,0,0,0
,1260.0,Andheri  East,,1.0,1,1,1,0,1,1,1,1,1,Yes,0,1,1
30000000.0,1804.0,Malad West,3.0,,1,1,1,1,0,1,1,,1,No,0,0,1
11000000.0,905.0,Ghansoli,,0.0,1,1,Yes,0,1,1,1,1,1,0,Yes,,1
8500000.0,1089.0,Kamothe,,0.0,,0,1,1,1,0,0,0,,0,0,,No
9150000.0,1127.0,Belapur,2.0,0.0,1,1,0,0,0,0,1,1,0,0,0,0,0
2500000.0,590.0,Nalasopara West,1.0,1.0,0,0,0,0,0,No,0,0,0,0,0,0,0
2500000.0,500.0,Naigaon East,1.0,0.0,1,1,1,1,1,,1,1,1,0,0,1,No
2576000.0,,Ambernath West,1.0,1.0,0,1,No,0,0,1,No,,0,No,0,0,0
7500000.0,950.0,Kamothe,2.0,1.0,,1,1,0,1,1,1,Yes,0,No,0,1,1
11500000.0,1220.0,Ulwe,2.0,1.0,1,1,0,0,,1,1,1,0,,No,0,1
2100000.0,585.0,Nala Sopara,1.0,0.0,0,Yes,0,0,0,1,0,No,0,0,0,0,0
16000000.0,826.0,Malad West,2.0,1.0,1,1,0,0,0,1,1,Yes,0,0,1,No,1
9000000.0,600.0,nan,1.0,0.0,0,No,0,0,0,No,0,0,0,No,No,,0
2005000.0,595.0,mumbai,,0.0,Yes,1,1,Yes,1,0,1,No,No,0,No,0,0
16399999.0,,Kanjurmarg,2.0,1.0,1,0,0,0,0,1,Yes,0,0,1,0,0,1
4200000.0,646.0,Kharghar,1.0,0.0,No,1,1,1,1,0,0,,0,0,,0,0
8668000.0,394.0,Kurla,1.0,1.0,1,0,0,0,0,No,,No,No,,0,0,No
2100000.0,,Mira Road East,1.0,1.0,0,,1,0,1,0,0,0,1,0,1,No,0
7800000.0,1365.0,Dronagiri,2.0,0.0,0,1,1,0,1,0,0,Yes,1,0,0,0,0
2700000.0,585.0,Nala Sopara,1.0,0.0,1,1,1,0,1,1,1,,1,0,0,1,0
,800.0,nan,2.0,0.0,1,1,0,No,1,1,,0,0,No,0,1,1
23800000.0,,Mulund West,3.0,1.0,Yes,1,1,0,,1,1,1,1,,0,1,1
28000000.0,2000.0,Mulund West,3.0,1.0,1,1,0,0,0,Yes,Yes,1,0,0,0,0,1
11100000.0,1245.0,Sector 17 Ulwe,2.0,0.0,0,1,1,Yes,1,0,0,0,No,0,0,0,0
7800000.0,700.0,Malad West,1.0,0.0,1,1,1,0,1,1,1,1,Yes,0,1,0,1
4300000.0,810.0,Boisar,3.0,1.0,1,1,0,0,0,Yes,1,0,Yes,,0,No,Yes
3800000.0,800.0,Nala Sopara,2.0,,0,1,0,0,0,1,0,0,No,,0,No,0
8800000.0,650.0,borivali West,1.0,0.0,0,0,0,,0,0,0,0,0,0,0,0,0
14000000.0,780.0,Goregaon West,2.0,0.0,0,Yes,0,0,0,No,0,0,0,0,1,,0
2900000.0,595.0,Vasai,,0.0,0,,0,No,No,1,0,,,0,0,1,No
8655000.0,1055.0,Mira Road East,2.0,1.0,1,1,,0,1,1,1,1,1,Yes,0,1,
4099000.0,590.0,Thane West,1.0,0.0,1,1,1,0,1,1,1,1,1,1,0,Yes,0
7800000.0,600.0,Sector 19A Nerul,1.0,0.0,Yes,1,1,Yes,1,,0,0,0,0,0,,0
3000000.0,545.0,Vasai West,1.0,0.0,No,1,0,0,0,0,0,,0,0,0,No,0
6400000.0,980.0,Kamothe,2.0,0.0,1,Yes,1,Yes,Yes,No,1,0,,No,,0,0
4200000.0,1380.0,Boisar,3.0,0.0,1,0,0,0,0,1,Yes,No,Yes,1,0,1,
10300000.0,1050.0,Kolshet Road,2.0,0.0,1,1,Yes,1,1,0,1,,1,0,1,0,0
9000000.0,1120.0,Ulwe,2.0,1.0,No,0,0,0,0,0,0,No,,0,0,No,0
2500000.0,,Powai ,1.0,0.0,0,1,No,0,0,0,0,0,,0,0,0,0
14000000.0,1050.0,Malad West,2.0,0.0,1,1,1,0,1,1,1,1,1,1,1,1,1
8600000.0,575.0,Kandivali East,1.0,0.0,No,1,0,0,0,1,1,1,0,,Yes,0,0
11000000.0,550.0,Santacruz East,1.0,0.0,0,0,0,0,,No,0,0,0,0,0,0,
9500000.0,1050.0,Koper Khairane,2.0,,0,1,0,No,No,,0,1,0,No,1,0,0
13799999.0,870.0,nan,2.0,0.0,0,1,0,0,0,0,0,1,0,0,1,0,0
42600000.0,2000.0,Nerul,3.0,0.0,1,Yes,0,0,0,1,,,0,0,0,0,1
22000000.0,985.0,Andheri  West,3.0,1.0,Yes,1,0,0,0,1,1,1,0,0,0,No,1
9500000.0,1210.0,Kharghar,2.0,1.0,1,1,1,0,1,,Yes,1,,1,0,1,1
15500000.0,850.0,Andheri  East,2.0,0.0,Yes,1,1,0,1,1,1,1,0,0,Yes,1,1
4150000.0,950.0,nan,2.0,,0,1,1,0,0,1,0,,0,0,0,0,No
7700000.0,1100.0,nan,2.0,1.0,1,1,1,0,1,1,1,1,No,0,0,Yes,1
20700000.0,905.0,Goregaon West,2.0,1.0,1,,No,0,0,1,0,No,1,0,No,1,1
9000000.0,1005.0,Thane West,2.0,0.0,1,1,,1,1,1,1,1,1,1,No,Yes,1
18000000.0,980.0,Mulund East,2.0,0.0,1,1,0,,0,1,1,Yes,,1,Yes,0,0
4500000.0,650.0,Kharghar,1.0,0.0,1,1,1,1,1,0,1,1,1,0,0,1,No
3800000.0,700.0,Nalasopara East,1.0,1.0,0,0,0,0,0,No,0,No,0,No,0,0,0
9500000.0,1200.0,Ulwe,2.0,0.0,1,1,Yes,0,1,,,1,Yes,1,1,1,1
13000000.0,1300.0,Kharghar,2.0,0.0,0,0,1,1,1,0,0,,0,0,0,0,0
10700000.0,800.0,Dahisar West,2.0,0.0,0,Yes,0,No,,0,No,0,0,,Yes,0,0
7000000.0,750.0,Kharghar,2.0,0.0,1,1,0,0,1,1,Yes,1,1,0,Yes,0,0
13000000.0,1300.0,Sector 20 Kharghar,2.0,0.0,0,0,Yes,1,1,0,0,0,0,0,,0,No
5800000.0,550.0,Thane West,1.0,0.0,,1,1,1,1,,Yes,1,1,1,Yes,0,0
34000000.0,2365.0,Kandivali East,4.0,0.0,1,Yes,1,0,1,1,Yes,Yes,0,,0,Yes,
8400000.0,515.0,borivali West,1.0,0.0,0,1,0,0,0,0,0,,0,0,1,0,0
10000000.0,590.0,borivali West,,0.0,,1,No,,0,0,0,0,No,0,Yes,0,No
3200000.0,610.0,Nala Sopara,1.0,0.0,0,,No,0,,1,0,Yes,0,0,0,0,0
3757000.0,835.0,Virar,1.0,1.0,1,1,1,0,1,1,1,1,0,Yes,0,1,
10800000.0,550.0,borivali West,1.0,0.0,0,1,0,0,No,1,0,1,0,0,Yes,0,0
21000000.0,1130.0,Bhakti Park,2.0,,1,1,1,1,1,0,0,0,0,,0,,0
18100000.0,1153.0,nan,3.0,1.0,,1,0,0,0,1,1,1,0,0,0,No,Yes
20000000.0,1000.0,nan,2.0,,0,1,0,0,0,0,0,0,No,,0,0,0
9200000.0,1260.0,Sector 5 Ulwe,2.0,0.0,1,1,1,1,,0,0,0,,0,0,0,0
6220000.0,349.0,Mira Road East,1.0,1.0,1,,1,0,1,1,1,1,1,1,0,1,1
15700000.0,,Thane West,2.0,1.0,No,1,0,No,,1,No,0,1,1,No,Yes,0
9300000.0,1060.0,Mira Road East,2.0,1.0,1,1,Yes,0,1,1,1,1,1,,1,1,1
8000000.0,1100.0,Ulwe,2.0,0.0,0,1,0,,,0,No,0,0,0,0,0,0
3800000.0,335.0,Kandivali West,1.0,,0,1,,No,0,0,0,0,,0,,0,0
6400000.0,,Thane West,1.0,0.0,1,Yes,1,0,Yes,1,1,1,,No,,1,Yes
19000000.0,1150.0,Chembur East,,,1,1,1,1,1,,No,0,0,0,0,0,0
,1010.0,Kamothe,2.0,0.0,1,1,1,0,1,0,1,1,1,0,0,1,1
7500000.0,495.0,Malad West,1.0,0.0,0,1,0,0,0,,0,0,0,0,1,0,0
8800000.0,1235.0,Ulwe,2.0,0.0,Yes,1,1,0,,1,1,1,1,0,1,0,
4499000.0,810.0,nan,2.0,0.0,1,1,1,No,1,1,1,0,Yes,1,0,1,0
13799999.0,1050.0,Malad West,2.0,0.0,1,1,Yes,0,1,1,1,1,1,1,,1,1
4600000.0,610.0,Sector16 Airoli,1.0,0.0,0,0,Yes,,1,0,,0,0,0,0,0,No
8200000.0,1150.0,Panvel,2.0,1.0,1,1,1,0,1,1,Yes,,Yes,1,,1,Yes
2200000.0,500.0,Nalasopara West,1.0,0.0,No,0,0,0,0,0,0,,0,0,0,0,0
,1000.0,Kharghar,2.0,0.0,0,No,0,0,0,0,0,0,0,0,,No,0
15900000.0,1090.0,Belapur,2.0,0.0,1,,0,0,0,0,1,1,0,No,No,0,1
2350000.0,390.0,Kalyan West,,0.0,1,0,0,0,,1,Yes,Yes,0,0,0,0,1
9900000.0,480.0,Malad West,1.0,1.0,1,Yes,Yes,0,1,1,,1,0,1,0,1,1
19000000.0,1100.0,Malad East,2.0,1.0,1,1,1,0,1,1,1,Yes,1,0,1,,Yes
19100000.0,1278.0,Chembur,2.0,,1,Yes,1,0,1,1,1,1,0,0,1,1,0
18500000.0,1700.0,Kharghar,3.0,1.0,1,Yes,Yes,0,1,1,1,1,0,0,,1,Yes
3700000.0,417.0,nan,1.0,0.0,0,,1,1,0,0,0,0,,0,0,0,0
8298999.0,700.0,nan,,0.0,No,1,No,0,No,0,0,0,No,0,0,No,0
7800000.0,1055.0,Sector-3 Ulwe,2.0,0.0,0,0,1,1,1,1,1,1,1,0,,1,No
18000000.0,675.0,4 Bunglows,2.0,0.0,1,1,1,1,1,0,0,,No,0,No,0,0
7500000.0,500.0,Goregaon East,1.0,1.0,1,1,No,0,0,1,Yes,1,0,0,1,0,0
2700000.0,,Virar West,1.0,0.0,1,Yes,0,0,0,0,,0,0,0,0,0,0
8500000.0,930.0,Ulwe,2.0,0.0,1,0,1,1,1,0,0,0,0,No,0,0,1
2500000.0,728.0,Ambernath West,1.0,1.0,Yes,Yes,0,0,0,1,1,1,1,1,No,1,
11100000.0,1205.0,Seawoods,2.0,0.0,0,,1,0,1,No,0,,0,No,0,0,0
10500000.0,650.0,borivali West,1.0,0.0,0,,0,,0,1,No,1,0,No,1,0,0
5250000.0,679.0,Ulwe,1.0,0.0,0,0,0,0,0,0,0,0,0,0,No,0,No
82500000.0,1220.0,Khar,,0.0,0,0,0,0,0,0,No,0,0,,0,No,No
5500000.0,650.0,Kharghar,1.0,0.0,1,,1,1,,No,1,0,No,0,0,1,0
13500000.0,1256.0,Kharghar,2.0,0.0,,1,1,0,1,Yes,1,1,1,1,0,,1
29000000.0,1100.0,Ville Parle East,2.0,0.0,1,1,0,1,1,Yes,1,0,0,0,0,1,0
4500000.0,,Naigaon East,2.0,0.0,1,1,,0,1,1,1,1,,0,0,,
19200000.0,1150.0,borivali West,2.0,,1,,0,,0,1,0,1,0,0,1,0,0
92500000.0,2670.0,Parel,5.0,0.0,Yes,1,1,0,1,1,1,0,0,Yes,0,1,1
8900000.0,972.0,Mira Road East,2.0,1.0,1,,No,0,0,1,0,0,0,0,No,0,Yes
16500000.0,970.0,Powai ,2.0,0.0,Yes,,1,No,1,1,,1,1,0,0,1,1
5900000.0,950.0,Panvel,2.0,0.0,0,0,No,0,,No,0,No,0,0,0,0,0
8000000.0,1250.0,Sector 18 Kharghar,2.0,0.0,1,Yes,,1,1,1,0,1,1,0,1,0,0
8500000.0,1258.0,Kamothe,2.0,0.0,1,0,,1,1,0,0,,0,0,0,0,0
9500000.0,1050.0,Kharghar,2.0,0.0,0,0,1,1,1,0,0,0,0,No,,0,No
6500000.0,620.0,Kalwa,1.0,,1,1,0,0,0,1,1,1,No,0,0,0,0
3200000.0,630.0,Koproli,1.0,0.0,0,,0,0,0,0,0,,0,0,No,,0
7200000.0,,Kalyan East,2.0,0.0,Yes,Yes,0,,0,,0,0,No,No,0,0,1
4067000.0,830.0,nan,2.0,1.0,,1,1,No,1,Yes,1,0,0,0,0,1,
19000000.0,1600.0,Kharghar,3.0,0.0,1,1,1,1,1,,1,1,1,,0,1,1
17500000.0,,Ghatkopar West,2.0,0.0,Yes,Yes,Yes,0,0,1,1,0,1,1,,,1
27500000.0,1180.0,Ville Parle East,,1.0,1,1,0,0,0,Yes,Yes,,0,0,Yes,0,1
6000000.0,650.0,Ulwe,1.0,0.0,0,0,0,0,0,0,0,0,,0,0,0,0
15000000.0,950.0,Andheri  East,2.0,0.0,,1,Yes,1,1,1,1,Yes,1,1,0,1,1
3600000.0,600.0,Balkum,1.0,0.0,No,1,1,1,1,No,0,0,No,No,0,0,0
22300000.0,1355.0,Goregaon East,3.0,1.0,1,1,0,1,,1,1,1,1,1,0,0,1
33500000.0,2040.0,nan,3.0,1.0,1,1,0,0,No,0,1,1,0,0,0,0,1
22500000.0,935.0,borivali West,2.0,1.0,1,0,0,0,0,1,0,No,0,0,,0,0
,640.0,Kharghar,1.0,0.0,0,No,Yes,Yes,,0,0,0,0,,0,0,0
,709.0,nan,2.0,1.0,1,1,No,0,0,1,1,1,0,0,,0,1
2200000.0,820.0,Boisar,2.0,0.0,0,0,0,0,,0,0,0,No,0,0,,0
3600000.0,700.0,Dombivali,1.0,0.0,No,1,0,0,No,1,1,1,0,0,0,,0
3700000.0,607.0,Kalyan West,1.0,,0,1,0,0,0,1,1,1,No,0,No,0,No
20500000.0,1000.0,Antop Hill,2.0,0.0,1,1,1,1,1,No,0,0,0,0,0,0,0
19200000.0,863.0,Thane West,3.0,1.0,1,1,0,,0,1,1,1,0,0,0,0,1
2500000.0,580.0,Nala Sopara,1.0,0.0,1,1,0,0,,1,0,1,0,0,,0,0
12000000.0,1450.0,Ulwe,3.0,1.0,1,Yes,0,No,No,1,1,1,,,Yes,0,0
2300000.0,350.0,Kalyan West,1.0,0.0,0,1,0,0,0,1,0,No,No,0,No,0,0
20299999.0,890.0,Malad West,3.0,1.0,Yes,1,,0,1,1,1,No,1,1,0,Yes,1
50000000.0,1020.0,Juhu,,0.0,0,0,No,0,No,0,0,0,0,0,0,0,0
,420.0,Dombivli (West),1.0,0.0,0,,0,No,0,1,0,0,,0,0,0,0
12700000.0,750.0,borivali West,2.0,,No,1,0,0,0,0,0,No,0,0,0,,0
9500000.0,1056.0,Kalwa,2.0,,1,1,1,1,1,,1,0,0,No,0,0,0
24000000.0,660.0,Andheri  West,2.0,0.0,0,0,0,0,0,0,No,0,0,0,0,No,0
2816000.0,630.0,Vasai,1.0,1.0,0,1,1,0,1,0,0,1,0,0,0,0,0
29500000.0,1000.0,matunga east,,,No,1,0,,0,1,0,0,No,0,Yes,No,0
3200000.0,600.0,Vasai east,1.0,,0,0,0,No,0,0,0,0,0,No,No,0,0
3800000.0,738.0,nan,1.0,0.0,1,1,Yes,0,,Yes,1,1,1,Yes,No,1,
17000000.0,900.0,borivali West,2.0,0.0,0,1,No,0,0,1,No,1,0,No,1,,No
13000000.0,1075.0,Koper Khairane,2.0,1.0,1,1,No,No,0,1,Yes,0,0,,0,0,0
4200000.0,860.0,Nala Sopara,2.0,0.0,1,1,1,0,1,1,0,1,,No,,1,1
6351000.0,352.0,Thane West,1.0,1.0,1,1,0,0,0,Yes,Yes,Yes,Yes,,0,1,Yes
16800000.0,764.0,nan,2.0,0.0,1,,1,1,1,0,1,No,No,0,No,0,0
35000000.0,1700.0,Powai ,3.0,0.0,1,1,1,0,Yes,,Yes,1,0,1,No,1,1
19500000.0,1000.0,Andheri  West,2.0,0.0,0,1,0,0,0,0,,No,0,0,1,No,1
14600000.0,1135.0,nan,2.0,0.0,,1,0,0,0,1,1,1,,,1,0,1
5000000.0,900.0,Palava,2.0,0.0,0,,0,0,0,0,0,0,0,0,0,No,0
4045000.0,910.0,Virar,2.0,1.0,1,1,1,0,1,1,1,No,,0,0,1,1
9900000.0,,Thane West,2.0,,1,0,0,,No,1,0,No,1,0,0,No,Yes
,1157.0,Ulwe,2.0,,0,0,0,0,0,0,0,No,0,No,0,0,0
,,Kharghar,2.0,0.0,,1,0,0,0,Yes,1,,0,0,1,0,Yes
6400000.0,693.0,Mira Road East,1.0,1.0,1,1,0,0,0,1,,1,No,1,0,1,1
22500000.0,,Kandivali East,3.0,0.0,1,1,1,0,1,Yes,1,1,0,No,0,Yes,1
2600000.0,650.0,Virar,1.0,0.0,1,1,1,0,1,1,,0,0,,0,1,1
,895.0,nan,2.0,0.0,0,1,1,Yes,1,0,0,1,0,0,0,Yes,0
56000000.0,1196.0,Khar West,3.0,0.0,0,1,0,0,0,0,0,No,0,0,1,0,0
11200000.0,541.0,Mira Road East,2.0,1.0,1,1,0,0,0,,1,0,0,1,0,1,1
,735.0,Ulwe,1.0,0.0,0,1,No,,,1,0,Yes,,0,1,0,
,1190.0,Ulwe,2.0,1.0,,0,0,0,No,,0,0,0,0,1,0,0
14000000.0,1170.0,nan,,0.0,1,0,1,0,Yes,Yes,1,1,1,0,0,0,Yes
4800000.0,600.0,Sector 36 Kamothe,1.0,0.0,0,Yes,1,1,0,0,0,0,1,No,0,0,0
,620.0,Kharghar,1.0,0.0,1,1,No,0,0,1,Yes,,0,0,,0,Yes
30000000.0,1120.0,Kandivali East,3.0,0.0,1,,0,No,0,1,1,1,No,0,1,No,1
8500000.0,275.0,Thane,1.0,0.0,1,1,Yes,1,1,0,1,0,,No,0,No,0
10700000.0,660.0,Mulund West,1.0,0.0,1,1,Yes,0,0,Yes,0,0,No,0,1,No,0
9800000.0,660.0,Kandivali East,2.0,0.0,No,1,0,0,No,1,0,0,0,0,,,No
18500000.0,,Andheri  East,,1.0,,1,0,0,0,1,1,1,1,0,0,0,Yes
10500000.0,,Majiwada,2.0,,No,1,1,1,1,0,0,0,,0,0,0,
8800000.0,500.0,Jawahar Nagar,1.0,0.0,No,1,1,1,,0,0,0,0,0,0,No,0
5600000.0,630.0,Kalwa,1.0,0.0,Yes,,1,1,1,0,1,0,0,0,0,0,0
79200000.0,1648.0,Andheri  West,,1.0,1,1,1,,Yes,1,,0,0,,0,1,1
9500000.0,575.0,Mulund East,1.0,0.0,0,1,1,0,0,0,0,1,0,0,1,No,0
9300000.0,1010.0,Thane West,3.0,0.0,1,1,1,0,1,1,1,1,1,Yes,0,Yes,1
8800000.0,750.0,Malad West,1.0,0.0,1,1,0,Yes,1,1,1,1,0,0,,No,0
,1100.0,Kharghar,2.0,0.0,Yes,1,0,0,0,Yes,1,1,0,0,0,,
6000000.0,650.0,Mira Road East,1.0,0.0,0,,1,0,1,1,0,Yes,1,0,0,1,0
17000000.0,1020.0,Chembur,1.0,0.0,Yes,1,1,1,1,Yes,1,1,1,1,0,1,
5500000.0,745.0,Kharghar,1.0,0.0,0,,1,1,Yes,1,0,1,1,0,0,1,
4803000.0,655.0,Kharghar,1.0,0.0,0,1,1,1,1,0,0,0,0,No,0,No,0
54200000.0,1613.0,Powai ,4.0,1.0,1,1,1,0,1,1,Yes,1,1,1,0,1,1
15400000.0,,Mira Road East,,,1,Yes,1,0,1,0,Yes,0,,No,0,1,1
21400000.0,990.0,Thane West,,1.0,1,1,0,,0,,1,1,0,0,No,0,Yes
8500000.0,506.0,Sanpada,1.0,0.0,1,1,1,,1,1,1,1,Yes,1,Yes,1,1
2200000.0,500.0,Naigaon East,1.0,1.0,1,1,Yes,1,1,1,1,1,1,No,0,1,
5000000.0,665.0,Kharghar,1.0,0.0,,1,1,1,,0,No,1,,,0,0,0
4800000.0,550.0,Mira Road East,1.0,0.0,0,1,1,0,0,1,0,1,0,0,Yes,0,0
7700000.0,1125.0,Kamothe,2.0,,1,1,1,1,1,0,,No,0,,0,0,0
55599999.0,3181.0,Bhandup West,4.0,1.0,1,1,Yes,0,,1,1,1,Yes,1,Yes,Yes,1
16500000.0,1660.0,Kharghar,3.0,0.0,Yes,1,1,No,1,1,1,1,0,0,0,1,1
38000000.0,750.0,nan,2.0,1.0,1,1,No,0,Yes,1,1,1,1,1,0,1,1
2500000.0,,Kalyan West,1.0,0.0,,0,0,0,0,No,0,0,0,0,0,0,0
3100000.0,,Mira Road East,1.0,0.0,0,1,0,0,0,1,0,0,0,0,0,0,0
27300000.0,733.0,Powai ,2.0,1.0,1,Yes,Yes,0,1,Yes,1,1,1,1,0,1,1
75000000.0,1600.0,Almeida Park,,0.0,Yes,1,1,1,1,0,0,1,0,1,1,0,0
2700000.0,416.0,Sector 20 Kharghar,1.0,0.0,0,0,0,1,,0,0,0,0,0,0,0,0
18000000.0,1165.0,Kandivali East,3.0,0.0,Yes,Yes,Yes,0,1,0,Yes,1,0,0,,Yes,1
3400000.0,600.0,Dronagiri,1.0,1.0,1,Yes,Yes,,1,1,1,1,1,1,1,1,0
12000000.0,560.0,nan,2.0,0.0,0,1,1,1,,No,0,0,0,0,0,No,0
3500000.0,1000.0,mumbai,2.0,0.0,1,1,1,Yes,1,0,,No,0,0,No,0,0
14500000.0,1215.0,Kharghar,2.0,0.0,0,0,No,0,No,0,0,No,0,0,No,0,No
30000000.0,1804.0,Malad West,3.0,,1,1,1,1,0,1,1,,1,No,0,0,1
5800000.0,405.0,Kandivali West,1.0,1.0,1,1,1,0,1,1,1,1,1,1,1,1,1
5500000.0,660.0,Kharghar,1.0,0.0,Yes,1,1,1,1,No,1,1,1,0,1,1,1
2014999.0,598.0,mumbai,1.0,0.0,,,1,1,1,No,1,0,,0,No,0,0
6120000.0,720.0,Mira Road East,1.0,1.0,0,Yes,1,0,0,1,,,1,0,Yes,,0
7311000.0,1149.0,Haware City,3.0,0.0,1,,1,0,1,0,1,0,1,0,0,0,1
26000000.0,1350.0,nan,3.0,0.0,No,Yes,1,,Yes,0,0,0,No,No,No,0,0
3300000.0,620.0,Morya Nagar,1.0,0.0,0,No,0,,,,0,0,0,0,0,0,No
13500000.0,1056.0,Seawoods,2.0,0.0,1,1,1,0,0,1,1,0,1,1,0,1,0
31500000.0,1423.0,borivali East,3.0,1.0,,1,Yes,0,1,0,1,1,,No,1,1,1
21000000.0,1425.0,Seawoods,2.0,0.0,1,1,1,1,1,1,1,1,1,0,0,No,1
33000000.0,1700.0,Mulund East,5.0,1.0,1,1,0,0,0,0,1,Yes,0,0,1,0,No
2400000.0,930.0,Boisar,2.0,0.0,No,0,No,No,0,0,0,0,0,0,,0,0
8480000.0,1060.0,Mira Road East,2.0,,1,1,0,No,0,Yes,1,1,No,1,0,Yes,1
7600000.0,1595.0,Ulwe,3.0,0.0,1,0,1,1,,No,0,No,0,,0,0,1
2300000.0,690.0,Ambernath East,1.0,0.0,1,1,1,1,1,1,1,No,1,0,0,,1
5150000.0,720.0,Mira Road East,1.0,1.0,0,1,0,0,0,1,0,Yes,Yes,0,1,0,0
17900000.0,1810.0,Kharghar,,1.0,Yes,1,1,0,Yes,1,1,Yes,1,1,No,Yes,Yes
4499000.0,518.0,Virar,2.0,,1,,Yes,0,1,0,Yes,1,Yes,No,No,Yes,1
25400000.0,1900.0,Belapur,3.0,0.0,,1,0,0,,0,1,1,No,0,0,0,0
25500000.0,921.0,Goregaon West,,,1,1,0,0,No,1,1,1,0,0,0,No,1
7500000.0,553.0,Kandivali East,1.0,1.0,1,1,1,0,1,1,1,0,1,0,1,Yes,0
10000000.0,1098.0,Sector 19 Kharghar,2.0,0.0,0,0,1,1,1,0,0,No,0,0,0,0,0
4000000.0,620.0,Sector-24 Kamothe,1.0,0.0,No,1,1,0,1,0,No,0,0,0,0,0,No
6000000.0,,Thane West,1.0,1.0,1,1,0,0,0,1,1,1,1,0,0,0,Yes
4200000.0,340.0,Kandivali West,1.0,0.0,0,1,,0,0,0,0,0,0,0,No,0,0
2600000.0,520.0,Taloja,1.0,1.0,0,1,1,1,,0,0,0,,No,No,0,No
16000000.0,900.0,Thane West,2.0,1.0,1,1,No,0,0,1,No,0,0,0,0,No,0
3000000.0,650.0,Dronagiri,1.0,1.0,,Yes,,1,1,0,0,,,0,1,0,0
5600000.0,710.0,Mira Road East,1.0,0.0,1,Yes,1,1,,1,1,1,1,1,0,,1
4300000.0,526.0,Goregaon East,1.0,0.0,1,1,1,1,1,0,1,1,1,0,0,0,1
3000000.0,600.0,Bhayandar East,1.0,0.0,0,0,0,0,No,0,0,0,0,0,0,No,0
9000000.0,720.0,Mulund West,1.0,0.0,0,1,0,0,0,1,No,No,0,0,No,No,0
12000000.0,680.0,Kandivali West,2.0,0.0,0,1,1,0,0,No,0,1,0,,0,0,
27500000.0,,Kandivali East,3.0,,1,1,1,No,1,1,1,1,0,No,1,1,1
,560.0,Sector 20 Kharghar,1.0,0.0,0,0,,1,1,0,0,0,0,No,0,0,0
6800000.0,665.0,nan,1.0,0.0,1,1,1,0,1,Yes,1,1,1,1,0,1,Yes
,1020.0,Dahisar East,2.0,0.0,,0,,,0,0,0,0,0,No,No,0,0
3317000.0,990.0,Boisar,3.0,1.0,1,1,1,0,,1,1,Yes,,1,No,Yes,1
7000000.0,410.0,Dahisar West,1.0,0.0,0,0,0,No,0,0,0,No,0,0,0,0,0
4300000.0,900.0,Sriprastha,2.0,0.0,0,,1,Yes,No,0,0,0,1,0,0,0,
12000000.0,925.0,Ghansoli,2.0,0.0,1,1,Yes,,1,1,1,1,1,0,1,1,1
36500000.0,2030.0,Goregaon West,3.0,1.0,Yes,1,1,1,1,1,1,1,1,1,0,1,1
11500000.0,1000.0,Belapur,2.0,0.0,0,1,No,No,0,1,No,1,0,No,0,0,1
3900000.0,640.0,Karanjade,1.0,0.0,0,1,No,No,No,0,0,No,0,0,No,,0
,650.0,Ulwe,1.0,0.0,0,Yes,1,1,1,0,0,,0,0,0,Yes,0
12000000.0,785.0,Dahisar East,,1.0,0,0,0,0,0,0,0,0,0,0,0,No,0
,1450.0,Jogeshwari West,3.0,0.0,1,1,0,0,0,Yes,0,1,0,0,1,0,0
22000000.0,985.0,Powai ,,0.0,1,1,0,0,0,1,1,1,,0,1,0,1
9800000.0,555.0,Powai ,1.0,0.0,Yes,1,1,1,1,1,1,1,0,0,1,1,1
7200000.0,650.0,Thane West,,0.0,0,0,0,0,0,1,1,1,No,0,1,0,0
,1174.0,Tardeo,2.0,0.0,1,1,1,1,1,,1,1,1,1,1,0,1
5583000.0,705.0,Mira Road East,1.0,1.0,1,1,1,0,1,1,1,1,1,1,0,1,Yes
18500000.0,1350.0,Malad East,,1.0,1,Yes,1,No,1,1,1,0,0,,1,1,1
7500000.0,1100.0,Ulwe,2.0,0.0,0,1,0,0,0,No,No,0,0,0,0,0,0
,1638.0,Goregaon West,3.0,1.0,1,1,1,1,1,1,1,1,Yes,1,0,1,1
36800000.0,,Parel,,0.0,1,1,1,0,1,1,1,1,Yes,1,0,1,1
47500000.0,1632.0,Andheri  West,3.0,0.0,1,1,0,No,0,,1,,0,0,No,0,1
9700000.0,1150.0,Ulwe,2.0,1.0,0,0,No,0,0,0,0,0,No,No,0,0,0
4580000.0,430.0,Kalyan West,1.0,,0,,1,1,0,0,0,0,1,0,0,0,0
11000000.0,585.0,borivali East,1.0,0.0,0,1,1,1,1,0,0,0,0,0,0,0,0
8000000.0,1000.0,Ulwe,2.0,0.0,Yes,1,1,0,1,1,1,1,0,0,1,Yes,1
4300000.0,650.0,Kharghar,1.0,0.0,1,Yes,1,1,,1,1,0,Yes,0,0,0,1
6500000.0,650.0,Kharghar,1.0,0.0,1,1,1,No,1,1,,0,0,0,0,1,1
15500000.0,913.0,nan,2.0,1.0,No,0,0,0,1,No,No,0,,No,0,0,0
6800000.0,,Kalyan West,2.0,0.0,1,,0,0,0,Yes,,Yes,0,,0,0,Yes
58500000.0,3410.0,nan,4.0,1.0,Yes,1,1,0,1,1,Yes,,1,1,0,1,0
30500000.0,1017.0,Mulund West,3.0,1.0,1,1,Yes,0,1,1,,1,Yes,1,0,1,1
9600000.0,850.0,Panvel,2.0,1.0,,Yes,0,0,0,1,1,Yes,0,0,No,,0
4500000.0,610.0,Kamothe,1.0,0.0,0,Yes,1,0,1,No,No,1,0,0,0,0,0
7500000.0,560.0,Thane West,1.0,0.0,1,1,0,1,1,0,0,No,,,0,0,1
5400000.0,720.0,Mira Road East,1.0,1.0,0,1,0,0,0,0,0,1,0,0,1,0,0
,1240.0,Sector 5 Ulwe,2.0,,1,1,Yes,1,Yes,0,0,0,0,,0,,0
30000000.0,1212.0,Vashi,3.0,0.0,0,1,0,0,0,0,0,No,0,No,No,0,0
2600000.0,,Nala Sopara,1.0,0.0,1,,Yes,0,1,1,Yes,1,No,0,0,1,
3488000.0,660.0,Virar West,1.0,1.0,,1,0,0,0,1,0,0,No,No,0,0,0
4000000.0,550.0,Anjurdive,1.0,1.0,1,Yes,1,0,1,Yes,1,1,Yes,1,1,0,1
2000000.0,,Nala Sopara,1.0,0.0,Yes,1,1,0,1,0,1,1,No,0,No,1,1
4200000.0,680.0,Kharghar,1.0,0.0,0,1,1,1,1,,0,0,0,0,0,No,No
2100000.0,,Karjat,1.0,0.0,No,1,0,0,0,0,0,0,0,0,0,0,0
6200000.0,750.0,Mira Road East,1.0,1.0,Yes,1,1,1,1,1,Yes,1,1,Yes,,Yes,1
4400000.0,490.0,Mira Road East,1.0,,0,0,0,0,,Yes,0,1,0,No,1,0,0
5500000.0,785.0,Dombivli (West),1.0,0.0,0,1,0,0,0,1,0,1,0,0,0,0,0
14500000.0,900.0,Powai ,2.0,0.0,1,1,,0,0,,1,1,0,,1,0,1
5100000.0,690.0,Ulwe,1.0,1.0,0,1,No,,0,0,0,0,0,0,1,No,0
6800000.0,1101.0,Kamothe,2.0,0.0,1,0,1,,1,0,0,0,0,No,0,0,0
14400000.0,860.0,Sanpada,2.0,0.0,1,1,1,1,1,1,1,1,1,1,0,Yes,1
3599000.0,,Kalyan West,1.0,0.0,1,1,0,No,1,1,0,0,Yes,0,No,Yes,1
5200000.0,600.0,Kharghar,1.0,0.0,Yes,,1,No,1,1,,0,Yes,0,,1,1
10000000.0,1595.0,Dombivali,2.0,0.0,1,1,1,0,Yes,1,1,1,,Yes,0,1,1
5800000.0,1021.0,Bhiwandi,2.0,1.0,0,,0,0,0,0,0,,0,0,0,0,0
,990.0,Mira Road East,2.0,1.0,1,1,0,0,0,1,1,1,0,No,1,No,No
27000000.0,1560.0,Mulund West,,1.0,1,1,1,0,,1,1,1,Yes,Yes,1,1,Yes
2835000.0,630.0,Virar,1.0,1.0,1,1,1,0,,Yes,Yes,1,0,1,No,Yes,1
7998999.0,1060.0,Kalyan West,2.0,0.0,0,1,0,0,0,,No,0,No,No,,0,0
11500000.0,1065.0,vasant vihar thane west,2.0,,1,1,1,1,1,0,1,No,1,No,Yes,0,
16600000.0,1650.0,nan,,0.0,1,Yes,1,1,Yes,,1,1,0,0,Yes,Yes,Yes
,880.0,Kalyan West,2.0,0.0,0,1,0,0,No,1,,1,0,0,No,0,0
13500000.0,1400.0,Kharghar,3.0,0.0,1,1,,1,Yes,Yes,Yes,1,0,No,0,1,1
13000000.0,,Thane West,3.0,0.0,1,Yes,1,1,Yes,1,1,1,,0,1,,No
,580.0,Titwala,1.0,1.0,0,1,No,0,0,,0,1,No,No,0,0,0
10000000.0,459.0,Kurla,,1.0,1,0,0,0,0,No,0,0,0,No,0,0,0
4700000.0,690.0,Kharghar,1.0,0.0,,1,Yes,1,1,Yes,Yes,1,1,,0,1,1
72500000.0,2014.0,Ghatkopar West,,0.0,1,1,1,0,1,1,1,1,1,0,1,Yes,1
8500000.0,450.0,Thane West,1.0,,0,Yes,0,0,0,0,No,Yes,No,0,0,No,0
3500000.0,700.0,Nalasopara East,1.0,0.0,0,1,No,0,0,1,0,No,0,No,0,No,0
,620.0,nan,1.0,0.0,0,1,1,No,,,0,1,0,,0,1,
19000000.0,1165.0,Magathane,2.0,0.0,0,1,1,1,1,0,0,0,0,0,,0,0
13200000.0,1525.0,Mira Road East,,1.0,Yes,Yes,1,1,1,,1,1,1,,0,1,1
7800000.0,1103.0,nan,2.0,0.0,0,0,0,0,0,0,0,0,0,0,0,0,0
12300000.0,1305.0,Kharghar,2.0,1.0,1,,1,0,1,1,Yes,1,1,1,0,1,Yes
12200000.0,675.0,Kolshet Road,2.0,0.0,0,0,Yes,1,1,0,0,0,0,0,No,0,0
16399999.0,808.0,Thane West,2.0,1.0,1,1,1,0,No,No,1,No,0,1,0,0,1
3800000.0,340.0,Malad West,1.0,,0,,0,0,0,0,0,0,0,0,No,0,0
3800000.0,700.0,Nalasopara East,1.0,1.0,0,1,0,0,0,1,0,1,0,0,0,0,0
12000000.0,610.0,Kandivali West,1.0,0.0,0,0,0,0,0,0,0,,0,0,0,,0
3310000.0,780.0,Kasheli,2.0,1.0,0,1,1,No,1,1,0,No,1,,,No,0
2350000.0,585.0,Nala Sopara,1.0,0.0,1,1,No,0,1,1,0,0,1,0,0,1,0
17000000.0,1080.0,nan,2.0,0.0,0,1,0,No,0,,0,0,,0,1,0,
3700000.0,500.0,Kharghar,1.0,0.0,1,1,Yes,1,1,0,1,0,0,0,0,0,0
3100000.0,920.0,Badlapur East,2.0,0.0,0,1,,0,,0,,0,0,0,1,0,0
4500000.0,356.0,Malad East,1.0,1.0,No,0,0,No,No,,0,0,0,,0,0,0
17000000.0,1400.0,Sanpada,3.0,0.0,0,0,0,0,0,,0,0,0,,No,0,No
15000000.0,650.0,Andheri  West,1.0,0.0,0,0,0,0,0,0,0,0,0,0,0,0,0
2886000.0,962.0,Karjat,2.0,0.0,0,Yes,0,0,0,1,0,No,0,0,0,No,0
3977000.0,925.0,Vasai,2.0,1.0,0,1,1,0,1,,0,0,1,No,0,0,0
,538.0,Mira Road East,2.0,1.0,1,1,1,0,Yes,1,1,,1,1,0,1,1
200000000.0,3000.0,Tardeo,4.0,0.0,1,1,1,1,1,1,1,1,Yes,1,Yes,1,1
15900000.0,1200.0,Bhandup West,2.0,0.0,1,1,No,0,No,1,Yes,1,,0,1,0,1
3850000.0,650.0,Roadpali,1.0,0.0,Yes,1,1,1,1,0,0,0,0,0,0,0,
360000000.0,5476.0,Lower Parel,5.0,1.0,Yes,Yes,1,,1,1,Yes,0,1,0,1,0,Yes
11000000.0,,Kharghar,2.0,0.0,1,1,1,1,Yes,0,1,No,0,0,0,0,1
4500000.0,890.0,Kalyan West,2.0,0.0,No,1,0,0,0,1,0,1,0,0,0,0,
23000000.0,1500.0,nan,2.0,0.0,1,1,No,1,1,1,1,0,0,0,0,1,0
,1403.0,Parel,3.0,0.0,Yes,1,1,No,1,1,1,1,1,,,1,1
6800000.0,890.0,Mira Road and Beyond,2.0,0.0,1,1,1,,Yes,No,0,No,No,0,0,0,No
13000000.0,725.0,Thane West,2.0,1.0,1,1,1,1,1,1,1,1,,0,0,0,
45199999.0,1850.0,Kandivali East,4.0,1.0,1,1,1,0,1,1,1,1,0,Yes,1,1,1
160000000.0,6381.0,Lower Parel,4.0,1.0,Yes,1,Yes,1,1,1,1,,1,1,1,Yes,1
,,Mulund West,2.0,1.0,1,1,1,,1,Yes,1,1,Yes,1,No,1,1
16000000.0,1000.0,nan,2.0,0.0,1,1,1,0,1,Yes,1,No,Yes,0,1,1,1
14600000.0,850.0,Thane West,2.0,1.0,1,Yes,0,0,0,1,1,1,0,0,1,0,1
2800000.0,200.0,Malad West,1.0,1.0,0,No,0,,No,0,No,0,0,0,0,0,0
11000000.0,1350.0,Ulwe,3.0,1.0,1,1,1,0,1,1,Yes,Yes,1,,1,1,1
18900000.0,1435.0,Goregaon West,3.0,1.0,0,0,0,0,0,0,0,0,0,No,0,0,0
8700000.0,,borivali East,1.0,1.0,1,1,0,0,,,,1,1,0,,0,0
2596000.0,590.0,Vasai,1.0,1.0,0,Yes,1,0,Yes,0,0,1,0,0,0,0,
3800000.0,560.0,Sector-5 Kamothe,1.0,0.0,0,0,1,1,Yes,0,0,0,0,0,0,0,0
4550000.0,650.0,Ulwe,1.0,0.0,1,1,1,0,1,,0,Yes,No,0,,1,0
71500000.0,1600.0,Khar West,3.0,0.0,No,1,0,0,0,0,0,1,0,0,Yes,No,0
4000000.0,300.0,Andheri  East,1.0,0.0,0,1,0,,0,0,0,0,No,No,1,0,0
4000000.0,665.0,Kalyan West,1.0,0.0,0,1,0,0,0,1,,Yes,No,No,No,No,0
4700000.0,,nan,1.0,1.0,0,1,Yes,1,1,0,0,1,1,0,,1,0
14000000.0,1550.0,Kharghar,3.0,0.0,1,1,1,1,Yes,1,1,Yes,1,1,0,1,
29000000.0,1120.0,Khar West,2.0,0.0,0,No,No,0,No,0,0,0,0,0,0,,0
8000000.0,1100.0,Mira Road East,2.0,0.0,1,1,0,0,0,1,Yes,1,0,0,0,,1
12000000.0,540.0,borivali West,1.0,0.0,0,1,1,0,1,0,0,0,,No,0,No,0
2600000.0,570.0,Vashi,1.0,0.0,No,1,,0,0,Yes,0,0,0,0,Yes,0,0
12000000.0,864.0,Andheri  East,1.0,0.0,Yes,1,0,0,1,1,1,0,1,,0,Yes,Yes
22500000.0,900.0,Chembur,2.0,0.0,0,1,Yes,Yes,0,0,0,1,1,0,1,0,0
15400000.0,1570.0,Thane West,3.0,,Yes,Yes,1,0,1,1,1,No,1,0,0,1,1
2500000.0,545.0,Nala Sopara,1.0,1.0,0,0,0,,0,0,0,0,0,0,0,0,0
10900000.0,654.0,Mira Road and Beyond,1.0,0.0,Yes,1,1,1,1,0,1,,0,0,0,0,0
12000000.0,1080.0,Thane West,3.0,,1,1,1,0,,Yes,Yes,1,1,0,0,1,1
4000000.0,910.0,Virar West,1.0,,1,1,0,No,0,1,0,1,0,0,No,No,0
8500000.0,,Kharghar,2.0,0.0,1,0,No,,0,No,0,Yes,0,0,0,0,0
5499000.0,500.0,Thane West,1.0,1.0,0,1,1,0,1,1,0,Yes,0,,1,0,
17000000.0,670.0,Parel Village,1.0,,0,1,1,0,1,,0,0,0,,0,0,0
3874000.0,,Ambernath East,1.0,1.0,No,1,,1,,1,0,No,0,0,0,0,0
11000000.0,585.0,nan,,0.0,0,1,1,No,1,No,0,0,No,0,0,,0
14000000.0,700.0,Chembur,2.0,1.0,0,1,,0,0,0,0,1,0,0,0,0,0
13500000.0,1146.0,Thane West,3.0,1.0,1,1,1,0,0,1,1,1,1,1,0,0,1
,,Badlapur,1.0,0.0,0,1,1,1,0,0,0,0,1,0,0,,0
16000000.0,1944.0,Mira Road East,4.0,1.0,1,1,0,0,0,1,1,1,,1,0,1,1
13799999.0,1020.0,Sahkar Nagar,2.0,1.0,1,1,,1,1,1,,1,1,0,0,0,0
3500000.0,300.0,Andheri  East,1.0,,No,No,0,0,0,0,0,0,,,0,0,No
15100000.0,593.0,Mulund East,2.0,1.0,0,0,,,0,0,0,0,0,0,No,0,0
6500000.0,,borivali West,1.0,0.0,0,0,No,0,No,No,0,0,0,0,0,0,0
12400000.0,1335.0,Virar,4.0,1.0,1,1,,No,,1,1,0,0,0,0,Yes,1
16000000.0,1290.0,nan,2.0,0.0,Yes,1,1,0,1,1,Yes,0,1,1,0,1,1
,926.0,Govandi,2.0,,No,1,0,0,0,0,No,0,0,No,0,0,0
7400000.0,650.0,Nerul,1.0,0.0,0,1,1,0,1,0,0,0,0,0,1,,0
14200000.0,1050.0,Kanjurmarg,,0.0,1,1,1,No,1,1,,1,0,1,1,1,1
21500000.0,1200.0,Dahisar West,3.0,0.0,0,0,0,0,0,,0,0,0,0,1,0,0
3500000.0,650.0,Vasai,1.0,0.0,0,1,0,0,0,1,No,1,No,0,0,,0
4100000.0,910.0,Virar,1.0,1.0,1,Yes,1,0,1,Yes,1,,1,1,0,1,1
7000000.0,780.0,Mira Road East,2.0,0.0,0,0,0,No,0,0,0,,0,No,0,0,
11500000.0,471.0,Thane West,1.0,1.0,1,1,1,0,0,1,Yes,0,1,Yes,,1,
6000000.0,761.0,Thane West,2.0,0.0,Yes,1,1,,,Yes,Yes,0,1,0,0,1,1
7500000.0,580.0,borivali West,1.0,0.0,0,0,0,0,No,No,0,0,0,0,0,0,0
13500000.0,640.0,Bhandup West,2.0,1.0,1,1,1,0,1,1,1,0,Yes,1,0,1,1
7400000.0,932.0,nan,2.0,0.0,,,,0,1,1,Yes,1,1,0,,1,1
12000000.0,950.0,Thane West,2.0,0.0,1,1,1,1,Yes,1,,1,,0,0,0,1
51000000.0,2600.0,Mulund West,3.0,0.0,1,Yes,0,0,0,1,1,1,0,0,0,0,Yes
2850000.0,225.0,Malad West,1.0,0.0,0,1,,0,0,1,0,No,0,No,1,,0
65000000.0,1175.0,Khar West,3.0,0.0,0,No,0,0,0,No,0,0,,0,0,0,No
19000000.0,900.0,Andheri  West,2.0,1.0,1,1,0,0,0,0,1,No,0,No,Yes,0,1
32500000.0,1130.0,Ville Parle East,3.0,0.0,0,,0,0,0,0,0,0,0,0,0,0,0
17000000.0,1105.0,borivali East,2.0,0.0,1,1,1,,1,,1,1,1,1,0,1,Yes
8400000.0,776.0,Sector 20 Kharghar,2.0,0.0,1,1,1,0,0,0,0,0,0,0,0,0,1
2250000.0,525.0,Nalasopara West,1.0,1.0,No,1,0,0,0,Yes,0,0,0,No,0,0,0
5500000.0,800.0,Panvel,1.0,0.0,1,1,1,,Yes,1,,1,1,1,,1,1
17000000.0,815.0,Jeejamata Nagar,,0.0,0,1,Yes,1,Yes,,0,No,0,0,0,0,No
2394000.0,640.0,Titwala,1.0,1.0,1,,1,1,0,1,1,1,1,1,0,1,0
,620.0,Andheri  East,1.0,0.0,1,1,1,1,1,0,1,Yes,Yes,0,1,1,Yes
16800000.0,1180.0,Mulund,2.0,0.0,No,No,0,1,1,Yes,0,,0,0,,1,1
5500000.0,400.0,Mulund East,1.0,0.0,0,0,0,No,No,0,0,0,0,0,0,0,0
9600000.0,900.0,Thane West,2.0,,1,1,1,0,Yes,0,1,0,No,0,0,0,1
21000000.0,,Seawoods,1.0,0.0,1,1,1,,,1,1,1,1,0,1,0,1
3900000.0,,Palava,1.0,0.0,0,0,0,,0,0,0,0,No,0,0,,0
2600000.0,590.0,Nala Sopara,1.0,0.0,No,1,0,0,1,1,0,1,1,0,0,0,0
31000000.0,1550.0,Chembur,3.0,,1,,1,1,1,0,0,No,0,0,0,0,0
4900000.0,650.0,Sector 23 Ulwe,1.0,0.0,1,1,1,1,1,1,1,0,1,0,1,No,0
25000000.0,1313.0,Powai ,3.0,0.0,1,1,1,0,1,1,,1,1,1,1,Yes,1
5500000.0,560.0,Kharghar,1.0,0.0,1,1,1,1,,1,Yes,0,Yes,0,0,Yes,1
,890.0,borivali East,3.0,0.0,1,1,No,0,0,0,No,,0,0,1,0,0
8100000.0,1079.0,Kharghar,2.0,0.0,1,Yes,1,1,1,0,No,,0,,0,0,0
8600000.0,695.0,Kurla West,1.0,0.0,0,,0,No,0,0,0,,0,0,0,,No
21500000.0,1200.0,Kandivali East,3.0,0.0,Yes,1,0,0,0,Yes,,No,1,,0,1,1
14500000.0,1250.0,Goregaon West,2.0,0.0,0,1,1,1,Yes,1,0,Yes,1,1,No,1,0
2000000.0,640.0,Ambivli,1.0,0.0,0,0,0,0,0,0,0,No,,0,0,0,No
3779999.0,840.0,Virar,2.0,1.0,,1,1,0,1,1,1,1,0,1,,1,1
5300000.0,,Ulwe,1.0,0.0,0,No,0,0,0,0,0,0,No,0,0,No,0
5250000.0,1050.0,Nalasopara East,,0.0,0,Yes,0,No,0,1,0,0,0,,0,0,0
11200000.0,1726.0,Panvel,3.0,1.0,1,1,1,0,1,1,Yes,Yes,Yes,1,0,1,1
2105000.0,495.0,KASHELI,1.0,1.0,0,1,0,Yes,1,,0,0,0,,0,0,0
15500000.0,1200.0,Ghansoli,2.0,0.0,1,1,0,0,0,1,1,1,0,0,1,0,1
9000000.0,575.0,Kurla West,1.0,0.0,0,0,0,No,No,0,0,0,No,0,0,0,No
39400000.0,2080.0,Karave Nagar,3.0,0.0,Yes,1,Yes,Yes,1,,0,0,,0,0,0,No
9500000.0,1075.0,Kharghar,2.0,0.0,1,1,1,,1,Yes,,1,1,1,0,1,1
41100000.0,1737.0,Kandivali West,4.0,0.0,1,,No,,0,Yes,1,1,No,0,1,,0
16299999.0,716.0,Malad West,2.0,1.0,1,1,1,0,1,1,1,0,1,1,0,1,1
5299000.0,905.0,Thane West,2.0,0.0,1,1,1,0,1,1,Yes,1,1,,No,1,
8300000.0,1095.0,Mira Road East,2.0,1.0,1,1,1,0,Yes,1,1,,1,0,0,Yes,
60000000.0,1836.0,Dadar West,3.0,1.0,1,1,Yes,1,1,1,1,1,1,Yes,1,1,1
15000000.0,1650.0,Ulwe,3.0,1.0,1,1,1,1,1,1,1,1,,0,1,Yes,1
4500000.0,599.0,nan,1.0,0.0,1,1,1,1,0,0,0,No,0,0,0,0,0
10000000.0,800.0,Andheri  West,2.0,0.0,0,No,0,0,0,0,No,0,,0,,0,0
5100000.0,,Kamothe,1.0,0.0,0,0,1,1,1,No,0,No,No,0,0,No,0
8600000.0,550.0,Malad East,1.0,0.0,0,0,1,1,1,,0,0,0,0,0,0,0
9167000.0,1490.0,Bhiwandi,3.0,1.0,1,Yes,Yes,No,1,1,1,Yes,1,1,1,1,1
6100000.0,770.0,PARSIK NAGAR,1.0,,0,1,1,1,1,No,0,0,0,0,0,0,0
12000000.0,,Ulwe,3.0,1.0,1,1,0,0,0,1,0,1,0,0,0,,
39900000.0,1556.0,nan,3.0,1.0,0,,1,0,1,0,0,0,0,0,,0,0
5500000.0,620.0,Kalwa,1.0,0.0,0,1,0,,0,1,0,0,0,0,0,0,0
27000000.0,1100.0,Powai ,2.0,0.0,,1,1,0,1,0,Yes,1,1,No,0,Yes,1
,1075.0,nan,2.0,0.0,0,1,0,No,0,0,0,0,0,0,1,,0
14500000.0,1150.0,nan,2.0,0.0,0,No,0,0,0,0,0,0,,0,0,No,0
6700000.0,531.0,Mira Road East,1.0,0.0,0,1,0,0,0,1,0,1,0,0,1,0,0
2300000.0,585.0,nan,1.0,0.0,,1,1,0,1,1,1,0,1,Yes,0,1,
4750000.0,950.0,nan,2.0,0.0,0,1,0,No,No,1,0,Yes,0,0,0,0,0
2500000.0,615.0,Virar East,1.0,0.0,0,0,0,0,No,0,0,0,0,0,0,0,0
,4650.0,Andheri  West,5.0,1.0,1,Yes,1,0,1,1,1,1,,,No,1,1
8500000.0,1000.0,Sector 36 Kharghar,2.0,0.0,Yes,1,1,0,1,0,0,No,No,0,No,0,0
9600000.0,1210.0,Kharghar,2.0,1.0,Yes,1,,,1,1,1,1,1,1,,1,
16500000.0,,Malad East,1.0,0.0,1,Yes,,,1,0,0,1,0,0,0,No,
12800000.0,913.0,Kandivali West,2.0,1.0,1,1,,Yes,1,1,1,1,Yes,,0,1,0
16900000.0,723.0,Kanjurmarg East,2.0,1.0,Yes,1,0,0,0,1,1,1,0,0,Yes,No,1
8900000.0,,Ghansoli,1.0,0.0,1,,,No,No,1,1,1,1,No,1,1,1
28500000.0,1150.0,Powai ,2.0,,1,1,Yes,1,1,,1,,Yes,0,,1,1
4200000.0,640.0,Kamothe,1.0,1.0,0,1,No,0,0,0,0,0,,0,0,0,No
21500000.0,1650.0,Thane West,3.0,1.0,1,1,0,0,1,1,1,Yes,0,0,1,1,1
16800000.0,800.0,Chembur,2.0,0.0,,0,0,0,0,,0,0,0,0,,0,0
7900000.0,965.0,Mira Road East,2.0,1.0,1,,Yes,0,1,1,1,,1,No,No,1,Yes
7575000.0,550.0,nan,1.0,0.0,,1,1,1,1,0,0,0,0,0,0,0,0
10300000.0,470.0,Kurla,1.0,1.0,1,0,No,0,0,0,0,No,0,0,0,0,0
7000000.0,1000.0,Sector 17 Ulwe,2.0,1.0,0,1,1,1,Yes,1,1,1,1,1,0,1,0
,3025.0,Andheri ,4.0,1.0,1,1,Yes,1,1,1,1,Yes,1,1,0,,1
3100000.0,832.0,Palghar,2.0,1.0,0,1,1,0,,0,No,0,0,0,0,0,0
15000000.0,880.0,Sion,2.0,0.0,No,,0,0,0,,0,0,0,0,,0,0
7450000.0,956.0,Mira Road East,2.0,0.0,Yes,Yes,Yes,,No,Yes,Yes,1,1,1,0,0,1
21700000.0,900.0,Vakola,2.0,1.0,0,1,,,1,,0,0,0,0,,0,No
8500000.0,990.0,Kharghar,,0.0,1,1,1,1,1,1,Yes,1,1,1,1,1,1
10000000.0,320.0,Ville Parle East,1.0,0.0,0,Yes,0,0,0,0,0,0,0,0,,0,No
16500000.0,1313.0,Sanpada,2.0,,Yes,1,1,1,1,1,1,1,1,0,0,1,1
26500000.0,1060.0,nan,2.0,0.0,Yes,1,1,0,0,,1,1,1,0,1,0,1
16500000.0,1090.0,Kandivali East,2.0,0.0,1,,1,0,Yes,1,1,1,0,0,0,Yes,1
12000000.0,1150.0,Kharghar,2.0,1.0,1,,1,0,1,1,1,1,,1,1,1,1
9500000.0,510.0,Goregaon West,,,0,1,No,0,0,,0,1,No,0,No,0,0
2600000.0,610.0,Boisar,1.0,0.0,0,Yes,0,0,0,0,No,0,0,0,0,0,0
20200000.0,1040.0,Goregaon East,2.0,0.0,1,1,1,1,,1,1,1,Yes,1,1,1,1
,1725.0,Kharghar,3.0,1.0,Yes,1,1,0,1,1,Yes,1,Yes,1,,1,Yes
4361000.0,890.0,Virar,2.0,1.0,1,1,1,0,1,Yes,Yes,0,0,0,0,1,1
2300000.0,310.0,Kharghar,1.0,0.0,0,0,0,1,Yes,0,0,0,0,No,0,,0
11800000.0,1440.0,Panvel,3.0,1.0,1,1,1,0,1,,1,1,1,1,Yes,,1
7600000.0,1050.0,Mira Road East,2.0,1.0,0,1,0,0,0,1,0,Yes,0,0,0,0,0
8499000.0,1050.0,Kharghar,,0.0,1,1,0,0,0,,0,0,No,0,0,0,1
3000000.0,575.0,Nala Sopara,1.0,0.0,1,1,Yes,0,Yes,1,Yes,,0,0,0,1,1
13600000.0,1760.0,Kharghar,3.0,0.0,1,,1,1,1,1,1,0,0,0,0,1,Yes
16700000.0,,Jankalyan Nagar,2.0,0.0,0,1,,1,0,0,0,0,Yes,0,,0,0
27000000.0,1650.0,nan,3.0,,0,1,1,1,1,0,No,,0,0,,0,0
3000000.0,330.0,Kalwa,1.0,0.0,0,0,No,0,0,No,No,No,No,0,,0,0
27300000.0,1144.0,Bhandup West,3.0,0.0,1,1,1,0,1,1,1,1,,1,,,1
2799000.0,334.0,Thane West,1.0,0.0,1,1,,0,,1,Yes,1,1,,0,1,1
18000000.0,704.0,Goregaon West,2.0,1.0,0,1,No,0,0,1,0,1,0,0,0,No,
11000000.0,1300.0,Thane West,,0.0,1,1,0,0,0,1,,1,0,0,1,0,Yes
12500000.0,570.0,borivali West,1.0,0.0,,0,No,0,0,0,No,0,0,0,0,0,0
,790.0,Juhu,2.0,0.0,1,1,0,0,0,Yes,0,1,0,0,1,0,No
7800000.0,1050.0,nan,2.0,0.0,1,1,,0,0,0,0,Yes,No,,1,0,0
6800000.0,1080.0,Ulwe,2.0,0.0,0,1,1,0,1,0,No,0,0,0,0,0,
31500000.0,1010.0,Vikhroli,2.0,0.0,1,0,,0,0,0,1,0,1,,0,0,1
,800.0,Thane,2.0,0.0,1,Yes,1,1,Yes,0,Yes,0,0,0,0,0,0
107600000.0,2605.0,Parel,4.0,1.0,1,1,0,0,1,1,Yes,1,1,1,0,1,1
145000000.0,3800.0,Khar West,4.0,1.0,1,1,1,0,1,Yes,0,0,0,0,No,0,0
2200000.0,500.0,Vasai West,1.0,0.0,0,0,,0,0,0,No,,0,0,0,0,0
,650.0,nan,1.0,,0,Yes,0,0,0,0,No,0,0,,0,0,0
4200000.0,720.0,Ulwe,1.0,0.0,0,0,0,No,,0,0,0,0,,No,No,0
16000000.0,742.0,Malad West,2.0,1.0,1,Yes,0,0,,1,1,1,0,0,1,,Yes
11000000.0,600.0,borivali East,1.0,0.0,1,1,1,0,1,0,0,0,,0,1,1,0
14500000.0,900.0,Goregaon East,2.0,0.0,0,1,0,0,0,1,0,0,0,0,0,0,0
33000000.0,944.0,Andheri  West,3.0,1.0,1,No,0,No,1,0,,1,0,No,0,,0
,780.0,Kurla,2.0,1.0,1,0,1,No,0,1,0,0,,,0,0,No
6500000.0,974.0,Goregaon East,2.0,0.0,1,1,No,0,1,1,Yes,,1,0,0,,1
27500000.0,1650.0,Seawoods,2.0,0.0,,1,1,0,1,1,1,1,0,0,0,,1
5500000.0,620.0,nan,,0.0,,1,0,0,0,1,0,Yes,,0,0,No,No
16600000.0,,Thane West,,1.0,0,1,0,No,0,1,0,0,1,1,0,1,0
3300000.0,600.0,nan,1.0,1.0,,1,0,,0,1,0,,0,0,Yes,0,0
5800000.0,650.0,Kharghar,1.0,0.0,,1,0,No,0,0,0,0,No,,No,0,0
3100000.0,585.0,nan,,0.0,1,,,No,,1,,1,1,1,0,1,Yes
14000000.0,,borivali West,2.0,1.0,1,Yes,0,0,0,1,1,1,0,0,1,No,1
9000000.0,1060.0,Kharghar,2.0,0.0,Yes,,0,0,0,1,1,Yes,0,0,0,No,Yes
6300000.0,964.0,Kalyan West,2.0,0.0,0,1,0,0,0,,0,0,0,0,,0,0
21500000.0,1450.0,Andheri  East,3.0,1.0,1,1,1,,1,1,1,1,Yes,0,0,1,1
22500000.0,,borivali West,3.0,0.0,Yes,1,0,No,0,1,0,,0,0,0,0,Yes
8359999.0,930.0,Thane West,,1.0,1,1,0,,No,1,1,1,No,0,1,0,1
100000000.0,2040.0,Juhu,4.0,0.0,0,0,0,0,No,0,No,0,0,No,0,No,0
5300000.0,615.0,Mira Road East,1.0,0.0,0,1,0,0,0,1,0,0,0,0,1,0,0
4556000.0,729.0,Dombivali,1.0,1.0,1,,,0,No,1,1,0,0,0,0,0,1
12000000.0,1375.0,Kharghar,3.0,0.0,Yes,1,1,0,1,1,Yes,1,0,0,No,1,
13300000.0,,Kharghar,3.0,,1,1,1,0,1,1,1,0,,,0,Yes,Yes
4095000.0,710.0,Dombivali,1.0,1.0,Yes,1,0,0,0,,1,1,0,0,0,,1
80000000.0,2590.0,Andheri  West,5.0,0.0,0,1,,0,No,,No,1,0,0,0,0,0
,735.0,Kharghar,1.0,0.0,1,1,1,1,1,1,1,1,1,Yes,,Yes,
6900000.0,1400.0,Panvel,2.0,0.0,1,1,1,0,1,1,1,Yes,1,1,1,1,1
,1300.0,Kharghar,3.0,0.0,0,1,1,Yes,Yes,1,,1,,0,0,0,1
,1238.0,Ghatkopar West,,1.0,1,1,0,0,0,,1,1,0,0,0,0,No
3500000.0,433.0,nan,1.0,1.0,1,1,1,0,1,0,,Yes,1,0,0,Yes,1
9000000.0,1060.0,Kharghar,2.0,0.0,1,1,1,0,1,,1,1,1,Yes,0,1,1
12000000.0,700.0,Goregaon West,1.0,0.0,0,1,0,0,No,0,0,0,,0,Yes,0,0
7900000.0,538.0,Mira Road East,2.0,1.0,1,,,0,1,1,1,1,1,Yes,0,1,Yes
22500000.0,1189.0,borivali East,3.0,0.0,1,1,1,No,Yes,0,0,0,1,0,1,0,0
,1725.0,Kharghar,3.0,1.0,1,1,1,0,1,1,1,1,Yes,1,0,1,1
8800000.0,600.0,borivali West,1.0,0.0,0,1,,Yes,1,0,0,No,No,0,1,0,No
5000000.0,,Kharghar,1.0,0.0,No,1,,1,Yes,0,0,0,0,0,No,,0
5300000.0,1100.0,Taloja,2.0,0.0,0,1,1,1,1,No,0,,0,0,0,1,0
13600000.0,1140.0,Thane West,3.0,1.0,1,1,No,0,0,1,1,1,No,0,0,1,1
11200000.0,,nan,2.0,1.0,1,1,Yes,0,1,1,1,Yes,1,1,1,Yes,1
,585.0,Nala Sopara,1.0,0.0,,Yes,1,0,1,1,1,1,1,1,0,Yes,Yes
,990.0,Nala Sopara,2.0,0.0,0,1,0,0,0,1,0,0,0,0,0,0,0
8100000.0,1250.0,nan,2.0,0.0,1,0,1,1,Yes,,0,0,0,0,0,0,0
8900000.0,1480.0,Dombivali East,3.0,0.0,0,0,0,0,0,0,0,0,0,0,0,0,0
17000000.0,1100.0,Kandivali West,2.0,0.0,0,No,Yes,0,No,No,0,0,0,0,0,0,0
7000000.0,735.0,nan,1.0,0.0,0,0,1,1,1,0,0,0,0,0,0,0,0
4800000.0,660.0,Kharghar,1.0,,0,,1,0,,0,0,0,0,0,0,0,
54200000.0,,Andheri  West,3.0,1.0,1,1,,0,,Yes,1,0,0,1,0,,1
14500000.0,1020.0,kandivali,,1.0,1,1,,0,1,Yes,1,Yes,1,1,0,Yes,1
2767000.0,615.0,Virar,1.0,1.0,1,1,1,0,1,1,1,,0,Yes,0,Yes,1
6800000.0,1050.0,Mira Road East,2.0,1.0,1,1,0,No,0,1,1,1,0,0,1,No,
,1065.0,Ranjanpada,2.0,0.0,0,No,1,,1,0,0,0,No,0,0,No,0
8000000.0,500.0,Ghatkopar West,1.0,0.0,0,0,No,0,0,No,0,0,0,0,1,0,0
6000000.0,575.0,Thane West,1.0,1.0,0,0,1,0,1,0,0,0,0,0,Yes,No,0
9800000.0,,nan,2.0,0.0,0,,1,1,,No,0,0,0,0,0,No,
6500000.0,508.0,nan,1.0,0.0,1,,1,No,Yes,,1,,0,0,Yes,Yes,
21700000.0,954.0,Andheri  West,2.0,1.0,1,1,0,0,1,1,1,1,0,0,,No,1
9000000.0,650.0,Goregaon,1.0,1.0,,1,Yes,1,1,1,1,Yes,1,1,0,1,Yes
,1500.0,Kamothe,3.0,1.0,1,1,Yes,0,1,1,1,1,No,0,0,1,Yes
2150000.0,415.0,Nala Sopara,,0.0,1,1,Yes,0,1,1,Yes,Yes,1,0,0,1,0
6000000.0,350.0,Thane West,1.0,0.0,0,0,0,0,0,,0,0,0,0,0,,0
10500000.0,1356.0,Kharghar,3.0,0.0,1,1,1,Yes,1,0,,Yes,No,0,,1,1
,2200.0,Belapur,,0.0,Yes,Yes,0,0,0,1,1,1,0,0,0,No,1
9000000.0,1160.0,Kharghar,2.0,0.0,1,1,1,1,1,0,1,1,1,No,1,1,Yes
6048000.0,756.0,Mira Road East,,1.0,1,1,,,No,1,1,1,0,1,0,1,1
5000000.0,650.0,PARSIK NAGAR,1.0,0.0,0,1,1,1,1,0,0,0,0,0,0,0,0
,1000.0,Kandivali East,2.0,0.0,1,1,1,Yes,1,1,Yes,1,1,1,1,1,
2300000.0,450.0,Vasai east,1.0,0.0,0,0,0,0,0,,0,0,,0,No,0,No
6000000.0,620.0,Kalwa,1.0,0.0,1,1,1,1,,0,Yes,0,0,0,,No,
32500000.0,2000.0,Grant Road West,3.0,0.0,0,0,1,0,No,0,0,0,0,0,0,0,No
25500000.0,1750.0,Kandivali East,3.0,0.0,1,1,1,0,1,,1,1,0,0,0,1,1
18000000.0,900.0,Andheri  East,,1.0,1,1,0,0,No,0,0,Yes,0,,0,0,0
45000000.0,1250.0,nan,3.0,0.0,1,1,0,0,0,0,0,No,0,0,1,0,No
,400.0,Andheri  West,2.0,0.0,,1,1,1,1,0,0,No,1,0,No,No,0
43500000.0,2600.0,Malad East,,1.0,1,1,1,1,1,1,,1,1,1,0,1,Yes
14000000.0,1200.0,Sector 18 Kharghar,2.0,0.0,1,1,1,0,0,0,No,0,0,0,0,0,
,1025.0,Mira Road East,2.0,0.0,1,,1,0,1,1,1,0,0,0,0,1,1
7000000.0,1100.0,Kharghar,2.0,0.0,0,1,1,Yes,1,0,0,1,1,0,No,1,0
2000000.0,365.0,Nalasopara East,1.0,0.0,0,0,0,0,No,,0,0,0,0,No,0,0
30000000.0,1080.0,Juhu,2.0,0.0,,0,0,0,No,No,0,No,0,0,0,No,0
15200000.0,513.0,Wadala East,1.0,0.0,1,1,0,0,0,1,1,Yes,0,0,0,0,1
12000000.0,525.0,borivali West,1.0,0.0,0,Yes,,No,0,1,0,1,0,0,Yes,0,
,880.0,Kalyan West,2.0,0.0,0,1,0,0,No,1,,1,0,0,No,0,0
14600000.0,698.0,Chembur,2.0,1.0,1,Yes,,No,0,0,0,Yes,0,,,0,0
5300000.0,695.0,Kalyan West,1.0,0.0,1,1,0,0,No,1,,1,0,0,0,0,1
4200000.0,555.0,Kamothe,,0.0,1,1,1,1,1,1,No,0,1,0,0,,1
9400000.0,,Kamothe,3.0,1.0,1,1,1,0,Yes,1,1,Yes,0,0,No,1,1
22500000.0,,Sainath Nagar,3.0,0.0,No,0,Yes,Yes,0,0,0,,Yes,0,0,0,0
14000000.0,1100.0,Malad West,2.0,1.0,1,1,0,0,0,Yes,1,1,0,0,,0,1
18400000.0,1100.0,Goregaon West,1.0,1.0,1,1,0,No,0,1,1,1,0,0,1,0,1
5200000.0,650.0,Kharghar,1.0,0.0,0,1,0,0,0,0,0,0,0,0,0,0,No
13300000.0,599.0,Malad West,2.0,1.0,1,Yes,1,0,Yes,1,Yes,Yes,0,1,0,1,Yes
5900000.0,650.0,Mira Road East,1.0,0.0,No,1,Yes,1,1,1,,0,Yes,No,,No,1
5500000.0,670.0,Kharghar,1.0,0.0,1,1,1,1,1,0,1,1,1,,0,1,Yes
9000000.0,793.0,Dahisar East,2.0,1.0,,1,1,0,1,1,0,1,No,0,0,1,0
6500000.0,600.0,Thane West,1.0,1.0,1,,Yes,0,1,Yes,1,,,1,0,1,
6800000.0,1050.0,nan,2.0,,1,1,0,0,0,1,0,0,No,0,1,0,0
20000000.0,823.0,Malad West,2.0,0.0,0,Yes,0,0,0,1,0,Yes,No,0,1,0,No
4800000.0,687.0,Ulwe,1.0,0.0,0,0,0,No,0,,0,0,0,No,0,0,0
47900000.0,1043.0,Parel,3.0,1.0,1,1,0,0,1,1,1,1,1,Yes,0,Yes,1
9200000.0,620.0,Chembur,1.0,0.0,Yes,1,1,1,Yes,0,0,,0,0,No,,0
8330000.0,980.0,Mira Road East,2.0,1.0,0,Yes,1,0,0,1,1,1,1,0,0,0,1
9700000.0,1100.0,Mira Road East,2.0,0.0,,1,0,0,No,1,No,1,0,0,1,0,No
32500000.0,1502.0,Goregaon East,3.0,1.0,1,1,1,1,1,1,1,1,1,No,0,1,1
8000000.0,670.0,Malad East,1.0,1.0,Yes,Yes,1,0,,1,1,1,1,No,0,1,1
21400000.0,,nan,2.0,,1,1,Yes,,1,,1,1,1,1,0,1,1
9700000.0,506.0,Chembur,2.0,1.0,1,1,1,,0,No,0,1,0,0,0,0,0
,1620.0,Goregaon East,3.0,1.0,1,1,1,1,1,Yes,1,1,1,1,0,1,1
41000000.0,,Goregaon East,3.0,0.0,1,1,1,0,1,1,1,0,1,1,0,1,1
2900000.0,,Boisar,3.0,0.0,0,0,0,0,No,1,1,0,No,0,No,0,1
12500000.0,600.0,Powai ,1.0,0.0,1,1,0,No,0,1,Yes,1,0,No,,0,1
12000000.0,720.0,Malad East,1.0,0.0,1,,Yes,0,1,1,1,1,0,No,1,1,1
2400000.0,600.0,nan,1.0,0.0,0,1,No,,No,1,0,1,0,0,0,0,0
31300000.0,1740.0,Mulund West,3.0,1.0,1,1,1,0,1,1,1,No,1,1,0,Yes,1
16000000.0,900.0,Link Road,2.0,0.0,1,Yes,1,1,1,,0,1,0,0,1,No,0
32500000.0,1250.0,Wadala East Wadala,3.0,0.0,1,1,1,1,1,0,No,0,0,No,0,0,0
4100000.0,,Ulwe,1.0,1.0,0,1,0,0,0,No,0,0,0,0,No,0,0
2440000.0,585.0,Nala Sopara,1.0,0.0,0,1,,1,1,1,1,0,1,1,0,1,0
20000000.0,980.0,borivali West,1.0,0.0,1,1,0,,No,1,0,1,0,No,1,0,
2400000.0,575.0,Nala Sopara,,,1,1,Yes,0,1,1,0,No,1,0,,1,0
7500000.0,650.0,Shakti Nagar,2.0,0.0,0,1,1,,1,,0,0,0,0,0,No,0
2970000.0,660.0,Virar,1.0,1.0,1,1,,0,1,1,1,1,0,1,0,1,1
6500000.0,620.0,Thane West,,0.0,1,1,1,0,1,1,1,1,1,0,0,1,1
16900000.0,888.0,Kandivali West,2.0,0.0,1,1,0,0,No,0,0,1,No,0,0,No,0
25800000.0,1400.0,Goregaon West,2.0,1.0,Yes,1,1,1,Yes,1,1,1,1,1,0,1,1
8628000.0,654.0,Panvel,2.0,1.0,1,1,,0,Yes,1,1,1,,1,0,1,Yes
32900000.0,1250.0,Andheri  West,2.0,1.0,1,1,No,No,1,1,1,0,1,1,,0,1
8016000.0,809.0,Dombivali,2.0,1.0,1,1,1,0,1,1,1,Yes,1,1,0,1,1
15200000.0,,Kharghar,,,1,Yes,,0,0,1,1,Yes,0,0,1,0,Yes
2500000.0,,Kandivali East,,,0,0,0,0,0,0,0,0,0,0,0,,0
2399000.0,620.0,Badlapur West,1.0,1.0,0,1,1,0,Yes,No,0,0,0,0,1,0,0
6000000.0,915.0,Vasai,2.0,0.0,0,1,0,0,0,Yes,,0,0,0,0,0,0
5500000.0,525.0,Shil Phata,2.0,1.0,0,0,0,0,0,0,0,0,0,0,0,0,No
6000000.0,982.0,Kalyan West,2.0,0.0,1,1,0,0,1,1,1,,Yes,0,0,,1
2574000.0,615.0,Titwala,,1.0,0,Yes,0,0,0,1,0,1,0,0,0,0,No
4800000.0,,Kalyan West,2.0,0.0,,Yes,1,0,1,1,1,1,1,1,0,1,1
9200000.0,594.0,Malad East,,,1,1,1,,1,0,,No,0,0,0,1,1
8750000.0,540.0,borivali West,1.0,0.0,0,No,0,0,0,No,,,0,No,0,0,0
22000000.0,1770.0,Kharghar,3.0,0.0,1,1,1,1,Yes,1,1,,1,0,1,1,1
33000000.0,1200.0,Ville Parle East,2.0,0.0,No,1,0,0,0,0,0,0,0,0,Yes,0,0
16700000.0,770.0,borivali West,2.0,1.0,1,,1,0,1,Yes,0,Yes,0,0,0,1,1
,840.0,Kandivali West,2.0,0.0,0,No,No,0,0,0,0,0,0,0,0,0,0
5800000.0,868.0,nan,,0.0,1,1,Yes,0,1,0,1,0,0,0,0,1,1
2350000.0,,Nala Sopara,1.0,1.0,No,1,0,0,0,1,0,0,0,0,0,0,No
4100000.0,530.0,Mira Road East,1.0,0.0,0,0,0,0,0,Yes,0,0,0,,1,0,0
69900000.0,2005.0,Wadala,,1.0,1,1,1,1,1,1,,1,1,1,0,1,Yes
8000000.0,1000.0,Sector 20 Kharghar,2.0,0.0,0,0,1,1,1,,0,No,0,No,0,0,0
12800000.0,1100.0,Sainath Nagar,2.0,0.0,0,,,1,0,0,,0,1,,0,0,0
31500000.0,,Powai ,,0.0,Yes,1,1,0,1,1,1,1,0,0,1,1,1
16000000.0,1053.0,Ghatkopar West,2.0,0.0,1,1,1,0,1,1,1,1,0,1,0,1,1
6000000.0,750.0,Thane West,1.0,0.0,1,1,0,No,0,1,1,1,,No,0,0,No
10000000.0,1325.0,Kharghar,2.0,1.0,1,1,1,0,1,Yes,1,1,1,1,0,1,1
6500000.0,380.0,borivali West,1.0,0.0,0,0,0,0,0,0,0,0,0,0,0,0,No
2898000.0,966.0,Karjat,2.0,0.0,0,1,0,0,No,0,0,0,0,0,0,No,0
,1055.0,Sector 19 Kharghar,2.0,0.0,1,1,1,1,1,0,,0,0,0,0,0,0
7100000.0,950.0,Greater Khanda,2.0,0.0,,0,0,0,0,0,,0,0,0,0,,0
60100000.0,3585.0,Goregaon West,4.0,1.0,1,,1,1,1,0,1,1,Yes,1,,1,1
,1250.0,Ulwe,2.0,0.0,1,0,1,1,1,0,No,0,0,0,0,0,Yes
2200000.0,,Nala Sopara,1.0,,0,1,No,0,0,Yes,0,0,1,0,0,0,0
2882000.0,415.0,Panvel,1.0,1.0,,0,No,0,0,0,0,0,No,0,0,0,0
4100000.0,650.0,Kalyan West,1.0,0.0,1,No,0,0,Yes,1,1,0,Yes,0,0,,Yes
24500000.0,2200.0,Sector 30 Kharghar,4.0,0.0,,1,1,1,Yes,0,0,0,0,0,0,No,No
6400000.0,1150.0,Taloja,2.0,1.0,Yes,1,No,0,0,0,0,No,0,0,0,0,No
7000000.0,950.0,Kharghar,2.0,0.0,0,0,0,No,0,0,0,0,0,0,0,0,0
9600000.0,580.0,borivali West,1.0,0.0,0,,,,0,0,0,No,0,No,0,0,0
26500000.0,1500.0,Kandivali West,3.0,0.0,Yes,1,1,0,Yes,1,1,0,,1,0,1,1
4200000.0,646.0,Kharghar,1.0,0.0,0,1,1,1,Yes,0,0,0,0,0,0,0,No
30400000.0,957.0,Chembur,3.0,1.0,1,1,0,0,,Yes,Yes,1,0,0,0,No,1
19000000.0,1140.0,borivali West,3.0,,0,,0,0,0,1,0,1,0,0,1,0,No
2400000.0,625.0,Dronagiri,1.0,1.0,No,1,1,1,1,1,0,0,Yes,0,1,1,0
22000000.0,1100.0,Malad West,2.0,0.0,1,1,1,0,1,,1,1,0,0,Yes,,Yes
6500000.0,800.0,Kharghar,2.0,0.0,1,1,1,Yes,1,,1,0,0,0,0,0,0
7600000.0,960.0,Mira Road East,,1.0,1,,1,0,0,1,Yes,1,1,0,1,0,No
12000000.0,1400.0,Kharghar,,0.0,No,0,0,No,0,0,0,0,0,0,0,0,0
,650.0,Mira Road East,1.0,,0,1,0,0,1,0,0,0,,0,0,,0
16100000.0,1222.0,Panvel,3.0,1.0,Yes,1,1,1,1,Yes,1,1,1,1,0,1,1
10000000.0,1075.0,Kharghar,,0.0,1,1,1,Yes,1,Yes,,1,1,1,0,1,Yes
9600000.0,,borivali West,1.0,0.0,1,1,0,0,0,1,No,0,No,0,1,0,0
7500000.0,650.0,Thane West,1.0,0.0,Yes,1,0,0,0,1,1,1,No,0,1,0,1
42600000.0,894.0,Andheri  West,2.0,1.0,1,1,1,,1,1,1,No,0,1,0,1,1
4200000.0,650.0,nan,1.0,0.0,1,1,1,1,1,1,1,1,Yes,0,0,1,1
21100000.0,1050.0,Chembur,2.0,0.0,,1,No,0,0,,0,0,No,0,0,0,0
2899000.0,450.0,Ulwe,1.0,0.0,0,1,0,0,0,0,0,,0,0,,0,0
11299999.0,744.0,Kandivali East,,1.0,1,1,1,0,1,1,Yes,1,1,,,1,1
7798999.0,700.0,nan,1.0,0.0,No,1,0,0,No,0,0,0,0,0,,0,0
6000000.0,765.0,Kharghar,1.0,0.0,1,1,1,1,1,1,Yes,1,1,0,0,,1
13500000.0,850.0,Dahisar,2.0,0.0,No,1,,No,0,0,0,,0,0,1,0,0
4500000.0,650.0,Vasai,2.0,0.0,0,0,1,0,1,1,0,,1,0,0,0,0
4100000.0,1380.0,Boisar,3.0,0.0,0,0,0,0,0,0,0,0,0,No,0,0,0
13500000.0,1385.0,nan,3.0,1.0,Yes,1,1,0,0,,Yes,,0,No,1,0,1
8000000.0,1300.0,Panvel,3.0,0.0,1,0,1,No,0,1,1,0,No,0,No,1,No
8900000.0,1017.0,nan,2.0,1.0,1,1,0,0,0,1,1,1,0,0,Yes,0,0
,780.0,Dahisar East,2.0,0.0,0,0,0,0,0,0,0,No,0,0,0,0,0
30000000.0,,Andheri ,,0.0,0,Yes,1,1,1,0,Yes,0,1,0,No,No,0
6800000.0,875.0,Mira Road East,2.0,1.0,Yes,1,1,No,1,1,0,0,1,0,0,1,1
,1296.0,nan,3.0,0.0,1,1,0,No,0,1,0,No,No,0,1,No,0
3600000.0,600.0,Nala Sopara,1.0,,1,1,1,0,1,Yes,0,,Yes,1,0,1,1
,820.0,Boisar,2.0,1.0,0,0,0,0,0,0,No,0,0,0,0,0,0
5200000.0,650.0,Ulwe,1.0,,0,1,0,0,0,No,0,0,No,0,0,0,0
3200000.0,600.0,Kalyan West,1.0,0.0,1,1,0,0,,1,1,0,,0,0,1,Yes
20099999.0,,Mulund West,2.0,1.0,1,1,1,0,Yes,1,1,Yes,1,1,0,1,1
15000000.0,630.0,nan,1.0,,Yes,1,0,No,0,1,1,1,1,0,1,No,1
10000000.0,850.0,Thane West,2.0,0.0,0,0,0,0,0,0,0,0,0,0,0,0,0
10000000.0,552.0,borivali East,1.0,1.0,1,,1,0,1,,0,No,1,0,1,0,No
5600000.0,1080.0,Bhiwandi,2.0,0.0,1,1,1,0,Yes,1,Yes,1,1,1,1,1,
11100000.0,1117.0,Sector 20 Kharghar,2.0,0.0,0,0,1,1,1,0,0,0,No,0,No,,0
17000000.0,1050.0,Magathane,2.0,0.0,0,1,1,Yes,,,No,0,0,0,0,0,0
26000000.0,1850.0,Malad East,3.0,1.0,1,1,No,0,1,1,1,0,1,1,1,1,1
21000000.0,1050.0,Andheri  East,2.0,0.0,,1,Yes,0,1,1,1,No,1,1,0,1,
4600000.0,670.0,nan,2.0,0.0,1,0,0,No,0,No,1,0,No,0,0,0,0
7500000.0,1050.0,Airoli,1.0,0.0,0,1,0,0,1,1,1,0,1,1,Yes,1,No
33400000.0,2950.0,Ulwe,4.0,1.0,1,Yes,0,0,0,1,1,1,0,0,0,0,1
7500000.0,985.0,Bhiwandi,2.0,1.0,1,1,,1,1,1,1,Yes,1,1,No,1,1
9000000.0,1260.0,Sector12 New Panvel,2.0,0.0,1,1,1,1,1,0,0,No,0,0,0,0,0
4151000.0,650.0,Ulwe,1.0,0.0,0,1,0,0,0,0,No,0,0,0,0,0,0
32700000.0,1763.0,nan,,1.0,1,1,Yes,0,,Yes,Yes,,1,1,,1,1
,1289.0,Goregaon West,3.0,1.0,1,Yes,0,,0,,1,1,0,0,1,0,1
28500000.0,1700.0,borivali East,3.0,0.0,1,1,0,0,1,1,0,1,0,1,No,1,1
5100000.0,400.0,borivali West,1.0,0.0,0,0,0,0,0,0,0,0,0,0,No,0,0
3000000.0,950.0,Thane,2.0,0.0,,Yes,1,1,1,0,,,No,0,0,0,0
9400000.0,1245.0,Kamothe Sector 16,2.0,,1,,1,1,1,,0,No,0,0,No,0,No
,650.0,Kharghar,1.0,0.0,0,0,1,1,1,0,No,,0,No,,No,0
8500000.0,950.0,Mira Road East,2.0,0.0,0,Yes,0,,No,1,0,1,0,0,No,0,No
2950000.0,580.0,Nala Sopara,,0.0,1,1,No,No,1,1,0,Yes,1,0,,0,
4800000.0,653.0,Kamothe,1.0,0.0,,0,1,1,1,,1,0,0,0,0,No,No
15200000.0,1170.0,Malad West,2.0,0.0,Yes,Yes,1,0,1,1,1,1,1,0,0,1,1
19500000.0,1250.0,Dattapada,3.0,0.0,0,1,Yes,1,Yes,0,0,No,,0,0,0,0
9000000.0,650.0,Bhandup West,1.0,0.0,No,1,0,0,0,1,0,1,0,0,1,0,0
2650000.0,590.0,Nala Sopara,1.0,0.0,1,1,1,,1,1,1,0,1,No,0,1,1
5637000.0,650.0,Mira Road East,1.0,1.0,0,1,0,0,0,No,0,0,0,0,1,0,0
5000000.0,650.0,Ulwe,1.0,0.0,0,0,No,No,0,0,0,0,0,0,0,No,
47500000.0,1906.0,Malad East,4.0,1.0,1,,0,0,1,1,1,1,1,1,0,1,1
3100000.0,450.0,Dombivali East,1.0,0.0,0,,0,0,0,No,0,No,,0,0,No,
,970.0,nan,2.0,0.0,1,Yes,,0,1,1,1,1,,0,1,1,1
3700000.0,550.0,Dombivali East,1.0,0.0,1,1,1,1,1,0,0,0,0,No,0,0,0
2500000.0,,Virar East,1.0,0.0,0,,0,0,0,No,0,0,0,,0,0,No
,685.0,nan,1.0,1.0,0,1,0,0,0,1,0,1,0,0,No,No,0
5500000.0,636.0,Kharghar,1.0,0.0,1,Yes,1,1,1,1,1,1,1,0,0,1,1
65000000.0,1600.0,Andheri  West,4.0,0.0,1,1,1,0,1,0,0,0,1,0,1,0,No
22000000.0,1600.0,Thane West,3.0,0.0,0,1,,0,0,0,0,1,0,0,1,0,0
19200000.0,,Seawoods,1.0,0.0,1,1,1,1,1,1,1,1,1,0,0,1,1
15200000.0,1050.0,Kandivali West,2.0,1.0,1,1,1,0,1,1,1,1,1,1,No,1,0
25000000.0,1600.0,Goregaon West,3.0,1.0,Yes,Yes,0,0,0,,1,,0,0,1,0,1
14500000.0,900.0,Kandivali East,2.0,1.0,1,1,1,1,1,1,1,0,0,0,,0,1
25500000.0,,Malad East,,1.0,1,Yes,1,,1,1,Yes,1,1,0,Yes,1,1
4700000.0,670.0,Vasai,2.0,0.0,0,0,1,0,0,1,0,1,1,0,0,No,0
17500000.0,1065.0,Andheri  East,2.0,1.0,1,1,No,0,0,1,1,1,1,0,1,0,1
8500000.0,1000.0,Ulwe,2.0,,1,1,0,No,0,0,1,1,Yes,1,0,,0
4500000.0,689.0,nan,1.0,0.0,1,0,1,1,1,0,0,0,0,0,0,0,1
4800000.0,600.0,Sector 36 Kamothe,1.0,0.0,0,Yes,1,1,0,0,0,0,1,No,0,0,0
9499000.0,1100.0,kavesar,2.0,0.0,0,1,1,1,1,0,0,No,0,0,No,0,0
18000000.0,850.0,Wadala,2.0,1.0,No,,0,0,No,0,0,1,No,No,0,0,0
9199000.0,600.0,Sanpada,1.0,0.0,1,1,1,1,Yes,1,Yes,1,1,1,0,,1
24600000.0,1072.0,Mulund West,3.0,1.0,0,0,0,0,,,0,0,0,0,0,0,0
2350000.0,820.0,Boisar,2.0,0.0,0,No,0,0,,1,1,0,1,No,0,1,No
4099000.0,650.0,Ulwe,1.0,0.0,No,1,0,0,0,,0,0,0,0,0,0,0
9900000.0,1025.0,Sector-34B Kharghar,2.0,0.0,No,No,1,1,1,0,0,No,0,0,0,0,0
31200000.0,838.0,Bandra East,2.0,1.0,1,1,0,0,1,0,1,0,0,1,0,,Yes
9500000.0,1200.0,Panvel,2.0,1.0,1,1,1,0,0,1,1,1,1,No,0,1,1
,550.0,Mahalaxmi,,0.0,0,Yes,0,,0,0,0,0,0,,,0,0
5800000.0,472.0,Thane West,1.0,,1,1,1,0,1,1,1,1,0,1,No,1,1
8000000.0,340.0,Goregaon,1.0,0.0,,Yes,1,1,1,0,,0,0,0,0,0,0
2400000.0,565.0,Naigaon East,,1.0,0,1,1,0,1,0,No,Yes,1,0,0,Yes,0
8500000.0,1080.0,Kharghar,2.0,0.0,0,1,0,0,0,0,0,0,0,0,0,0,0
3185000.0,490.0,nan,1.0,1.0,1,1,1,0,1,,1,1,1,1,0,1,1
11000000.0,350.0,Jogeshwari East,1.0,1.0,,0,1,0,1,0,0,0,0,0,0,0,0
10500000.0,1540.0,nan,3.0,1.0,0,Yes,0,0,0,0,Yes,1,0,,0,0,1
2565000.0,675.0,Badlapur East,1.0,1.0,0,,1,Yes,,1,1,1,1,1,0,0,No
14500000.0,1100.0,Nerul,2.0,0.0,0,0,0,No,No,0,0,No,0,0,No,,0
12700000.0,1385.0,Kharghar,3.0,0.0,,0,0,0,0,0,0,No,0,No,No,0,0
71500000.0,,nan,4.0,1.0,1,1,0,0,1,,1,1,1,1,0,0,Yes
8200000.0,1015.0,nan,2.0,0.0,No,1,Yes,Yes,Yes,0,0,1,1,0,,No,0
25500000.0,1200.0,Chembur,2.0,0.0,0,1,0,0,0,0,0,1,0,0,1,0,No
,340.0,Kandivali West,1.0,0.0,0,0,,0,0,0,0,0,0,0,0,0,0
18500000.0,1100.0,Santacruz East,2.0,0.0,0,1,0,0,0,No,0,0,0,0,Yes,0,No
9500000.0,585.0,Chembur,1.0,0.0,1,1,Yes,1,1,0,,No,No,0,0,0,0
38500000.0,985.0,nan,3.0,0.0,0,Yes,0,0,0,0,No,0,0,0,No,No,0
3675000.0,610.0,Ulwe,1.0,0.0,0,0,0,,0,0,0,0,No,0,0,0,0
21000000.0,1129.0,Kandivali West,2.0,0.0,Yes,1,1,,1,Yes,1,0,Yes,1,1,1,1
7800000.0,534.0,Mira Road East,2.0,1.0,1,,1,0,1,1,Yes,1,1,1,0,1,1
6000000.0,555.0,Kharghar,1.0,0.0,,1,1,1,Yes,0,0,1,1,0,0,0,0
5300000.0,1120.0,Dronagiri,2.0,1.0,Yes,1,,1,1,,No,0,1,0,1,1,1
18500000.0,1350.0,Magathane,3.0,0.0,,1,1,1,1,0,0,0,0,0,0,,0
25400000.0,735.0,Powai ,2.0,1.0,1,1,1,0,,1,1,Yes,1,Yes,0,1,1
9500000.0,1050.0,Thane West,2.0,0.0,1,1,,0,0,1,1,1,1,0,1,0,Yes
27500000.0,3000.0,Sector-3 Ulwe,4.0,0.0,1,1,1,,Yes,1,1,1,1,Yes,0,1,1
6000000.0,350.0,Mulund East,1.0,0.0,0,No,0,0,No,0,0,0,0,No,1,0,0
3200000.0,285.0,Vasai east,1.0,0.0,,0,1,No,1,0,0,0,0,0,0,0,0
13100000.0,1140.0,Thane West,2.0,1.0,0,0,0,,No,0,No,0,0,No,0,0,0
9500000.0,515.0,Kandivali East,1.0,0.0,1,,0,0,0,1,Yes,1,No,No,1,No,0
7000000.0,650.0,Koper Khairane,1.0,0.0,,0,0,0,0,0,0,0,0,No,0,0,0
13500000.0,900.0,Malad West,2.0,1.0,1,1,0,1,,Yes,0,1,Yes,0,No,1,1
3500000.0,710.0,Taloja,1.0,0.0,0,0,1,1,1,0,0,No,0,0,0,0,0
10000000.0,1463.0,nan,2.0,0.0,0,,1,Yes,1,0,0,0,0,0,0,0,0
2600000.0,545.0,Nala Sopara,1.0,0.0,1,Yes,1,0,1,1,0,0,1,0,No,1,1
18000000.0,1100.0,Goregaon West,1.0,1.0,1,1,No,0,0,,1,1,0,,1,0,1
2750000.0,,Badlapur East,1.0,1.0,1,Yes,0,No,0,,1,1,1,1,,1,1
7500000.0,,Majiwada,,0.0,0,,,1,1,0,0,0,0,0,0,0,0
11100000.0,1135.0,Thane West,2.0,1.0,1,1,1,0,Yes,1,1,No,1,0,0,1,1
18000000.0,1350.0,Rajendra Nagar,3.0,0.0,0,1,1,1,1,0,0,0,0,0,0,No,0
11500000.0,1260.0,Ulwe,2.0,1.0,1,,1,1,1,1,1,1,1,0,Yes,1,
21500000.0,1645.0,Sanpada,3.0,0.0,1,1,1,,Yes,Yes,No,0,1,0,,1,0
5000000.0,690.0,Sector12 Kamothe,1.0,0.0,0,Yes,1,1,,No,0,0,0,0,0,0,
3425000.0,845.0,Titwala,2.0,1.0,,1,0,0,0,1,0,1,0,0,0,0,0
14500000.0,950.0,Kandivali West,2.0,1.0,,1,0,0,0,1,1,1,0,0,,0,0
35000000.0,800.0,nan,2.0,0.0,0,No,,0,1,1,0,1,0,0,1,No,1
27500000.0,916.0,nan,2.0,0.0,1,1,1,1,1,1,1,Yes,No,Yes,Yes,1,1
8500000.0,1000.0,Kharghar,2.0,0.0,1,,1,0,1,No,No,0,1,0,0,1,Yes
51500000.0,2095.0,Kandivali East,5.0,1.0,1,1,1,0,Yes,1,1,1,0,Yes,,1,1
25000000.0,1160.0,borivali West,3.0,0.0,,0,0,0,0,0,0,,0,0,0,0,0
5500000.0,510.0,Bhandup West,1.0,1.0,0,1,0,0,1,0,No,0,0,0,0,No,0
8300000.0,725.0,nan,1.0,1.0,1,Yes,,0,1,1,1,1,1,0,Yes,0,Yes
5000000.0,680.0,Ulwe,1.0,1.0,1,1,0,0,0,0,1,1,No,0,0,0,1
8500000.0,611.0,Hiranandani Estates,2.0,1.0,1,1,0,0,0,1,1,1,,0,1,,1
6000000.0,1000.0,Dombivali,2.0,,1,1,,0,0,1,1,1,0,0,1,0,1
4800000.0,700.0,Mira Road East,1.0,0.0,1,,,0,1,1,1,1,1,0,No,,1
25600000.0,1487.0,Goregaon West,3.0,1.0,1,1,Yes,1,1,1,Yes,,Yes,0,0,1,Yes
9000000.0,1060.0,Kharghar,2.0,0.0,,1,Yes,1,1,0,Yes,1,1,0,0,1,1
5500000.0,,Bhiwandi,2.0,0.0,1,1,1,No,1,1,1,1,1,1,1,1,Yes
13000000.0,550.0,Four Bunglows,1.0,0.0,,0,1,0,1,No,0,0,0,0,0,0,0
3000000.0,275.0,Thane,1.0,0.0,1,1,1,Yes,1,0,1,No,,0,0,0,0
,1177.0,Parel,3.0,0.0,1,1,Yes,0,1,Yes,1,1,,1,1,1,1
16000000.0,1250.0,borivali East,2.0,0.0,1,1,1,1,1,1,1,1,Yes,1,0,1,1
10800000.0,1209.0,Majiwada,2.0,0.0,0,1,1,1,Yes,0,0,0,0,0,0,No,0
23300000.0,1250.0,Powai ,2.0,1.0,1,1,Yes,0,1,1,1,1,1,1,1,,1
39000000.0,1600.0,Malad West,3.0,0.0,1,1,0,No,0,1,1,1,1,0,No,,1
4900000.0,900.0,Panvel,2.0,0.0,,1,Yes,0,,1,1,1,1,1,0,1,1
2300000.0,585.0,Nala Sopara,1.0,0.0,0,1,0,0,0,Yes,0,0,0,0,0,0,0
4260000.0,695.0,nan,1.0,1.0,No,1,0,0,0,0,0,No,0,0,0,,0
14500000.0,1360.0,Kharghar,2.0,0.0,1,1,1,0,1,1,Yes,0,0,0,,1,1
11500000.0,650.0,Govandi,1.0,0.0,Yes,1,1,1,1,0,No,0,No,0,,0,0
7650000.0,1020.0,Mira Road East,2.0,0.0,0,1,0,,0,No,0,1,0,,1,No,0
22200000.0,926.0,Andheri  West,2.0,1.0,1,1,0,0,0,1,0,1,0,0,1,0,0
14000000.0,1653.0,Ulwe,3.0,1.0,1,1,1,Yes,1,,1,1,,0,1,,1
6900000.0,446.0,borivali West,1.0,0.0,0,1,No,0,0,1,0,Yes,,No,0,,0
4550000.0,860.0,Vijay Nagar,,1.0,0,Yes,0,No,0,0,0,0,0,,0,0,0
27000000.0,872.0,Juhu,1.0,1.0,,,Yes,1,1,Yes,1,1,1,1,Yes,Yes,1
20000000.0,1600.0,Malad East,3.0,,1,1,1,No,Yes,1,1,,1,1,1,1,1
11500000.0,441.0,Jawahar Nagar,2.0,0.0,0,1,1,1,,0,No,0,0,,0,0,No
8800000.0,980.0,Malad West,1.0,0.0,,1,1,0,1,1,1,1,1,0,,0,Yes
2900000.0,590.0,Nala Sopara,1.0,,0,1,0,0,0,,0,0,0,0,No,0,0
10000000.0,750.0,nan,2.0,1.0,0,0,0,0,No,0,No,0,No,0,0,No,0
9000000.0,,Thane West,2.0,,Yes,Yes,1,0,1,1,1,1,Yes,No,Yes,Yes,0
,703.0,Thane West,2.0,1.0,1,1,,0,1,0,Yes,0,1,0,0,Yes,0
42000000.0,1800.0,borivali West,3.0,,,1,0,0,0,1,0,1,No,0,1,0,0
35000000.0,1405.0,Goregaon (East),3.0,,Yes,1,,,0,No,0,0,1,0,0,0,0
13000000.0,760.0,borivali West,2.0,0.0,0,0,No,0,0,Yes,0,No,0,0,1,0,
3200000.0,600.0,Kalyan West,1.0,0.0,1,Yes,0,0,1,1,0,0,1,0,No,Yes,1
65000000.0,1500.0,Gulmohar Road,3.0,0.0,Yes,Yes,Yes,0,1,0,No,0,1,No,0,0,0
55000000.0,1225.0,Shiv Sagar Estate,3.0,0.0,0,1,1,1,0,0,,0,,0,,0,0
7500000.0,435.0,borivali West,,0.0,0,0,0,0,0,1,0,0,0,0,,0,0
16800000.0,,Powai ,2.0,0.0,1,1,1,0,1,1,1,Yes,1,No,1,1,
11000000.0,550.0,Mulund East,1.0,0.0,0,1,0,0,0,,0,1,0,0,1,,0
12100000.0,1150.0,Dahisar,2.0,1.0,1,Yes,1,0,1,1,0,1,0,0,0,Yes,1
4300000.0,950.0,Taloja,2.0,0.0,0,0,1,1,1,0,0,0,0,No,0,,0
27500000.0,1600.0,Malad East,3.0,,Yes,1,1,0,Yes,1,Yes,1,1,1,0,1,1
5900000.0,585.0,Majiwada,1.0,0.0,0,1,1,1,1,No,,0,,0,0,0,0
,989.0,nan,,0.0,1,1,1,1,1,1,,Yes,1,0,0,1,Yes
,1735.0,Central Avenue,3.0,0.0,0,1,1,Yes,1,0,0,0,0,0,0,0,0
,1140.0,Ulwe,2.0,0.0,0,0,0,0,0,0,0,0,0,No,0,0,
10500000.0,911.0,Kharghar,,0.0,0,0,1,1,1,0,0,0,0,No,0,0,0
7998000.0,990.0,Vartak Nagar,2.0,0.0,0,1,1,1,1,0,,No,0,0,0,0,0
4200000.0,455.0,Dombivali,,1.0,0,No,0,,0,0,0,0,0,0,0,0,0
72500000.0,3700.0, WORLI,3.0,0.0,1,1,1,1,1,1,1,Yes,1,1,1,1,1
9000000.0,550.0,Mulund East,1.0,1.0,0,0,0,0,No,0,0,0,0,0,0,0,No
3100000.0,,Ambernath East,1.0,1.0,Yes,1,1,0,Yes,1,1,Yes,Yes,0,0,1,0
26800000.0,1324.0,Thane West,3.0,1.0,Yes,Yes,1,0,,0,1,0,0,1,0,No,1
34100000.0,1500.0,Diamond Market Road,3.0,0.0,1,1,1,Yes,Yes,0,0,0,0,0,0,0,0
2320000.0,570.0,Taloja,1.0,1.0,1,Yes,0,0,,1,1,1,0,1,1,0,1
15000000.0,1760.0,Kharghar,3.0,0.0,1,,1,,1,1,1,0,0,0,0,Yes,Yes
9500000.0,981.0,Mira Road East,2.0,1.0,1,1,0,0,0,1,1,1,0,0,Yes,0,1
6400000.0,925.0,Sector 10,2.0,0.0,,1,1,1,1,No,,0,0,0,0,0,0
3300000.0,660.0,Nalasopara East,1.0,0.0,0,1,0,0,0,Yes,0,0,No,No,0,0,0
11500000.0,1330.0,Kalamboli,2.0,0.0,1,1,1,1,1,1,,,1,No,0,0,1
6000000.0,690.0,Ulwe,1.0,0.0,,1,0,1,Yes,0,0,0,0,0,0,0,1
2565000.0,620.0,Nala Sopara,1.0,0.0,0,1,No,0,0,1,,0,0,No,0,0,0
3000000.0,550.0,Ulwe,1.0,0.0,0,1,,No,0,,0,0,0,0,1,0,0
11399999.0,650.0,Powai ,1.0,0.0,1,1,0,0,,1,Yes,1,1,0,1,0,1
14500000.0,1250.0,Thane West,3.0,0.0,1,1,1,0,1,1,1,No,1,,0,,1
19000000.0,750.0,borivali West,2.0,0.0,0,,0,0,0,No,0,0,0,0,,0,0
35000000.0,,Seawoods,3.0,0.0,Yes,1,1,0,,1,1,Yes,No,0,1,1,1
21000000.0,1425.0,Seawoods,2.0,0.0,1,1,1,1,1,1,1,1,1,0,0,No,1
6663000.0,398.0,Mira Road East,1.0,,1,Yes,Yes,0,1,0,1,0,,0,0,1,1
48000000.0,1296.0,Vasai,2.0,,1,1,1,1,1,1,1,1,1,,1,0,1
16500000.0,860.0,Kandivali East,2.0,1.0,1,,1,1,1,1,1,1,1,1,0,1,1
7600000.0,950.0,Dombivali East,3.0,0.0,1,1,1,Yes,1,0,No,0,0,0,0,0,No
12500000.0,745.0,Kandivali East,2.0,0.0,1,1,1,Yes,Yes,1,1,Yes,1,0,Yes,1,1
4800000.0,600.0,Kamothe,1.0,0.0,No,0,,1,1,0,0,0,0,0,0,0,
8500000.0,810.0,nan,2.0,0.0,1,1,1,0,1,0,1,0,0,0,0,1,1
8500000.0,600.0,Mulund East,1.0,0.0,0,1,0,0,0,1,0,0,0,0,0,0,0
5800000.0,770.0,Mira Road and Beyond,1.0,0.0,1,1,1,1,1,0,No,No,0,0,0,0,0
26500000.0,1050.0,Powai ,2.0,0.0,1,1,Yes,1,1,0,1,1,1,0,0,1,1
9500000.0,1120.0,Kharghar,,0.0,1,1,0,,No,1,0,1,0,0,0,0,0
4500000.0,910.0,Virar West,2.0,1.0,0,0,0,0,0,0,0,0,0,0,0,No,0
2300000.0,560.0,Nala Sopara,1.0,1.0,No,No,0,0,No,0,0,0,0,0,No,0,0
13000000.0,685.0,Kandivali West,2.0,0.0,0,1,No,0,0,1,No,Yes,No,0,Yes,0,
65000000.0,2250.0,Vile Parle E,4.0,1.0,Yes,1,Yes,0,,1,0,No,0,No,0,0,1
13500000.0,800.0,borivali West,2.0,0.0,No,Yes,0,0,0,1,0,0,0,0,1,0,0
2700000.0,570.0,Panvel,1.0,1.0,0,1,1,0,1,0,0,0,0,0,0,0,
3151000.0,372.0,Virar,1.0,1.0,0,0,No,0,0,,1,0,1,1,0,1,1
,1650.0,nan,3.0,0.0,1,,0,No,Yes,1,1,1,0,,0,1,1
6998999.0,764.0,Virar,3.0,1.0,0,0,0,No,0,0,1,0,1,1,0,1,Yes
,1687.0,Kharghar,3.0,0.0,Yes,Yes,Yes,1,1,1,Yes,0,1,1,1,1,1
17500000.0,950.0,Dattapada,,0.0,0,1,1,1,1,No,,,0,0,0,,
9500000.0,1005.0,Chembur East,,,Yes,1,1,,1,,1,Yes,1,1,0,1,
21500000.0,,nan,2.0,0.0,0,1,1,,1,0,0,No,,0,0,0,0
4200000.0,675.0,Kharghar,1.0,0.0,0,1,0,0,0,0,0,0,0,0,0,0,
3700000.0,425.0,Kharegaon,1.0,0.0,0,Yes,1,,1,No,0,0,No,No,0,0,0
2116000.0,630.0,mumbai,1.0,,1,,1,1,1,No,1,0,0,0,0,,0
,680.0,borivali West,2.0,1.0,1,1,0,,0,1,,1,0,0,1,No,0
10000000.0,,Dahisar West,1.0,0.0,0,0,0,No,No,0,0,0,0,0,0,0,0
8500000.0,,Mira Road East,,0.0,1,1,1,0,1,1,1,,0,0,,,1
2011000.0,597.0,mumbai,,0.0,1,1,1,1,Yes,0,1,0,,0,0,0,0
,,Kamothe,2.0,0.0,1,Yes,Yes,0,1,1,1,1,1,0,0,1,1
80000000.0,2453.0,Hanuman Chowk,4.0,0.0,0,0,0,0,0,0,0,0,0,0,0,0,No
5600000.0,560.0,Mira Road East,1.0,0.0,0,0,0,0,0,Yes,1,1,0,0,Yes,0,0
31500000.0,1600.0,borivali West,3.0,1.0,,1,0,0,0,0,,1,0,0,1,0,0
2331000.0,740.0,Boisar,2.0,1.0,No,1,0,0,,1,0,,0,0,0,No,0
9500000.0,1225.0,Kamothe,2.0,0.0,0,0,Yes,,1,0,,0,0,0,0,0,0
28700000.0,1670.0,borivali West,3.0,0.0,0,1,0,0,0,,No,0,0,0,,0,0
20000000.0,,Goregaon West,2.0,0.0,,1,1,0,1,Yes,1,0,1,,0,1,1
16800000.0,1150.0,Kanjurmarg,2.0,1.0,1,1,1,0,1,1,1,1,Yes,1,1,1,1
33000000.0,1667.0,Kandivali East,3.0,0.0,1,1,1,1,1,Yes,1,1,1,1,Yes,1,1
14600000.0,850.0,Thane West,2.0,1.0,1,0,0,0,0,0,0,No,0,0,0,0,0
6500000.0,693.0,Mira Road East,1.0,,1,1,,0,0,1,1,1,No,0,,0,1
12500000.0,900.0,Kandivali West,2.0,0.0,0,1,0,,,Yes,0,1,0,0,1,,0
9000000.0,847.0,Thane West,1.0,0.0,0,1,1,0,0,0,0,No,No,0,Yes,0,0
43000000.0,3000.0,borivali West,4.0,0.0,0,1,0,0,0,1,0,1,No,0,1,0,0
10000000.0,600.0,Goregaon East,1.0,0.0,0,0,0,No,0,0,0,0,,,0,0,0
3300000.0,450.0,Bhayandar East,1.0,1.0,,No,0,No,0,0,0,0,,No,0,,0
82000000.0,2044.0, WORLI,3.0,0.0,Yes,0,0,0,Yes,1,1,1,No,1,0,1,Yes
18800000.0,1100.0,Andheri  East,,1.0,Yes,1,1,0,1,1,1,1,1,0,0,,1
26500000.0,1250.0,Malad East,3.0,0.0,1,1,1,0,1,1,1,1,Yes,1,1,1,1
18900000.0,1299.0,Goregaon West,2.0,1.0,1,Yes,No,0,0,1,Yes,,1,0,1,1,
2700000.0,450.0,Ulwe,1.0,0.0,No,1,0,0,0,0,0,1,0,0,0,0,No
59000000.0,,Andheri  West,3.0,0.0,1,1,,0,1,Yes,1,1,,1,0,0,1
4500000.0,700.0,Kalyan West,1.0,0.0,Yes,1,1,0,,1,Yes,1,1,0,0,0,1
25000000.0,2394.0,Thane West,4.0,1.0,1,1,,1,1,1,1,1,1,1,1,,1
,470.0,Taloja,1.0,1.0,0,Yes,1,1,1,0,0,1,,0,0,0,0
7500000.0,1022.0,Sector 18 Kharghar,2.0,0.0,0,1,1,Yes,1,0,0,0,0,0,0,0,0
13500000.0,1677.0,Kharghar,3.0,0.0,0,1,1,1,1,0,0,0,0,0,,0,
2600000.0,575.0,Virar East,1.0,1.0,0,No,0,No,0,0,0,0,0,0,0,0,0
4400000.0,560.0,Thane West,1.0,0.0,1,1,1,0,1,Yes,Yes,0,Yes,No,0,1,1
6500000.0,600.0,Thane West,1.0,1.0,1,,Yes,0,1,Yes,1,,,1,0,1,
6186000.0,401.0,Mira Road East,1.0,1.0,0,No,0,0,0,,0,No,0,0,0,0,0
3565999.0,703.0,Badlapur East,2.0,1.0,1,1,Yes,0,1,1,1,1,0,1,0,1,1
36500000.0,2200.0,nan,4.0,1.0,0,1,1,No,0,1,1,,Yes,,0,1,1
2156000.0,580.0,Nala Sopara,1.0,1.0,1,1,0,0,,1,1,0,0,0,0,0,0
22500000.0,1500.0,Sanpada,3.0,0.0,Yes,Yes,1,1,1,1,1,,1,Yes,0,Yes,1
,1503.0,mumbai Highway,3.0,0.0,0,0,1,0,1,,0,0,,No,,0,1
4300000.0,375.0,Thane West,1.0,1.0,1,1,0,0,No,1,1,1,0,0,0,0,1
30900000.0,2066.0,Bhandup West,3.0,1.0,1,1,1,No,1,1,,1,1,,1,,1
5700000.0,1060.0,Taloja,,0.0,No,0,1,1,1,0,0,0,0,0,0,No,0
17100000.0,,Seawoods,2.0,0.0,0,1,1,Yes,,0,1,0,0,0,0,0,No
20900000.0,697.0,Mulund West,2.0,1.0,1,1,1,0,1,1,Yes,,1,1,0,Yes,1
2900000.0,,Boisar,,0.0,Yes,0,0,0,0,1,,0,1,1,0,Yes,1
22500000.0,,Kandivali East,3.0,0.0,1,1,1,0,1,Yes,1,1,0,No,0,Yes,1
35000000.0,969.0,Khar,2.0,1.0,1,,1,1,1,,1,1,1,1,,1,1
5700000.0,610.0,Kharghar,1.0,0.0,1,1,1,1,1,1,1,1,1,,0,Yes,1
18000000.0,1565.0,Thane West,3.0,0.0,1,1,1,0,1,1,1,1,1,,1,1,1
21500000.0,1340.0,Malad West,2.0,,,1,1,1,0,1,0,1,1,0,1,0,0
18000000.0,1335.0,Belapur,2.0,0.0,0,1,,1,,0,Yes,0,0,0,0,0,0
9000000.0,1220.0,Sector-3 Ulwe,2.0,0.0,0,1,1,1,1,No,No,0,0,0,0,0,0
12700000.0,585.0,Chembur East,1.0,0.0,1,Yes,1,1,1,No,0,No,0,No,0,,0
34800000.0,750.0,Ville Parle West,2.0,1.0,1,1,,0,1,,1,1,1,0,0,0,1
8500000.0,1100.0,Ulwe,2.0,1.0,0,,No,0,0,0,0,0,0,0,0,0,0
15000000.0,1780.0,Kharghar,3.0,0.0,1,1,1,1,,0,1,1,0,0,0,,1
,1300.0,Kharghar,3.0,0.0,0,1,1,Yes,Yes,1,,1,,0,0,0,1
6000000.0,610.0,Sector9 Kamothe,,0.0,1,1,,1,1,0,0,0,0,,0,No,
4800000.0,650.0,nan,1.0,0.0,1,,1,Yes,1,1,1,1,0,1,0,1,1
,1054.0,kandivali,2.0,1.0,1,1,1,0,1,1,1,No,,0,0,1,1
28000000.0,800.0,Vedant Complex,3.0,0.0,0,,Yes,1,Yes,0,,No,0,0,0,No,0
6200000.0,660.0,Kamothe Sector 16,1.0,0.0,1,,1,,1,0,0,0,0,0,0,,0
3000000.0,540.0,Vasai east,,0.0,0,0,0,0,0,1,,1,0,0,0,No,0
17800000.0,1716.0,Kharghar,3.0,0.0,1,1,1,1,1,0,1,1,Yes,1,0,1,1
37500000.0,1200.0, WORLI,2.0,1.0,1,1,0,0,0,1,1,1,0,0,1,No,1
11000000.0,585.0,Chembur,1.0,0.0,Yes,Yes,1,1,1,0,0,No,0,0,0,No,0
4600000.0,910.0,Panvel,2.0,0.0,1,1,1,0,1,1,1,,,1,0,1,
,990.0,Mira Road East,2.0,1.0,1,1,0,0,0,1,1,1,0,No,1,No,No
17500000.0,650.0,borivali West,2.0,0.0,0,1,0,No,No,1,0,Yes,0,0,Yes,No,0
3600000.0,500.0,Dombivali East,1.0,1.0,0,No,0,0,No,0,,0,0,0,0,No,
,577.0,Kalyan West,1.0,0.0,1,1,0,0,1,1,0,0,1,No,0,1,1
4500000.0,650.0,nan,1.0,0.0,0,1,1,1,1,0,0,0,0,0,No,No,0
6500000.0,649.0,Kharghar,1.0,0.0,0,1,1,,1,0,0,,1,0,0,1,0
4700000.0,675.0,Sector-8 Ulwe,1.0,0.0,0,No,0,No,0,0,0,0,0,0,0,,No
11399999.0,1341.0,Mira Road East,3.0,1.0,Yes,1,0,0,1,1,1,1,1,0,Yes,1,1
22100000.0,1475.0,Bhandup West,2.0,1.0,,0,1,0,1,1,0,0,1,,0,1,1
4800000.0,695.0,Roadpali,,0.0,No,1,Yes,1,,0,0,0,,0,0,,0
8500000.0,1150.0,Mira Road East,2.0,0.0,0,1,0,0,0,1,0,1,0,0,1,0,0
7700000.0,999.0,Kalyan West,2.0,0.0,1,1,Yes,1,1,1,1,1,1,1,0,Yes,Yes
12100000.0,1515.0,Sector-18 Ulwe,3.0,0.0,No,1,1,1,1,No,No,,0,0,0,No,0
16500000.0,1249.0,Thane West,3.0,1.0,1,1,0,0,0,1,1,1,0,No,0,0,1
12500000.0,989.0,Koper Khairane,2.0,0.0,0,1,Yes,,,1,0,1,1,0,1,1,0
20299999.0,638.0,Wadala,2.0,0.0,0,0,0,0,No,No,0,No,No,0,Yes,No,0
9500000.0,600.0,borivali West,1.0,0.0,0,Yes,0,0,0,0,0,0,0,0,,0,0
11500000.0,1200.0,Chembur,,1.0,1,1,1,0,1,0,1,,0,0,0,1,1
7500000.0,495.0,Malad West,1.0,0.0,,1,0,0,0,0,1,,0,No,No,,No
2300000.0,578.0,Nala Sopara,1.0,0.0,0,1,,No,0,1,0,0,0,0,No,No,0
18500000.0,1100.0,nan,2.0,0.0,0,0,,,0,No,0,No,0,0,1,No,0
7200000.0,1050.0,nan,2.0,,1,1,1,1,1,1,1,Yes,1,No,1,1,1
5000000.0,,Sector 20 Kamothe,1.0,0.0,0,0,,1,Yes,,0,0,0,0,No,0,0
26000000.0,955.0,Wadala East,2.0,1.0,,,0,0,No,1,1,Yes,0,0,,0,1
3000000.0,,Goregaon East,1.0,0.0,1,1,1,0,Yes,0,0,,1,No,0,0,0
,890.0,nan,3.0,1.0,1,,1,0,Yes,1,1,Yes,1,0,0,1,
8212000.0,1314.0,Dombivali,,1.0,1,Yes,1,0,0,1,,0,0,0,0,0,Yes
5500000.0,650.0,Kharghar,1.0,0.0,0,1,1,Yes,1,0,0,1,1,0,Yes,0,
3954999.0,993.0,Ambernath East,2.0,1.0,Yes,1,0,0,0,,1,1,0,0,0,0,No
9000000.0,990.0,PARSIK NAGAR,2.0,0.0,1,0,1,1,1,0,0,0,0,0,0,0,0
7600000.0,1098.0,Kamothe,2.0,,,,,1,1,0,No,0,0,0,0,0,0
105500000.0,2285.0, WORLI,3.0,0.0,1,1,1,1,1,1,Yes,1,1,1,0,1,1
13000000.0,1050.0,Mulund West,2.0,0.0,0,0,0,,,,0,0,0,0,,0,No
9496000.0,1100.0,Thane West,2.0,0.0,0,1,1,,1,0,0,0,0,0,0,No,0
3000000.0,605.0,Naigaon East,1.0,0.0,1,1,1,1,1,1,1,1,1,No,0,1,1
4278000.0,514.0,Vasai,2.0,1.0,No,1,1,0,Yes,0,0,1,0,0,No,0,0
,1500.0,Breach Candy,2.0,,0,No,1,1,1,0,0,1,0,No,1,0,0
2000000.0,420.0,Virar East,1.0,,0,0,0,No,0,0,0,0,,0,0,0,0
12300000.0,525.0,Kandivali West,1.0,0.0,0,1,0,0,0,1,0,1,,,Yes,,
,1370.0,Kharghar,3.0,0.0,No,0,No,0,0,No,0,0,0,0,No,0,0
10600000.0,1014.0,Malad West,2.0,,1,,1,1,1,1,0,0,1,0,0,Yes,Yes
4000000.0,670.0,Karanjade,1.0,,0,1,Yes,1,1,0,0,0,1,0,1,Yes,0
9800000.0,610.0,Kurla,1.0,1.0,1,1,0,0,1,1,1,1,1,1,1,1,1
12100000.0,890.0,Malad West,2.0,0.0,1,1,No,1,1,1,1,,1,,1,1,1
35200000.0,1960.0,Mulund West,3.0,1.0,1,1,1,0,1,Yes,1,0,1,1,0,1,
10000000.0,575.0,borivali West,,1.0,0,1,No,0,0,0,0,1,0,,1,0,0
57500000.0,1200.0,Ville Parle East,3.0,,0,1,0,0,0,0,0,0,0,0,0,0,0
22000000.0,742.0,Andheri  East,2.0,1.0,1,1,1,0,Yes,Yes,1,1,1,Yes,0,1,1
,,Powai ,2.0,0.0,1,,1,0,1,1,1,1,1,0,1,1,1
13000000.0,1800.0,Kharghar,3.0,0.0,1,,1,1,1,Yes,Yes,Yes,0,0,0,1,
,1246.0,Panvel,2.0,0.0,0,1,,1,1,0,0,0,No,0,0,,No
9800000.0,750.0,Malad West,1.0,1.0,1,Yes,Yes,Yes,1,1,1,1,1,0,No,0,0
2800000.0,690.0,Ambernath East,1.0,1.0,1,Yes,0,0,0,1,Yes,1,,No,0,0,0
8200000.0,1034.0,Dombivli (West),2.0,0.0,0,1,No,0,0,No,0,,,0,0,0,0
27000000.0,1205.0,Goregaon West,3.0,0.0,Yes,1,No,0,No,1,No,No,No,,1,0,1
2600000.0,324.0,Thane West,1.0,0.0,1,1,1,0,1,1,1,0,1,0,No,1,Yes
5500000.0,,mumbai Central,2.0,0.0,1,0,Yes,1,No,0,0,0,0,0,0,0,0
,,Dronagiri,,1.0,0,Yes,0,0,0,0,0,1,,0,0,0,0
3326000.0,348.0,Virar,1.0,1.0,0,1,No,0,0,1,0,No,,0,0,No,No
19000000.0,,nan,2.0,1.0,,Yes,1,0,,Yes,Yes,1,1,1,0,1,1
10500000.0,1050.0,Koparkhairane Station Road,2.0,0.0,,1,Yes,1,1,,1,,0,0,0,0,0
4200000.0,640.0,Ulwe,1.0,1.0,0,0,0,0,0,0,No,0,0,0,0,0,0
25000000.0,2000.0,Hiranandani Estates,3.0,0.0,1,1,0,0,0,1,1,1,,0,1,No,1
5800000.0,700.0,Mira Road East,1.0,0.0,1,1,0,0,0,1,0,0,0,0,0,0,0
19000000.0,1150.0,Rajendra Nagar,3.0,0.0,0,,Yes,1,Yes,No,,0,0,0,,0,0
4600000.0,850.0,Koproli,2.0,0.0,1,1,Yes,0,1,1,0,1,1,Yes,,Yes,No
53000000.0,1900.0,Sector 58A Seawoods Navi mumbai,4.0,0.0,0,1,1,1,1,No,0,0,0,0,0,No,0
8200000.0,1015.0,Mira Road East,2.0,0.0,Yes,Yes,Yes,0,,1,Yes,1,0,0,0,1,Yes
3100000.0,450.0,Rustomjee Global City,1.0,0.0,,0,1,0,,0,0,0,0,0,Yes,0,0
16500000.0,1250.0,nan,3.0,0.0,0,0,Yes,1,Yes,0,0,0,0,0,0,0,0
6500000.0,1050.0,Ulwe,2.0,0.0,0,1,,No,0,0,0,0,0,0,0,0,0
9000000.0,640.0,Goregaon West,,1.0,1,1,,1,Yes,1,1,,1,1,No,1,1
21200000.0,1465.0,Goregaon West,3.0,1.0,1,1,Yes,1,1,1,Yes,1,1,1,0,,
24000000.0,,Andheri  West,2.0,0.0,No,0,1,1,1,0,0,0,0,0,No,0,0
4200000.0,680.0,Karanjade,1.0,0.0,No,No,No,0,0,,0,0,0,0,0,0,0
2700000.0,350.0,Sector 17 Ulwe,1.0,0.0,1,1,Yes,1,Yes,0,Yes,0,0,0,0,0,0
8000000.0,1140.0,Ulwe,2.0,0.0,1,1,1,0,Yes,1,1,1,1,0,1,1,0
2100000.0,395.0,Karanjade,1.0,1.0,0,Yes,1,Yes,1,0,0,1,1,No,No,1,0
16000000.0,1944.0,Mira Road,4.0,1.0,1,1,1,0,1,1,1,0,1,1,1,1,Yes
2900000.0,350.0,Jankalyan Nagar,1.0,0.0,0,1,1,1,0,0,No,,1,0,0,0,0
16000000.0,750.0,borivali West,2.0,0.0,1,,0,No,0,1,1,1,0,0,0,0,1
11000000.0,1500.0,Sector 36 Kharghar,3.0,0.0,0,1,1,1,Yes,0,0,0,0,0,0,0,0
4700000.0,675.0,Ulwe,1.0,1.0,0,0,0,0,0,,0,0,0,No,0,0,0
,700.0,Pant Nagar,1.0,0.0,1,Yes,1,1,1,0,0,0,0,0,0,0,0
2500000.0,560.0,Dombivali East,1.0,1.0,0,Yes,No,No,0,Yes,0,0,0,No,0,0,
9000000.0,1125.0,Panvel,2.0,1.0,1,1,1,0,1,Yes,1,Yes,1,1,No,1,Yes
5200000.0,596.0,Kalyan West,1.0,1.0,0,1,1,0,1,0,0,0,1,0,0,0,No
,450.0,Ulwe,1.0,0.0,1,1,1,0,Yes,0,0,1,0,0,0,1,
6500000.0,675.0,Sector 19 Kharghar,1.0,0.0,,,1,1,1,0,0,0,0,0,0,0,0
2500000.0,650.0,Vasai,1.0,0.0,1,Yes,1,0,,Yes,1,1,0,0,0,1,1
8500000.0,630.0,nan,1.0,0.0,,1,0,,No,1,0,1,No,0,,No,0
7200000.0,,Kamothe,2.0,0.0,0,0,1,1,1,0,0,0,0,0,0,0,No
,,Sector12 Kamothe,1.0,0.0,0,1,0,0,No,0,No,0,0,0,0,0,0
8500000.0,570.0,Kandivali East,,0.0,No,1,0,0,0,1,,0,0,No,1,0,0
,,Kharghar,1.0,0.0,0,0,1,Yes,1,0,0,0,0,0,0,0,0
8000000.0,1109.0,Kamothe,2.0,0.0,1,0,Yes,Yes,0,,0,No,0,No,0,No,0
8400000.0,1050.0,Panvel,2.0,1.0,1,0,No,0,0,1,0,0,0,1,No,1,1
25000000.0,2500.0,Sea Face,7.0,0.0,0,1,Yes,1,0,0,0,0,1,0,0,0,No
8600000.0,965.0,Mira Road East,2.0,0.0,0,1,0,0,No,0,0,1,0,0,1,0,0
22000000.0,1590.0,Kharghar,3.0,0.0,Yes,,1,1,1,1,,1,1,1,1,1,Yes
90000000.0,1396.0,Kamothe,3.0,0.0,1,1,,1,1,1,0,1,1,1,0,0,1
14500000.0,649.0,Chembur,2.0,1.0,0,0,,0,0,,No,0,0,0,No,No,0
62500000.0,1165.0,Agripada,4.0,0.0,Yes,1,Yes,No,1,1,Yes,0,1,1,0,1,1
12500000.0,1150.0,Kharghar,2.0,0.0,1,1,1,0,1,1,1,1,1,1,,1,Yes
5000000.0,705.0,Panvel,,1.0,1,1,0,0,0,1,1,1,0,0,1,No,1
25700000.0,1505.0,Goregaon West,3.0,1.0,1,1,1,1,1,0,1,1,Yes,1,0,1,1
8900000.0,600.0,borivali West,1.0,0.0,0,1,0,0,,0,0,No,0,0,1,No,0
2850000.0,305.0,Kharghar,1.0,,,1,1,1,1,Yes,1,1,1,No,,1,0
8500000.0,550.0,Andheri  East,1.0,,,,0,No,0,0,0,0,0,0,0,0,
4400000.0,670.0,Ulwe,1.0,0.0,1,0,1,1,1,No,0,0,,0,0,0,1
,2100.0,Powai ,3.0,,1,,No,0,0,1,1,1,,0,1,No,1
18200000.0,1100.0,nan,1.0,1.0,1,Yes,0,0,No,1,Yes,1,No,No,1,0,
,1050.0,Thane West,2.0,0.0,1,1,0,0,0,1,1,1,0,0,0,0,0
6800000.0,1101.0,Kamothe,2.0,0.0,1,0,1,,1,0,0,0,0,No,0,0,0
7000000.0,840.0,Hiranandani Estates,2.0,0.0,0,1,1,1,1,0,0,0,No,0,No,0,0
120000000.0,3600.0, WORLI,4.0,0.0,Yes,1,,0,1,0,1,1,1,0,0,1,1
24500000.0,,Thane West,3.0,0.0,1,,1,0,Yes,0,1,No,0,0,1,,1
,1060.0,Kalyan East,2.0,0.0,1,,1,No,1,,1,1,,1,0,,1
12500000.0,765.0,Kandivali East,2.0,0.0,1,1,1,Yes,1,1,1,1,1,1,0,1,1
4390000.0,,Panvel,2.0,1.0,0,0,No,0,0,0,0,,,0,0,0,0
8200000.0,,Mira Road East,,1.0,1,1,Yes,0,Yes,1,1,1,,1,0,1,Yes
,1600.0,Sector-18 Ulwe,3.0,0.0,No,1,1,1,,,No,0,No,0,0,0,0
14000000.0,1183.0,Airoli,2.0,1.0,1,1,1,No,1,1,1,1,1,1,No,,1
80000000.0,1980.0,Bandra East,3.0,,Yes,1,0,0,No,1,1,Yes,0,0,1,0,No
35000000.0,950.0,Ville Parle East,2.0,0.0,,1,0,0,0,0,No,No,0,0,0,0,0
16500000.0,950.0,Kurla,2.0,1.0,1,1,No,0,0,1,0,No,1,0,0,No,
14500000.0,451.0,Andheri  East,1.0,1.0,1,1,Yes,,1,1,1,1,1,1,0,1,Yes
5000000.0,550.0,Kharghar,1.0,0.0,,Yes,Yes,1,1,No,No,0,0,0,0,,0
58500000.0,3410.0,Ghatkopar East,4.0,,1,,1,No,Yes,1,1,1,1,1,,1,0
10700000.0,528.0,Mira Road East,2.0,1.0,Yes,1,0,0,0,1,1,0,0,1,0,1,1
6500000.0,1332.0,Bhiwandi,3.0,0.0,1,1,1,0,1,1,1,1,Yes,1,1,1,1
16000000.0,1140.0,Ghansoli,2.0,0.0,1,1,1,No,,1,1,1,1,1,1,1,1
94900000.0,2255.0,Bandra West,3.0,1.0,1,1,1,No,1,1,Yes,1,1,1,1,1,
17200000.0,1100.0,Karanjade,2.0,,0,1,0,0,0,1,0,1,0,0,,0,0
2600000.0,,Dronagiri,1.0,1.0,0,0,0,0,0,0,0,0,0,0,No,0,0
7500000.0,460.0,Kandivali East,1.0,0.0,1,1,1,,Yes,1,,1,1,,No,1,1
5500000.0,720.0,Mira Road East,1.0,0.0,,1,Yes,0,0,1,No,1,Yes,0,1,0,0
17000000.0,670.0,Parel Village,1.0,,0,1,1,0,1,,0,0,0,,0,0,0
20000000.0,1250.0,Magathane,3.0,0.0,0,1,Yes,1,1,No,0,0,0,No,No,0,0
16500000.0,649.0,Mulund East,2.0,1.0,0,No,0,0,0,0,,0,0,0,0,0,0
27000000.0,1361.0,Andheri  West,2.0,0.0,0,1,0,1,1,,No,0,1,No,0,0,1
,580.0,Sector-6A Kamothe,1.0,0.0,0,0,1,1,1,0,0,0,0,0,0,No,0
59400000.0,1080.0,Poddar Road,2.0,0.0,0,0,1,,1,0,0,0,0,0,0,0,No
39000000.0,,Vasant Vihar,3.0,0.0,1,1,1,1,1,0,1,0,1,0,Yes,0,0
4500000.0,690.0,Dombivali East,1.0,,1,1,0,0,0,1,1,0,No,No,,0,0
6500000.0,1240.0,Panvel,2.0,1.0,1,Yes,1,0,1,1,1,1,1,1,0,1,Yes
,1100.0,nan,,0.0,1,1,1,1,1,0,1,,0,0,0,0,0
,500.0,Kurla,,1.0,1,1,0,0,0,,1,1,1,0,0,,1
6000000.0,660.0,Ghansoli,1.0,1.0,0,0,0,0,0,No,0,0,0,0,0,0,0
3536000.0,1105.0,Boisar,3.0,1.0,Yes,1,0,0,0,1,0,0,0,0,0,0,0
19900000.0,800.0,Kandivali West,2.0,0.0,0,0,0,,No,No,0,0,No,0,0,0,0
8500000.0,650.0,Kandivali West,1.0,1.0,1,1,0,0,0,1,1,1,0,0,0,0,0
7300000.0,450.0,Mira Road and Beyond,1.0,0.0,1,1,1,1,,0,1,0,,0,0,0,0
,665.0,Nala Sopara,1.0,0.0,0,1,No,,0,1,0,0,,0,0,0,0
12000000.0,550.0,Santacruz East,1.0,0.0,0,0,0,0,0,0,0,0,0,0,,0,0
,821.0,Mulund West,3.0,1.0,1,1,1,0,1,Yes,1,Yes,1,1,0,1,1
5500000.0,670.0,Kharghar,1.0,0.0,1,1,1,1,1,0,1,1,1,,0,1,Yes
16000000.0,2200.0,Kamothe,3.0,1.0,1,Yes,1,0,1,1,1,1,0,No,0,Yes,1
,1355.0,Ulwe,2.0,0.0,0,0,0,No,0,0,0,0,0,0,0,0,0
7500000.0,600.0,nan,1.0,0.0,0,1,0,0,0,1,0,0,0,,Yes,0,0
8200000.0,1015.0,Kharghar,2.0,0.0,0,1,0,0,0,0,0,0,0,0,0,0,0
7200000.0,1050.0,Ulwe,2.0,0.0,1,,1,0,1,0,Yes,1,1,0,,1,0
19000000.0,1411.0,Marol,1.0,,1,1,Yes,0,1,0,0,,No,0,No,0,
7400000.0,800.0,Mira Road East,2.0,0.0,1,1,1,0,,1,1,0,1,,0,1,1
15300000.0,1275.0,Thane West,2.0,1.0,1,1,1,0,1,1,1,1,1,Yes,0,Yes,
19000000.0,1600.0,Sainath Nagar,3.0,0.0,0,1,1,1,1,0,0,0,0,0,0,0,0
66600000.0,833.0,Willingdon,2.0,0.0,No,0,1,Yes,Yes,0,0,No,0,0,0,,
19000000.0,1267.0,Belapur,3.0,,1,1,1,No,1,1,Yes,1,1,1,0,1,
35700000.0,1710.0,Goregaon West,4.0,1.0,1,1,,0,No,1,1,1,0,0,0,0,Yes
9500000.0,1000.0,Kharghar,2.0,0.0,1,1,1,1,1,,1,0,No,0,0,Yes,Yes
4500000.0,664.0,Thane West,1.0,0.0,1,1,Yes,0,1,1,1,0,1,,0,,Yes
9000000.0,1060.0,Kharghar,2.0,0.0,Yes,1,Yes,1,1,1,1,1,1,0,1,1,1
8200000.0,539.0,Mira Road East,2.0,1.0,1,Yes,1,0,1,1,1,1,1,1,0,1,Yes
5400000.0,697.0,Ulwe,1.0,1.0,No,0,0,0,0,0,0,0,0,0,0,0,0
18500000.0,,Sanpada,2.0,0.0,1,1,Yes,Yes,Yes,1,1,1,1,0,,1,1
5600000.0,,Sector 21 Kamothe,1.0,0.0,1,1,Yes,1,1,No,0,No,No,0,0,0,0
16800000.0,922.0,Andheri  East,2.0,0.0,1,1,1,1,1,1,1,1,Yes,1,1,1,1
4500000.0,560.0,Thane West,1.0,0.0,1,,1,0,1,1,Yes,1,1,No,,1,
13000000.0,510.0,Parel,1.0,0.0,0,0,0,0,0,0,0,0,0,0,0,0,0
47500000.0,1440.0,Wadala,3.0,0.0,1,Yes,No,0,0,1,Yes,Yes,0,0,No,0,1
18500000.0,,nan,3.0,1.0,1,1,0,0,1,1,Yes,1,1,1,No,1,1
13500000.0,,Kharghar,3.0,,Yes,Yes,1,0,1,,0,0,0,0,0,,1
11700000.0,1440.0,Panvel,3.0,1.0,No,0,0,No,0,No,0,0,0,0,0,No,0
4700000.0,695.0,Kalyan West,1.0,0.0,1,1,Yes,0,1,1,1,0,,1,0,1,
6200000.0,650.0,Kharghar,1.0,0.0,0,,1,1,1,0,No,1,0,0,0,0,0
65000000.0,1600.0,Santacruz West,4.0,0.0,1,1,1,0,1,0,,0,1,0,Yes,0,No
6000000.0,693.0,nan,1.0,0.0,Yes,1,,0,0,1,Yes,1,0,,0,1,1
15500000.0,850.0,Dahisar,2.0,0.0,1,1,0,0,0,1,0,1,0,0,,0,No
14500000.0,1000.0,Dahisar West,2.0,0.0,,Yes,1,0,1,0,0,0,1,0,1,0,0
2600000.0,500.0,nan,1.0,0.0,No,,1,,0,0,0,No,1,0,0,No,0
6000000.0,900.0,Kalyan West,,0.0,Yes,Yes,0,0,1,1,1,0,1,0,0,1,1
8500000.0,507.0,Thane,1.0,0.0,0,,0,0,0,No,,0,0,0,0,No,0
5800000.0,650.0,Ulwe,1.0,0.0,1,1,0,0,0,1,Yes,1,1,No,1,1,
16500000.0,1850.0,Ulwe,3.0,0.0,1,1,No,0,No,No,0,,0,,0,No,1
7100000.0,890.0,Mira Road East,2.0,0.0,Yes,1,,1,0,1,1,1,1,1,0,0,1
9100000.0,585.0,borivali West,1.0,0.0,,0,0,0,,0,0,0,,0,0,0,0
,540.0,Dombivli (West),1.0,,0,1,0,0,No,1,0,No,0,0,0,,0
5800000.0,1080.0,Bhiwandi,2.0,0.0,1,1,1,0,1,Yes,1,1,1,Yes,1,1,1
22000000.0,2000.0,Kharghar,3.0,1.0,1,1,1,1,Yes,1,Yes,1,1,1,0,1,1
5200000.0,,Kalyan West,2.0,0.0,1,1,0,0,0,,1,1,0,0,0,0,
8000000.0,930.0,Kamothe,2.0,1.0,Yes,,1,0,,Yes,1,Yes,0,0,0,1,1
3599000.0,620.0,Kalyan West,1.0,0.0,0,1,1,1,1,1,0,0,1,0,0,,0
4600000.0,650.0,Mira Road East,1.0,0.0,No,Yes,1,1,0,,0,0,0,0,1,No,0
11500000.0,1100.0,Kurla West,2.0,0.0,0,1,0,0,0,No,0,0,0,No,0,0,0
,,Chembur,2.0,0.0,1,1,1,0,,0,1,1,0,0,0,1,0
5999000.0,905.0,Thane West,2.0,0.0,1,1,1,0,Yes,,1,1,Yes,0,1,1,1
,1371.0,nan,3.0,0.0,1,1,1,1,1,0,No,0,0,0,0,0,0
23500000.0,1325.0,Kandivali East,3.0,0.0,0,1,0,0,0,1,0,0,0,,1,0,1
8400000.0,950.0,Panvel,2.0,1.0,1,1,Yes,0,0,Yes,1,Yes,1,0,0,1,1
3372000.0,412.0,Virar,1.0,1.0,1,1,,0,1,0,1,1,1,0,No,1,1
6500000.0,,Thane West,1.0,0.0,0,,,0,0,No,0,0,1,,0,No,0
13000000.0,,Ulwe,3.0,0.0,1,1,No,0,0,Yes,1,1,0,0,0,0,1
4800000.0,600.0,Kamothe,,0.0,1,1,1,1,1,0,0,0,0,No,0,No,0
5100000.0,427.0,Owale,1.0,0.0,Yes,1,1,1,,0,1,1,1,0,1,1,1
16000000.0,2200.0,Kharghar,4.0,0.0,Yes,1,1,1,1,1,1,,1,0,No,1,1
,1065.0,Thane,2.0,0.0,,1,1,,1,,1,0,0,0,0,0,0
12700000.0,1190.0,Thane West,2.0,1.0,1,Yes,0,,,,,,0,0,1,0,1
5300000.0,687.0,Panvel,1.0,1.0,0,1,No,0,1,1,0,0,1,,No,1,0
15500000.0,915.0,Powai ,2.0,,1,,1,0,,1,1,1,0,1,Yes,1,1
38500000.0,985.0,Ville Parle West,3.0,0.0,0,1,0,0,0,0,0,0,0,,1,0,
10900000.0,876.0,Thane West,2.0,1.0,,1,Yes,0,1,1,1,Yes,1,1,0,1,Yes
,735.0,Ulwe,1.0,0.0,0,1,No,,,1,0,Yes,,0,1,0,
,950.0,borivali East,2.0,0.0,1,1,,1,1,1,,1,1,Yes,0,,1
5500000.0,650.0,Kharghar,1.0,0.0,,0,1,Yes,1,0,0,0,0,0,No,0,No
16200000.0,1555.0,Thane West,,1.0,1,1,0,1,0,1,,,1,1,Yes,1,Yes
12000000.0,1580.0,Ulwe,3.0,1.0,,1,,0,0,Yes,1,1,,No,Yes,0,1
13000000.0,880.0,Jogeshwari West,2.0,0.0,No,1,0,0,0,0,0,,0,0,0,0,0
18500000.0,950.0,Jogeshwari West,2.0,0.0,0,,0,0,0,,0,0,0,0,0,0,0
2500000.0,525.0,Nalasopara East,1.0,0.0,,0,0,No,0,1,No,0,0,0,0,0,0
11900000.0,1461.0,Thane West,3.0,1.0,1,1,0,0,0,1,1,1,1,0,0,0,Yes
10000000.0,,Powai ,1.0,0.0,Yes,1,1,0,Yes,1,,,,0,1,1,Yes
23000000.0,1850.0,Belapur,3.0,1.0,1,1,,0,0,1,Yes,1,No,0,1,0,1
55000000.0,1950.0,Andheri  West,3.0,1.0,1,1,Yes,1,1,,1,,1,1,0,1,Yes
24000000.0,1240.0,kandivali,3.0,,,1,1,0,1,1,1,1,1,0,0,1,1
3600000.0,910.0,Ambernath West,2.0,1.0,,Yes,0,0,,1,1,1,0,0,1,,1
17500000.0,1630.0,Sector 7 Kharghar,3.0,0.0,0,0,1,0,1,0,No,0,1,,0,0,1
4000000.0,665.0,Taloja,1.0,0.0,0,0,1,1,Yes,0,0,0,0,,0,0,0
11100000.0,602.0,Powai ,1.0,0.0,,Yes,1,0,0,1,1,Yes,0,No,1,0,1
25400000.0,1431.0,Wadala,2.0,1.0,1,1,1,0,1,1,1,0,1,0,0,Yes,1
5100000.0,1017.0,Bhiwandi,2.0,0.0,1,1,1,0,1,,1,1,1,1,Yes,1,Yes
15000000.0,1016.0,Chembur,2.0,0.0,1,1,1,1,Yes,0,0,0,0,0,0,,0
26500000.0,1740.0,Bhandup West,3.0,0.0,1,,0,0,0,1,Yes,1,Yes,0,1,1,
28800000.0,907.0,Ville Parle East,2.0,1.0,1,1,1,0,,Yes,1,1,1,0,0,1,1
13500000.0,910.0,Sanpada,2.0,,Yes,1,1,1,1,1,1,1,1,1,1,1,1
84500000.0,1409.0,Bandra West,3.0,1.0,1,1,1,0,1,1,1,1,1,1,0,1,1
2910000.0,,Virar,1.0,1.0,Yes,1,1,No,1,1,1,0,No,0,0,1,1
2500000.0,540.0,Virar East,1.0,1.0,0,0,0,0,0,0,0,No,0,0,0,0,No
27000000.0,900.0,nan,2.0,0.0,0,0,0,0,0,0,0,0,0,0,0,0,0
23000000.0,1850.0,Seawoods,3.0,0.0,1,1,0,0,No,0,0,,1,1,0,0,
6200000.0,,Bhiwandi,2.0,1.0,1,1,1,1,1,1,1,1,1,1,0,1,1
24000000.0,1300.0,Andheri  West,2.0,0.0,1,1,1,1,1,1,1,1,0,1,0,No,1
4200000.0,650.0,Ulwe,1.0,0.0,0,Yes,0,0,0,0,0,No,0,0,No,0,0
26000000.0,1500.0,borivali West,3.0,0.0,0,1,0,0,No,1,0,1,0,0,Yes,0,0
16500000.0,1220.0,Thane West,2.0,0.0,1,1,0,0,0,1,1,Yes,0,0,1,0,1
9550000.0,,Mira Road East,1.0,1.0,1,1,Yes,0,Yes,1,1,,Yes,,0,1,1
9496000.0,1100.0,Thane West,2.0,0.0,0,1,1,,1,0,0,0,0,0,0,No,0
40400000.0,1261.0,Ville Parle East,3.0,1.0,Yes,1,1,0,0,1,1,1,1,0,,1,1
,715.0,Boisar,,0.0,0,0,No,0,0,1,0,0,0,0,0,0,0
3125000.0,338.0,Virar,1.0,1.0,0,0,0,0,No,0,Yes,0,1,Yes,0,Yes,1
3800000.0,890.0,Virar,,,1,Yes,0,,No,1,1,1,1,0,0,0,1
9200000.0,560.0,Dahisar West,1.0,0.0,0,,0,0,0,No,0,0,0,No,No,,0
,320.0,Ville Parle East,1.0,0.0,0,0,0,0,0,0,0,0,0,No,No,0,0
8100000.0,1137.0,Mira Road East,2.0,1.0,1,1,1,0,Yes,1,0,0,,0,0,1,1
35000000.0,700.0,Khar,2.0,0.0,0,1,1,0,1,1,0,1,1,,No,0,0
4400000.0,676.0,Kalyan West,1.0,,1,Yes,1,No,1,0,Yes,0,No,0,0,Yes,
,500.0,Mira Road East,2.0,1.0,1,1,1,1,1,1,1,1,Yes,1,0,1,
6900000.0,850.0,Sector 17 Ulwe,2.0,0.0,Yes,0,1,,,0,0,0,0,0,0,0,0
29000000.0,665.0,Ville Parle East,2.0,0.0,0,1,0,0,0,0,0,,,0,0,0,0
33700000.0,1600.0,Chembur,3.0,0.0,0,0,1,No,1,0,0,0,0,No,0,,0
26500000.0,1100.0,Koldongri,3.0,0.0,0,,Yes,1,1,0,1,No,0,0,0,0,0
7650000.0,621.0,Mira Road East,2.0,1.0,0,0,0,No,,0,0,0,0,No,0,0,0
5300000.0,275.0,Thane,1.0,0.0,1,Yes,,,1,0,,0,0,0,No,,0
8800000.0,990.0,Mira Road East,2.0,0.0,0,1,1,0,Yes,1,No,1,0,No,1,Yes,No
16900000.0,904.0,Chembur,2.0,1.0,1,1,1,0,,Yes,1,1,1,0,1,0,1
10000000.0,650.0,Kandivali West,1.0,0.0,1,1,Yes,0,1,Yes,1,1,1,0,,1,1
7000000.0,540.0,Thane West,1.0,0.0,0,1,No,0,0,Yes,0,0,0,No,Yes,0,0
40000000.0,2100.0,nan,4.0,0.0,Yes,1,1,1,Yes,1,1,1,No,0,0,0,1
7800000.0,545.0,Thane West,1.0,0.0,0,Yes,1,Yes,1,0,0,,0,0,0,0,0
5250000.0,650.0,Mira Road East,1.0,0.0,0,1,No,0,,Yes,0,0,,No,0,,No
2288000.0,572.0,Vasai,1.0,,,,No,No,,1,0,0,0,0,0,0,0
4200000.0,555.0,Kalyan West,1.0,0.0,0,Yes,0,0,0,1,0,0,0,No,0,0,0
8500000.0,1155.0,Ulwe,2.0,1.0,0,0,0,,,0,0,0,0,,0,0,0
5300000.0,670.0,Kharghar,1.0,,1,1,1,1,Yes,0,Yes,,Yes,No,1,Yes,1
8900000.0,635.0,borivali West,1.0,0.0,Yes,Yes,1,0,1,1,0,1,0,0,0,1,1
8000000.0,1095.0,Kalyan West,2.0,0.0,0,,0,0,0,1,1,1,0,0,0,,0
46000000.0,1150.0, WORLI,2.0,1.0,1,1,,1,Yes,1,1,1,1,Yes,0,1,1
27500000.0,1400.0,nan,3.0,0.0,1,1,1,0,1,1,1,0,1,1,1,1,1
7950000.0,1060.0,Mira Road East,,1.0,1,1,0,0,0,Yes,No,1,0,,1,0,0
,500.0,borivali West,1.0,0.0,,1,,0,,No,0,0,No,No,0,0,0
5500000.0,670.0,nan,1.0,0.0,Yes,1,1,1,1,No,1,0,1,0,No,1,1
4500000.0,810.0,Kalyan West,2.0,0.0,1,1,1,0,1,1,1,,1,1,0,1,0
3600000.0,605.0,Kalyan West,1.0,0.0,1,1,,0,1,1,1,1,Yes,0,0,1,1
7600000.0,,Ulwe,2.0,0.0,0,1,0,0,0,No,0,1,0,0,1,,No
12500000.0,802.0,Andheri  East,1.0,0.0,1,1,0,0,1,1,1,No,Yes,,0,1,1
21500000.0,881.0,Chembur,2.0,0.0,0,1,0,0,0,0,1,1,,,1,0,0
3400000.0,680.0,Nala Sopara,,0.0,0,1,0,0,0,0,0,1,0,0,0,0,0
19000000.0,1350.0,nan,3.0,0.0,0,,1,1,1,0,0,0,0,No,0,0,No
8000000.0,990.0,Mira Road East,2.0,1.0,0,0,0,0,0,0,0,0,0,0,0,No,0
18000000.0,1278.0,Chembur,2.0,0.0,1,Yes,1,0,1,1,Yes,1,0,No,1,1,
22100000.0,885.0,Mulund West,3.0,1.0,1,0,0,0,Yes,1,No,1,0,,0,0,0
13700000.0,990.0,Kandivali West,2.0,0.0,0,Yes,No,0,0,0,,1,0,0,1,0,0
5200000.0,350.0,Malad West,1.0,0.0,No,1,0,0,No,,0,1,0,No,,0,0
17000000.0,1200.0,Ghansoli,2.0,0.0,1,1,1,0,1,1,Yes,1,,0,0,1,1
4500000.0,565.0,Mira Road East,1.0,0.0,0,No,0,,No,0,0,0,0,0,0,0,0
3250000.0,600.0,nan,1.0,0.0,Yes,1,No,0,,1,No,0,1,,0,1,Yes
17500000.0,750.0,Malad West,2.0,0.0,1,1,0,1,1,1,0,1,0,,1,,0
11800000.0,1150.0,Kharghar,,0.0,1,1,Yes,0,1,,1,0,1,,0,1,1
14500000.0,1655.0,Sector-18 Ulwe,3.0,0.0,0,1,1,Yes,Yes,0,0,0,0,0,0,No,0
12700000.0,1125.0,Kharghar,2.0,0.0,0,0,,1,1,No,0,0,0,0,0,0,0
8198999.0,1050.0,Mira Road East,2.0,0.0,1,1,0,0,0,,1,,No,1,,1,1
9800000.0,1090.0,Kharghar,2.0,0.0,,0,1,1,1,No,0,0,0,No,0,0,0
33000000.0,1400.0,Chembur East,3.0,0.0,0,1,1,1,1,0,No,0,0,0,0,0,0
,1100.0,Majiwada thane,2.0,0.0,0,0,Yes,1,0,0,0,0,1,,No,No,0
11500000.0,650.0,Chembur,1.0,0.0,0,1,,0,0,0,No,0,0,0,1,0,No
,600.0,Kharghar,1.0,0.0,1,Yes,,1,,0,1,0,0,,0,1,1
5600000.0,700.0,Mira Road East,1.0,,1,,1,0,1,0,Yes,1,0,0,,1,1
23000000.0,1680.0,Sector-8 Sanpada,,,0,1,1,1,1,No,0,,0,,0,0,0
26000000.0,1250.0,Dahisar,3.0,0.0,0,1,1,1,1,,No,No,No,0,0,0,0
,2050.0,Malad East,3.0,0.0,1,1,1,1,1,1,1,1,1,1,1,1,Yes
11800000.0,900.0,Sanpada,2.0,0.0,1,1,1,1,,Yes,1,,1,1,No,1,1
4300000.0,564.0,Thane West,1.0,0.0,,1,,0,1,1,,0,Yes,No,,Yes,1
55000000.0,1500.0,Juhu,3.0,0.0,0,,0,,No,0,0,1,No,0,1,0,0
4050000.0,638.0,Kamothe,1.0,0.0,1,1,1,1,1,0,1,0,0,0,No,No,0
,700.0,Taloja,1.0,0.0,,No,1,1,1,,0,0,0,0,0,0,0
,1750.0,Kandivali East,3.0,0.0,1,1,1,0,Yes,Yes,1,1,0,0,0,1,1
79900000.0,1835.0,Parel,3.0,0.0,,1,0,0,1,,1,1,1,1,No,1,Yes
8500000.0,405.0,Vazira,1.0,0.0,No,1,1,1,Yes,No,0,0,No,0,0,0,0
2800000.0,545.0,Virar East,1.0,0.0,No,0,No,0,0,0,0,0,0,,0,0,0
2800000.0,482.0,Rasayani,1.0,0.0,1,1,1,0,1,1,Yes,No,1,1,0,1,1
2300000.0,740.0,Boisar,2.0,0.0,1,1,Yes,0,1,,,1,1,0,,1,1
,473.0,Chembur,1.0,1.0,,1,1,0,0,0,0,1,0,No,0,,No
5700000.0,,Ulwe,,,No,,0,0,0,No,0,0,,No,,0,0
6500000.0,650.0,Kharghar,1.0,0.0,1,1,1,No,1,1,,0,0,0,0,1,1
9000000.0,1150.0,Ulwe,2.0,1.0,0,1,0,0,No,0,0,,0,0,1,0,0
5500000.0,354.0,Dahisar,1.0,0.0,0,0,,,0,0,0,No,0,0,0,0,0
2600000.0,575.0,Virar East,1.0,1.0,0,No,0,No,0,0,0,0,0,0,0,0,0
8000000.0,1075.0,Kharghar,2.0,0.0,1,1,Yes,1,1,1,1,Yes,Yes,0,0,1,1
4225000.0,650.0,Ulwe,1.0,0.0,0,1,No,0,0,0,0,,No,0,0,No,
2250000.0,252.0,Naigaon East,1.0,1.0,1,1,1,0,Yes,1,1,0,1,0,0,Yes,0
21500000.0,1450.0,borivali East,2.0,1.0,1,1,0,0,1,1,1,1,No,1,1,1,1
9000000.0,492.0,Dahisar,1.0,0.0,0,No,0,0,No,,0,0,0,0,No,0,0
4800000.0,1075.0,Virar West,2.0,0.0,,1,0,0,No,Yes,0,0,0,0,No,0,0
16500000.0,1654.0,Sector9 Kamothe,3.0,0.0,1,1,Yes,1,1,0,No,0,0,No,0,0,0
7000000.0,,Kalyan West,2.0,0.0,1,1,1,0,1,1,1,,1,,0,1,1
3500000.0,687.0,Ulwe,1.0,1.0,0,0,0,0,0,,0,,No,0,0,0,No
,2100.0,Ville Parle East,5.0,0.0,0,1,,0,0,No,0,0,0,0,0,0,0
27500000.0,1404.0,Goregaon East,2.0,0.0,Yes,1,1,1,1,1,1,1,1,1,0,1,1
40000000.0,893.0, WORLI,2.0,1.0,,1,0,0,0,1,1,1,0,0,1,0,1
8100000.0,372.0,borivali East,1.0,1.0,1,,0,0,1,1,0,1,1,1,1,1,0
11399999.0,448.0,Akurli Nagar,1.0,0.0,0,1,Yes,1,1,0,0,0,0,0,,0,0
3700000.0,440.0,Mira Road East,1.0,1.0,No,1,1,0,1,0,0,0,1,0,Yes,0,No
6575000.0,369.0,Mira Road East,1.0,1.0,1,Yes,0,0,0,Yes,1,0,0,Yes,0,1,1
8400000.0,1150.0,Ulwe,2.0,0.0,0,1,0,0,0,0,0,Yes,No,0,0,0,
,645.0,Thane West,1.0,0.0,Yes,1,Yes,0,1,1,1,1,1,0,1,1,Yes
22000000.0,788.0,Andheri  West,3.0,1.0,0,0,,,No,0,0,0,0,0,No,0,0
19500000.0,1050.0,Powai  Lake,2.0,0.0,1,Yes,1,1,1,0,,No,0,,0,0,0
4600000.0,700.0,Kalyan West,1.0,,1,1,1,0,1,Yes,1,1,1,1,0,1,1
2400000.0,500.0,Nalasopara West,1.0,1.0,0,0,0,0,No,0,0,No,0,0,0,0,0
8500000.0,1045.0,Kalyan West,2.0,0.0,1,1,1,,1,1,1,0,1,1,No,1,1
25000000.0,1400.0,Goregaon East,3.0,,0,1,,1,1,0,0,No,1,0,0,0,0
2515000.0,710.0,Nala Sopara,2.0,0.0,0,1,0,0,0,0,No,No,0,No,0,0,No
23000000.0,907.0,Kandivali West,3.0,0.0,0,1,0,,0,1,0,0,0,0,0,0,
2450000.0,550.0,Ambernath West,1.0,1.0,Yes,0,1,1,,1,1,1,1,0,0,1,1
,1050.0,Mira Road East,2.0,0.0,1,1,0,No,0,Yes,Yes,1,,0,Yes,No,1
7000000.0,1003.0,Kamothe,2.0,0.0,1,1,1,1,,0,0,0,0,0,0,0,0
12000000.0,851.0,Sanpada,2.0,0.0,1,1,1,1,Yes,Yes,1,1,1,1,1,1,Yes
3900000.0,650.0,Kalyan West,1.0,0.0,1,1,0,0,0,Yes,1,1,0,0,No,No,
19200000.0,1278.0,Chembur,2.0,0.0,1,Yes,1,0,1,1,1,1,0,0,1,Yes,0
2000000.0,640.0,Ambivli,1.0,0.0,0,0,0,0,0,0,0,No,,0,0,0,No
4000000.0,600.0,Sector 21 Kamothe,1.0,0.0,No,0,1,1,1,0,No,No,0,0,0,,0
5000000.0,570.0,Kharghar,1.0,0.0,No,1,1,1,Yes,0,0,1,0,0,0,0,0
,1050.0,Kharghar,2.0,0.0,1,1,Yes,1,1,0,1,No,,0,0,1,
3900000.0,380.0,Kandivali West,1.0,0.0,No,1,0,0,0,0,0,0,0,0,Yes,,0
3300000.0,670.0,Koproli,1.0,0.0,1,1,1,0,1,1,1,0,1,0,0,1,1
2750000.0,700.0,Badlapur East,1.0,1.0,1,1,1,0,1,1,1,0,1,,0,1,1
12000000.0,975.0,Kandivali West,2.0,0.0,0,No,0,0,0,0,0,0,0,0,0,No,
25500000.0,1900.0,nan,3.0,0.0,,1,0,,0,No,1,1,,0,0,0,1
15000000.0,1050.0,Dattapada,,0.0,0,1,Yes,1,1,0,0,0,0,0,,0,0
2021000.0,600.0,mumbai,1.0,0.0,,1,1,Yes,1,0,1,0,0,0,No,0,No
15000000.0,971.0,Panch Pakhadi,2.0,0.0,0,0,1,,1,0,No,0,0,,0,,0
13500000.0,1560.0,Sector 22 Kamothe,3.0,0.0,1,1,1,0,1,0,0,No,0,No,0,0,
5300000.0,710.0,Mira Road East,1.0,1.0,Yes,Yes,0,0,0,,1,1,,0,1,0,0
29000000.0,690.0,Ville Parle East,2.0,0.0,No,1,No,0,0,0,0,0,0,0,0,No,0
8580000.0,390.0,Kurla,1.0,1.0,1,No,0,0,0,0,No,0,0,,0,0,0
3500000.0,550.0,Koproli,1.0,0.0,0,0,0,0,0,,0,0,0,,0,No,0
25000000.0,2400.0,Kharghar,5.0,0.0,1,Yes,1,1,1,1,1,Yes,1,0,0,0,1
,980.0,Malad West,1.0,0.0,1,0,1,0,1,1,1,1,Yes,0,0,0,Yes
58500000.0,3410.0,Ghatkopar East,4.0,,1,,1,No,Yes,1,1,1,1,1,,1,0
4400000.0,620.0,nan,,0.0,0,,1,,1,0,,0,,0,0,0,0
13000000.0,1001.0,Belapur,2.0,,0,1,0,0,0,0,1,1,0,0,0,0,1
7100000.0,1200.0,Panvel,,0.0,1,Yes,0,0,0,1,1,1,1,1,0,1,Yes
31000000.0,1672.0,Malad East,3.0,0.0,1,1,1,1,1,1,1,1,Yes,1,0,1,1
11500000.0,1075.0,Koper Khairane,2.0,1.0,0,1,0,0,,No,0,No,0,0,0,0,No
6000000.0,765.0,Kharghar,1.0,0.0,1,1,1,Yes,1,1,1,1,Yes,0,1,1,1
19000000.0,1050.0,Dattapada,,0.0,No,1,1,,1,0,No,0,0,0,No,0,0
250000000.0,5200.0,Bandra Kurla Complex,5.0,0.0,Yes,1,1,1,1,Yes,1,1,1,,1,1,1
2400000.0,700.0,Badlapur West,1.0,1.0,1,0,0,0,0,1,1,0,1,0,0,1,0
35000000.0,1000.0,Bandra West,2.0,0.0,0,1,Yes,0,1,0,0,,0,0,1,0,0
12000000.0,950.0,Thane West,2.0,0.0,1,1,1,1,Yes,1,,1,,0,0,0,1
,400.0,Mira Road and Beyond,1.0,0.0,Yes,1,,1,1,0,1,No,0,0,0,No,
24500000.0,1350.0,Kandivali East,3.0,0.0,1,1,1,0,1,1,1,0,1,0,0,1,1
4700000.0,310.0,Kandivali East,1.0,0.0,0,1,Yes,0,1,Yes,No,1,0,,Yes,1,0
2400000.0,535.0,Nala Sopara,1.0,0.0,0,1,,0,0,1,0,No,No,0,0,0,No
7798999.0,700.0,Malad West,1.0,1.0,1,0,Yes,0,1,1,Yes,1,1,0,0,0,1
18500000.0,1100.0,Powai ,2.0,0.0,1,Yes,1,0,1,1,Yes,1,1,,1,1,1
24500000.0,906.0,Wadala,2.0,1.0,1,1,0,0,0,1,1,1,,,1,0,Yes
15500000.0,610.0,Sewri,1.0,0.0,0,Yes,0,0,0,1,0,1,0,0,1,0,0
47000000.0,2600.0,Wadala East Wadala,3.0,0.0,1,1,1,1,1,0,0,0,0,No,0,0,0
22500000.0,1650.0,Goregaon West,3.0,1.0,1,1,0,No,0,0,1,No,0,0,1,0,1
,1000.0,Kharghar,2.0,0.0,1,,,No,0,1,Yes,1,0,0,1,0,0
,1050.0,Kharghar,2.0,0.0,1,1,Yes,1,1,0,1,No,,0,0,1,
14500000.0,960.0,Goregaon East,,0.0,1,1,0,0,No,1,0,0,1,0,0,1,1
2350000.0,390.0,Kalyan West,1.0,0.0,0,0,0,0,0,No,No,0,0,No,0,0,0
8600000.0,615.0,Seawoods,1.0,0.0,0,1,,0,1,No,1,0,0,No,No,1,0
13000000.0,900.0,Chembur,,,1,1,1,1,1,0,0,0,No,0,0,0,0
8600000.0,,nan,2.0,0.0,1,1,0,0,,1,1,1,0,0,0,0,Yes
20500000.0,1015.0,Bhandup West,3.0,1.0,1,1,1,0,,1,1,1,1,1,0,1,1
17100000.0,1100.0,Seawoods,2.0,0.0,No,1,1,1,1,0,1,0,0,0,0,0,0
2000000.0,400.0,Kharegaon,1.0,0.0,0,1,1,1,Yes,0,0,0,0,0,0,0,0
2500000.0,500.0,Virar West,1.0,0.0,,0,0,No,,1,0,No,0,0,0,0,0
38500000.0,1660.0,Goregaon East,4.0,0.0,0,0,0,0,0,No,0,0,0,0,0,,0
18000000.0,1050.0,Goregaon East,2.0,0.0,0,0,0,0,0,0,0,0,No,0,0,0,0
18000000.0,1006.0,Andheri  West,2.0,1.0,Yes,1,1,No,1,1,1,0,0,0,1,1,1
57200000.0,1655.0,Wadala,3.0,1.0,1,1,1,1,1,1,1,1,1,Yes,0,1,Yes
7600000.0,1100.0,Sector 19 Kharghar,2.0,0.0,1,Yes,Yes,Yes,1,0,0,0,0,No,,0,0
17000000.0,800.0,Rajendra Nagar,2.0,0.0,0,0,1,0,0,0,0,0,0,0,0,0,0
4000000.0,679.0,Ulwe,1.0,0.0,0,0,0,0,0,0,0,0,0,0,0,0,0
4700000.0,885.0,Powai  Lake,2.0,0.0,1,1,,1,1,0,0,No,0,0,,,0
6700000.0,556.0,Thane,2.0,0.0,1,Yes,Yes,1,1,0,1,0,0,0,0,0,0
2582000.0,670.0,Titwala,1.0,1.0,1,1,0,0,0,1,,1,0,0,No,0,
12000000.0,957.0,Ghatkopar,2.0,1.0,Yes,Yes,1,1,1,1,1,1,1,1,0,1,1
22000000.0,1000.0,Andheri  East,2.0,0.0,0,1,,0,0,No,0,0,0,0,0,0,No
6000000.0,850.0,Sector 19 Kharghar,1.0,0.0,0,0,1,1,1,0,No,0,0,No,0,0,0
3750000.0,645.0,Ulwe,,0.0,0,1,No,No,No,,0,0,0,0,0,0,0
4475000.0,700.0,Dombivali,1.0,1.0,,1,Yes,1,1,1,1,,Yes,,,1,1
120000000.0,2600.0,Khar West,4.0,0.0,1,1,1,No,1,0,0,0,,0,1,,No
7600000.0,1100.0,Ulwe,2.0,,1,1,No,0,,0,,0,0,0,,No,0
12600000.0,561.0,Chembur,1.0,1.0,0,0,0,0,0,0,0,0,0,0,0,0,0
,700.0,Kharghar,1.0,0.0,1,Yes,0,0,No,1,0,No,0,0,0,0,0
52500000.0,946.0,nan,2.0,0.0,1,1,1,1,1,0,,1,1,,0,,Yes
2600000.0,645.0,Dronagiri,1.0,,0,1,Yes,No,1,0,0,0,1,0,1,0,0
9800000.0,580.0,Kandivali West,1.0,1.0,1,1,0,0,0,1,1,1,0,0,1,0,1
17000000.0,547.0,Ville Parle East,,1.0,1,1,1,No,No,1,Yes,1,1,0,0,1,
16000000.0,1044.0,Dahisar,3.0,0.0,0,0,0,0,0,0,0,0,0,0,0,0,No
17000000.0,1114.0,Andheri  East,3.0,1.0,1,1,1,No,0,1,1,1,1,No,0,1,1
65000000.0,3200.0,Seawoods,5.0,0.0,1,1,No,0,No,0,1,1,0,No,0,0,1
21400000.0,1090.0,Chembur,2.0,,0,1,1,1,1,1,,1,1,0,1,1,0
24500000.0,1550.0,Belapur,3.0,0.0,0,No,0,0,0,0,0,0,0,0,0,No,0
2350000.0,685.0,Shirgaon,1.0,1.0,0,No,,0,0,0,No,0,0,0,0,No,0
85000000.0,2350.0,Dadar East,,0.0,1,1,Yes,1,1,1,1,1,1,1,0,1,Yes
22000000.0,1250.0,Andheri  West,2.0,0.0,1,1,0,0,No,0,1,Yes,No,No,No,No,1
4800000.0,485.0,Kalyan West,1.0,0.0,0,No,1,,1,No,0,0,1,0,0,0,0
46500000.0,1250.0,Andheri  West,3.0,1.0,1,1,1,No,1,Yes,Yes,1,,Yes,,1,1
21500000.0,,Jeejamata Nagar,3.0,0.0,0,1,1,,1,0,0,0,0,0,0,0,0
10000000.0,750.0,Malad West,1.0,1.0,1,1,0,No,Yes,1,1,1,1,0,1,1,Yes
14500000.0,710.0,borivali West,,0.0,0,,,0,0,No,,0,0,No,,0,No
34700000.0,832.0,Bandra Kurla Complex,2.0,1.0,1,1,1,,1,1,1,1,1,1,0,,1
18500000.0,1150.0,Tilak Nagar,2.0,0.0,0,1,0,Yes,,0,0,0,0,0,0,0,0
13899999.0,720.0,Dahisar,2.0,1.0,1,Yes,1,0,1,1,1,,1,No,0,1,1
19500000.0,1014.0,MHADA Colony 20,2.0,0.0,0,1,,1,0,0,0,0,0,0,No,0,0
8500000.0,1165.0,Sector12 Kamothe,2.0,0.0,1,1,1,Yes,1,0,,,0,0,0,0,0
14000000.0,1530.0,Sector 10 Khanda Colony,3.0,0.0,1,1,1,0,1,0,0,0,,0,0,0,0
4300000.0,650.0,Mira Road East,1.0,0.0,0,1,1,1,1,1,0,0,,0,0,0,
12400000.0,1565.0,Kamothe,3.0,0.0,0,,1,,1,No,0,0,No,No,No,0,0
25000000.0,3000.0,Sector35D Kharghar,5.0,0.0,No,1,1,Yes,Yes,No,0,0,0,No,No,0,0
3500000.0,585.0,Naigaon East,1.0,0.0,1,Yes,0,0,,1,1,1,,0,0,Yes,
25000000.0,1250.0,borivali West,3.0,0.0,0,0,0,0,0,No,,,0,0,0,0,0
2000000.0,820.0,Boisar,2.0,0.0,0,0,0,0,0,,0,0,0,No,,0,0
27200000.0,1088.0,Goregaon West,3.0,1.0,1,No,0,0,0,1,0,0,1,No,0,1,1
4400000.0,600.0,Kalyan West,2.0,0.0,No,1,1,,1,0,0,0,No,0,0,0,
11200000.0,650.0,borivali West,1.0,1.0,0,0,0,0,0,0,No,0,0,0,0,0,No
6350000.0,655.0,Mira Road East,,,1,1,Yes,0,1,Yes,1,Yes,1,0,0,1,1
5000000.0,,Sector13 Khanda Colony,1.0,0.0,0,0,,0,1,No,0,No,0,,,0,0
8000000.0,1050.0,Kamothe,2.0,0.0,Yes,1,0,No,0,1,1,Yes,0,0,0,No,0
6000000.0,905.0,nan,2.0,0.0,Yes,1,1,No,1,1,1,1,1,0,1,1,1
8000000.0,1055.0,Ulwe,,1.0,Yes,1,0,0,0,Yes,1,1,0,0,Yes,No,0
4500000.0,980.0,Taloja,2.0,0.0,0,0,1,1,1,0,0,0,No,0,0,0,0
5900000.0,610.0,Thane West,1.0,0.0,0,1,1,0,1,,0,0,0,0,0,1,0
8700000.0,900.0,Thane West,2.0,0.0,,1,0,0,0,1,1,,No,0,,0,1
20000000.0,1070.0,Powai ,2.0,0.0,1,Yes,0,0,0,1,1,Yes,0,0,1,,1
3588000.0,690.0,Sector 23 Ulwe,1.0,1.0,1,1,,Yes,1,Yes,1,1,1,1,0,1,No
9700000.0,1098.0,nan,2.0,1.0,,,0,0,0,1,,0,0,No,0,No,1
11000000.0,1050.0,Kurla West,2.0,0.0,0,0,0,0,0,No,0,0,0,0,0,0,0
3500000.0,670.0,Nalasopara East,1.0,0.0,0,1,0,0,0,1,,0,0,No,0,0,0
12700000.0,,Sector 15 Kharghar,2.0,0.0,0,0,Yes,1,1,0,0,0,,0,0,No,0
42500000.0,1305.0,Bandra East,2.0,,1,1,1,1,,1,1,1,1,Yes,1,1,Yes
4500000.0,,Byculla,1.0,,0,0,0,No,0,0,0,No,0,No,0,0,0
9300000.0,1240.0,Kharghar,2.0,0.0,1,1,,0,1,1,1,Yes,1,1,0,1,1
19500000.0,1300.0,Thane West,3.0,1.0,1,1,,0,0,1,Yes,Yes,0,0,1,1,1
16299999.0,1145.0,Malad West,,1.0,1,1,,0,1,1,1,No,1,1,0,1,1
13000000.0,1150.0,nan,,0.0,1,Yes,0,0,0,1,1,1,1,0,1,0,1
27900000.0,1656.0,Goregaon West,3.0,0.0,1,1,,1,Yes,Yes,1,1,Yes,1,0,,1
,890.0,Andheri  West,2.0,1.0,1,1,0,0,No,Yes,No,1,0,0,Yes,0,0
12000000.0,600.0,Powai ,1.0,0.0,1,1,0,0,No,,1,Yes,,0,1,0,1
,,Chembur,1.0,0.0,1,1,1,Yes,1,0,,No,0,0,0,0,0
14500000.0,1655.0,Kharghar,3.0,0.0,0,0,1,1,1,No,0,0,0,No,,0,
3650000.0,665.0,Dronagiri,1.0,1.0,0,,1,,,1,0,0,0,0,0,0,0
56000000.0,2200.0,Wadala East Wadala,3.0,0.0,0,1,1,1,1,0,0,0,1,0,0,0,0
7800000.0,660.0,Airoli,1.0,0.0,0,0,0,0,0,0,0,0,0,0,0,0,0
6700000.0,950.0,Mira Road East,,0.0,,1,1,0,0,1,0,Yes,0,No,1,,0
12800000.0,1800.0,Thane West,3.0,1.0,1,1,No,0,0,1,Yes,1,,No,1,0,1
16500000.0,840.0,Kandivali West,2.0,0.0,0,1,0,0,0,0,No,1,0,0,,,0
14000000.0,900.0,Seawoods,2.0,0.0,0,,1,,1,0,0,0,0,0,0,1,0
52500000.0,1144.0,nan,3.0,0.0,0,0,1,Yes,1,0,No,0,0,0,0,0,0
5650000.0,780.0,Mira Road East,1.0,1.0,0,1,No,0,0,1,1,1,0,No,1,0,1
9000000.0,1171.0,Kopara,2.0,0.0,1,,1,0,0,No,0,0,0,,0,0,No
5000000.0,647.0,Kalwa,1.0,0.0,0,1,0,0,0,0,0,0,,No,0,,0
4900000.0,580.0,Mira Road East,1.0,0.0,0,1,,0,0,,0,Yes,0,0,0,0,0
9000000.0,1200.0,Kalyan West,2.0,0.0,1,,No,0,0,1,0,0,0,0,No,0,0
18500000.0,1200.0,borivali West,2.0,0.0,0,No,0,0,0,0,0,0,,0,Yes,0,0
,742.0,borivali West,,0.0,0,0,0,,No,0,0,No,,0,0,0,0
4600000.0,650.0,Kalamboli,1.0,1.0,0,1,0,0,0,0,,0,0,0,No,0,0
39100000.0,707.0,Khar,2.0,1.0,1,1,No,0,0,1,1,,0,,0,1,1
11500000.0,1340.0,Mira Road East,3.0,1.0,Yes,1,1,0,,1,1,1,1,No,0,Yes,1
6200000.0,480.0,Dahisar,1.0,0.0,No,0,0,0,0,0,0,No,0,0,0,No,0
3110000.0,715.0,Virar,1.0,0.0,1,1,0,0,1,,,1,1,1,No,0,0
32000000.0,3205.0,Kharghar,4.0,1.0,1,1,1,0,1,,Yes,1,1,1,1,1,
14900000.0,900.0,Vashi,2.0,0.0,0,1,1,0,Yes,1,0,0,0,No,0,No,0
42500000.0,1777.0,Goregaon East,3.0,0.0,,1,1,1,1,1,1,1,1,1,0,,1
42000000.0,1850.0,Andheri  West,3.0,1.0,1,1,0,0,0,,1,0,0,0,1,0,1
38100000.0,1596.0,Malad West,3.0,1.0,1,0,0,0,No,1,0,0,No,No,0,0,1
11500000.0,,Mira Road East,3.0,1.0,1,1,1,,1,,1,1,1,1,0,1,Yes
42500000.0,1350.0,Ville Parle West,,0.0,,1,No,0,,1,No,1,0,0,1,0,
4170000.0,850.0,nan,2.0,0.0,,0,0,No,0,,1,0,0,0,0,0,0
,560.0,Nalasopara West,1.0,1.0,0,1,,0,0,1,0,0,,No,No,0,No
9400000.0,1200.0,Kharghar,,0.0,1,1,1,1,Yes,1,1,1,1,No,0,Yes,1
153600000.0,3200.0,worli sea Fase,5.0,0.0,,1,1,1,0,0,0,,1,0,0,No,0
4150000.0,650.0,Ulwe,1.0,0.0,No,Yes,1,No,Yes,0,0,0,0,0,1,,0
3853000.0,860.0,Neral,2.0,1.0,0,1,0,,0,1,0,,,0,0,0,0
3500000.0,900.0,Thane,2.0,1.0,1,1,1,Yes,1,1,1,Yes,1,Yes,Yes,1,
50000000.0,1150.0,matunga east,,0.0,1,1,No,No,0,1,0,0,0,0,Yes,0,0
13500000.0,1140.0,Thane West,3.0,1.0,Yes,1,1,Yes,1,1,,1,1,Yes,0,1,1
29000000.0,980.0,Dahisar,2.0,0.0,0,1,1,1,1,No,0,0,0,0,0,0,No
18500000.0,1285.0,Chembur,,0.0,0,1,0,0,0,No,No,0,0,0,0,0,0
16000000.0,1650.0,Ulwe,3.0,1.0,0,Yes,0,,0,1,0,1,0,No,No,0,1
25000000.0,675.0,Matunga,1.0,0.0,0,1,1,0,No,,0,1,0,0,1,,No
4200000.0,690.0,Dronagiri,1.0,1.0,0,1,1,1,1,0,0,No,,0,1,1,
3400000.0,450.0,Kandivali West,1.0,0.0,0,1,0,,0,1,,0,0,0,Yes,0,No
14900000.0,698.0,Wadala East Wadala,1.0,0.0,1,1,,1,1,0,0,0,0,0,0,0,0
8500000.0,700.0,Malad West,1.0,1.0,Yes,Yes,0,Yes,1,Yes,0,1,1,0,0,1,Yes
12000000.0,1026.0,Thane West,2.0,0.0,1,1,0,0,0,1,1,1,0,0,1,0,1
14000000.0,1016.0,Sector 18 Kharghar,2.0,0.0,1,,1,0,1,0,No,0,1,0,0,,1
38000000.0,1690.0,Goregaon East,2.0,0.0,1,1,1,0,No,Yes,1,1,1,0,0,1,1
4100000.0,340.0,Kandivali West,1.0,0.0,0,0,No,0,0,0,0,0,0,0,0,0,0
8527000.0,597.0,Mira Road East,,1.0,0,0,0,0,0,0,No,,No,0,0,0,0
9900000.0,784.0,nan,2.0,1.0,1,1,,0,0,1,1,1,1,,,0,Yes
40000000.0,1850.0,Seawoods,3.0,0.0,1,1,1,0,1,Yes,1,,0,0,0,1,1
3700000.0,710.0,Nala Sopara,1.0,0.0,0,1,0,,No,Yes,0,0,No,0,0,No,1
22500000.0,1290.0,nan,2.0,0.0,0,0,0,0,No,,No,0,0,0,0,0,
,1206.0,Thane West,,0.0,1,1,0,No,0,1,Yes,Yes,0,0,1,0,Yes
145000000.0,3320.0,Yari Road,5.0,0.0,0,1,Yes,Yes,0,0,0,0,1,0,0,0,0
2865000.0,675.0,Badlapur East,1.0,1.0,0,1,1,0,1,0,No,0,0,0,0,0,0
,1086.0,Wadala,3.0,1.0,1,1,0,0,No,,1,Yes,1,1,No,1,1
19400000.0,,Powai ,2.0,,,Yes,1,0,1,1,Yes,1,Yes,1,1,1,1
18200000.0,1500.0,Kandivali West,3.0,0.0,1,1,1,0,1,1,1,1,Yes,1,,1,1
70000000.0,,Marine Lines,3.0,,1,Yes,1,1,Yes,1,Yes,1,1,1,1,1,1
,900.0,borivali West,2.0,0.0,0,1,Yes,1,,1,0,Yes,No,0,1,0,0
3050000.0,565.0,Panvel,1.0,0.0,0,0,0,0,1,1,0,1,1,,0,0,0
9000000.0,1050.0,Ulwe,2.0,0.0,1,Yes,1,No,1,1,1,1,1,0,1,,0
3800000.0,556.0,Naigaon East,2.0,,1,,1,1,1,1,1,1,1,No,0,Yes,0
12000000.0,1210.0,Kolshet Road,2.0,0.0,1,1,1,1,1,0,1,0,1,0,1,0,No
25000000.0,1440.0,Kandivali West,3.0,1.0,1,1,1,1,Yes,1,1,Yes,Yes,1,0,1,Yes
3200000.0,,Kalyan West,,0.0,1,Yes,No,0,,1,1,1,1,0,No,1,1
32100000.0,1400.0,Chembur,3.0,0.0,1,1,1,1,1,0,0,,0,0,0,0,No
4500000.0,450.0,Thane West,,1.0,1,1,1,0,Yes,0,0,1,1,0,No,0,0
78700000.0,2300.0,nan,3.0,1.0,,1,0,0,0,1,1,1,0,0,0,,1
16000000.0,1600.0,Kharghar,,0.0,1,1,1,1,1,1,1,Yes,1,1,0,1,Yes
7900000.0,965.0,Mira Road East,2.0,1.0,1,,Yes,0,1,1,1,,1,No,No,1,Yes
8000000.0,1200.0,Panvel,1.0,1.0,0,0,0,0,,0,0,0,No,0,0,No,0
6700000.0,670.0,Thane West,1.0,0.0,0,0,,0,0,0,0,0,0,0,0,0,0
15000000.0,1400.0,Majiwada thane,3.0,0.0,0,0,1,1,No,0,0,0,1,0,0,0,0
,900.0,borivali East,2.0,0.0,0,1,1,0,Yes,No,0,0,1,0,1,No,0
31000000.0,2150.0,Vasant Vihar,3.0,0.0,1,1,1,1,1,0,1,0,1,0,Yes,0,0
,500.0,borivali West,1.0,0.0,,1,,0,,No,0,0,No,No,0,0,0
8700000.0,1200.0,Panvel,2.0,1.0,1,0,,,0,1,0,0,0,1,0,1,1
2100000.0,410.0,Kurla West,1.0,0.0,1,1,0,0,,1,0,0,0,0,1,,0
17500000.0,1600.0,nan,3.0,0.0,1,1,1,0,1,0,1,0,No,No,0,1,
30000000.0,1200.0,Andheri  East,,0.0,,1,1,0,1,1,1,1,1,1,1,1,1
36500000.0,1950.0,Andheri  East,3.0,0.0,,0,No,0,0,0,0,0,0,0,0,0,
5500000.0,1050.0,Taloja,2.0,0.0,0,1,1,0,1,0,1,1,0,0,0,Yes,0
16000000.0,1150.0,Goregaon West,2.0,0.0,Yes,1,,0,1,0,Yes,0,0,0,0,1,1
7600000.0,1050.0,Ulwe,2.0,0.0,No,1,0,0,,No,0,1,0,0,0,No,0
8500000.0,1115.0,Kharghar,2.0,0.0,1,1,1,,1,1,1,1,0,1,0,1,1
12400000.0,673.0,Kolshet Road,2.0,0.0,0,0,Yes,1,1,No,0,0,0,0,0,,0
2950000.0,550.0,Vasai,1.0,0.0,0,0,0,0,,0,0,0,0,0,0,0,0
9200000.0,1165.0,Ulwe,2.0,0.0,,Yes,1,0,1,,1,,1,1,1,,Yes
5100000.0,760.0,nan,,,0,0,0,0,0,0,,0,0,,,0,0
8000000.0,1098.0,Dombivali,1.0,0.0,1,,1,0,0,1,1,1,0,0,0,0,1
17400000.0,624.0,Chembur,2.0,1.0,1,,,0,0,Yes,1,1,,0,,0,1
2465000.0,700.0,Shirgaon,1.0,1.0,0,0,0,0,0,,0,0,0,No,0,0,0
2550000.0,585.0,Nala Sopara,1.0,0.0,0,1,Yes,1,1,1,1,0,1,1,0,1,0
12500000.0,1000.0,Mulund West,2.0,0.0,0,0,0,0,0,0,No,0,,0,No,0,0
17200000.0,1100.0,Thakur complex,2.0,0.0,0,1,1,Yes,Yes,0,0,0,No,0,No,0,0
11000000.0,1415.0,Kharghar,3.0,0.0,1,Yes,1,1,,1,1,Yes,1,1,0,1,Yes
33500000.0,777.0,Matunga,2.0,0.0,,1,0,0,0,Yes,0,Yes,0,0,1,0,0
4584000.0,535.0,Virar,2.0,1.0,0,1,0,0,No,,0,0,1,0,,No,0
5199000.0,880.0,Vasai West,2.0,0.0,No,,0,0,0,0,0,No,0,0,0,0,0
21400000.0,1101.0,Malad West,3.0,1.0,0,0,0,0,0,0,1,0,0,0,0,0,0
11000000.0,644.0,nan,1.0,0.0,1,1,1,0,Yes,1,1,1,0,0,Yes,1,
4425000.0,418.0,Virar,2.0,1.0,No,0,No,No,0,0,Yes,,1,1,0,,1
5300000.0,933.0,Kalyan West,2.0,1.0,0,1,0,0,0,1,0,0,0,0,1,0,0
2077000.0,620.0,Badlapur West,1.0,1.0,1,1,Yes,No,1,0,0,0,0,0,0,0,0
,950.0,nan,2.0,1.0,1,Yes,0,0,0,1,1,,0,0,1,0,1
25000000.0,1950.0,Nerul,3.0,0.0,,1,Yes,1,1,0,1,0,0,,0,No,0
10000000.0,,Thakur Village,1.0,0.0,0,Yes,1,1,1,,0,,0,0,No,0,0
50000000.0,7000.0,nan,6.0,0.0,0,0,1,Yes,1,No,0,0,0,,0,0,0
9500000.0,812.0,Panvel,2.0,1.0,1,,1,,,1,1,Yes,1,,0,Yes,1
4250000.0,635.0,nan,,0.0,1,1,0,0,0,1,1,Yes,0,0,0,0,1
7000000.0,900.0,Sector 11 Kharghar,2.0,0.0,0,,,,Yes,0,No,0,0,,No,0,0
2582000.0,670.0,Titwala,1.0,1.0,0,1,0,0,0,1,0,1,0,0,0,0,
5800000.0,1025.0,taloja panchanand,2.0,0.0,,1,1,1,1,No,No,0,Yes,0,,,
12100000.0,1600.0,Kharghar,3.0,1.0,1,1,Yes,1,,0,1,1,Yes,1,0,1,1
4275000.0,950.0,Virar,,1.0,1,1,Yes,0,,1,1,1,No,Yes,No,1,1
45500000.0,1620.0,Parel,3.0,1.0,1,1,0,0,1,1,1,,1,1,,1,1
19500000.0,1400.0,CBD Belapur East,3.0,0.0,1,,1,No,0,0,0,No,0,0,0,0,1
21600000.0,1264.0,Malad East,2.0,1.0,1,Yes,1,1,1,1,1,1,1,1,0,1,1
16500000.0,1600.0,Kharghar,,0.0,1,1,1,0,1,,1,0,0,0,0,1,1
29200000.0,909.0,Seven Bunglow,2.0,0.0,0,0,1,0,1,0,0,0,,0,0,0,0
4450000.0,455.0,nan,1.0,0.0,0,,1,1,0,No,0,No,,,0,0,
11500000.0,1026.0,Dahisar East,2.0,0.0,1,Yes,No,0,0,Yes,1,Yes,0,0,1,0,1
8200000.0,900.0,Ghansoli,2.0,0.0,,0,No,0,0,0,0,0,0,0,,0,
5200000.0,,Ulwe,1.0,0.0,0,0,0,0,0,0,0,0,0,0,0,0,0
20500000.0,908.0,Kandivali West,2.0,1.0,0,1,1,0,No,0,0,0,1,0,1,0,0
15500000.0,1450.0,Kharghar,3.0,0.0,1,1,0,0,0,1,1,1,0,No,0,0,Yes
27900000.0,1865.0,Bhandup West,3.0,1.0,Yes,0,1,0,1,Yes,0,0,1,Yes,0,1,Yes
39000000.0,1147.0,Andheri  West,3.0,1.0,1,1,0,No,,1,1,1,1,Yes,0,0,1
9600000.0,1083.0,Kharghar,2.0,0.0,0,1,1,1,1,0,0,0,0,0,1,0,No
6200000.0,1135.0,Ulwe,2.0,1.0,0,,,1,1,0,,,0,0,1,No,No
9600000.0,633.0,Mira Road East,3.0,1.0,Yes,1,1,0,1,1,Yes,Yes,1,1,0,1,Yes
9100000.0,1185.0,nan,3.0,1.0,0,1,0,No,0,0,No,1,0,No,1,0,
11600000.0,1230.0,Kharghar,2.0,1.0,1,Yes,1,0,Yes,1,1,1,1,1,0,1,1
,859.0,Andheri  East,3.0,1.0,1,Yes,1,No,,1,1,1,1,1,0,1,1
3000000.0,,Dombivli (West),1.0,0.0,0,0,0,0,0,0,0,0,0,0,0,0,0
16299999.0,742.0,Malad West,,1.0,,1,0,No,0,1,1,1,0,0,1,0,1
16200000.0,872.0,Malad West,2.0,1.0,Yes,,0,0,0,1,1,1,0,,1,0,1
3061000.0,972.0,Badlapur East,2.0,1.0,,1,,0,,Yes,1,,,1,No,Yes,1
29000000.0,1475.0,nan,3.0,0.0,1,1,1,0,1,Yes,,,No,0,Yes,1,1
4000000.0,680.0,Karanjade,,0.0,0,1,0,0,0,,0,0,No,,0,0,
6000000.0,885.0,Shilphata Road Thane,2.0,0.0,1,1,1,0,1,0,0,0,0,0,0,0,0
6500000.0,365.0,Malad West,1.0,0.0,0,0,0,,0,0,0,0,0,,0,No,0
,1850.0,Ville Parle East,3.0,,1,1,0,0,,1,0,0,No,No,1,,
17500000.0,1070.0,Chembur,2.0,0.0,,0,1,0,1,0,0,0,0,0,0,0,No
,970.0,nan,2.0,0.0,1,Yes,,0,1,1,1,1,,0,1,1,1
25500000.0,3000.0,Sector-3 Ulwe,5.0,0.0,No,1,1,1,1,0,No,0,0,0,0,0,0
22500000.0,1196.0,Dahisar,3.0,0.0,1,,1,No,1,1,1,1,1,,,Yes,1
14500000.0,890.0,Dahisar,2.0,0.0,0,No,0,No,0,0,,0,0,No,0,No,0
23500000.0,,borivali West,3.0,0.0,No,No,0,,0,,0,0,No,No,0,No,0
6900000.0,1400.0,Panvel,2.0,0.0,1,1,1,0,1,1,1,Yes,1,1,1,1,1
60000000.0,1100.0,Central Avenue,3.0,0.0,0,,1,1,,0,No,0,,0,No,0,0
11800000.0,984.0,nan,2.0,1.0,1,,0,0,0,1,1,1,0,0,0,0,Yes
8500000.0,580.0,Dahisar East,1.0,1.0,,No,0,0,0,0,0,No,0,0,0,0,No
16000000.0,1250.0,borivali East,2.0,0.0,1,1,1,1,1,1,1,1,Yes,1,0,1,1
17500000.0,1200.0,Kandivali East,3.0,0.0,0,1,0,0,No,1,0,Yes,0,0,1,0,No
8500000.0,920.0,Ulwe,,1.0,0,1,No,0,0,No,0,0,0,,0,0,
18500000.0,,Saki Naka,3.0,0.0,0,1,1,Yes,1,0,0,,1,0,No,0,1
2300000.0,425.0,Bandra East,1.0,0.0,,Yes,0,0,0,,1,0,0,0,1,0,No
3700000.0,620.0,Ulwe,1.0,1.0,0,1,0,0,0,0,0,1,0,No,No,0,0
3700000.0,1025.0,Badlapur East,2.0,1.0,1,1,0,0,No,Yes,Yes,,,1,0,1,Yes
13200000.0,885.0,Mira Road East,3.0,1.0,1,1,1,1,1,1,,1,1,,0,1,Yes
2300000.0,650.0,Ambernath East,1.0,1.0,1,1,0,0,0,1,1,1,0,0,0,,0
29000000.0,1543.0,Wadala East Wadala,3.0,0.0,1,1,,1,Yes,No,0,No,0,,No,0,0
45000000.0,1717.0,Prabhadevi,3.0,1.0,Yes,0,0,0,0,1,0,0,0,0,0,0,0
10700000.0,675.0,Chembur East,1.0,0.0,1,,,Yes,1,0,0,0,0,0,,0,0
3600000.0,615.0,Nala Sopara,1.0,0.0,0,1,1,0,1,1,0,1,Yes,0,0,1,0
26000000.0,1840.0,borivali East,3.0,0.0,1,1,1,,1,1,1,Yes,1,1,0,,1
,810.0,Andheri  West,2.0,1.0,1,1,No,,0,1,,Yes,,0,1,0,
19400000.0,1810.0,nan,,1.0,1,1,1,,1,1,1,0,1,1,1,1,Yes
7400000.0,,Kalyan West,2.0,,1,1,,0,0,1,1,Yes,0,0,1,0,Yes
47900000.0,1043.0,Parel,3.0,0.0,,1,1,0,,1,,1,1,1,0,Yes,1
85000000.0,3733.0,Andheri  West,4.0,0.0,1,1,1,0,,1,1,Yes,Yes,,1,1,1
7998999.0,1080.0,Kalyan West,2.0,0.0,0,1,0,0,0,1,0,0,,0,0,0,0
9500000.0,,Kamothe,2.0,0.0,0,0,1,1,1,0,0,0,0,0,0,0,0
29000000.0,1350.0,Chembur East,3.0,0.0,1,1,1,Yes,1,0,0,No,0,0,,0,0
16000000.0,900.0,Andheri  East,,0.0,0,0,0,0,0,No,No,0,,0,0,0,0
11500000.0,1182.0,Kharghar,2.0,0.0,0,0,Yes,1,1,0,0,0,0,0,0,,0
26000000.0,1350.0,Kandivali East,3.0,0.0,1,1,1,0,1,1,1,1,No,0,,1,1
7548000.0,950.0,Panvel,2.0,1.0,1,1,0,0,0,1,1,1,0,0,0,0,1
,905.0,Goregaon West,2.0,1.0,1,0,0,,0,,No,0,1,0,0,1,Yes
21500000.0,1250.0,Seawoods,1.0,0.0,Yes,,1,0,,1,,1,,0,0,Yes,1
6250000.0,625.0,Sector 18 Kamothe,1.0,0.0,0,0,1,1,1,0,0,0,No,0,0,0,0
8975000.0,460.0,Panvel,2.0,,1,1,No,0,1,1,,1,1,,0,Yes,1
4150000.0,910.0,Virar,2.0,1.0,1,1,,0,,1,1,1,1,1,0,Yes,1
9200000.0,556.0,Bhandup West,1.0,0.0,0,0,1,0,No,1,No,0,0,0,0,0,
9200000.0,696.0,Malad East,,0.0,0,1,0,0,0,0,0,0,0,0,0,0,0
21100000.0,1200.0,nan,2.0,0.0,1,1,,Yes,1,1,1,1,1,1,0,1,
2599000.0,334.0,Thane West,1.0,0.0,1,1,1,0,Yes,1,1,1,1,No,0,1,1
7500000.0,500.0,Dahisar West,1.0,0.0,0,0,No,,0,0,,0,0,0,1,0,0
28800000.0,963.0,Mulund West,3.0,1.0,1,1,,0,1,1,1,1,1,1,No,1,1
5200000.0,500.0,Kalwa,1.0,0.0,0,1,0,0,0,1,0,0,0,0,0,No,0
18500000.0,1202.0,Goregaon,2.0,1.0,1,1,,0,1,,1,1,1,1,0,1,1
9500000.0,1975.0,Vasai West,3.0,0.0,No,0,0,,0,0,0,0,0,0,0,0,0
2350000.0,430.0,Badlapur East,1.0,0.0,,1,Yes,1,0,0,0,0,Yes,0,No,0,0
3999000.0,890.0,Virar,2.0,1.0,1,1,1,0,1,1,1,0,0,,0,1,1
27000000.0,1601.0,Malad West,3.0,1.0,0,,1,1,0,1,0,1,Yes,0,,0,No
51500000.0,1170.0,Matunga,3.0,0.0,0,No,0,0,0,0,0,0,No,0,0,0,0
5500000.0,675.0,Ulwe,1.0,0.0,No,0,0,0,0,0,0,0,0,0,0,0,0
23000000.0,1250.0,Chembur,3.0,1.0,0,1,0,0,0,,0,Yes,0,0,1,0,0
14000000.0,750.0,borivali West,2.0,0.0,No,,0,0,No,0,0,0,0,0,1,0,0
10600000.0,,nan,1.0,0.0,1,Yes,Yes,0,1,1,1,1,0,0,Yes,1,
33000000.0,1245.0,Wadala,3.0,0.0,1,Yes,1,No,,1,1,1,Yes,0,Yes,Yes,1
28500000.0,3500.0,Kharghar,4.0,0.0,,1,0,0,0,1,1,1,0,0,1,0,Yes
11900000.0,698.0,Mira Road East,3.0,1.0,1,1,1,0,1,0,,0,Yes,0,No,1,1
7100000.0,700.0,Koper Khairane,2.0,0.0,1,1,Yes,1,1,0,1,0,0,No,0,0,0
2300000.0,450.0,Kanjurmarg East,1.0,0.0,1,,0,0,No,Yes,1,0,0,No,1,0,0
22500000.0,1700.0,borivali West,3.0,0.0,1,,0,0,,Yes,1,,0,1,0,1,0
3600000.0,750.0,Nala Sopara,1.0,0.0,0,1,1,0,,1,0,1,1,0,,Yes,
16000000.0,1350.0,Sector 17 Ulwe,2.0,,1,0,1,,1,,,0,0,0,0,0,
3900000.0,999.0,Boisar,2.0,1.0,1,Yes,0,0,0,Yes,1,Yes,1,0,0,0,1
7800000.0,1005.0,Kamothe,2.0,,Yes,1,1,Yes,1,0,,0,No,0,0,0,0
2100000.0,245.0,Mira Road East,1.0,1.0,0,0,Yes,No,1,0,0,No,1,No,1,0,0
32000000.0,1950.0,Goregaon,3.0,1.0,1,1,,Yes,1,1,Yes,,1,1,0,1,1
6600000.0,,nan,,,1,1,1,1,1,0,1,0,0,0,0,0,0
8500000.0,600.0,Seawoods,1.0,0.0,0,1,0,0,Yes,0,0,0,0,0,1,0,No
4700000.0,478.0,Kalwa,1.0,0.0,No,1,0,No,0,1,0,0,0,No,0,No,0
22000000.0,1590.0,Kharghar,3.0,0.0,1,Yes,1,1,1,1,1,1,0,1,0,Yes,1
12900000.0,576.0,Chembur,2.0,1.0,0,0,No,0,0,0,0,0,0,No,0,0,0
3500000.0,300.0,Jogeshwari East,1.0,0.0,No,1,0,No,0,No,0,0,0,0,0,No,0
6500000.0,,borivali West,1.0,0.0,0,,0,0,0,0,No,1,0,0,1,0,0
40000000.0,2100.0,Kharghar,4.0,0.0,0,1,1,Yes,,0,No,,No,0,0,0,No
7500000.0,767.0,Mira Road East,2.0,1.0,0,0,No,,0,0,,0,0,0,No,No,0
10500000.0,850.0,Kolshet Road,2.0,0.0,1,1,1,1,Yes,0,1,1,1,0,1,0,0
2684000.0,650.0,Titwala,1.0,1.0,0,1,0,0,0,1,,,0,,0,0,0
3500000.0,1200.0,Boisar,3.0,,1,1,0,0,0,1,1,1,1,0,0,Yes,1
40000000.0,950.0,Juhu,3.0,0.0,0,1,,0,,0,0,Yes,,No,1,No,0
33000000.0,1667.0,Kandivali East,3.0,0.0,1,1,1,1,1,Yes,1,1,1,1,Yes,1,1
6800000.0,1400.0,Panvel,2.0,0.0,Yes,1,0,0,0,1,Yes,1,0,No,1,0,1
5350000.0,850.0,Vasai east,2.0,0.0,0,1,0,0,0,1,0,0,0,0,0,0,0
2000000.0,575.0,Nala Sopara,1.0,0.0,1,1,Yes,0,1,0,1,0,0,0,0,1,Yes
,620.0,Nala Sopara,1.0,1.0,0,1,No,0,0,1,0,0,0,0,,0,0
22000000.0,1614.0,Kandivali West,,1.0,0,No,0,0,0,1,1,0,1,1,0,1,1
8700000.0,580.0,borivali West,1.0,0.0,0,1,0,0,0,0,0,0,0,,Yes,,No
3700000.0,650.0,Taloja,1.0,1.0,0,1,0,0,0,0,0,1,0,No,,No,0
47800000.0,815.0,Mahim,2.0,1.0,1,Yes,0,0,1,1,1,1,,Yes,0,1,Yes
43500000.0,1466.0,nan,4.0,,Yes,1,0,0,1,1,1,1,1,1,0,1,1
20000000.0,1164.0,Malad East,2.0,0.0,1,1,1,No,1,1,1,1,0,,0,1,1
7300000.0,500.0,Ghatkopar West,1.0,0.0,,0,0,0,,0,0,0,0,0,1,No,0
18900000.0,1350.0,Chembur,3.0,1.0,No,0,No,0,0,0,0,No,0,0,No,0,0
21000000.0,2250.0,Kharghar,4.0,,1,1,,1,Yes,,1,1,Yes,0,0,1,Yes
8500000.0,585.0,Jogeshwari West,1.0,0.0,0,,0,0,1,0,0,0,0,0,0,0,0
15000000.0,1350.0,Belapur,2.0,0.0,1,1,Yes,0,1,1,1,0,Yes,No,0,1,1
21200000.0,1412.0,Mulund,3.0,0.0,1,1,1,No,0,0,1,1,Yes,Yes,1,0,0
10500000.0,,borivali West,,0.0,0,0,0,,,0,0,No,0,0,0,0,0
14000000.0,623.0,Chembur,2.0,1.0,0,No,0,0,0,0,0,0,0,0,0,0,0
16500000.0,1250.0,nan,2.0,1.0,No,1,1,,1,0,,0,0,0,0,0,
3720000.0,930.0,Virar West,2.0,0.0,1,1,,Yes,1,0,,0,0,No,,0,0
7600000.0,1050.0,Ulwe,,0.0,No,1,0,0,No,1,0,0,0,0,0,0,0
21500000.0,1280.0,Malad East,2.0,0.0,Yes,1,Yes,1,1,1,Yes,1,,,0,,Yes
3500000.0,646.0,Palghar,3.0,1.0,0,0,No,0,No,1,1,0,0,0,0,No,Yes
27500000.0,1100.0,vile parle west,2.0,0.0,No,0,No,0,0,0,0,0,0,,0,No,0
16800000.0,1100.0,nan,2.0,0.0,1,1,0,0,0,1,1,,0,0,0,0,1
2500000.0,525.0,Nalasopara East,1.0,0.0,0,0,0,0,No,0,0,No,No,0,0,0,0
7400000.0,650.0,Thane West,1.0,0.0,1,1,1,0,1,1,1,1,1,1,1,1,1
12500000.0,1151.0,Koparkhairane Station Road,2.0,0.0,1,1,1,1,1,0,1,No,0,0,0,,0
13200000.0,1370.0,Kharghar,3.0,0.0,1,1,1,1,1,1,1,1,0,0,No,1,1
8800000.0,779.0,Kolshet Road,,0.0,,1,1,1,,0,,0,1,0,1,0,0
25600000.0,788.0,Powai ,2.0,1.0,,1,1,0,Yes,1,1,1,1,1,0,1,1
28000000.0,2470.0,Kharghar,4.0,0.0,Yes,Yes,1,1,1,1,Yes,Yes,1,1,1,1,1
16399999.0,1065.0,Kandivali East,2.0,0.0,1,Yes,0,0,0,1,1,1,0,0,1,0,1
22799999.0,1050.0,Kandivali East,2.0,0.0,1,1,0,No,0,1,1,1,0,0,1,0,1
2600000.0,560.0,Virar East,1.0,,0,0,0,No,0,0,0,0,No,,0,0,No
19000000.0,1325.0,Kandivali East,3.0,0.0,0,No,0,0,0,0,0,,No,0,0,0,0
8287000.0,1275.0,Panvel,2.0,1.0,1,1,Yes,No,1,1,,1,1,1,No,1,1
3300000.0,620.0,Nala Sopara,1.0,0.0,,No,0,,0,0,No,0,0,0,No,0,0
4500000.0,735.0,Kalyan West,1.0,0.0,,0,0,0,0,0,0,0,0,0,0,0,0
50000000.0,1800.0,Ville Parle East,3.0,0.0,,1,No,0,0,0,No,No,0,0,1,0,0
6137000.0,829.0,Bhiwandi,2.0,1.0,1,1,1,,1,1,1,1,1,1,,Yes,1
4400000.0,750.0,nan,1.0,0.0,0,1,0,0,0,1,0,Yes,0,0,0,No,0
30000000.0,3500.0,Kharghar,4.0,0.0,0,0,0,0,0,0,0,0,0,0,0,No,0
19800000.0,1130.0,Powai ,2.0,0.0,,1,1,0,1,1,1,1,1,1,1,,1
13000000.0,,Sector 18 Kharghar,2.0,0.0,1,1,1,0,1,0,,0,1,0,0,0,1
4299000.0,615.0,Thane West,1.0,0.0,1,,1,0,1,1,,1,1,0,0,1,
16800000.0,1690.0,Ulwe,3.0,0.0,1,1,0,0,0,0,1,1,0,,0,0,0
8733000.0,1335.0,Virar,4.0,1.0,1,Yes,1,,,1,1,0,0,0,0,1,
4200000.0,910.0,Virar West,2.0,0.0,0,1,No,0,0,1,0,1,0,0,0,0,0
6900000.0,685.0,Koper Khairane,1.0,0.0,1,1,1,1,1,0,1,0,0,0,0,No,0
18500000.0,1950.0,borivali West,3.0,0.0,0,0,No,0,0,0,0,0,0,0,,0,0
4425000.0,418.0,Virar,2.0,1.0,No,0,No,No,0,0,Yes,,1,1,0,,1
15700000.0,699.0,Chembur,2.0,1.0,0,0,0,No,0,0,,0,0,0,No,0,0
12500000.0,680.0,Kandivali West,2.0,1.0,0,1,Yes,0,0,0,No,1,0,,0,0,0
8700000.0,705.0,Thane West,2.0,0.0,1,1,0,0,0,1,1,1,0,,1,0,1
,1086.0,Wadala,3.0,1.0,1,1,0,0,No,,1,Yes,1,1,No,1,1
15500000.0,1250.0,Andheri  West,2.0,0.0,Yes,1,0,0,0,No,1,,,0,0,0,1
30000000.0,2000.0,Vashi,4.0,0.0,0,1,0,,No,,0,No,No,0,0,0,0
2357000.0,555.0,Virar East,1.0,1.0,0,0,0,0,0,0,No,0,0,0,0,No,0
34000000.0,1555.0,Kandivali West,3.0,0.0,1,,1,0,Yes,1,1,Yes,1,1,1,1,
5200000.0,1070.0,Dronagiri,2.0,0.0,1,1,1,1,1,1,,Yes,1,1,1,1,1
9000000.0,650.0,Kandivali East,1.0,0.0,0,1,0,0,0,1,0,0,0,0,1,0,0
9000000.0,560.0,Andheri  East,1.0,0.0,,,0,No,0,0,0,0,0,0,1,0,0
29000000.0,1404.0,Goregaon East,2.0,1.0,Yes,1,1,1,Yes,1,1,1,No,,,1,Yes
7800000.0,785.0,Mira Road East,2.0,0.0,,1,1,0,1,,1,,1,Yes,0,Yes,Yes
12000000.0,,Jogeshwari West,1.0,0.0,1,1,,0,Yes,1,0,No,No,0,No,0,No
8800000.0,1157.0,Ulwe,2.0,0.0,0,0,0,,,0,0,0,0,0,0,0,0
34000000.0,1540.0,Mira Road East,3.0,0.0,1,1,1,0,Yes,1,1,0,1,,0,1,1
33000000.0,1650.0,nan,,1.0,Yes,1,1,1,Yes,,Yes,1,1,1,1,1,
5500000.0,560.0,Kharghar,1.0,0.0,0,1,1,Yes,1,Yes,,0,1,0,Yes,0,No
6152000.0,769.0,Mira Road East,1.0,1.0,1,,1,0,Yes,1,No,0,1,0,No,1,Yes
5200000.0,340.0,Kandivali West,1.0,,,1,0,0,0,1,0,0,0,0,0,0,0
2500000.0,,Naigaon East,,0.0,0,1,0,0,0,1,0,0,0,0,0,,No
15500000.0,1435.0,Kharghar,3.0,1.0,1,1,1,1,1,,1,1,1,1,No,1,Yes
,673.0,Ambarnath,1.0,1.0,1,1,1,,Yes,1,1,,Yes,1,0,,1
3415000.0,925.0,Ambernath East,2.0,1.0,1,1,0,0,No,1,,1,0,0,,0,0
11500000.0,1450.0,Ulwe,3.0,1.0,1,1,No,0,0,1,1,1,0,No,1,,0
,1350.0,Powai ,3.0,0.0,1,,1,0,1,,1,1,Yes,1,1,1,1
4100000.0,534.0,Nala Sopara,1.0,1.0,1,Yes,Yes,,1,1,1,1,1,1,,1,No
5200000.0,685.0,nan,2.0,0.0,1,0,1,1,1,No,0,0,0,,0,0,Yes
12500000.0,996.0,Ghatkopar West,2.0,1.0,1,1,0,,0,1,1,1,0,0,0,No,No
62500000.0,,Ville Parle East,4.0,0.0,0,0,No,0,0,0,0,0,No,0,0,0,0
4000000.0,640.0,Karanjade,1.0,0.0,0,0,0,0,No,0,No,0,0,0,No,0,0
,,Virar,,1.0,1,Yes,1,No,1,1,Yes,No,,0,0,1,1
7000000.0,890.0,Mira Road East,2.0,0.0,1,1,1,Yes,0,1,1,1,1,1,0,0,1
5300000.0,600.0,nan,1.0,0.0,1,1,1,Yes,1,1,1,0,1,0,0,1,1
19500000.0,,Dattapada,3.0,0.0,0,1,1,1,1,0,0,0,No,0,0,0,0
22000000.0,1300.0,Andheri  East,3.0,0.0,0,1,0,0,1,1,,,0,0,0,0,0
2520000.0,,Virar,1.0,1.0,Yes,1,1,0,1,1,1,1,0,Yes,0,1,1
39900000.0,2500.0,borivali East,4.0,1.0,,1,0,0,,1,1,0,0,No,1,,1
8500000.0,600.0,Dahisar East,1.0,0.0,0,No,0,0,0,0,0,No,0,0,0,0,
3700000.0,,Ulwe,1.0,1.0,0,,0,0,0,0,0,No,0,0,0,0,No
40000000.0,1850.0,Chembur East,3.0,1.0,No,1,1,0,1,0,0,0,0,No,0,0,No
,950.0,Wadala East Wadala,1.0,0.0,Yes,1,1,1,Yes,0,0,0,0,0,0,0,0
13500000.0,967.0,Thane West,2.0,0.0,1,1,1,0,1,1,1,No,1,0,No,1,1
13000000.0,1455.0,nan,3.0,0.0,0,1,1,1,1,,0,Yes,0,0,0,0,0
,670.0,Thane West,1.0,1.0,1,1,1,0,Yes,1,1,1,1,0,1,Yes,0
37800000.0,1094.0,Powai ,,1.0,1,1,Yes,0,1,1,1,1,1,1,0,1,
60000000.0,1750.0,Bandra East,3.0,1.0,1,1,Yes,1,1,Yes,1,1,1,Yes,1,1,1
18000000.0,950.0,Malad West,2.0,1.0,1,,0,0,0,Yes,Yes,1,No,0,1,0,1
3979999.0,,Kalyan West,1.0,0.0,0,Yes,Yes,1,0,0,0,0,1,0,0,0,
11700000.0,1150.0,Thane West,2.0,0.0,1,1,No,0,0,,1,1,0,0,,0,Yes
9900000.0,786.0,Mira Road East,3.0,1.0,1,1,1,No,1,Yes,1,1,1,1,,1,1
,724.0,Thane West,2.0,1.0,,1,,0,1,1,1,1,1,1,,1,1
5600000.0,765.0,Thane West,2.0,0.0,1,1,1,0,1,1,1,0,1,0,0,1,1
45000000.0,1400.0,Ville Parle East,3.0,0.0,,Yes,1,0,1,0,0,0,0,0,0,0,0
9500000.0,,nan,1.0,1.0,1,1,Yes,0,Yes,1,1,1,0,0,1,1,1
3100000.0,400.0,Goregaon East,1.0,0.0,1,1,1,0,Yes,1,1,1,0,0,0,1,0
32700000.0,1309.0,Mulund West,3.0,1.0,1,0,0,0,Yes,,0,1,0,No,0,,0
3699000.0,650.0,Kalyan West,,0.0,0,1,0,,No,1,,0,0,No,0,0,0
9000000.0,,Mira Road East,2.0,1.0,,1,0,No,0,1,Yes,1,0,0,1,0,Yes
9600000.0,900.0,Kharghar,2.0,0.0,Yes,1,Yes,0,Yes,1,0,Yes,1,0,No,1,0
2300000.0,400.0,Naigaon East,1.0,0.0,,Yes,Yes,0,1,0,1,0,0,,0,1,1
13000000.0,1630.0,Kharghar,3.0,0.0,,1,1,1,1,No,,,1,,0,0,0
13500000.0,985.0,Mulund East,,0.0,1,1,0,0,0,0,,0,0,No,1,0,0
18700000.0,980.0,Kandivali West,2.0,0.0,1,1,,,0,0,1,1,0,,,0,0
8300000.0,1256.0,nan,2.0,0.0,1,1,1,1,,0,0,No,0,0,0,No,0
9000000.0,1031.0,Kharghar,2.0,0.0,1,1,0,0,0,1,0,1,0,0,0,0,0
6400000.0,1180.0,Mira Road and Beyond,2.0,0.0,1,No,1,Yes,1,No,0,0,0,No,0,0,
,915.0,Andheri  East,2.0,0.0,1,1,1,1,1,1,1,1,1,1,1,1,1
5100000.0,1511.0,Ulwe,3.0,,1,No,1,1,1,0,0,0,No,0,0,0,1
2225000.0,595.0,Ambernath East,1.0,1.0,0,1,1,,1,,0,0,1,0,0,0,0
,1100.0,Goregaon West,2.0,1.0,Yes,1,No,,No,1,Yes,1,0,0,Yes,0,Yes
120000000.0,3000.0,Shastri Nagar,4.0,0.0,No,,1,0,0,Yes,0,0,1,0,0,0,0
,,Ambernath West,1.0,1.0,1,1,1,1,1,,1,Yes,,1,No,1,0
13500000.0,931.0,Thane West,3.0,1.0,1,1,0,No,0,1,1,1,0,0,0,No,1
22500000.0,1350.0,Kurla West,2.0,1.0,0,No,0,0,0,0,0,0,0,No,,No,0
35000000.0,864.0,Juhu,2.0,0.0,,1,0,0,0,0,0,0,0,,0,No,No
2057000.0,605.0,Boisar,,1.0,1,0,Yes,0,1,1,Yes,1,1,1,0,Yes,1
38000000.0,1850.0,Andheri  West,3.0,1.0,1,Yes,1,0,1,1,1,1,1,1,1,1,1
3500000.0,600.0,Naigaon East,1.0,0.0,0,1,0,0,,1,0,1,1,No,0,1,No
2550000.0,560.0,Nala Sopara,1.0,0.0,0,1,,0,0,1,0,0,,0,0,0,0
32500000.0,1130.0,Ville Parle East,3.0,0.0,0,No,0,0,No,0,0,0,0,0,,0,0
30000000.0,1550.0,Malad West,3.0,0.0,1,1,,No,1,1,0,1,0,Yes,,1,1
6419000.0,655.0,Mira Road East,1.0,0.0,1,1,Yes,0,,Yes,1,1,Yes,0,0,1,1
10500000.0,,Thane West,2.0,0.0,Yes,1,0,0,,1,1,1,No,0,1,0,
4517000.0,500.0,nan,1.0,1.0,1,1,0,0,0,1,1,1,,0,No,0,Yes
4100000.0,910.0,nan,2.0,1.0,1,1,No,0,No,,1,1,0,No,No,0,
22000000.0,1150.0,nan,3.0,1.0,1,1,0,0,0,1,Yes,1,,1,Yes,,1
6850000.0,1050.0,Ulwe,2.0,0.0,0,Yes,1,0,1,0,0,0,0,0,1,1,0
4500000.0,920.0,Dombivali East,2.0,,0,1,0,0,No,0,0,0,0,0,0,No,0
,1295.0,Andheri  West,3.0,,,No,0,0,0,0,0,0,0,0,0,0,
35000000.0,,Bandra East,2.0,0.0,1,Yes,0,0,,Yes,1,1,1,0,Yes,0,Yes
6100000.0,1035.0,Karanjade,2.0,1.0,1,1,0,0,0,0,0,No,0,0,0,No,0
,550.0,Thane West,,0.0,1,1,1,0,1,1,1,1,1,0,1,1,1
18800000.0,1350.0,Malad West,3.0,,1,1,1,1,1,1,Yes,1,No,1,1,,1
2700000.0,450.0,Ulwe,1.0,0.0,0,0,0,No,0,0,,0,0,0,0,0,0
18800000.0,1450.0,Kandivali West,2.0,0.0,Yes,0,No,1,,1,1,0,0,,0,0,1
10600000.0,650.0,Kanjurmarg,1.0,1.0,1,Yes,0,0,Yes,1,1,1,1,Yes,1,Yes,1
7000000.0,1000.0,Kamothe,2.0,0.0,1,1,1,1,Yes,0,1,0,0,,0,0,0
,1820.0,Jogeshwari East,2.0,0.0,1,1,1,0,Yes,,Yes,1,Yes,0,0,1,1
12000000.0,1560.0,Kalyan West,,,1,1,0,0,0,1,No,1,0,No,0,No,No
17500000.0,1120.0,Kandivali East,2.0,0.0,1,1,,0,Yes,Yes,1,1,0,0,0,1,1
5599000.0,905.0,Thane West,2.0,0.0,1,1,,0,1,1,1,1,1,0,No,1,1
20500000.0,,Malad East,3.0,1.0,1,1,1,0,1,0,No,No,Yes,0,0,0,Yes
2600000.0,360.0,Bhayandar East,1.0,0.0,0,0,1,0,0,,0,0,0,,0,0,No
4000000.0,680.0,nan,1.0,1.0,1,1,0,0,1,,1,1,1,1,0,,
7400000.0,650.0,nan,1.0,1.0,1,1,1,0,Yes,1,0,Yes,No,No,No,1,0
9800000.0,1165.0,Ulwe,2.0,0.0,0,0,0,0,0,0,0,0,0,0,0,0,0
4900000.0,700.0,Ulwe,1.0,1.0,1,,1,1,1,1,0,0,1,Yes,0,Yes,0
11700000.0,430.0,Chembur,1.0,1.0,1,Yes,0,0,0,1,1,1,0,0,0,0,1
23500000.0,1100.0,borivali West,3.0,0.0,0,1,0,0,0,0,0,1,0,0,1,No,0
65000000.0,1200.0,Churchgate,2.0,,0,1,0,0,0,No,0,0,0,0,0,,0
8000000.0,1140.0,Ulwe,2.0,0.0,1,1,1,0,1,1,1,0,1,0,0,1,0
6850000.0,989.0,Kharghar,,0.0,1,1,1,Yes,1,Yes,1,1,1,0,,1,1
25000000.0,1600.0,nan,3.0,0.0,1,1,1,0,Yes,,Yes,Yes,1,0,1,1,1
22500000.0,1281.0,nan,2.0,0.0,,1,,0,1,1,1,1,0,,0,1,1
16000000.0,1515.0,Kharghar,3.0,0.0,1,1,Yes,0,1,1,1,1,Yes,1,0,1,1
6700000.0,980.0,Kamothe,2.0,,1,,Yes,,1,0,0,0,0,No,No,0,0
3300000.0,612.0,Katrap,2.0,0.0,0,Yes,1,Yes,0,,0,,1,No,0,0,
2350000.0,610.0,Nala Sopara,1.0,,1,1,1,0,1,1,No,0,Yes,0,0,1,1
11200000.0,1130.0,Thane West,2.0,1.0,1,1,1,0,1,,1,1,1,1,1,1,1
33000000.0,740.0,Powai ,2.0,1.0,1,1,0,,0,1,1,1,Yes,0,0,0,1
5700000.0,590.0,Thane West,1.0,0.0,,0,0,0,0,1,0,0,1,0,No,0,0
4900000.0,239.0,Thane West,1.0,1.0,1,1,0,0,0,1,1,1,1,No,0,1,1
35000000.0,1400.0,Ville Parle East,3.0,0.0,0,0,0,0,0,0,0,0,,0,0,No,0
20000000.0,1400.0,CBD Belapur East,3.0,0.0,Yes,1,1,0,0,No,0,0,0,0,0,0,1
8500000.0,1048.0,Mira Road East,2.0,1.0,0,1,0,No,0,1,0,1,No,,Yes,0,No
2770000.0,655.0,Kasheli,2.0,1.0,0,1,1,0,1,1,0,0,1,,0,0,0
19100000.0,800.0,borivali West,2.0,0.0,0,0,0,0,,0,0,0,0,0,,0,0
14800000.0,1200.0,Ghansoli,2.0,0.0,1,1,,0,1,1,1,1,1,0,0,1,
,735.0,Ulwe,1.0,,1,Yes,0,,0,1,1,1,0,No,0,0,0
4200000.0,1010.0,Ambernath East,2.0,1.0,1,Yes,0,0,0,1,1,1,0,0,0,0,0
25500000.0,1151.0,Goregaon West,3.0,1.0,1,1,,0,0,1,1,1,Yes,No,No,1,1
2250000.0,590.0,Nala Sopara,1.0,0.0,1,1,1,No,1,1,1,0,Yes,No,0,Yes,1
,585.0,Nala Sopara,1.0,0.0,0,1,1,1,No,,0,1,1,0,0,0,0
4300000.0,700.0,Kharghar,1.0,,1,1,0,No,0,1,1,,0,0,1,No,0
4099000.0,850.0,Nalasopara West,2.0,0.0,0,Yes,0,0,0,Yes,,0,0,,0,0,0
16000000.0,900.0,Andheri  East,,0.0,0,0,0,0,0,No,No,0,,0,0,0,0
6426000.0,693.0,Mira Road East,1.0,1.0,1,No,0,0,,0,,0,0,Yes,No,1,1
27000000.0,1400.0,Goregaon East,3.0,1.0,1,1,0,0,No,1,1,1,0,0,0,0,1
,585.0,Mira Road East,1.0,0.0,,0,No,0,0,1,No,1,0,0,1,0,No
23400000.0,929.0,Kanjurmarg,,1.0,1,,0,0,0,1,1,0,0,,,0,1
5800000.0,1000.0,Kamothe,2.0,0.0,1,Yes,1,1,1,0,1,0,0,0,0,0,0
4500000.0,600.0,Dombivali,1.0,1.0,1,0,1,0,0,1,,,1,1,0,1,1
9300000.0,1050.0,Kharghar,2.0,0.0,,1,1,1,1,1,1,1,1,No,0,1,1
6000000.0,735.0,Kharghar,1.0,0.0,1,1,Yes,1,1,1,Yes,1,0,1,0,Yes,1
8500000.0,1100.0,Kharghar,,0.0,1,Yes,0,0,0,1,1,,0,,0,No,1
28400000.0,1733.0,Thane West,3.0,0.0,0,0,1,1,1,0,No,0,0,0,0,0,0
2300000.0,820.0,nan,2.0,0.0,1,Yes,0,No,0,1,1,No,,0,0,1,1
7500000.0,1060.0,Mira Road East,2.0,1.0,1,1,0,0,,1,1,1,1,0,1,No,No
25000000.0,,nan,2.0,1.0,1,1,0,0,No,Yes,1,1,0,0,1,0,
9500000.0,742.0,Malad East,1.0,0.0,0,1,0,0,0,No,No,0,0,No,0,0,0
7731000.0,1137.0,Mira Road East,2.0,1.0,1,1,1,0,,1,0,0,1,No,0,1,1
8200000.0,1005.0,nan,2.0,1.0,1,1,,0,Yes,1,1,Yes,1,1,0,,1
14800000.0,1600.0,Kharghar,3.0,1.0,1,Yes,1,1,1,0,1,1,1,1,0,1,Yes
2100000.0,780.0,Boisar,2.0,0.0,Yes,0,0,0,0,Yes,Yes,0,1,,0,Yes,1
6000000.0,687.0,Sector-18 Ulwe,1.0,1.0,1,Yes,1,0,,0,1,1,1,Yes,0,0,0
3400000.0,610.0,Nala Sopara,1.0,0.0,0,,,0,0,0,0,1,0,No,No,0,0
9000000.0,900.0,Thane West,2.0,0.0,,1,0,0,0,,1,1,1,1,0,1,
13400000.0,783.0,Mira Road East,3.0,1.0,1,1,1,0,1,0,1,0,1,0,0,1,1
17000000.0,999.0,Natakwala Lane,2.0,0.0,0,1,,1,1,0,0,0,,0,1,0,0
4100000.0,355.0,Kandivali West,1.0,,0,1,0,0,0,0,0,0,No,0,0,0,0
10900000.0,500.0,Kanjurmarg East,1.0,,0,Yes,0,0,No,No,0,1,0,0,0,No,0
,800.0, WORLI,1.0,0.0,0,1,1,1,1,,0,0,0,0,0,0,0
8500000.0,1120.0,Kharghar,2.0,0.0,0,0,0,0,0,0,0,0,,0,0,0,0
37400000.0,940.0,Parel,,1.0,1,1,,0,1,1,1,1,1,Yes,1,1,1
4500000.0,660.0,Kharghar,1.0,0.0,0,1,1,1,1,0,0,0,0,0,0,No,0
22200000.0,995.0,nan,3.0,0.0,0,1,1,1,1,0,0,No,0,0,0,0,0
6500000.0,580.0,Kalwa,1.0,0.0,0,0,No,0,0,0,No,,0,0,No,0,0
2600000.0,620.0,Nala Sopara,1.0,1.0,0,1,1,1,,1,1,0,1,,No,1,0
2800000.0,610.0,Nala Sopara,1.0,0.0,1,Yes,1,0,1,Yes,1,0,1,0,0,1,1
5900000.0,576.0,kolshet,1.0,0.0,0,1,1,1,1,0,0,0,0,,0,,No
14000000.0,1050.0,Thane West,2.0,1.0,1,1,1,0,1,,1,Yes,1,0,1,1,1
16200000.0,975.0,nan,2.0,0.0,0,0,0,0,0,0,0,0,0,0,,0,0
,650.0,Taloja,1.0,1.0,0,1,1,1,0,0,1,0,1,0,0,0,
14000000.0,1150.0,Kharghar,2.0,0.0,1,Yes,1,0,1,1,1,1,1,1,0,1,1
4200000.0,655.0,Kalyan West,1.0,,0,Yes,Yes,,1,,1,1,0,0,No,1,0
12500000.0,1250.0,Ulwe,2.0,1.0,Yes,1,1,0,Yes,1,,1,No,0,0,,Yes
39800000.0,2525.0,Andheri  West,4.0,0.0,1,1,1,0,1,1,1,1,1,0,1,1,
11500000.0,650.0,Patel Nagar,1.0,0.0,Yes,No,0,0,1,0,0,0,0,0,,0,1
15500000.0,1500.0,Sector-3 Ulwe,3.0,0.0,0,1,1,0,1,1,1,1,1,0,0,Yes,1
24000000.0,1452.0,Mulund West,3.0,0.0,1,1,0,0,0,0,0,1,0,0,1,0,0
19100000.0,797.0,Mulund West,2.0,1.0,1,1,1,0,Yes,0,1,1,0,0,0,1,1
12100000.0,1251.0,Kharghar,2.0,0.0,1,Yes,1,Yes,Yes,1,1,1,1,0,0,1,1
5600000.0,710.0,Mira Road East,1.0,0.0,1,Yes,1,1,,1,1,1,1,1,0,,1
39600000.0,1753.0,Thane West,4.0,1.0,,1,1,0,0,0,1,0,0,1,0,0,Yes
12000000.0,510.0,Goregaon West,1.0,0.0,0,0,0,0,0,0,0,0,0,0,0,0,
13000000.0,1050.0,Malad West,2.0,0.0,1,1,1,,1,Yes,Yes,Yes,No,Yes,1,1,Yes
28500000.0,1050.0,Andheri  East,2.0,0.0,1,1,1,No,1,1,1,1,0,0,1,,1
4200000.0,870.0,Koproli,2.0,0.0,1,No,0,0,0,0,1,0,No,No,0,,0
2350000.0,,Nala Sopara,1.0,0.0,,1,0,0,,,0,0,0,0,0,No,
55000000.0,1296.0,matunga east,3.0,0.0,1,1,0,0,0,1,0,0,0,0,1,0,0
4095000.0,910.0,Virar,2.0,1.0,Yes,1,Yes,0,Yes,1,1,1,0,1,0,1,1
43700000.0,1950.0,Chembur,3.0,,1,,1,1,1,0,0,0,,0,0,0,
3500000.0,1250.0,Naigaon East,2.0,,1,1,1,0,,Yes,1,1,1,1,0,1,1
17000000.0,830.0,Kandivali West,2.0,0.0,1,0,0,Yes,0,1,1,0,0,0,No,No,1
13700000.0,,borivali West,,1.0,1,1,0,0,0,1,0,1,0,0,0,0,0
7200000.0,860.0,Kharghar,1.0,0.0,0,0,1,Yes,Yes,0,0,No,0,0,0,No,0
,1050.0,Kharghar,,0.0,No,1,1,1,1,No,0,0,0,0,0,0,0
2900000.0,585.0,Vasai east,1.0,0.0,0,No,0,0,0,Yes,0,,0,0,0,0,0
4500000.0,690.0,Koproli,2.0,0.0,No,0,,0,0,0,,0,0,0,0,0,0
2400000.0,570.0,Boisar,1.0,0.0,0,0,0,,0,0,0,0,0,0,0,0,No
13100000.0,1140.0,Thane West,2.0,1.0,1,1,0,0,0,1,1,1,No,0,Yes,0,1
10000000.0,750.0,Ghatkopar West,1.0,0.0,0,0,No,0,0,,0,0,0,0,,0,0
11700000.0,480.0,Bangur Nagar,,0.0,0,1,1,1,1,0,0,0,,0,0,0,0
17600000.0,783.0,Chembur,,1.0,0,0,0,0,0,0,,,0,0,0,,
2300000.0,425.0,Bandra East,1.0,0.0,,Yes,0,0,0,,1,0,0,0,1,0,No
5400000.0,,Mira Road East,1.0,0.0,0,Yes,0,,0,Yes,0,1,0,0,0,,0
,675.0,Mira Road East,1.0,0.0,,1,0,0,0,1,,1,0,Yes,0,1,1
4300000.0,665.0,nan,1.0,0.0,0,0,No,0,,0,0,0,,0,0,0,
16200000.0,975.0,nan,2.0,0.0,0,0,0,0,0,0,0,0,0,0,,0,0
21000000.0,1198.0,Powai ,2.0,0.0,1,1,,0,Yes,1,1,1,1,1,0,1,1
8800000.0,1083.0,Thane West,2.0,1.0,1,1,1,0,1,1,1,1,No,Yes,0,,Yes
22500000.0,1750.0,Sanpada,3.0,1.0,0,1,1,0,1,0,0,1,1,0,1,1,0
9520000.0,1140.0,Thane West,2.0,1.0,,1,No,0,No,1,1,1,No,No,1,0,1
,1075.0,Kharghar,2.0,0.0,0,0,1,1,,0,0,0,,No,0,0,0
6800000.0,693.0,Mira Road East,,1.0,,1,0,0,0,1,0,0,0,No,0,0,Yes
2990000.0,,Naigaon East,1.0,1.0,0,1,0,0,,,,1,1,No,0,1,0
,1150.0,nan,2.0,0.0,0,1,1,1,1,0,1,0,,0,No,0,0
13500000.0,750.0,Chembur,1.0,0.0,,1,0,0,No,No,No,0,No,0,0,0,
2050000.0,513.0,Boisar,1.0,1.0,1,1,0,0,,1,1,,1,0,0,0,Yes
9500000.0,1050.0,Mira Road East,2.0,,0,1,0,0,0,Yes,0,1,0,0,Yes,0,0
5700000.0,650.0,Kharghar,1.0,0.0,0,1,1,1,1,1,1,0,1,0,0,0,0
62100000.0,1305.0,Andheri  West,3.0,1.0,1,1,1,No,1,1,,0,0,Yes,0,Yes,1
13700000.0,697.0,borivali West,2.0,1.0,,1,0,0,0,,1,1,0,No,0,0,0
3900000.0,825.0,nan,2.0,1.0,Yes,1,1,,1,,1,Yes,0,0,0,,1
,1150.0,matunga east,3.0,0.0,0,1,0,0,0,Yes,0,0,0,0,1,0,
7600000.0,975.0,Mira Road East,2.0,0.0,0,1,0,0,0,1,0,1,0,0,1,0,0
9400000.0,1250.0,Ulwe,2.0,1.0,1,Yes,0,0,0,1,Yes,Yes,0,0,1,0,1
24600000.0,1167.0,Thane West,,1.0,1,1,0,0,0,0,0,0,1,1,0,0,No
2000000.0,,Neral,1.0,1.0,0,,0,No,0,0,No,0,0,0,No,0,0
7300000.0,1149.0,Kasar vadavali,3.0,0.0,1,1,0,No,1,0,1,No,1,No,0,,1
7000000.0,400.0,Kannamwar Nagar II,1.0,0.0,,1,1,Yes,1,0,,0,0,0,0,No,0
5100000.0,945.0,Nala Sopara,2.0,,,1,1,0,Yes,1,1,,1,0,0,1,1
12600000.0,519.0,Thane West,,1.0,1,1,1,0,Yes,Yes,Yes,No,Yes,1,0,Yes,1
27500000.0,1357.0,Magathane,3.0,0.0,0,1,1,,1,0,0,0,0,0,0,0,
10000000.0,750.0,Malad West,1.0,1.0,1,1,1,0,1,1,1,1,,1,1,1,1
16000000.0,580.0,borivali West,1.0,0.0,0,1,0,No,0,Yes,0,1,No,0,Yes,0,0
4000000.0,690.0,Karanjade,1.0,0.0,No,1,0,0,,0,0,0,0,0,0,0,0
11000000.0,1160.0,Sector 10,2.0,0.0,0,0,1,,1,0,0,0,0,0,0,0,No
7950000.0,940.0,Kamothe,2.0,0.0,Yes,1,1,1,Yes,0,1,No,0,No,No,0,0
14400000.0,1086.0,Hiranandani Estates,3.0,1.0,1,1,0,0,0,Yes,1,1,No,0,1,0,1
21800000.0,999.0,Kandivali East,2.0,0.0,Yes,1,1,1,1,1,0,1,0,1,1,1,
2900000.0,324.0,Thane West,1.0,0.0,1,1,1,0,1,1,Yes,,1,0,0,1,1
7000000.0,700.0,Airoli,1.0,0.0,0,1,0,0,0,1,0,1,0,0,Yes,0,0
2500000.0,,Nala Sopara,1.0,0.0,1,1,0,0,0,,1,Yes,0,0,,No,0
6000000.0,750.0,Dombivli (West),,0.0,0,0,0,0,No,0,0,0,0,0,0,,0
10200000.0,1230.0,nan,2.0,0.0,1,1,1,0,1,1,1,0,1,0,0,Yes,
3600000.0,550.0,Vasai West,1.0,0.0,No,0,0,0,0,0,0,0,No,0,0,0,0
5700000.0,1050.0,Boisar,3.0,0.0,0,0,0,0,No,1,,0,,0,No,0,0
4500000.0,650.0,Koproli,2.0,0.0,0,0,0,0,0,0,0,0,0,0,0,0,0
15500000.0,,Kharghar,3.0,1.0,1,1,1,0,1,1,Yes,0,Yes,1,No,1,1
13000000.0,1150.0,Kharghar,2.0,0.0,1,1,1,0,1,,1,0,1,1,0,1,1
27000000.0,949.0,Chembur,3.0,1.0,1,1,No,0,0,,1,1,0,0,1,0,0
2500000.0,,Boisar,,1.0,1,Yes,0,,No,,,0,1,1,0,1,1
12700000.0,,Kandivali West,2.0,1.0,0,1,0,0,0,1,No,1,0,0,1,0,0
40000000.0,1700.0,Ville Parle East,3.0,0.0,No,1,No,0,No,0,0,No,0,0,Yes,0,0
2600000.0,505.0,Vasai east,1.0,0.0,0,0,,0,0,No,0,0,0,0,0,No,0
2500000.0,560.0,Nala Sopara,1.0,0.0,1,1,1,0,Yes,1,1,1,1,1,0,1,1
18000000.0,780.0,Kandivali West,2.0,0.0,,1,1,0,0,1,Yes,1,0,0,0,0,0
9900000.0,1150.0,Kharghar,2.0,0.0,1,1,1,Yes,Yes,1,1,1,0,0,0,1,1
55000000.0,1500.0,Juhu,3.0,0.0,0,0,0,0,0,0,0,0,0,0,0,,0
8030000.0,698.0,Mira Road East,2.0,1.0,1,Yes,Yes,1,,1,,,Yes,Yes,0,Yes,1
,1250.0,Andheri  West,2.0,1.0,,1,1,1,1,1,1,0,1,1,1,No,1
2800000.0,795.0,Boisar,2.0,0.0,0,1,0,0,0,0,0,0,0,0,0,No,
7900000.0,,Bhiwandi,3.0,0.0,1,1,1,0,1,1,Yes,,1,1,1,1,1
,1150.0,Kharghar,2.0,0.0,1,1,1,1,1,0,1,1,1,0,0,1,1
5199000.0,880.0,Vasai West,2.0,0.0,No,,0,0,0,0,0,No,0,0,0,0,0
2500000.0,594.0,Nala Sopara,1.0,1.0,Yes,1,1,1,0,1,0,1,1,0,0,0,0
17000000.0,1450.0,Kharghar,3.0,0.0,1,,0,0,0,1,1,1,0,,No,0,Yes
26800000.0,1787.0,nan,3.0,,Yes,Yes,1,No,,1,1,1,0,,1,1,0
100000000.0,3321.0,Tardeo,4.0,1.0,1,,1,Yes,Yes,1,,1,1,1,Yes,Yes,1
,910.0,Powai ,2.0,0.0,,1,1,0,0,1,Yes,1,No,No,,0,1
4350000.0,800.0,Sriprastha,2.0,0.0,0,Yes,1,1,0,0,0,0,,No,0,No,No
10500000.0,1150.0,Koper Khairane,2.0,0.0,1,1,Yes,1,1,0,Yes,0,0,0,0,0,0
10600000.0,1160.0,Thane West,2.0,,1,1,Yes,0,1,,Yes,1,1,1,0,1,1
9500000.0,575.0,borivali West,1.0,0.0,0,1,1,No,0,1,0,1,0,,0,0,0
21500000.0,1200.0,Chembur,2.0,,1,1,1,0,,1,,0,1,1,0,1,1
30000000.0,2000.0,Vashi,4.0,0.0,0,1,0,0,0,1,1,0,0,0,0,0,0
4300000.0,530.0,Panvel,1.0,1.0,1,Yes,1,No,1,Yes,1,1,1,1,0,1,1
7300000.0,735.0,Thane West,,0.0,1,1,No,0,0,1,No,1,,0,1,0,1
16299999.0,1090.0,Kandivali East,2.0,0.0,1,,1,,1,1,Yes,1,0,No,No,1,1
55000000.0,1900.0,Bandra West,3.0,1.0,1,Yes,1,,1,,0,1,0,0,1,0,0
20000000.0,1250.0,Goregaon West,2.0,1.0,1,1,No,,0,1,,Yes,No,0,1,0,1
17800000.0,1350.0,Malad West,,1.0,,Yes,1,0,,1,Yes,1,1,,1,1,1
40000000.0,2250.0,borivali West,4.0,0.0,0,1,1,0,Yes,0,0,0,0,0,0,0,0
20000000.0,1200.0,Chembur,2.0,,0,1,,0,0,0,0,No,0,0,0,0,No
8000000.0,1050.0,Kharghar,2.0,0.0,Yes,,1,1,1,0,1,1,Yes,Yes,0,1,1
17000000.0,,Kharghar,4.0,0.0,1,1,,1,1,1,,1,,0,No,1,1
8999000.0,950.0,nan,2.0,1.0,1,Yes,Yes,0,1,1,1,1,1,1,,,1
4800000.0,610.0,Kalyan West,2.0,0.0,0,,Yes,1,0,0,0,0,1,,No,0,0
2900000.0,,Malad West,1.0,1.0,0,0,0,0,No,0,0,0,No,0,0,0,0
7000000.0,650.0,Ulwe,1.0,1.0,0,0,0,No,0,0,0,0,0,0,0,0,0
2900000.0,558.0,Vasai east,1.0,1.0,0,1,1,No,1,1,0,0,1,0,0,0,No
6000000.0,373.0,Sector8 Sanpada,1.0,,,1,1,1,1,0,0,0,0,0,No,,No
,200.0,Malad West,,0.0,0,1,No,0,0,1,0,0,0,,0,0,No
5200000.0,690.0,Mira Road East,1.0,1.0,0,0,No,,No,0,0,,0,0,0,0,0
44000000.0,2580.0,Malad East,4.0,1.0,1,1,1,0,1,1,1,0,0,0,0,1,1
44300000.0,932.0,Andheri  West,2.0,1.0,1,1,Yes,0,1,1,1,0,0,1,0,1,
4300000.0,560.0,Thane West,1.0,0.0,1,1,1,0,1,Yes,1,0,,0,0,1,1
11000000.0,580.0,borivali West,1.0,0.0,No,,,0,0,,,0,No,0,1,0,0
16399999.0,1050.0,Ghatkopar West,2.0,0.0,1,1,1,0,1,1,1,1,0,1,0,1,1
3950000.0,630.0,Karanjade,1.0,1.0,0,,1,1,1,No,0,1,1,No,Yes,1,0
,2000.0,mumbai,,0.0,1,1,1,1,,0,1,0,,0,0,0,0
62800000.0,1335.0,Andheri  West,3.0,1.0,1,,,,1,Yes,1,0,,1,0,1,1
4380000.0,610.0,Kalyan West,2.0,0.0,0,0,1,1,0,0,0,0,1,No,0,0,0
8000000.0,1221.0,Kalamboli,2.0,0.0,1,1,,1,1,0,No,0,0,0,0,0,0
8600000.0,1177.0,Kamothe,2.0,0.0,1,1,0,No,0,1,1,1,No,0,0,0,0
6800000.0,543.0,Bhandup West,1.0,0.0,1,,1,0,1,0,0,0,0,0,0,1,1
,508.0,Vasant Vihar,1.0,0.0,1,1,1,1,1,0,,No,0,,,0,0
30000000.0,1200.0,Malad East,3.0,1.0,1,1,0,No,1,1,,0,1,Yes,0,1,1
3100000.0,420.0,Ulwe,1.0,0.0,No,0,0,0,0,0,0,,0,0,0,0,0
11500000.0,1240.0,Ulwe,2.0,1.0,1,1,1,1,Yes,Yes,1,,Yes,,1,1,1
11500000.0,1820.0,Kharghar,3.0,0.0,,1,1,1,Yes,1,1,,1,0,No,0,1
,1100.0,Kharghar,2.0,1.0,0,0,,0,0,0,0,No,0,No,0,0,0
27100000.0,980.0,Goregaon East,3.0,1.0,,1,0,0,0,1,Yes,1,0,,No,0,1
6100000.0,550.0,Malad West,1.0,0.0,,0,0,No,0,No,0,0,0,0,0,0,0
8000000.0,600.0,Sanpada,1.0,0.0,1,1,1,1,Yes,1,1,1,1,1,0,1,1
2999000.0,665.0,Virar,,1.0,,,Yes,0,1,1,1,0,0,0,0,1,Yes
,2600.0,Nerul,4.0,0.0,0,0,0,0,0,,0,0,0,,0,0,0
10000000.0,440.0,nan,1.0,1.0,1,1,1,1,1,0,1,0,,,0,Yes,1
8100000.0,1108.0,nan,3.0,1.0,1,1,1,1,1,Yes,1,1,1,1,0,1,1
9000000.0,1050.0,Ulwe,2.0,0.0,1,Yes,1,No,1,1,1,1,1,0,1,,0
10500000.0,680.0,Bhayandar West,1.0,1.0,No,1,,No,Yes,0,0,0,0,0,1,0,0
3200000.0,550.0,Koproli,1.0,0.0,No,No,0,0,0,0,,,0,0,0,0,No
3200000.0,785.0,Boisar,2.0,1.0,0,1,0,0,0,1,0,0,0,0,0,0,
,750.0,Chembur,2.0,0.0,0,1,0,0,0,0,0,1,,0,,0,0
9000000.0,600.0,Sanpada,,0.0,1,1,1,1,1,1,Yes,Yes,1,Yes,1,1,1
35300000.0,1962.0,Kandivali West,3.0,1.0,Yes,Yes,1,1,1,,1,1,Yes,1,,1,1
9800000.0,900.0,Panvel,2.0,1.0,1,1,,0,1,1,,1,Yes,1,0,1,1
7500000.0,,Mira Road East,2.0,1.0,0,1,1,0,1,0,0,No,0,0,No,1,0
4000000.0,350.0,Kandivali West,1.0,0.0,0,1,0,0,0,0,0,0,0,0,1,0,0
15500000.0,1130.0,Kharghar,2.0,1.0,1,1,1,1,1,No,Yes,1,1,1,0,1,1
3200000.0,950.0,Kewale,2.0,0.0,1,,0,0,0,0,Yes,0,,1,0,1,0
11000000.0,1341.0,Mira Road East,3.0,1.0,1,Yes,0,0,0,Yes,1,1,0,No,,0,No
9300000.0,750.0,Malad West,1.0,1.0,1,1,,1,1,1,1,1,,1,0,1,1
37400000.0,940.0,Parel,2.0,1.0,1,1,0,0,1,1,1,1,,1,0,1,
2548000.0,675.0,Ambarnath,1.0,1.0,1,1,1,,1,1,0,1,0,0,0,0,0
15500000.0,1047.0,nan,2.0,1.0,Yes,1,1,0,Yes,1,Yes,1,Yes,0,0,1,1
4500000.0,450.0,Mira Road East,1.0,0.0,No,1,Yes,,1,1,0,0,1,0,0,0,1
2050000.0,1000.0,ulhasnagar 4,2.0,0.0,0,0,0,0,0,No,0,0,0,0,0,0,0
15500000.0,919.0,Thane West,2.0,1.0,0,1,0,0,,1,0,0,1,1,0,1,No
30400000.0,1100.0,Bandra East,2.0,0.0,1,1,0,0,0,Yes,1,1,1,No,0,No,1
11200000.0,1532.0,Sector-8 Ulwe,3.0,0.0,0,1,Yes,1,Yes,0,0,0,0,0,0,0,No
6500000.0,,Kharghar,1.0,0.0,0,0,0,0,0,0,0,0,No,0,0,No,
17600000.0,1100.0,Chembur,2.0,0.0,0,0,1,0,1,0,,0,No,0,No,,0
3100000.0,600.0,Koproli,1.0,0.0,Yes,No,1,No,1,1,0,,0,Yes,0,1,
16299999.0,1640.0,Sector 17 Ulwe,3.0,0.0,1,1,1,1,1,0,0,0,0,0,0,No,0
5800000.0,686.0,Dombivali East,2.0,0.0,0,1,1,1,No,0,0,0,Yes,0,0,0,0
2599000.0,600.0,Dombivali East,1.0,1.0,0,1,0,0,0,1,,0,0,0,0,0,No
20500000.0,1155.0,borivali,3.0,1.0,1,1,1,0,1,1,1,1,,1,0,1,1
10500000.0,1095.0,Kharghar,2.0,0.0,1,1,1,1,1,Yes,1,Yes,1,1,0,0,1
,600.0,Santacruz West,1.0,0.0,0,1,1,0,0,No,0,1,0,0,,0,0
6500000.0,450.0,Kharodi,1.0,0.0,0,0,0,0,0,1,0,0,,No,1,0,0
7400000.0,650.0,Thane West,1.0,0.0,1,Yes,1,0,1,0,1,0,1,1,No,1,1
3700000.0,925.0,nan,1.0,0.0,No,1,1,0,0,No,0,No,0,0,0,0,No
2300000.0,445.0,Taloja,1.0,0.0,0,0,Yes,1,1,0,0,0,No,0,0,0,0
5760000.0,778.0,Vasai,2.0,1.0,0,Yes,1,Yes,Yes,1,No,0,1,0,No,0,0
13000000.0,,Andheri  East,1.0,1.0,1,1,1,,1,1,1,1,1,1,0,1,1
9500000.0,595.0,Powai ,1.0,,1,1,Yes,0,1,1,1,1,0,0,1,Yes,1
67500000.0,,Juhu,3.0,0.0,0,1,0,,No,0,0,0,0,0,0,0,0
9997000.0,1015.0,Thane West,2.0,1.0,1,1,1,0,,1,1,0,Yes,0,0,1,1
5500000.0,676.0,Kharghar,1.0,0.0,Yes,Yes,1,1,1,0,1,Yes,1,0,,Yes,1
10000000.0,1150.0,Koparkhairane Station Road,2.0,0.0,Yes,Yes,,1,1,0,1,0,0,0,0,0,0
10000000.0,,Ulwe,2.0,0.0,1,1,0,0,0,1,1,1,0,,Yes,0,No
2400000.0,450.0,Nala Sopara,1.0,0.0,0,1,0,0,0,Yes,0,No,0,0,0,,0
20299999.0,799.0,Mulund East,3.0,1.0,0,0,0,0,0,0,0,0,No,0,0,,0
9200000.0,600.0,Chembur,1.0,0.0,0,1,No,0,0,0,0,0,0,0,1,0,0
,1125.0,Vasai,3.0,1.0,1,1,1,0,1,0,1,0,0,0,0,1,1
7600000.0,500.0,Ghatkopar West,1.0,0.0,0,No,0,0,0,0,0,,0,0,1,0,0
20000000.0,1250.0,Thakur Village,2.0,0.0,0,1,1,1,1,0,0,0,0,0,0,0,0
17900000.0,1000.0,raheja vihar,,0.0,No,1,1,1,1,0,0,0,0,0,0,,No
8600000.0,608.0,Malad East,1.0,1.0,0,0,1,1,1,0,0,0,0,No,,No,0
14200000.0,1800.0,Kharghar,3.0,0.0,,Yes,Yes,,1,1,1,1,1,Yes,0,,1
3900000.0,640.0,Karanjade,1.0,,0,No,,0,,0,0,0,0,0,0,0,0
14500000.0,696.0,nan,2.0,1.0,1,1,1,0,No,0,No,1,0,0,0,0,0
,1155.0,Ulwe,2.0,1.0,0,0,0,0,,0,0,0,No,0,,0,0
12000000.0,1150.0,Ulwe,3.0,0.0,1,1,,No,1,0,1,1,Yes,,,0,0
5425000.0,619.0,Kamothe,1.0,0.0,1,1,1,1,1,0,0,No,0,0,0,0,0
18900000.0,1091.0,Chembur,,0.0,1,Yes,1,1,Yes,0,0,0,No,0,No,0,0
,1420.0,Sector 18 Kamothe,3.0,0.0,1,,1,1,1,No,0,No,0,0,0,0,1
28000000.0,1100.0,Ville Parle East,2.0,0.0,,1,Yes,0,1,0,1,0,0,No,1,0,0
,,Thane West,,1.0,1,1,0,No,,1,1,1,0,0,0,0,1
5099000.0,384.0,Mira Road East,1.0,1.0,Yes,,1,0,1,1,1,Yes,1,1,0,1,1
3000000.0,830.0,Titwala,2.0,0.0,0,0,0,0,,0,0,0,0,No,0,0,0
2330000.0,590.0,Nala Sopara,1.0,0.0,0,1,,0,,1,No,0,0,0,No,,0
,,Kharghar,1.0,1.0,,1,Yes,0,1,0,1,1,0,0,0,Yes,1
,575.0,Nala Sopara,1.0,0.0,0,,,,,1,No,,0,,0,0,No
4500000.0,585.0,nan,1.0,0.0,0,1,0,0,,No,No,0,0,0,0,0,No
6500000.0,650.0,nan,1.0,1.0,1,1,1,,1,1,1,1,1,1,,1,Yes
6500000.0,650.0,Kharghar,1.0,,0,0,,0,,0,0,0,0,0,0,0,0
8500000.0,1075.0,Ulwe,2.0,0.0,0,0,,0,0,0,0,No,0,0,No,No,0
7800000.0,960.0,Mira Road East,2.0,1.0,1,1,1,0,0,1,1,Yes,Yes,0,1,0,No
7300000.0,1149.0,Haware City,3.0,0.0,1,1,,0,0,0,1,0,1,0,0,0,1
,999.0,Thane West,2.0,0.0,1,1,1,No,1,Yes,,1,Yes,,No,,Yes
30000000.0,2950.0,Kharghar,4.0,0.0,1,1,1,Yes,1,1,0,1,1,No,0,0,1
13500000.0,1050.0,Belapur,2.0,0.0,0,1,1,1,1,,1,0,No,0,0,0,0
23500000.0,1300.0,link road borivali west,2.0,0.0,0,0,1,0,,No,,0,0,No,1,0,0
9400000.0,,Malad West,1.0,0.0,1,1,1,0,1,1,1,0,1,1,0,1,1
16000000.0,1550.0,Sector 10,,0.0,0,0,1,,1,,0,0,0,,,0,0
6200000.0,900.0,Kamothe,2.0,0.0,1,0,1,Yes,1,0,0,,,0,0,No,0
9500000.0,1025.0,nan,,0.0,1,1,Yes,1,1,1,1,1,1,Yes,0,1,1
10500000.0,625.0,Govandi,1.0,0.0,1,1,1,1,1,,0,0,0,0,0,,No
70000000.0,2500.0,Seawoods,4.0,0.0,1,1,1,1,1,,,1,1,0,,1,1
,700.0,Pant Nagar,1.0,0.0,1,Yes,1,1,1,0,0,0,0,0,0,0,0
90000000.0,5245.0,Thane West,5.0,1.0,1,1,1,0,0,Yes,,1,1,1,1,1,1
11000000.0,600.0,Goregaon West,1.0,0.0,0,No,0,0,0,0,0,0,No,0,1,0,0
28800000.0,1638.0,Wadala,3.0,1.0,1,1,1,0,1,1,1,0,1,0,0,1,1
4099000.0,588.0,Thane West,1.0,0.0,1,1,1,No,1,1,Yes,1,1,1,0,1,0
21500000.0,1500.0,Goregaon West,3.0,0.0,1,1,1,No,,0,1,0,0,0,0,1,1
,675.0,Kharghar,1.0,0.0,0,0,0,,0,No,0,No,0,0,,0,0
,750.0,Jogeshwari West,2.0,0.0,,1,,No,0,0,0,No,0,0,0,0,0
,,Ulwe,1.0,0.0,0,1,0,0,0,0,0,Yes,No,0,0,0,0
26000000.0,980.0,Powai ,2.0,0.0,1,1,0,0,0,1,1,1,0,0,1,0,1
4907000.0,755.0,Panvel,1.0,1.0,1,1,1,0,1,1,Yes,1,1,1,0,Yes,1
,700.0,Andheri  East,2.0,0.0,No,0,0,0,0,0,No,0,0,0,1,0,0
18000000.0,850.0,Mulund West,2.0,1.0,,,0,0,No,No,0,No,,0,0,0,0
2800000.0,650.0,Virar,1.0,0.0,1,1,1,0,1,0,1,No,0,,0,1,1
7500000.0,650.0,Kalwa,1.0,,1,0,1,1,1,No,0,0,0,0,No,0,
4100000.0,,Karanjade,1.0,1.0,0,1,1,1,1,0,0,Yes,1,0,0,1,0
8750000.0,792.0,Dahisar East,,0.0,,1,0,0,0,1,1,1,No,0,Yes,0,1
12500000.0,1540.0,nan,3.0,0.0,0,0,1,1,1,No,0,0,0,0,0,0,0
11000000.0,1650.0,Ulwe,3.0,0.0,1,1,1,0,,1,1,1,,0,1,,0
5200000.0,950.0,Nalasopara East,2.0,0.0,0,1,No,0,0,1,0,1,0,0,0,0,0
13899999.0,505.0,nan,1.0,1.0,1,1,0,No,No,1,,,1,1,,1,
6900000.0,440.0,Thane West,1.0,1.0,1,Yes,0,0,0,1,,1,1,0,0,1,1
45100000.0,2376.0,Wadala,3.0,1.0,1,Yes,1,0,1,1,1,0,1,0,0,1,1
15000000.0,1016.0,Chembur,2.0,0.0,0,No,1,0,1,0,0,0,0,0,0,0,0
18100000.0,1296.0,Goregaon West,2.0,1.0,1,1,1,1,1,1,1,1,Yes,1,0,1,1
5800000.0,675.0,Mira Road East,1.0,0.0,1,,1,1,Yes,1,1,1,1,1,,,1
6800000.0,710.0,Mira Road East,2.0,0.0,1,,1,0,1,1,0,0,1,0,0,,1
,600.0,borivali East,1.0,0.0,0,0,No,0,0,No,No,No,0,0,0,0,0
12000000.0,,kolshet,2.0,0.0,1,1,1,1,Yes,0,1,0,1,0,1,0,No
,1473.0,Kandivali East,,1.0,1,,1,0,1,1,1,,0,1,0,1,1
4200000.0,870.0,Koproli,2.0,0.0,1,1,1,No,1,1,Yes,0,0,0,,Yes,1
27500000.0,1250.0,Antop Hill,3.0,0.0,,1,1,Yes,1,No,0,No,0,0,0,0,0
58500000.0,1700.0,Bandra East,3.0,0.0,,1,0,0,,1,1,1,0,0,1,0,1
3500000.0,975.0,nan,2.0,0.0,1,1,1,1,1,0,0,0,0,0,0,0,No
9300000.0,,nan,2.0,1.0,Yes,Yes,1,0,,0,Yes,0,1,0,0,1,1
8950000.0,650.0,Goregaon West,1.0,0.0,1,1,1,0,Yes,1,1,1,1,1,1,1,1
4100000.0,640.0,Kalyan West,1.0,0.0,1,1,1,,1,1,1,Yes,1,0,0,1,1
33500000.0,912.0,nan,2.0,0.0,No,Yes,0,No,0,0,0,0,0,0,,0,0
2300000.0,254.0,Mira Road East,1.0,0.0,0,1,0,,1,0,0,0,0,0,No,0,No
6500000.0,686.0,Ulwe,1.0,0.0,1,0,1,1,1,0,0,0,0,0,,No,1
2435000.0,590.0,Titwala,,1.0,0,1,0,0,0,1,0,1,No,No,0,0,0
20000000.0,,nan,2.0,0.0,1,1,1,,Yes,1,Yes,1,1,0,1,0,Yes
29900000.0,1500.0,Goregaon West,3.0,1.0,1,0,0,0,,1,No,0,1,0,0,1,Yes
,675.0,Kharghar,1.0,0.0,0,1,0,0,0,0,,No,0,0,0,0,0
4000000.0,960.0,Titwala,2.0,0.0,,1,1,0,1,1,Yes,,0,0,0,1,1
31500000.0,1250.0,borivali West,3.0,0.0,1,1,0,0,0,0,0,0,0,0,0,No,0
3800000.0,930.0,Lokhandwala,2.0,0.0,1,1,Yes,1,1,0,0,No,0,0,0,0,0
5500000.0,480.0,nan,1.0,1.0,1,1,1,0,1,1,,1,No,0,1,0,1
3500000.0,655.0,Sector 17 Ulwe,1.0,0.0,0,1,Yes,1,1,Yes,,,1,1,0,1,0
4100000.0,340.0,Kandivali West,1.0,0.0,0,1,,0,0,0,0,No,0,,0,0,0
45000000.0,1100.0, WORLI,2.0,0.0,0,1,1,1,Yes,No,0,,0,0,No,0,0
9500000.0,650.0,borivali West,1.0,0.0,Yes,Yes,1,,1,1,1,,1,0,0,1,Yes
9800000.0,580.0,Malad West,1.0,1.0,1,1,1,0,Yes,1,Yes,1,0,1,1,Yes,1
14500000.0,1335.0,Thane West,3.0,1.0,1,1,0,0,0,1,Yes,Yes,No,,1,0,Yes
14200000.0,925.0,Kandivali West,2.0,1.0,1,Yes,1,0,1,1,,1,,0,0,1,1
74500000.0,3600.0,Goregaon East,4.0,0.0,1,1,0,0,0,1,1,1,1,1,1,0,
4400000.0,,Thane West,1.0,0.0,1,1,1,0,1,1,1,1,1,0,0,1,1
9100000.0,1168.0,Kamothe,2.0,0.0,1,1,No,0,0,No,0,1,0,0,No,0,Yes
6000000.0,650.0,Ulwe,1.0,0.0,0,,0,0,,No,No,0,0,,1,0,No
8400000.0,952.0,nan,2.0,0.0,0,1,0,0,No,0,0,0,0,0,0,0,0
3700000.0,550.0,Sector13 Kharghar,1.0,0.0,0,No,0,1,1,0,No,0,0,0,0,0,0
2700000.0,600.0,Naigaon East,1.0,0.0,1,,1,1,1,1,0,1,Yes,0,0,,0
10000000.0,600.0,borivali East,1.0,0.0,,1,1,,,0,0,No,1,0,1,0,0
13500000.0,850.0,borivali West,2.0,0.0,0,1,No,0,0,1,0,No,No,0,0,0,0
11000000.0,600.0,borivali East,1.0,0.0,,1,,,Yes,0,1,,,0,1,1,Yes
2018000.0,375.0,Dombivali,1.0,1.0,,0,0,0,1,0,No,No,0,0,No,0,0
8500000.0,1055.0,Panvel,1.0,,Yes,Yes,Yes,0,1,1,Yes,,1,1,1,1,
2485000.0,585.0,Nala Sopara,1.0,1.0,0,1,,0,0,1,No,1,,0,0,0,0
25000000.0,1189.0,Goregaon West,3.0,1.0,Yes,1,,0,0,1,1,1,0,0,,0,1
10700000.0,1240.0,Thane West,2.0,,1,Yes,0,0,0,1,1,1,0,0,1,0,
9500000.0,580.0,Dahisar,1.0,0.0,0,1,No,No,0,,0,1,0,0,1,0,0
15000000.0,1440.0,Kharghar,3.0,0.0,1,1,1,1,1,1,1,1,Yes,1,0,1,1
2300000.0,410.0,Taloja,1.0,,0,1,0,,1,No,0,0,0,,0,,0
8900000.0,750.0,Thane West,1.0,1.0,Yes,1,0,,0,Yes,1,1,0,No,Yes,,1
7600000.0,1760.0,Mira Road and Beyond,2.0,0.0,1,,1,,1,0,0,0,,0,No,0,0
11000000.0,592.0,borivali West,1.0,0.0,0,1,0,0,0,Yes,0,1,0,0,1,,No
2520000.0,630.0,Ambernath West,1.0,,0,0,No,0,0,0,0,0,0,No,0,0,0
,410.0,Sector 22 Kamothe,1.0,0.0,1,1,1,1,1,,0,No,0,No,,0,
4371000.0,510.0,Virar,2.0,1.0,0,1,0,No,0,1,0,0,1,0,No,,0
18200000.0,750.0,Andheri  West,2.0,1.0,1,1,1,0,1,1,1,,0,No,0,1,1
6900000.0,446.0,borivali West,1.0,0.0,No,0,,0,0,0,0,0,0,0,0,No,0
2700000.0,590.0,Nala Sopara,1.0,0.0,0,1,0,0,0,1,0,,0,0,0,0,0
7100000.0,1085.0,Kharghar,2.0,,0,,1,1,1,0,0,No,0,0,0,No,
29500000.0,1500.0,Dahisar West,,0.0,0,0,0,0,,0,,0,No,0,0,0,0
14900000.0,,Thane West,2.0,1.0,0,1,0,No,0,Yes,,0,1,1,0,1,0
36500000.0,1620.0,Wadala,3.0,1.0,Yes,1,0,,1,1,1,1,Yes,1,1,1,1
7500000.0,950.0,Mira Road East,2.0,0.0,1,1,1,0,1,1,Yes,Yes,1,0,1,0,1
3300000.0,637.0,Dombivali,1.0,0.0,1,1,Yes,1,1,1,1,Yes,,Yes,0,1,Yes
10000000.0,1100.0,Kharghar,2.0,0.0,1,1,0,0,0,,0,,0,0,0,0,0
2000000.0,275.0,Thane,1.0,0.0,1,1,1,1,1,0,1,0,0,No,,0,0
28000000.0,950.0,Ville Parle East,,1.0,0,0,0,No,No,0,0,0,0,0,0,0,No
7200000.0,490.0,Malad East,1.0,0.0,0,0,0,,0,0,0,0,0,No,0,0,0
6738000.0,547.0,nan,2.0,1.0,No,0,0,0,No,0,0,0,0,No,0,0,No
13000000.0,816.0,borivali West,2.0,1.0,0,1,1,0,0,0,0,0,0,0,0,0,0
2600000.0,610.0,Koproli,1.0,0.0,1,No,0,No,0,0,1,0,0,0,0,0,0
8500000.0,640.0,Kandivali West,1.0,0.0,0,0,0,0,0,0,0,No,,No,0,0,0
9000000.0,600.0,Sanpada,1.0,0.0,1,1,1,1,1,1,1,Yes,1,1,0,1,Yes
48000000.0,3230.0,Goregaon,4.0,1.0,,1,1,,1,1,1,0,1,1,0,1,1
21000000.0,1153.0,nan,3.0,1.0,1,1,1,,1,1,1,0,1,0,0,1,1
3985000.0,670.0,Kalyan,,1.0,No,1,1,1,1,1,No,1,Yes,Yes,0,1,
8000000.0,,Koper Khairane,1.0,0.0,,1,1,1,Yes,0,1,0,0,0,No,0,0
3400000.0,670.0,Nalasopara East,1.0,0.0,,1,,No,0,1,0,0,0,0,0,0,0
19000000.0,980.0,Goregaon West,2.0,,Yes,1,0,0,,1,1,1,0,0,1,0,1
2836000.0,,Ambernath West,1.0,,0,1,0,0,0,0,0,1,No,0,0,0,0
9500000.0,,borivali West,1.0,0.0,0,0,0,0,,No,0,0,0,0,1,,0
19100000.0,685.0,Mulund West,2.0,,1,1,1,0,1,1,1,1,1,1,0,1,1
5100000.0,,Mira Road East,1.0,1.0,Yes,,1,0,1,1,0,0,1,0,0,1,1
28400000.0,1733.0,Thane West,4.0,0.0,No,0,1,1,,No,0,0,0,0,0,0,0
3250000.0,585.0,Kalyan West,1.0,0.0,1,Yes,1,0,1,1,1,1,1,1,No,,1
3325000.0,665.0,Dombivali,1.0,1.0,Yes,1,0,0,No,1,1,0,1,0,,1,0
28000000.0,1003.0,nan,2.0,1.0,1,1,1,1,1,1,1,1,1,Yes,0,0,1
2815000.0,710.0,Badlapur East,1.0,1.0,1,,0,0,1,1,1,1,0,0,0,1,1
18000000.0,1155.0,nan,2.0,0.0,1,1,1,0,1,1,1,0,1,1,0,1,1
62000000.0,1450.0, WORLI,3.0,1.0,1,1,1,1,1,1,0,1,Yes,1,1,1,Yes
3299000.0,950.0,nan,2.0,1.0,Yes,1,1,0,1,1,,1,1,No,0,1,
2250000.0,,Nala Sopara,1.0,1.0,1,1,0,0,0,Yes,,0,No,0,No,0,0
63000000.0,2700.0,Chembur,4.0,0.0,1,Yes,1,Yes,1,0,0,0,0,0,0,0,0
25000000.0,1750.0,Kandivali East,3.0,0.0,1,1,1,No,1,,1,1,0,No,1,1,1
8000000.0,580.0,Dahisar East,1.0,0.0,0,0,0,0,No,0,,0,0,0,0,0,No
6200000.0,700.0,Ulwe,1.0,0.0,1,1,1,0,1,Yes,1,0,Yes,0,0,1,1
21000000.0,,Dattapada,2.0,0.0,0,1,,1,1,0,0,0,0,0,0,0,0
4850000.0,700.0,Mira Road East,1.0,0.0,1,1,0,0,0,1,,1,0,0,,0,No
45000000.0,2905.0,Ulwe,4.0,,1,1,0,No,0,0,1,1,0,0,0,0,0
27000000.0,1815.0,Malad West,3.0,0.0,1,1,1,1,0,1,No,1,1,0,1,0,0
3800000.0,635.0,Nala Sopara,1.0,0.0,Yes,1,0,No,0,1,1,1,Yes,1,0,1,0
5500000.0,,Kharghar,1.0,0.0,,1,1,1,1,0,,1,1,0,0,1,No
44000000.0,2580.0,Malad East,4.0,1.0,1,1,1,0,1,1,1,0,0,0,0,1,1
6500000.0,1120.0,Ulwe,2.0,0.0,1,0,Yes,1,1,0,0,,0,0,0,0,1
2700000.0,420.0,Ulwe,1.0,0.0,0,1,0,0,0,,0,0,0,0,0,0,
,620.0,Dombivali East,1.0,,0,No,1,1,1,No,No,0,1,No,0,0,No
3000000.0,600.0,Thane,1.0,0.0,1,1,1,1,1,No,Yes,0,,0,0,,0
7000000.0,1030.0,Ulwe,2.0,0.0,0,0,0,0,0,0,0,0,,0,No,0,0
3500000.0,400.0,mumbai,2.0,0.0,1,1,1,1,1,0,1,0,0,0,0,No,0
10000000.0,650.0,Magathane,1.0,,0,1,1,Yes,,,0,0,No,0,0,0,0
,825.0,Chembur,1.0,0.0,0,No,0,0,,0,0,0,0,0,No,0,0
19500000.0,1225.0,Kalpataru,2.0,,,Yes,1,1,1,No,0,0,0,0,0,0,No
13000000.0,800.0,Kandivali West,2.0,0.0,,Yes,1,,0,0,,0,0,0,1,0,0
2400000.0,580.0,Nala Sopara,1.0,1.0,0,Yes,No,,0,1,0,0,No,No,0,0,0
,650.0,Andheri  West,1.0,0.0,0,0,0,0,0,0,0,0,0,0,0,0,0
3722999.0,1095.0,Boisar,3.0,1.0,1,0,1,0,1,1,Yes,1,1,Yes,0,1,1
25200000.0,1750.0,Kandivali East,3.0,0.0,,1,1,0,1,1,1,Yes,0,No,No,1,1
19000000.0,1291.0,Seawoods,2.0,0.0,1,1,1,0,1,1,1,1,Yes,1,0,1,1
4800000.0,600.0,Sector 22 Kamothe,1.0,0.0,0,,1,1,1,0,0,0,0,0,No,0,0
3415000.0,925.0,Ambernath East,2.0,1.0,1,1,0,0,No,1,,1,0,0,,0,0
9100000.0,600.0,Mulund West,1.0,0.0,0,0,0,0,0,0,,,0,0,0,0,0
29000000.0,1800.0,Ghansoli,3.0,0.0,1,1,1,No,Yes,1,1,1,1,1,,1,
12800000.0,687.0,Thane West,2.0,1.0,1,1,1,0,1,1,1,0,Yes,0,,1,1
27500000.0,1350.0,Kandivali East,3.0,0.0,0,0,0,0,No,0,0,0,0,0,No,0,0
12600000.0,1150.0,Sector-12 Kamothe,2.0,0.0,0,1,1,Yes,1,No,Yes,0,0,0,No,,No
7600000.0,956.0,Mira Road East,2.0,0.0,1,1,1,1,0,Yes,,1,1,1,0,No,Yes
16800000.0,1050.0,borivali West,2.0,0.0,0,0,0,0,No,No,0,0,0,0,,0,0
6700000.0,,Thane West,2.0,0.0,1,1,1,No,1,0,No,1,1,0,No,0,0
4300000.0,640.0,Kharghar,1.0,0.0,1,1,1,1,1,0,1,0,0,0,0,1,1
17500000.0,1760.0,Kharghar,3.0,0.0,1,1,1,,1,1,1,,0,0,1,1,1
38500000.0,942.0,Khar West,2.0,,0,0,0,0,0,0,0,0,0,0,1,0,
4099000.0,590.0,Thane West,1.0,0.0,1,1,1,0,1,1,1,1,1,1,0,Yes,0
6000000.0,349.0,Mira Road East,1.0,1.0,1,,1,0,1,Yes,1,1,1,1,0,,1
,650.0,Kharghar,1.0,,0,1,1,1,Yes,0,0,1,0,,0,0,0
16700000.0,1050.0,Ghatkopar West,2.0,0.0,,1,No,0,0,1,1,Yes,0,0,,0,1
26400000.0,1014.0,Kandivali East,3.0,,0,1,,1,1,0,0,0,0,,No,No,0
12000000.0,750.0,Vikroli East,2.0,0.0,0,0,,0,0,0,0,0,0,0,,0,0
8725000.0,1135.0,Sector-9 Ulwe,2.0,,1,1,1,1,1,No,0,No,0,0,0,0,1
5000000.0,550.0,Kharghar,1.0,0.0,No,,1,1,Yes,0,0,1,0,0,0,0,0
10000000.0,1155.0,Koparkhairane Station Road,2.0,0.0,1,Yes,1,,1,0,0,0,0,0,0,0,0
,2400.0,Sanpada,3.0,1.0,1,1,0,0,0,,1,1,0,0,0,0,1
23000000.0,1265.0,nan,2.0,0.0,1,1,1,1,Yes,1,Yes,Yes,1,1,1,1,1
26500000.0,1450.0,Magathane,3.0,0.0,0,1,,1,1,0,0,0,No,0,0,No,0
9000000.0,520.0,Kandivali West,1.0,0.0,0,0,0,0,0,0,0,0,No,0,0,0,No
15600000.0,732.0,borivali West,2.0,1.0,1,1,Yes,,1,1,0,1,No,0,0,1,1
4500000.0,610.0,Ulwe,1.0,,0,1,1,1,1,1,No,0,1,No,1,1,No
7200000.0,961.0,Ulwe,2.0,0.0,1,1,1,0,1,0,1,Yes,,0,0,,0
,425.0,Kurla West,1.0,0.0,0,Yes,No,No,0,Yes,0,0,0,,1,No,0
20000000.0,2500.0,Kalwa,5.0,0.0,1,1,0,,0,1,1,1,0,0,1,0,1
12300000.0,1044.0,Thane West,3.0,1.0,1,1,0,0,1,Yes,Yes,1,1,Yes,0,,1
3960000.0,880.0,Virar,2.0,1.0,Yes,1,1,No,1,Yes,1,1,0,Yes,No,1,1
13200000.0,1525.0,Mira Road East,3.0,1.0,1,1,1,1,1,1,1,1,1,1,1,Yes,Yes
2900000.0,700.0,Powai  Lake,1.0,0.0,1,1,Yes,,1,0,,0,,0,0,0,0
4400000.0,530.0,Sector 11 Kamothe,1.0,0.0,0,,1,,1,0,,0,,0,0,0,0
10000000.0,447.0,Chembur,1.0,1.0,0,0,0,0,0,0,0,,0,0,0,0,0
51500000.0,1170.0,Matunga,3.0,0.0,1,1,0,0,0,1,0,Yes,0,0,1,0,No
6350000.0,730.0,Mira Road,1.0,0.0,0,1,0,0,1,1,0,1,0,0,0,1,0
33500000.0,2000.0,Sanpada,4.0,0.0,1,1,1,1,Yes,1,1,1,1,1,0,1,1
63900000.0,2780.0,Andheri  West,4.0,1.0,,1,1,No,1,1,1,,1,1,0,1,Yes
19000000.0,750.0,borivali West,2.0,0.0,0,,0,0,0,No,0,0,0,0,,0,0
28200000.0,1170.0,Kandivali East,3.0,0.0,0,Yes,1,Yes,1,0,0,0,0,No,0,0,0
33000000.0,1472.0,Kandivali West,3.0,0.0,1,1,1,,1,1,1,1,No,0,0,Yes,1
2000000.0,731.0,Boisar,2.0,0.0,0,0,0,No,,0,0,0,0,No,0,,0
29500000.0,2415.0,Kandivali East,,1.0,1,1,1,0,1,No,Yes,0,0,,0,1,1
6900000.0,,Kharghar,1.0,,Yes,,0,0,0,1,0,1,0,0,0,0,
23500000.0,1300.0,Powai ,3.0,0.0,,,0,No,0,Yes,1,1,,0,1,0,1
31700000.0,1166.0,Andheri  West,2.0,1.0,1,Yes,1,1,1,Yes,1,1,1,1,0,0,1
4760000.0,700.0,Mira Road East,1.0,1.0,1,1,1,1,0,1,0,0,0,0,0,0,0
25500000.0,850.0,matunga east,2.0,0.0,,1,0,0,0,Yes,0,0,0,No,1,No,0
7320000.0,999.0,Bhayandar East,2.0,1.0,0,1,No,0,,0,0,1,No,0,1,0,0
10800000.0,1280.0,nan,3.0,1.0,1,1,1,0,,1,,1,1,1,0,1,1
4500000.0,457.0,mumbai Nashik Expressway,1.0,0.0,0,1,1,1,0,No,0,No,1,0,,No,
28000000.0,1650.0,Magathane,3.0,0.0,0,1,1,1,1,0,0,0,0,0,0,0,
13000000.0,,Jogeshwari West,1.0,0.0,0,1,0,0,0,0,0,0,0,0,No,0,0
5000000.0,735.0,Ulwe,1.0,0.0,0,0,0,0,0,0,0,0,0,No,0,0,0
2600000.0,690.0,Nere,1.0,,0,0,0,No,0,0,0,No,0,,0,,0
52500000.0,1800.0,Juhu,3.0,1.0,1,1,No,0,0,1,1,1,0,No,1,0,Yes
2700000.0,585.0,Karanjade,1.0,1.0,0,1,1,0,1,,0,No,0,,Yes,No,0
36000000.0,930.0,Andheri  West,2.0,1.0,1,1,0,No,1,1,1,1,1,1,No,0,1
9500000.0,709.0,Malad West,1.0,0.0,0,0,0,0,0,,No,0,0,0,0,0,0
8300000.0,1120.0,Kalyan West,,0.0,1,1,1,0,1,0,1,0,0,0,0,1,1
4794000.0,510.0,Virar,,,,Yes,1,0,1,Yes,,0,No,No,No,1,1
10000000.0,1156.0,Ulwe,2.0,0.0,1,1,0,No,0,0,1,1,0,No,0,0,0
,1660.0,Ulwe,3.0,1.0,1,Yes,1,1,1,1,1,1,1,0,1,1,1
17000000.0,747.0,Santacruz East,1.0,0.0,0,1,0,No,0,0,0,0,0,0,1,0,0
6300000.0,365.0,Kandivali East,1.0,0.0,0,,0,0,0,1,0,0,0,0,Yes,0,
2500000.0,555.0,nan,1.0,1.0,No,1,0,No,0,Yes,0,No,No,,0,0,0
91800000.0,2600.0,Nerul,4.0,0.0,0,1,0,0,0,0,0,0,0,No,,No,0
8000000.0,976.0,Thane West,,,,1,Yes,0,1,1,,1,0,1,0,Yes,Yes
5500000.0,620.0,Kharghar,1.0,0.0,Yes,Yes,1,1,1,1,0,,1,1,,1,1
,1307.0,nan,2.0,1.0,Yes,1,1,0,Yes,1,,1,1,1,0,1,1
25000000.0,3000.0,Sector35D Kharghar,5.0,0.0,No,1,1,Yes,Yes,No,0,0,0,No,No,0,0
11000000.0,642.0,nan,1.0,1.0,No,1,No,,0,,0,0,0,0,1,No,0
2650000.0,560.0,Naigaon East,1.0,1.0,1,1,1,0,1,1,1,1,Yes,0,0,,1
25700000.0,750.0,Bandra West,2.0,0.0,0,0,No,0,0,0,0,0,0,0,0,,0
14800000.0,915.0,Andheri  East,2.0,0.0,1,1,,,1,Yes,,1,1,1,1,1,1
5400000.0,620.0,Ulwe,1.0,1.0,1,Yes,1,1,1,1,1,Yes,1,Yes,1,1,0
7900000.0,564.0,Kandivali East,,1.0,Yes,1,1,,1,1,1,1,Yes,No,,1,Yes
11000000.0,600.0,Chembur,1.0,0.0,0,,1,1,1,0,0,0,0,0,0,0,0
,500.0,Mulund West,,0.0,0,Yes,0,0,0,,0,0,0,0,1,0,0
16000000.0,970.0,Malad West,2.0,0.0,1,0,,1,Yes,1,0,1,1,1,No,0,1
5200000.0,690.0,Mira Road East,1.0,1.0,,1,0,0,No,1,0,1,0,0,1,0,0
106000000.0,2826.0, WORLI,3.0,0.0,0,1,1,0,1,0,0,0,1,0,0,No,1
3350000.0,650.0,nan,1.0,1.0,No,,0,0,,0,0,1,No,0,0,0,0
12500000.0,745.0,Kandivali East,2.0,0.0,0,1,1,0,No,1,No,,0,0,1,0,0
2000000.0,450.0,Kalyan West,1.0,0.0,0,0,0,0,0,0,0,0,0,0,,0,0
4500000.0,550.0,Kharghar,1.0,,,Yes,1,1,1,0,0,1,0,0,0,0,0
17500000.0,978.0,Powai ,2.0,0.0,1,1,1,0,1,1,,1,1,0,1,1,1
5700000.0,516.0,Thane,1.0,1.0,Yes,0,0,No,0,0,0,0,0,0,0,0,0
6800000.0,1120.0,Dombivali,3.0,0.0,1,1,Yes,0,Yes,1,1,Yes,0,0,0,1,1
9000000.0,1100.0,Ulwe,2.0,0.0,1,0,1,1,1,0,0,0,0,0,0,,1
6700000.0,,Kamothe,2.0,0.0,1,1,1,1,1,,1,0,0,0,No,0,
6800000.0,890.0,Mira Road East,2.0,,1,1,0,,0,1,1,1,1,0,1,No,No
2057000.0,605.0,Boisar,,1.0,1,0,Yes,0,1,1,Yes,1,1,1,0,Yes,1
7500000.0,1085.0,Kharghar,2.0,0.0,0,1,1,1,1,1,0,1,No,0,0,No,0
5050000.0,675.0,nan,2.0,0.0,1,0,1,1,1,0,1,,0,,No,0,0
8500000.0,,Yogi Hills,2.0,0.0,Yes,1,1,1,1,No,0,0,0,0,0,,
55400000.0,1179.0,nan,3.0,1.0,1,1,1,No,1,1,1,0,0,1,0,1,1
5500000.0,665.0,Kamothe,1.0,0.0,No,1,1,1,1,0,0,0,0,0,0,0,0
12000000.0,900.0,Santacruz East,2.0,0.0,0,1,0,0,0,0,No,0,0,0,,0,0
5200000.0,641.0,Kharghar,1.0,0.0,Yes,Yes,,1,1,1,0,1,1,1,,1,
,2660.0,Ville Parle East,4.0,0.0,0,1,0,No,0,No,0,0,,,,0,No
60000000.0,1400.0,vile parle west,,0.0,,0,0,0,No,0,0,0,0,No,0,0,0
11000000.0,532.0,Mira Road East,,1.0,1,1,0,0,0,1,Yes,0,,1,0,1,1
11000000.0,1580.0,Ulwe,3.0,0.0,,1,1,1,1,1,1,1,1,1,0,Yes,1
30000000.0,,nan,2.0,0.0,Yes,1,1,1,1,1,1,Yes,Yes,,0,0,Yes
25000000.0,1350.0,Powai ,3.0,0.0,1,1,No,,0,Yes,1,1,0,0,,0,Yes
8000000.0,850.0,Koper Khairane,2.0,0.0,,0,0,0,0,0,,,0,0,0,No,0
17000000.0,1270.0,Goregaon West,,0.0,,0,0,0,0,0,0,,,No,0,0,1
36100000.0,2065.0,nan,3.0,1.0,1,1,,0,,Yes,,1,1,1,1,1,1
5500000.0,900.0,Taloja,2.0,1.0,1,1,1,0,1,,1,1,1,1,1,1,1
12500000.0,,Ghansoli,2.0,0.0,Yes,,0,0,0,Yes,1,1,,0,1,0,1
3800000.0,,Andheri  East,1.0,0.0,No,0,0,0,0,0,0,0,0,0,0,No,0
25500000.0,1400.0,Andheri  West,2.0,1.0,1,1,1,1,1,1,1,0,1,1,1,0,1
11000000.0,,Panvel,,1.0,1,1,,0,1,1,Yes,Yes,1,1,0,1,1
8000000.0,,Chembur,1.0,0.0,0,1,,0,No,,0,No,0,0,1,0,0
27000000.0,1550.0,Magathane,3.0,0.0,0,1,1,1,1,0,0,No,,No,0,0,
13000000.0,550.0,Santacruz East,1.0,0.0,No,1,0,0,No,No,No,0,0,0,1,0,No
2100000.0,495.0,Thane,1.0,1.0,No,1,1,,Yes,0,0,0,0,0,0,0,0
22500000.0,1650.0,Sanpada,3.0,0.0,,1,1,Yes,,1,,1,Yes,0,0,1,1
,650.0,Kharghar,1.0,0.0,No,1,1,Yes,Yes,0,0,1,0,No,0,0,0
90399999.0,,Prabhadevi,3.0,1.0,No,1,0,No,0,0,0,0,No,0,1,0,0
10500000.0,750.0,Jogeshwari West,1.0,0.0,0,1,1,,1,0,0,0,0,0,0,,0
17700000.0,1338.0,Thane West,3.0,1.0,,1,,0,No,Yes,1,1,0,0,0,0,1
4700000.0,625.0,Kharghar,1.0,0.0,0,Yes,,0,0,0,0,0,0,0,0,0,0
14000000.0,1137.0,Thane West,3.0,1.0,1,1,1,0,,1,1,1,,1,0,1,1
,,Badlapur,1.0,1.0,No,1,1,0,1,1,0,1,1,1,0,1,0
3445000.0,530.0,Panvel,1.0,1.0,Yes,,1,No,1,1,1,1,Yes,Yes,0,1,1
3700000.0,,Kewale,2.0,0.0,,1,1,0,1,0,1,1,0,,0,Yes,0
7600000.0,950.0,Dahisar,2.0,0.0,1,1,1,0,1,Yes,1,Yes,1,0,0,1,1
12000000.0,1340.0,Kalyan West,3.0,0.0,1,Yes,1,No,Yes,1,,1,1,1,0,Yes,1
3000000.0,500.0,Taloja,1.0,0.0,0,1,1,0,1,0,0,0,No,0,0,0,0
9000000.0,1150.0,Kharghar,2.0,0.0,0,No,No,,0,0,0,No,0,0,0,0,0
8500000.0,600.0,Malad West,,,0,1,0,0,No,No,No,1,0,0,0,0,
8200000.0,525.0,Kandivali East,1.0,0.0,1,Yes,1,0,1,0,1,0,0,0,0,1,1
3877000.0,1077.0,Boisar,3.0,1.0,1,1,1,0,Yes,1,1,1,1,1,No,1,
26000000.0,1230.0,Dahisar,3.0,0.0,0,1,Yes,1,1,No,0,No,No,,0,0,0
37000000.0,,Malad East,4.0,0.0,Yes,1,No,0,1,,Yes,1,1,1,1,1,1
11000000.0,650.0,Chembur,1.0,0.0,0,1,0,0,1,0,0,1,0,0,0,,0
3700000.0,400.0,Ghansoli,1.0,0.0,0,1,1,1,1,0,No,0,0,0,0,0,No
9200000.0,750.0,Malad West,1.0,1.0,Yes,1,1,0,1,0,1,No,0,1,0,1,1
14500000.0,1145.0,Ghansoli,2.0,0.0,1,1,1,0,,,1,1,1,0,1,1,0
23000000.0,1500.0,borivali East,3.0,0.0,,1,1,0,1,1,1,Yes,1,1,1,1,Yes
9700000.0,1100.0,nan,,0.0,1,Yes,1,0,0,1,1,,0,0,,No,No
9500000.0,1120.0,nan,2.0,0.0,1,1,1,1,1,1,Yes,1,0,1,0,1,1
18000000.0,900.0,nan,,0.0,1,1,1,1,Yes,1,1,1,1,1,1,,Yes
5100000.0,1511.0,Ulwe,3.0,,1,No,1,1,1,0,0,0,No,0,0,0,1
16500000.0,1502.0,Kharghar,3.0,0.0,1,1,1,No,1,1,,0,,Yes,0,1,Yes
11500000.0,860.0,Marol,1.0,,1,,,0,1,0,0,No,Yes,No,0,0,1
2780000.0,324.0,Thane West,1.0,0.0,,1,1,0,1,,1,0,1,0,0,1,1
2500000.0,445.0,Nala Sopara,1.0,1.0,No,0,1,1,No,1,0,0,1,0,0,0,0
4700000.0,1005.0,Taloja,2.0,0.0,0,No,1,Yes,1,0,0,No,,0,No,0,0
37500000.0,1750.0,Kharghar,3.0,0.0,1,1,0,0,0,1,1,,0,,0,0,1
9000000.0,950.0,Thane West,2.0,1.0,1,1,1,0,1,1,1,1,1,1,0,1,1
,569.0,Palghar,2.0,1.0,0,No,0,0,0,1,Yes,0,No,0,0,No,1
21000000.0,1250.0,Magathane,2.0,0.0,0,1,1,1,,0,0,0,No,0,0,No,0
,870.0,Powai ,2.0,0.0,Yes,1,1,,1,1,1,1,0,0,1,1,1
3300000.0,,Koproli,1.0,0.0,0,0,No,0,0,0,No,0,0,0,,0,0
37400000.0,1224.0,Goregaon West,3.0,1.0,1,1,1,,1,1,1,1,1,0,0,1,1
7500000.0,1200.0,Vasai West,3.0,0.0,0,0,0,0,0,1,0,0,,No,0,,0
,850.0,borivali East,,0.0,0,,0,0,1,0,0,,1,0,1,0,0
11000000.0,1254.0,Kharghar,3.0,,1,1,1,Yes,1,1,1,1,1,0,0,1,1
12500000.0,1238.0,Ghatkopar West,2.0,1.0,1,1,0,,0,1,1,1,0,0,No,0,0
11700000.0,1440.0,Panvel,3.0,1.0,Yes,1,0,0,0,1,0,1,0,No,0,0,0
2400000.0,,Virar West,1.0,1.0,0,0,0,0,0,0,0,0,0,0,0,0,0
5500000.0,580.0,Kalwa,1.0,0.0,1,,1,1,1,0,1,0,0,0,No,0,0
5500000.0,800.0,Kalyan West,2.0,0.0,1,Yes,1,0,1,1,1,1,0,0,No,1,
7600000.0,1350.0,Palava,3.0,0.0,,No,0,0,0,0,0,0,0,0,0,0,0
2300000.0,560.0,Nalasopara West,,0.0,No,1,0,0,0,1,0,0,0,No,0,0,No
9500000.0,,Kharghar,3.0,0.0,1,1,1,,1,0,1,0,0,0,0,0,0
6400000.0,,Kandivali East,1.0,0.0,1,Yes,1,No,1,1,1,,1,,1,,1
10700000.0,693.0,Thane West,2.0,1.0,1,1,1,0,1,0,1,0,1,1,0,1,1
4000000.0,650.0,Ulwe,1.0,0.0,Yes,1,1,Yes,,0,1,0,0,0,1,Yes,
14600000.0,958.0,Thane West,3.0,1.0,Yes,1,0,0,1,1,1,1,1,1,0,1,1
,1050.0,Malad West,2.0,1.0,1,,Yes,No,1,1,1,Yes,1,Yes,1,1,1
22000000.0,1400.0,Thane West,3.0,1.0,Yes,1,No,No,0,Yes,,Yes,0,0,1,No,1
5800000.0,1060.0,taloja panchanand,2.0,0.0,,1,1,1,1,0,0,0,0,0,0,0,1
2300000.0,500.0,Naigaon East,,,1,1,1,0,Yes,0,0,No,1,0,0,0,0
27500000.0,1045.0,Powai ,2.0,0.0,,1,Yes,No,1,0,1,1,1,0,0,1,1
6048000.0,756.0,Mira Road East,1.0,1.0,1,1,0,0,0,1,,0,0,1,0,1,Yes
13700000.0,,nan,2.0,0.0,1,1,1,Yes,1,,1,1,Yes,No,Yes,Yes,1
31000000.0,1456.0,Goregaon East,3.0,0.0,,0,0,0,0,0,,0,0,0,0,No,0
2500000.0,690.0,Vangani,1.0,1.0,0,0,0,0,0,No,0,0,0,,0,0,0
2800000.0,840.0,Nala Sopara,,0.0,1,1,1,No,1,1,1,No,0,0,,1,0
6000000.0,750.0,Kharghar,1.0,0.0,1,1,1,1,Yes,1,1,0,0,1,0,1,Yes
36500000.0,1500.0,Chembur,2.0,0.0,0,1,1,1,1,1,1,1,0,0,,0,0
6500000.0,,nan,1.0,,0,0,No,No,0,0,0,,,0,0,0,0
3188000.0,797.0,Ambernath West,1.0,1.0,0,Yes,0,0,0,0,0,1,No,0,0,0,0
5500000.0,695.0,Kalyan West,1.0,0.0,1,1,,0,1,1,Yes,1,1,,0,,1
4500000.0,680.0,Ulwe,1.0,0.0,0,1,1,,1,0,1,0,0,0,0,No,0
2485000.0,700.0,Shirgaon,,,0,No,,0,0,No,0,0,0,0,0,0,0
37000000.0,1650.0,Andheri  West,3.0,1.0,1,1,0,0,1,1,1,,Yes,1,Yes,0,1
9958000.0,1011.0,Thane West,2.0,1.0,1,Yes,1,0,,Yes,1,0,1,0,No,Yes,Yes
4000000.0,,Ulwe,1.0,1.0,0,0,,0,0,0,0,0,No,No,0,0,0
13500000.0,1092.0,Seawoods,1.0,0.0,Yes,Yes,No,0,No,1,1,,0,0,0,0,1
7500000.0,,Mira Road East,2.0,,0,1,1,No,1,0,0,0,0,,No,1,0
4500000.0,650.0,Dombivali,1.0,1.0,1,1,0,No,0,1,Yes,1,No,0,1,1,1
9800000.0,1225.0,Kamothe,2.0,0.0,0,0,1,1,1,0,0,No,0,0,0,0,0
2063000.0,655.0,Badlapur East,1.0,1.0,1,1,1,0,1,1,1,Yes,1,1,No,1,1
36800000.0,1600.0,Andheri  West,,1.0,1,Yes,0,,1,1,1,,1,1,,0,1
12600000.0,650.0,Powai ,1.0,0.0,1,,1,1,1,1,1,1,1,1,1,1,1
16500000.0,1050.0,Chembur,3.0,0.0,No,1,0,No,0,No,0,,No,0,,0,No
16500000.0,950.0,nan,2.0,0.0,1,1,1,0,1,1,1,1,No,,1,1,Yes
16800000.0,800.0,Chembur,2.0,0.0,0,1,0,0,No,0,0,1,No,0,No,0,0
,760.0,Nala Sopara,1.0,0.0,0,1,No,0,0,1,0,0,No,0,0,0,0
12000000.0,,Thane West,2.0,1.0,1,1,0,0,0,1,1,1,,No,No,0,1
38700000.0,1295.0,Andheri ,3.0,1.0,Yes,1,1,1,1,1,1,0,1,0,,1,1
2450000.0,545.0,Nala Sopara,1.0,1.0,1,1,1,0,1,1,0,No,,No,0,1,1
6000000.0,709.0,Nala Sopara,2.0,1.0,1,1,Yes,1,1,1,1,1,1,1,0,1,0
14500000.0,1450.0,Thane West,3.0,0.0,0,0,0,No,0,0,0,0,0,0,0,0,No
100000000.0,2000.0,Peddar Road,3.0,0.0,0,1,1,Yes,1,0,0,1,,1,1,0,
32500000.0,940.0,nan,2.0,,0,0,,,1,0,0,0,0,0,0,0,0
7000000.0,560.0,Kandivali West,1.0,,No,1,0,0,0,No,0,0,0,0,1,0,0
13500000.0,,Powai ,1.0,0.0,,1,1,0,1,Yes,1,1,0,No,1,1,Yes
5600000.0,645.0,Mira Road East,1.0,0.0,1,1,1,0,Yes,0,1,0,No,0,0,1,1
36000000.0,1900.0,nan,3.0,,1,1,1,1,1,1,1,1,0,Yes,0,0,1
7500000.0,1000.0,Kharghar,2.0,0.0,1,,1,Yes,1,1,1,No,1,0,0,1,1
6500000.0,925.0,nan,2.0,0.0,0,Yes,,,No,Yes,0,Yes,No,0,0,0,0
7000000.0,950.0,Kharghar,2.0,0.0,0,Yes,0,0,0,0,0,0,0,0,0,0,0
23200000.0,1264.0,Andheri  West,2.0,1.0,Yes,0,Yes,,1,,1,0,0,1,0,0,1
29800000.0,1017.0,Mulund West,3.0,1.0,,1,1,0,1,1,Yes,1,1,1,0,1,1
4621000.0,532.0,Virar,2.0,1.0,1,1,Yes,0,1,0,1,1,Yes,0,0,1,1
14800000.0,1460.0,Mira Road East,3.0,0.0,1,1,,,Yes,Yes,1,1,Yes,1,No,1,0
,1088.0,Kharghar,2.0,0.0,1,1,1,1,1,Yes,No,1,1,0,0,Yes,0
8500000.0,880.0,Thane West,,0.0,1,1,1,0,1,Yes,,,1,1,0,1,1
6300000.0,1050.0,Taloja,2.0,0.0,,Yes,Yes,1,Yes,0,0,0,0,0,0,0,
11500000.0,,Panvel,2.0,1.0,1,1,Yes,1,Yes,1,1,1,,Yes,0,Yes,1
3650000.0,725.0,Ambernath East,1.0,1.0,1,1,1,0,1,1,Yes,0,1,1,No,1,
6998999.0,650.0,Ulwe,1.0,1.0,No,1,0,0,0,0,No,0,No,0,0,No,0
5900000.0,666.0,Airoli,1.0,0.0,No,0,0,0,0,0,0,0,0,0,0,,0
6000000.0,1000.0,Ulwe,2.0,0.0,No,0,0,No,0,0,No,0,,0,0,0,0
18500000.0,1100.0,borivali West,2.0,0.0,0,,0,0,0,No,0,0,0,0,1,0,No
8300000.0,525.0,Kandivali East,1.0,0.0,1,1,1,1,,0,1,1,,0,1,1,1
3728000.0,910.0,Virar,2.0,1.0,1,1,Yes,0,1,1,1,1,,1,0,Yes,Yes
17000000.0,,borivali West,2.0,0.0,0,1,0,0,0,0,0,1,0,0,,,0
13500000.0,750.0,nan,2.0,0.0,Yes,1,0,0,0,0,0,0,0,No,1,0,1
20000000.0,1250.0,Malad East,2.0,1.0,1,,0,0,0,,1,0,0,0,,1,1
19500000.0,1400.0,Malad West,2.0,1.0,1,Yes,0,No,0,Yes,1,1,0,,1,0,0
,1105.0,Andheri  West,3.0,1.0,1,1,1,No,1,1,1,0,0,1,,1,Yes
5000000.0,700.0,Ulwe,1.0,0.0,1,1,0,0,0,0,0,,0,0,0,0,No
58000000.0,1735.0,vile parle west,3.0,1.0,No,0,0,0,0,0,No,0,0,No,0,0,0
22500000.0,1350.0,Kurla West,2.0,1.0,0,No,0,0,0,0,0,0,0,No,,No,0
20000000.0,1012.0,Thane West,,1.0,0,1,,0,No,1,,0,1,,0,1,No
2677000.0,595.0,Virar,1.0,1.0,1,1,1,0,1,Yes,1,1,0,1,No,1,1
4300000.0,560.0,Thane West,1.0,0.0,1,,1,0,Yes,1,1,1,1,0,0,1,1
15100000.0,1350.0,Kandivali East,3.0,1.0,,1,Yes,0,1,1,1,Yes,1,0,Yes,1,1
6600000.0,640.0,Airoli,,0.0,No,1,,0,0,No,0,0,0,No,1,0,
5100000.0,700.0,Kharghar,,0.0,0,1,,1,1,No,0,1,1,0,Yes,No,0
3000000.0,665.0,Dronagiri,1.0,1.0,No,No,0,0,0,0,0,0,,0,0,,0
27400000.0,1552.0,Manpada,4.0,,1,1,1,No,1,Yes,1,,1,No,No,0,1
5999000.0,720.0,Mira Road East,1.0,0.0,0,1,0,0,No,1,0,1,No,No,,0,0
12300000.0,525.0,Kandivali West,1.0,0.0,0,1,0,0,0,1,0,1,,,Yes,,
13000000.0,995.0,Malad West,2.0,0.0,1,,1,0,1,1,1,1,,1,0,1,1
7745999.0,629.0,Mira Road East,,1.0,0,0,No,No,0,,,0,0,No,0,0,0
21000000.0,950.0,Kandivali West,2.0,0.0,1,1,0,0,No,0,1,,,0,1,,1
17500000.0,1100.0,Powai ,2.0,0.0,1,1,1,0,1,1,1,1,1,1,No,1,1
15200000.0,739.0,Thane West,2.0,1.0,1,Yes,Yes,0,Yes,Yes,1,1,0,0,No,Yes,1
6998999.0,764.0,Virar,3.0,1.0,0,0,0,No,0,0,1,0,1,1,0,1,Yes
7900000.0,1000.0,Kamothe,2.0,0.0,0,0,1,1,1,,0,0,0,0,No,0,No
7900000.0,1065.0,nan,2.0,0.0,1,0,Yes,1,1,0,0,0,0,0,0,0,0
22000000.0,1800.0,Belapur,3.0,0.0,1,1,0,0,1,1,,1,1,0,0,1,1
5894000.0,,Majiwada,1.0,0.0,0,1,1,1,1,0,0,0,0,0,0,0,0
20000000.0,1250.0,Malad West,3.0,0.0,1,1,0,,0,1,1,1,No,0,1,0,0
12000000.0,1050.0,Andheri  East,2.0,0.0,1,1,1,0,1,0,1,No,1,0,0,0,0
4750000.0,900.0,Panvel,2.0,0.0,1,Yes,1,0,1,1,1,1,1,1,0,1,1
119900000.0,3140.0,Andheri  West,3.0,,Yes,Yes,1,No,1,Yes,1,1,1,0,1,,1
47500000.0,2400.0,borivali West,,1.0,0,Yes,No,0,0,0,0,0,0,0,0,0,0
3800000.0,,Petali,1.0,0.0,0,1,1,Yes,Yes,0,0,No,0,No,0,0,0
16800000.0,734.0,Malad West,2.0,1.0,0,0,0,0,,0,0,0,0,0,0,0,1
,2153.0,Goregaon,3.0,1.0,Yes,1,Yes,0,Yes,1,1,1,1,1,0,1,1
2139000.0,620.0,Boisar,1.0,0.0,0,1,0,0,0,1,0,No,0,No,0,0,0
19700000.0,880.0,Marol,2.0,0.0,0,1,1,1,Yes,1,,0,0,No,0,No,No
9500000.0,650.0,borivali West,1.0,0.0,0,1,0,0,No,1,0,0,0,0,Yes,0,0
5800000.0,630.0,PARSIK NAGAR,,0.0,No,1,,1,1,0,0,0,0,0,0,0,0
4800000.0,580.0,Mira Road East,1.0,0.0,0,Yes,1,1,1,1,0,0,0,0,,No,0
6200000.0,695.0,Mira Road East,1.0,0.0,0,1,0,0,0,1,0,Yes,0,0,0,0,0
6450000.0,426.0,Mira Road East,,1.0,1,,1,No,1,1,1,1,1,1,0,1,1
7500000.0,1050.0,Greater Khanda,2.0,0.0,1,1,0,0,No,1,1,0,0,No,No,0,1
2425000.0,690.0,Badlapur West,1.0,1.0,,1,1,0,No,1,,1,1,1,0,1,0
9800000.0,585.0,Mulund West,1.0,0.0,0,0,1,0,1,0,0,0,0,0,0,0,0
12500000.0,510.0,Wadala,1.0,0.0,1,1,1,1,1,0,1,1,1,0,1,,1
14500000.0,1020.0,kandivali,,1.0,1,1,,0,1,Yes,1,Yes,1,1,0,Yes,1
18500000.0,663.0,Mulund West,2.0,1.0,1,1,1,0,1,1,1,,1,Yes,0,1,
2600000.0,935.0,Boisar,2.0,0.0,0,1,0,0,0,0,No,0,0,0,0,0,0
11299999.0,750.0,Govind nagar,2.0,0.0,0,0,Yes,1,Yes,0,,0,0,0,No,0,0
3624000.0,895.0,Vasai,2.0,1.0,0,0,0,0,Yes,,No,1,Yes,,0,1,
14600000.0,829.0,Kandivali West,2.0,0.0,1,,1,0,1,1,1,1,1,1,1,1,No
7909999.0,553.0,nan,1.0,1.0,1,1,1,0,1,1,0,1,1,0,1,1,0
7600000.0,972.0,nan,2.0,1.0,,1,Yes,0,1,Yes,1,Yes,1,1,1,1,1
15500000.0,1525.0,Kharghar,,0.0,1,1,No,0,0,,1,Yes,0,0,,0,
26100000.0,900.0,borivali West,2.0,,0,1,0,0,0,,0,1,0,0,Yes,0,0
13500000.0,1500.0,Kharghar,3.0,0.0,1,1,1,1,1,No,1,1,0,0,0,1,1
11200000.0,1150.0,Ulwe,2.0,0.0,Yes,Yes,0,No,0,0,1,1,,0,0,No,1
12000000.0,700.0,Antop Hill,1.0,0.0,1,Yes,1,1,1,0,0,0,0,No,0,0,0
11200000.0,573.0,Ulwe,2.0,1.0,1,1,1,1,1,1,1,1,1,0,0,,1
9000000.0,400.0,borivali East,1.0,,No,0,0,0,0,0,0,No,No,0,0,0,0
7100000.0,700.0,Thane West,1.0,1.0,Yes,1,1,1,,1,1,Yes,1,1,0,1,1
,650.0,Kharghar,1.0,0.0,No,Yes,1,1,Yes,No,0,0,1,0,0,0,0
4200000.0,650.0,Ulwe,1.0,0.0,0,1,No,0,0,0,0,1,No,0,0,,
17500000.0,694.0,Kanjurmarg,2.0,1.0,1,,0,0,0,1,1,0,0,1,0,0,Yes
4656000.0,536.0,Virar,2.0,1.0,1,1,1,0,Yes,0,1,Yes,1,0,0,1,
180000000.0,2200.0,juhu tara,3.0,0.0,,1,1,0,Yes,0,,0,0,0,1,0,0
6500000.0,650.0,nan,1.0,0.0,0,0,1,0,Yes,0,0,No,1,No,0,,0
4550000.0,650.0,Ulwe,1.0,0.0,1,1,1,0,1,,0,Yes,No,0,,1,0
5686000.0,1017.0,Bhiwandi,2.0,1.0,1,1,1,0,1,Yes,1,1,1,,1,Yes,1
,2300.0,Kapur Bawdi,4.0,0.0,0,1,1,1,1,0,0,No,0,,0,0,0
60000000.0,2365.0,Powai ,4.0,0.0,1,1,1,0,1,1,,1,1,1,1,1,1
5200000.0,950.0,Kalyan West,2.0,0.0,1,1,0,0,1,1,1,,1,0,0,1,Yes
12900000.0,1125.0,Malad West,2.0,1.0,1,1,0,0,0,No,0,1,,0,1,0,0
5760000.0,590.0,Thane West,1.0,1.0,1,1,0,0,0,1,1,1,0,0,1,0,1
6100000.0,700.0,Mira Road East,1.0,0.0,0,0,,0,0,0,No,No,0,,0,0,0
,1502.0,Powai ,3.0,0.0,1,1,1,0,0,1,1,1,0,No,1,,
6300000.0,570.0,Kalyan West,1.0,0.0,No,1,,0,,0,0,,No,No,0,0,0
7600000.0,,Ulwe,2.0,0.0,0,1,0,0,0,No,0,1,0,0,1,,No
,1100.0,Powai ,2.0,0.0,,1,1,1,1,1,1,1,1,1,,0,
7350000.0,1160.0,Vasai,3.0,,0,Yes,1,0,1,1,Yes,1,1,0,0,1,0
8000000.0,920.0,nan,2.0,1.0,,,0,0,0,0,0,,0,No,0,No,0
30000000.0,1180.0,Vikhroli,,0.0,1,1,0,0,0,,,1,0,0,1,0,1
6000000.0,730.0,Mira Road East,1.0,1.0,0,1,0,0,0,0,0,1,0,0,1,0,0
49000000.0,1177.0,Parel,3.0,1.0,1,1,0,0,1,Yes,1,1,1,Yes,0,1,1
,1100.0,Kewale,2.0,0.0,1,1,1,0,1,Yes,1,1,0,0,,1,1
10500000.0,590.0,Malad West,1.0,1.0,,1,1,No,Yes,1,1,,0,1,Yes,1,Yes
20500000.0,1040.0,Ghatkopar West,2.0,1.0,1,,1,,,1,1,,0,,1,Yes,1
13500000.0,500.0,Powai ,1.0,1.0,Yes,1,0,0,0,1,1,,0,0,1,0,
10000000.0,1055.0,Kharghar,2.0,0.0,,Yes,1,No,1,1,,1,0,0,1,1,Yes
24500000.0,1350.0,Jogeshwari West,3.0,1.0,1,0,No,0,0,0,0,0,0,0,0,1,1
,800.0,Panvel,2.0,0.0,1,Yes,,No,1,1,1,1,Yes,1,0,1,Yes
3243000.0,506.0,nan,1.0,0.0,1,,1,0,1,1,Yes,1,,0,0,1,1
8500000.0,1098.0,Mira Road East,2.0,1.0,Yes,1,1,0,1,1,1,1,Yes,1,0,Yes,1
18000000.0,,Kamothe,2.0,1.0,1,1,1,0,Yes,,1,1,0,0,0,Yes,1
3850000.0,510.0,Kharghar,1.0,,0,0,1,1,Yes,0,0,0,1,,0,0,0
,710.0,nan,1.0,0.0,,0,1,1,1,0,1,No,0,0,No,No,0
5400000.0,697.0,Ulwe,,0.0,0,0,No,No,0,No,0,0,0,0,0,0,0
10500000.0,420.0,nan,1.0,1.0,1,1,1,,1,1,Yes,1,1,0,0,1,1
,1654.0,Mulund West,3.0,0.0,1,1,No,0,0,1,Yes,1,0,No,,0,1
2500000.0,450.0,Taloja,1.0,1.0,0,1,0,0,1,0,0,0,0,0,0,0,No
3250000.0,585.0,Naigaon East,1.0,1.0,1,1,1,0,1,1,1,1,1,0,No,1,
8200000.0,608.0,Panvel,2.0,1.0,1,1,1,0,1,1,1,1,1,1,0,1,1
3890000.0,650.0,Kalyan West,,1.0,Yes,1,0,0,Yes,1,1,1,1,0,0,1,Yes
4500000.0,930.0,Panvel,2.0,0.0,1,Yes,Yes,0,1,1,1,1,1,1,0,1,
19100000.0,1100.0,Rajendra Nagar,3.0,,,1,1,1,,0,0,0,0,0,0,0,0
33500000.0,1785.0,borivali West,3.0,1.0,1,1,1,1,1,1,1,,,1,0,1,1
23000000.0,,nan,2.0,0.0,0,1,0,0,0,No,0,0,0,0,0,0,0
6500000.0,650.0,Airoli,1.0,0.0,No,1,0,No,,0,0,1,0,No,,0,0
,1350.0,Andheri  West,2.0,0.0,1,1,0,0,1,1,,Yes,1,1,0,0,1
2700000.0,680.0,Virar,1.0,0.0,1,1,No,0,0,1,1,,1,No,0,0,1
3500000.0,500.0,Roadpali,1.0,0.0,1,Yes,,1,1,0,1,0,0,No,0,0,0
8413000.0,1137.0,Mira Road East,2.0,1.0,1,1,1,0,1,1,0,0,1,No,0,,Yes
,750.0,Kharghar,2.0,,1,No,No,0,Yes,1,0,0,1,0,0,0,0
33100000.0,928.0,Powai ,3.0,1.0,1,1,1,0,1,1,Yes,1,Yes,1,0,1,1
14700000.0,1000.0,Vikhroli,2.0,0.0,0,0,1,1,1,0,,No,0,0,0,0,0
8500000.0,560.0,Kandivali East,1.0,0.0,No,1,0,No,0,1,,0,0,0,1,,0
175000000.0,,Thane West,4.0,0.0,1,1,1,No,1,,0,0,1,1,0,0,1
5500000.0,840.0,Ulwe,,0.0,1,,1,1,1,0,0,0,0,,0,0,1
5742000.0,725.0,Mira Road East,1.0,1.0,1,1,1,No,1,1,1,1,,,0,1,1
7200000.0,952.0,Sector 21 Ulwe,2.0,,0,1,1,0,Yes,0,0,No,0,0,No,0,0
11000000.0,600.0,borivali West,1.0,0.0,0,1,0,0,0,1,,0,0,No,,0,
4200000.0,646.0,Kharghar,1.0,0.0,No,1,,1,1,0,0,Yes,0,No,,0,
5700000.0,950.0,Vasai,2.0,0.0,1,1,No,1,0,1,1,0,0,0,,0,1
21000000.0,,Andheri  West,2.0,0.0,1,1,0,0,0,0,1,1,0,No,0,,1
4925000.0,600.0,Kamothe,1.0,0.0,0,0,1,1,1,0,0,0,0,0,0,0,0
15200000.0,2351.0,Panvel,3.0,1.0,1,1,1,0,1,1,1,1,1,1,0,1,1
,1500.0,Thane West,3.0,0.0,1,1,1,1,1,1,1,1,1,1,,1,1
46500000.0,1500.0,Powai ,3.0,0.0,1,1,1,0,1,,1,1,1,1,1,1,1
9500000.0,850.0,Four Bungalows,2.0,0.0,1,1,1,1,Yes,0,0,0,0,,0,No,0
5000000.0,945.0,Nala Sopara,,0.0,1,1,Yes,0,Yes,1,1,0,1,0,0,1,1
2700000.0,650.0,nan,1.0,1.0,,0,0,0,0,No,0,,0,0,,0,No
12500000.0,1000.0,Mulund West,2.0,0.0,,1,0,No,0,0,0,0,0,0,0,0,0
10500000.0,,Chembur,1.0,0.0,0,1,No,0,No,0,0,0,0,0,1,0,0
3001000.0,675.0,Dronagiri,1.0,1.0,1,1,1,1,Yes,Yes,1,0,1,0,1,No,0
12800000.0,950.0,Chembur,1.0,0.0,0,0,No,,,0,0,0,0,0,0,0,
8000000.0,1050.0,Ulwe,,0.0,,1,0,0,1,1,,1,0,0,1,Yes,1
4600000.0,910.0,Nala Sopara,,0.0,0,1,1,0,1,1,0,1,1,0,No,1,0
7800000.0,1000.0,Ulwe,2.0,0.0,0,0,1,Yes,No,No,0,0,,0,0,0,0
5200000.0,410.0,Kandivali West,1.0,0.0,,0,0,0,0,0,0,,No,0,0,No,0
4459000.0,910.0,Virar,2.0,1.0,1,1,,0,1,1,1,0,,0,0,1,1
10900000.0,526.0,Mira Road East,2.0,1.0,1,Yes,0,0,0,1,1,0,0,1,0,1,1
4100000.0,650.0,Kalyan West,1.0,0.0,Yes,1,No,0,Yes,1,1,0,1,0,0,1,
9800000.0,720.0,Kandivali West,1.0,0.0,1,1,1,0,1,Yes,1,1,1,0,1,1,1
22000000.0,1655.0,Kandivali East,3.0,0.0,1,1,1,No,1,1,1,1,,0,,1,1
7700000.0,1095.0,Ulwe,2.0,0.0,0,0,0,0,0,0,0,0,0,0,0,0,0
4200000.0,640.0,Sector35D Kharghar,1.0,0.0,0,,,Yes,1,0,No,0,0,No,0,0,0
40000000.0,1500.0,Ville Parle East,2.0,0.0,0,Yes,0,0,0,0,No,0,0,0,1,0,0
15100000.0,1050.0,borivali West,2.0,0.0,0,0,No,0,0,,0,0,0,0,0,,0
4400000.0,550.0,Mira Road East,1.0,0.0,0,0,0,0,0,1,,0,0,0,Yes,0,0
3329999.0,820.0,Titwala,2.0,1.0,0,Yes,0,0,0,1,0,1,0,0,0,0,No
4000000.0,310.0,nan,1.0,0.0,0,,0,0,0,1,0,0,0,0,0,0,0
10000000.0,650.0,Jogeshwari West,1.0,1.0,0,No,0,No,0,No,No,No,0,0,0,0,No
15000000.0,1680.0,Kharghar,3.0,0.0,1,1,1,1,1,Yes,,1,1,1,1,1,1
24500000.0,,thakur village kandivali east,,0.0,No,1,1,1,1,1,0,1,0,1,0,1,0
7000000.0,995.0,Sector12 Kamothe,2.0,0.0,,1,1,1,Yes,0,No,0,0,No,0,No,0
,1238.0,Navi Basti,2.0,0.0,1,No,0,0,0,0,No,0,0,0,0,0,No
10800000.0,1180.0,Mira Road East,2.0,1.0,1,1,1,0,1,,Yes,Yes,,1,0,1,0
4665000.0,662.0,Diva,2.0,1.0,0,0,0,0,0,0,0,0,0,0,No,No,No
180000000.0,5460.0,Juhu,4.0,0.0,No,1,0,0,0,0,0,0,0,0,0,0,0
5500000.0,670.0,Kharghar,1.0,0.0,1,1,1,1,Yes,,1,1,,No,0,1,1
5800000.0,750.0,Kharghar,1.0,0.0,1,1,1,1,1,1,1,1,0,,No,1,1
4600000.0,600.0,Kharghar,1.0,0.0,0,0,1,1,,No,No,No,0,0,0,No,0
3200000.0,580.0,nan,1.0,0.0,1,Yes,0,0,1,1,1,Yes,1,0,0,1,1
11000000.0,1255.0,nan,2.0,0.0,1,1,1,1,1,Yes,1,,1,1,0,1,1
10800000.0,650.0,Kanjurmarg,1.0,1.0,,1,No,0,Yes,1,1,,1,1,1,1,1
2249000.0,510.0,Dombivali,1.0,1.0,1,1,1,1,1,1,,Yes,1,1,1,1,1
19200000.0,1205.0,Seawoods,1.0,0.0,,1,,1,,1,1,Yes,1,,0,1,1
15100000.0,1238.0,Ghatkopar West,3.0,,1,1,0,0,0,1,1,1,0,0,0,0,0
4800000.0,670.0,Ulwe,1.0,0.0,0,1,0,No,0,0,0,0,0,No,,0,0
70000000.0,1800.0,nan,4.0,,0,1,1,0,0,0,0,0,No,0,1,0,0
18000000.0,987.0,Goregaon,2.0,,Yes,1,1,,1,,Yes,1,Yes,1,,1,
,605.0,Ghatkopar West,1.0,0.0,0,No,0,0,No,1,No,0,0,0,1,0,0
11000000.0,550.0,Vivek Vidyalaya Marg,1.0,0.0,0,,,0,No,0,0,0,0,0,Yes,,0
3064000.0,766.0,Ambernath West,1.0,1.0,,Yes,,0,0,1,,Yes,0,0,0,0,0
14500000.0,1200.0,Thane West,3.0,0.0,0,0,0,0,0,0,0,0,0,0,0,No,0
,1245.0,Eastern Express Highway Vikhroli,2.0,0.0,1,Yes,Yes,1,1,0,,0,0,0,0,0,0
52600000.0,833.0,Bandra West,2.0,1.0,1,Yes,1,No,1,1,1,1,1,1,0,1,1
3200000.0,600.0,Nala Sopara,1.0,0.0,0,0,0,0,0,No,0,0,No,0,0,0,
25000000.0,1357.0,Thakur Village,3.0,0.0,0,,Yes,1,1,0,0,0,0,0,0,0,0
9000000.0,350.0,Jawahar Nagar,1.0,,0,Yes,1,Yes,1,No,0,0,0,0,0,0,0
3600000.0,600.0,Vasai,1.0,0.0,0,0,Yes,0,0,,No,0,0,0,0,0,0
3615000.0,1040.0,Badlapur East,2.0,1.0,1,Yes,0,0,,Yes,1,1,0,No,0,1,Yes
15000000.0,1450.0,Manpada,3.0,0.0,1,1,1,Yes,1,0,0,No,No,No,0,0,0
4300000.0,595.0,Kalyan West,1.0,0.0,1,,1,1,1,,1,1,1,0,1,1,1
12000000.0,936.0,Thane West,2.0,0.0,1,1,1,No,1,1,,Yes,0,1,1,1,1
,2800.0,borivali East,4.0,0.0,No,0,0,0,0,0,0,0,0,0,No,No,No
9400000.0,1200.0,Kharghar,2.0,0.0,1,1,1,1,1,1,1,No,1,0,0,1,1
43700000.0,1950.0,Chembur,3.0,,1,,1,1,1,0,0,0,,0,0,0,
24000000.0,1444.0,Powai ,3.0,0.0,1,1,1,No,1,Yes,,1,1,1,1,1,
11100000.0,1117.0,Kharghar,2.0,,No,0,Yes,1,1,0,,0,0,,0,0,0
16500000.0,1050.0,borivali East,2.0,0.0,0,,1,1,Yes,0,0,0,0,0,0,0,
25000000.0,1350.0,4 Bunglows,2.0,0.0,No,1,1,Yes,1,0,0,0,0,0,0,0,0
10500000.0,1150.0,Kharghar,2.0,0.0,Yes,1,1,1,Yes,1,1,,1,0,No,Yes,1
8000000.0,1150.0,Mira Road East,2.0,0.0,1,1,1,0,Yes,Yes,0,0,1,0,0,1,0
6100000.0,650.0,Airoli,,0.0,0,No,0,0,0,No,0,0,No,,1,0,0
5200000.0,641.0,Kharghar,1.0,0.0,Yes,1,1,1,Yes,,0,0,,Yes,,1,1
65500000.0,1543.0,Parel,3.0,0.0,1,,1,No,1,1,Yes,Yes,1,1,0,1,Yes
3750000.0,,Vasai West,1.0,0.0,0,0,,0,0,1,,0,0,0,0,,No
17500000.0,650.0,Andheri ,1.0,0.0,1,1,1,Yes,1,No,0,No,0,0,0,0,0
23000000.0,500.0,Ville Parle East,1.0,1.0,Yes,1,0,0,0,1,1,1,0,No,1,0,0
16399999.0,649.0,Kanjurmarg,2.0,1.0,1,0,No,0,0,1,Yes,0,0,1,0,0,1
11100000.0,1050.0,Airoli,,0.0,0,1,0,0,No,0,0,0,0,0,1,0,0
12500000.0,900.0,Goregaon East,2.0,0.0,0,0,0,0,0,0,0,0,0,0,0,0,0
30200000.0,1145.0,Bhandup West,3.0,1.0,,1,1,0,1,1,1,1,Yes,1,No,1,1
,728.0,Malad West,1.0,1.0,1,1,0,0,0,0,0,1,No,0,No,0,Yes
6500000.0,566.0,Dahisar,1.0,,1,Yes,,No,1,1,,1,0,0,No,0,0
34000000.0,1166.0,Andheri  West,3.0,1.0,,1,1,,,1,1,1,0,1,No,0,1
30000000.0,1786.0,Vashi,3.0,0.0,0,1,No,0,0,1,0,No,0,0,1,0,0
2800000.0,525.0,mumbai Central,1.0,0.0,1,1,1,1,1,0,0,0,0,0,,,0
,580.0,Nalasopara West,1.0,0.0,0,1,0,0,0,1,0,0,0,No,0,No,0
14800000.0,1505.0,Thane West,3.0,1.0,1,1,,No,1,Yes,1,0,Yes,No,0,1,Yes
7500000.0,1107.0,Vasai,3.0,1.0,0,1,Yes,,,,,0,1,No,0,0,0
9500000.0,1075.0,Kharghar,2.0,0.0,1,1,1,1,Yes,1,1,0,Yes,1,0,1,1
15000000.0,1200.0,Kharghar,2.0,0.0,1,1,0,,0,1,1,1,0,0,0,0,1
6694000.0,400.0,Mira Road East,1.0,1.0,1,1,1,0,1,,1,0,1,No,No,1,Yes
4250000.0,650.0,Kamothe,1.0,1.0,0,1,0,0,0,0,No,0,0,0,0,0,0
12500000.0,800.0,borivali West,2.0,0.0,Yes,Yes,,0,,1,1,1,1,0,0,0,1
24000000.0,1290.0,Malad East,2.0,0.0,1,1,,0,0,1,,0,0,0,0,Yes,1
22500000.0,1100.0,borivali West,,0.0,0,0,0,0,0,1,0,0,0,0,0,,0
13300000.0,899.0,borivali West,2.0,0.0,0,0,,0,No,0,0,No,0,0,No,0,
30000000.0,2110.0,nan,3.0,1.0,1,1,0,,0,,1,1,0,0,0,0,1
4200000.0,680.0,Kharghar,1.0,0.0,0,1,1,1,Yes,No,0,1,0,0,0,0,0
23000000.0,925.0,Haridas Nagar,3.0,0.0,,1,1,,1,0,,0,0,0,1,,0
13000000.0,1395.0,Kharghar,3.0,0.0,1,1,1,1,1,1,1,0,0,0,No,1,
5500000.0,1080.0,Kalyan West,2.0,0.0,1,1,0,1,1,1,1,Yes,1,1,0,No,0
,1250.0,Gulal Wadi,2.0,0.0,1,1,0,0,0,1,1,1,0,0,0,No,1
14000000.0,850.0,Kandivali West,2.0,0.0,0,1,,,0,1,No,1,0,0,1,0,
10100000.0,1379.0,Ulwe,3.0,0.0,Yes,1,1,0,1,Yes,1,1,1,1,0,1,Yes
14000000.0,1050.0,Powai ,2.0,0.0,1,1,1,No,1,1,1,Yes,0,0,1,1,1
2000000.0,510.0,Naigaon East,1.0,0.0,0,1,0,0,0,1,0,0,0,0,0,,0
9550000.0,,Mira Road East,3.0,1.0,Yes,1,1,0,1,,1,1,1,1,0,1,Yes
14000000.0,652.0,Andheri  East,1.0,0.0,0,0,0,0,0,0,0,0,0,,0,0,0
,1561.0,Kandivali West,3.0,1.0,1,1,1,0,1,1,0,Yes,1,1,0,0,1
37400000.0,940.0,Parel,2.0,1.0,1,1,1,0,1,Yes,0,0,Yes,1,0,1,1
8600000.0,1100.0,Kharghar,2.0,0.0,No,0,0,0,0,0,0,,0,No,0,0,0
85000000.0,1700.0,Prabhadevi,,0.0,0,,,1,Yes,0,,No,,No,0,0,0
3799000.0,850.0,Taloja,2.0,1.0,1,1,0,0,0,0,,0,0,1,0,0,1
8000000.0,715.0,Nerul,1.0,0.0,1,1,1,1,1,1,1,0,1,0,No,0,Yes
30000000.0,1792.0,Andheri  West,3.0,0.0,Yes,1,1,0,1,Yes,1,0,,,0,,Yes
19900000.0,1550.0,Kandivali West,3.0,1.0,1,1,1,0,,1,1,Yes,,1,0,1,0
11000000.0,585.0,Powai ,1.0,0.0,1,1,0,0,0,1,1,1,0,0,0,0,1
4800000.0,550.0,Thane West,1.0,,0,1,0,0,No,Yes,Yes,1,0,,,0,0
,1250.0,Kolshet Road,2.0,0.0,1,Yes,1,1,Yes,0,1,0,Yes,0,1,0,0
18900000.0,710.0,nan,2.0,1.0,1,1,1,0,1,1,1,Yes,0,No,0,1,1
5300000.0,660.0,Kamothe,1.0,0.0,No,,0,0,0,0,0,0,0,0,0,0,No
5700000.0,770.0,Mira Road East,1.0,0.0,0,1,0,0,0,0,0,Yes,0,0,1,0,
2650000.0,610.0,nan,1.0,,0,1,Yes,0,1,1,0,,0,No,No,No,
7500000.0,1050.0,Sector-35 Kamothe,,0.0,No,,1,1,1,0,0,,No,0,,No,0
7400000.0,950.0,Kharghar,1.0,0.0,0,1,0,,0,0,0,,0,0,No,No,0
9370000.0,583.0,Mira Road East,3.0,1.0,1,1,1,0,1,Yes,1,1,1,1,No,,1
8500000.0,1050.0,Kalyan West,2.0,0.0,1,Yes,1,1,Yes,1,Yes,0,1,Yes,,1,1
9500000.0,,nan,2.0,0.0,0,1,1,1,1,0,0,No,0,0,0,No,0
,565.0,Kalwa,1.0,0.0,No,0,0,0,0,No,No,0,0,0,,0,No
18000000.0,1500.0,Kandivali West,3.0,1.0,1,,1,1,Yes,,1,1,1,1,0,1,Yes
29900000.0,,Goregaon West,3.0,1.0,1,0,0,0,0,1,No,0,,0,No,1,1
17500000.0,1053.0,Magathane,2.0,0.0,Yes,No,1,1,1,0,1,0,0,No,No,0,0
15500000.0,1205.0,Ghansoli,2.0,1.0,1,1,0,No,0,1,1,1,1,0,1,1,1
3900000.0,1120.0,Andheri ,2.0,0.0,1,Yes,1,1,1,0,0,0,0,0,0,No,0
2650000.0,660.0,Badlapur East,1.0,1.0,1,1,1,0,,1,Yes,1,1,1,Yes,1,1
3500000.0,550.0,Kalyan East,1.0,0.0,0,Yes,,0,1,1,0,No,1,0,No,Yes,0
18500000.0,980.0,Goregaon West,2.0,1.0,,1,,No,0,Yes,1,,0,0,1,1,0
10000000.0,1078.0,Kharghar,2.0,0.0,1,1,1,1,1,1,1,1,1,1,0,Yes,1
2700000.0,630.0,Nalasopara West,1.0,0.0,,0,0,0,No,0,0,0,0,No,0,0,0
88699999.0,,Goregaon East,,1.0,1,1,0,0,0,Yes,1,1,,0,0,0,1
2394000.0,640.0,Titwala,1.0,1.0,1,,1,1,Yes,Yes,Yes,,1,Yes,0,Yes,0
5900000.0,950.0,Kamothe,2.0,0.0,Yes,,1,1,1,0,1,0,0,0,0,,0
35000000.0,873.0,Dahisar,2.0,0.0,0,1,1,1,Yes,0,0,,No,0,0,0,0
10000000.0,1140.0,Kharghar,2.0,0.0,,1,1,0,1,1,Yes,0,1,1,0,1,1
25000000.0,1356.0,Andheri  East,2.0,0.0,0,,1,,1,0,Yes,0,No,0,0,0,No
9000000.0,1250.0,Mira Road East,3.0,1.0,0,Yes,No,No,0,,0,1,0,0,Yes,0,0
15500000.0,1000.0,Malad East,2.0,1.0,,1,1,0,1,,1,,1,1,Yes,1,1
,,Bandra East,1.0,0.0,0,0,1,,0,Yes,0,0,No,0,1,,0
6800000.0,1006.0,Kamothe,2.0,0.0,1,Yes,1,Yes,1,0,1,0,No,0,0,0,0
3800000.0,350.0,Kandivali West,,0.0,0,Yes,0,No,0,0,0,0,0,0,0,0,0
3000000.0,,Thane West,1.0,0.0,1,1,1,0,1,1,1,,1,0,0,1,1
3000000.0,500.0,mumbai Nashik Expressway,1.0,,Yes,,1,1,1,0,0,0,0,No,0,No,0
9000000.0,676.0,Thane West,2.0,1.0,1,,1,0,1,1,1,1,,1,0,1,
34600000.0,1023.0,Powai ,,1.0,1,Yes,1,0,1,1,1,Yes,1,Yes,0,1,1
26000000.0,1760.0,Malad East,3.0,0.0,1,1,No,0,,1,1,Yes,1,1,1,1,1
13500000.0,1250.0,Anand Nagar Thane West,2.0,0.0,0,0,,,,0,No,0,,0,0,0,0
8200000.0,950.0,Panvel,2.0,1.0,Yes,1,Yes,0,1,1,Yes,1,1,Yes,0,1,1
4072000.0,,Virar,2.0,1.0,Yes,1,1,0,1,1,1,Yes,0,1,0,1,1
16500000.0,980.0,Sion,2.0,0.0,0,1,0,0,0,No,,0,0,0,0,0,0
7450000.0,600.0,Dahisar,1.0,0.0,0,1,1,0,0,1,0,1,1,0,1,,0
5500000.0,681.0,Mira Road East,1.0,0.0,1,1,1,0,Yes,1,1,0,0,,0,1,1
11000000.0,1060.0,Kharghar,,0.0,1,1,,1,1,Yes,1,1,1,0,0,0,1
2600000.0,,Boisar,1.0,0.0,0,1,0,0,0,,0,0,0,,0,0,0
22000000.0,1650.0,Kharghar,3.0,0.0,1,1,1,Yes,1,Yes,Yes,1,1,0,No,,1
9199000.0,,Kharghar,2.0,0.0,1,1,1,No,1,1,1,1,0,0,No,Yes,1
21800000.0,642.0,Powai ,2.0,1.0,Yes,1,,0,1,1,Yes,1,1,1,0,,1
7500000.0,1055.0,Sector-18 Ulwe,2.0,0.0,0,Yes,1,1,1,0,0,0,No,,0,No,0
9000000.0,765.0,Kandivali West,1.0,1.0,Yes,1,1,1,1,1,1,1,1,Yes,0,1,1
6400000.0,495.0,Mira Road East,1.0,,1,1,0,0,0,1,Yes,,No,Yes,0,1,1
15000000.0,1500.0,Sector 18,3.0,0.0,0,0,1,1,1,0,No,0,0,0,,,0
3350000.0,670.0,Taloja,1.0,0.0,0,0,1,,1,0,0,0,0,No,No,0,0
16000000.0,1750.0,Kharghar,3.0,,No,1,1,1,1,No,0,1,0,0,1,No,0
22500000.0,900.0,Chembur,2.0,0.0,0,1,Yes,Yes,0,0,0,1,1,0,1,0,0
16900000.0,850.0,Andheri  East,2.0,,0,1,0,0,0,0,0,0,0,0,1,No,0
11500000.0,1450.0,Ulwe,2.0,1.0,1,Yes,Yes,1,1,1,1,1,1,1,1,1,1
13200000.0,925.0,Jogeshwari East,2.0,,0,Yes,1,0,1,1,No,1,,0,,1,0
5500000.0,650.0,Mira Road East,1.0,0.0,0,,1,0,1,,,1,1,0,0,,0
26000000.0,1600.0,nan,3.0,1.0,1,,0,No,0,1,1,1,0,No,,0,1
8000000.0,1140.0,Kalyan West,2.0,0.0,,1,,0,,1,1,1,0,No,1,No,0
5300000.0,660.0,Kharghar,,,Yes,1,1,1,1,0,1,1,Yes,0,0,1,1
14600000.0,586.0,Andheri  West,2.0,,,1,Yes,,,1,1,1,1,0,,1,1
6700000.0,850.0,Thane West,2.0,0.0,Yes,1,1,0,0,1,,0,1,,No,1,
6200000.0,425.0,borivali West,1.0,,0,0,No,0,0,0,0,0,0,0,0,0,
7200000.0,937.0,Goregaon East,3.0,,,Yes,Yes,1,1,0,0,1,No,0,0,0,0
9000000.0,1128.0,Kamothe,2.0,0.0,Yes,1,,1,,0,,No,0,0,0,No,0
9000000.0,570.0,Malad East,1.0,1.0,Yes,Yes,Yes,1,1,1,1,1,1,0,0,0,0
8600000.0,1150.0,Kamothe,,1.0,Yes,1,0,0,0,1,1,Yes,0,0,0,0,0
20000000.0,711.0,Goregaon West,2.0,1.0,,1,1,0,Yes,1,1,1,,0,0,1,1
2164000.0,571.0,Badlapur,1.0,1.0,0,Yes,Yes,0,1,Yes,0,Yes,No,,0,0,No
3300000.0,530.0,mumbai Central,1.0,0.0,1,1,1,1,Yes,No,,No,0,0,No,0,0
35900000.0,,Parel,2.0,0.0,0,1,1,No,1,0,0,0,,0,0,0,1
6666000.0,1602.0,Khopoli,,1.0,1,1,No,No,0,1,1,1,0,0,0,0,1
5200000.0,695.0,Kalyan West,1.0,0.0,1,,Yes,0,1,1,1,Yes,1,1,0,1,1
,934.0,Andheri  West,2.0,1.0,1,1,,0,Yes,,,1,0,No,1,1,1
33800000.0,1500.0,Chembur,3.0,0.0,0,0,1,0,1,0,0,0,0,0,,No,0
27500000.0,960.0,Juhu,2.0,0.0,0,1,0,0,0,0,0,1,0,0,0,0,0
6000000.0,560.0,Kharghar,1.0,0.0,0,0,1,1,,No,0,0,0,0,0,No,0
92400000.0,3080.0,Andheri  West,3.0,1.0,1,Yes,1,0,1,1,1,1,1,No,0,,1
5600000.0,788.0,Mira Road East,1.0,,Yes,1,0,0,0,1,,1,1,0,1,No,0
9500000.0,660.0,Mulund West,1.0,1.0,1,1,0,0,0,,0,1,,No,1,,No
7500000.0,757.0,Chembur,1.0,1.0,Yes,1,Yes,0,Yes,1,1,1,1,,0,Yes,1
5000000.0,1285.0,Virar,3.0,1.0,0,1,1,0,1,1,0,0,1,0,0,1,0
3420000.0,760.0,Virar,1.0,1.0,1,1,,0,1,1,1,1,0,1,No,1,Yes
19500000.0,1073.0,Chembur East,2.0,1.0,0,Yes,1,0,,No,0,0,0,0,No,0,0
7200000.0,860.0,Hiranandani Estates,2.0,0.0,No,1,1,Yes,1,0,,0,0,,No,0,0
9200000.0,1250.0,Kharghar,2.0,0.0,0,0,1,1,1,0,0,0,No,,0,No,0
6900000.0,900.0,Kamothe,2.0,0.0,Yes,1,1,1,Yes,0,1,0,0,0,,0,0
3847000.0,487.0,Vasai,2.0,1.0,0,1,1,0,1,0,No,1,No,0,0,0,0
8000000.0,,Thane West,2.0,0.0,1,1,,0,1,,1,Yes,1,1,1,1,1
,1299.0,Goregaon West,2.0,1.0,Yes,1,0,0,0,1,1,1,Yes,0,1,1,
18600000.0,1067.0,Sindhi Society Chembur,,1.0,1,1,1,1,,1,No,1,1,0,0,,1
11000000.0,,borivali West,1.0,0.0,No,0,0,0,0,No,0,0,No,0,0,0,No
55000000.0,2000.0,Bandra East,3.0,0.0,,1,0,0,0,No,0,0,,0,0,No,No
22500000.0,980.0,borivali West,2.0,0.0,0,1,0,0,0,1,0,,No,0,1,0,0
17600000.0,1100.0,West Amardeep Colony,2.0,0.0,1,1,1,1,1,0,0,0,0,No,0,0,0
,1290.0,Powai ,1.0,0.0,Yes,1,1,0,0,,1,Yes,0,0,1,1,1
59000000.0,,Andheri  West,3.0,0.0,1,1,,0,1,Yes,1,1,,1,0,0,1
47000000.0,1920.0,Kandivali East,4.0,0.0,1,1,Yes,,,,Yes,1,1,1,0,1,1
4554000.0,550.0,Anjurdive,1.0,1.0,1,1,1,No,1,1,Yes,Yes,1,1,0,0,
,530.0,Dombivali East,1.0,1.0,,1,0,0,0,1,1,1,0,0,1,0,1
19800000.0,1400.0,Ghansoli,2.0,0.0,,1,No,No,0,1,,1,0,0,1,0,1
10500000.0,980.0,Kharghar,2.0,0.0,,0,No,0,0,0,0,0,0,0,0,0,0
20000000.0,1000.0,Powai ,2.0,0.0,,,0,No,0,,1,1,0,0,1,0,1
50100000.0,2800.0,Central Avenue,,0.0,1,1,1,1,1,0,0,0,0,0,0,0,0
4100000.0,350.0,Kandivali West,1.0,0.0,0,1,,No,0,0,0,0,0,0,0,0,0
8500000.0,,Poonam Sagar Complex,2.0,0.0,0,,0,,0,0,No,0,0,0,0,0,0
12600000.0,885.0,Goregaon West,2.0,0.0,1,1,1,0,1,1,1,1,1,1,,1,Yes
14600000.0,720.0,Malad West,2.0,,1,1,,0,1,1,1,1,0,Yes,1,1,Yes
41900000.0,2700.0,Kandivali East,5.0,0.0,1,1,1,0,1,1,1,1,0,1,0,1,
8500000.0,1220.0,Kharghar,,0.0,0,Yes,,No,0,0,0,0,0,0,0,0,0
42500000.0,1325.0,Andheri  East,3.0,0.0,0,No,1,1,1,1,0,No,0,0,No,1,0
75000000.0,1706.0,Mahalaxmi,3.0,0.0,Yes,1,Yes,0,1,Yes,1,Yes,Yes,1,0,1,1
9500000.0,1250.0,Sector 21 Kamothe,2.0,0.0,1,1,Yes,1,1,0,0,0,0,0,0,0,0
5900000.0,950.0,Vasai,2.0,0.0,1,1,0,1,No,1,1,No,0,0,No,0,Yes
7100000.0,1059.0,Ulwe,2.0,1.0,0,0,0,0,0,0,0,0,0,No,0,0,0
16500000.0,1150.0,Powai ,2.0,,1,0,1,No,1,1,1,1,1,1,No,Yes,1
2450000.0,620.0,Nala Sopara,1.0,0.0,0,0,0,0,0,1,0,0,0,0,0,No,0
,580.0,nan,1.0,0.0,0,1,0,0,,0,,,,,Yes,0,0
6370000.0,800.0,Mira Road East,2.0,,0,1,Yes,0,0,0,,No,1,No,0,0,
11500000.0,1100.0,Kharghar,2.0,0.0,1,1,0,0,0,1,Yes,1,Yes,0,1,0,1
20000000.0,1000.0,Santacruz East,2.0,0.0,0,0,0,0,0,0,0,No,0,0,0,0,0
3750000.0,671.0,Taloja,1.0,0.0,0,No,1,,1,0,No,,0,No,No,0,No
4200000.0,600.0,Dombivali,1.0,1.0,Yes,1,0,No,,,1,1,0,0,Yes,1,Yes
3811999.0,750.0,Badlapur East,,1.0,1,1,1,0,1,Yes,1,1,0,Yes,0,1,1
9800000.0,585.0,Magathane,1.0,0.0,0,1,1,1,1,0,0,0,0,0,0,0,0
12000000.0,1200.0,Kharghar,2.0,,1,1,Yes,0,1,1,1,1,,0,1,1,1
7800000.0,660.0,Airoli,1.0,0.0,No,Yes,No,0,0,1,0,1,No,0,1,0,
5556000.0,902.0,Haware City,2.0,0.0,1,1,1,1,1,0,0,0,1,No,0,No,
2700000.0,560.0,Nala Sopara,1.0,0.0,Yes,1,1,0,1,1,1,,1,1,0,1,1
21500000.0,1350.0,Andheri  West,2.0,0.0,1,,0,0,0,0,1,,0,No,0,0,Yes
12000000.0,1026.0,Thane West,2.0,0.0,0,0,No,No,0,No,0,0,No,No,0,No,0
25000000.0,1600.0,Vashi,3.0,0.0,0,0,No,0,0,0,0,0,0,0,0,0,0
23800000.0,944.0,Kanjurmarg,3.0,1.0,1,No,No,,0,1,1,0,No,Yes,No,0,1
2500000.0,560.0,Nala Sopara,1.0,0.0,0,Yes,1,1,1,1,1,0,1,1,0,1,
4500000.0,800.0,Vasai east,2.0,0.0,0,1,0,0,0,,No,No,0,0,0,0,0
8400000.0,376.0,Rajendra Nagar,,0.0,0,1,Yes,1,Yes,0,0,0,0,0,0,No,No
5150000.0,645.0,Bhayandar East,1.0,1.0,0,0,0,0,No,No,0,0,,0,0,No,0
6700000.0,,Mira Road East,1.0,0.0,1,1,1,0,1,1,1,1,,0,1,1,1
14800000.0,,Wadala East,1.0,1.0,,1,0,0,No,,,1,No,0,1,No,1
2110000.0,495.0,Kasheli,1.0,1.0,No,1,1,,1,1,0,0,0,No,0,No,0
2650000.0,324.0,Thane West,1.0,0.0,Yes,1,1,,1,Yes,1,0,1,,0,1,1
18000000.0,1180.0,Mulund,2.0,0.0,No,0,No,,1,1,No,0,No,0,1,1,1
8700000.0,1050.0,Kharghar,2.0,0.0,1,1,1,1,1,0,1,Yes,1,1,0,1,
3000000.0,835.0,Palghar,2.0,,,No,0,No,0,0,,No,0,0,0,0,0
100000000.0,2320.0,Yari Road,5.0,0.0,0,1,1,1,0,0,No,0,1,,0,0,0
2300000.0,640.0,Virar,,0.0,0,0,0,0,0,0,,0,0,0,0,0,0
3700000.0,,Boisar,2.0,1.0,1,,0,0,0,1,1,0,1,1,0,1,1
18000000.0,1100.0,Mulund West,2.0,,1,,0,No,0,1,Yes,Yes,0,0,1,0,
29700000.0,2015.0,Thane West,3.0,0.0,1,Yes,1,0,1,Yes,1,1,0,No,0,1,1
4500000.0,518.0,Dombivali East,1.0,0.0,No,0,0,No,0,Yes,0,0,0,0,,0,0
,,Sector12 Kamothe,1.0,0.0,0,1,0,0,No,0,No,0,0,0,0,0,0
6500000.0,750.0,Kharghar,1.0,0.0,1,1,1,0,1,1,1,0,0,1,No,1,1
2600000.0,590.0,Nala Sopara,,0.0,1,Yes,,0,,1,1,0,1,Yes,0,,1
5742000.0,725.0,Mira Road East,1.0,1.0,1,1,1,No,1,1,1,1,,,0,1,1
2750000.0,585.0,Nala Sopara,1.0,0.0,0,1,0,0,,1,0,0,0,0,0,0,0
36100000.0,1346.0,mumbai,3.0,0.0,1,0,,1,1,0,0,No,0,0,0,0,0
16800000.0,,Powai ,2.0,0.0,1,1,1,0,1,1,1,Yes,1,No,1,1,
27500000.0,2200.0,Jogeshwari West,4.0,1.0,1,0,No,0,0,0,0,0,No,0,0,Yes,1
25000000.0,1000.0,Santacruz East,3.0,0.0,0,,0,0,0,0,0,1,0,0,Yes,0,0
4350000.0,660.0,Thane West,1.0,0.0,0,1,0,0,,0,0,1,0,0,0,0,0
5500000.0,650.0,Shil Phata,2.0,1.0,1,1,0,0,0,1,1,1,0,0,0,0,1
15000000.0,1300.0,Sector 12 Kharghar,3.0,0.0,0,0,1,1,1,,0,0,0,0,0,0,0
17000000.0,,Panvel,4.0,1.0,1,Yes,1,No,Yes,1,1,1,1,1,0,1,
6320000.0,365.0,nan,1.0,1.0,Yes,1,1,0,,1,1,1,1,1,0,1,1
4000000.0,665.0,Kalyan West,1.0,0.0,,0,0,0,0,,0,0,0,0,,0,
4250000.0,560.0,Thane West,1.0,0.0,1,Yes,1,No,,1,Yes,1,1,0,No,1,1
2600000.0,400.0,Ulwe,1.0,,0,,0,,0,No,0,,No,No,0,0,0
2100000.0,,Palghar,1.0,0.0,Yes,1,,0,1,1,1,,,0,1,0,1
2350000.0,425.0,Bandra East,1.0,0.0,1,Yes,0,0,0,1,1,No,0,0,1,0,No
16500000.0,662.0,Chembur,2.0,1.0,,Yes,0,0,0,Yes,,1,1,0,1,1,1
4800000.0,670.0,Koproli,2.0,0.0,0,No,0,,0,0,No,0,0,0,0,No,0
13500000.0,910.0,Goregaon West,2.0,1.0,1,1,Yes,1,1,,1,Yes,1,1,0,1,1
7600000.0,920.0,Kalyan West,2.0,0.0,1,Yes,,0,1,1,1,1,1,1,0,1,1
16500000.0,1020.0,Andheri  East,1.0,,Yes,1,1,No,1,0,1,,1,0,,1,1
5200000.0,525.0,nan,1.0,0.0,0,1,1,Yes,1,No,0,0,No,0,0,0,0
19000000.0,760.0,Santacruz East,,,0,0,0,0,0,,No,0,No,0,0,0,0
16000000.0,1000.0,Kandivali East,2.0,0.0,1,Yes,Yes,1,1,1,Yes,Yes,1,Yes,1,Yes,Yes
6300000.0,750.0,Thakurli,1.0,1.0,No,1,1,0,1,0,No,0,0,0,0,0,0
3999000.0,994.0,Ambernath East,2.0,1.0,1,1,0,No,0,1,Yes,1,0,,0,0,0
9620000.0,1160.0,Thane West,2.0,1.0,1,1,0,0,No,1,1,1,0,0,1,0,1
,2100.0,Powai ,3.0,,1,,No,0,0,1,1,1,,0,1,No,1
5900000.0,350.0,Kandivali West,1.0,0.0,Yes,Yes,1,0,1,0,1,0,0,0,1,Yes,0
38600000.0,2030.0,borivali West,3.0,1.0,1,1,1,1,1,,1,1,1,1,0,1,1
9000000.0,1450.0,Sector 21 Kamothe,2.0,0.0,0,0,1,Yes,1,0,0,0,0,0,0,No,0
7700000.0,510.0,nan,1.0,0.0,1,1,Yes,1,1,,1,0,Yes,No,1,1,Yes
13700000.0,1056.0,Kandivali West,2.0,0.0,1,1,1,1,,1,Yes,1,,1,0,1,1
7898999.0,680.0,Kurla,1.0,0.0,No,1,0,0,0,0,0,0,0,0,No,0,0
9600000.0,900.0,Jankalyan Nagar,1.0,0.0,No,1,1,1,1,0,No,0,Yes,0,0,,0
10500000.0,760.0,Vile Parle,1.0,1.0,1,Yes,,1,1,1,1,1,1,0,0,1,
48000000.0,2100.0,Santacruz West,4.0,0.0,0,1,0,0,0,1,No,1,0,0,1,No,0
9200000.0,620.0,Dahisar,1.0,0.0,0,1,0,1,1,0,0,0,No,0,0,0,0
5100000.0,710.0,Sector-3 Ulwe,1.0,0.0,0,0,Yes,1,,1,1,1,,0,Yes,1,No
16600000.0,685.0,Thane West,2.0,1.0,1,1,1,No,,1,1,No,1,1,0,,1
15000000.0,1300.0,Kharghar,3.0,0.0,0,0,Yes,1,1,,0,0,,0,,0,
11500000.0,950.0,Thane West,2.0,0.0,0,1,0,0,0,,0,0,1,0,0,0,0
3900000.0,625.0,Ambernath East,1.0,1.0,1,Yes,1,0,1,1,,0,1,1,No,1,Yes
26000000.0,1050.0,Sion,3.0,0.0,0,0,0,No,0,No,0,0,0,0,0,0,0
,950.0,nan,2.0,1.0,1,Yes,0,0,0,1,1,,0,0,1,0,1
5500000.0,400.0,I C Colony,1.0,0.0,0,1,1,0,1,0,0,No,1,0,0,0,0
8300000.0,750.0,Thane West,1.0,1.0,1,1,0,0,0,1,1,1,0,No,1,0,1
4000000.0,490.0,Panvel,1.0,1.0,1,1,1,0,1,1,1,1,1,1,0,1,Yes
7800000.0,985.0,Beturkar Pada,,0.0,0,Yes,,0,0,1,,,0,0,0,0,0
3500000.0,685.0,Vasai,1.0,0.0,0,1,0,0,0,,0,1,0,0,0,1,0
51500000.0,1640.0,Andheri  West,3.0,,No,0,0,0,0,No,0,0,,0,Yes,0,No
7500000.0,1015.0,Dombivli (West),2.0,0.0,0,1,0,0,0,1,,0,0,0,0,0,0
4200000.0,750.0,Mira Road and Beyond,2.0,0.0,Yes,1,,1,Yes,,1,0,No,0,0,0,
8500000.0,1300.0,nan,1.0,1.0,0,No,0,0,0,0,No,0,,0,,0,0
3800000.0,340.0,Kandivali West,1.0,0.0,0,1,No,0,0,0,No,0,0,0,0,0,0
7900000.0,1040.0,nan,2.0,,1,1,,Yes,,1,0,1,1,No,1,Yes,0
12500000.0,1147.0,nan,2.0,0.0,1,1,1,1,1,1,1,Yes,1,0,0,1,1
4000000.0,765.0,nan,2.0,0.0,0,0,0,0,0,No,0,0,0,0,0,No,0
22000000.0,885.0,Powai ,2.0,0.0,1,1,1,0,1,1,Yes,1,No,No,1,Yes,1
8000000.0,1005.0,Panvel,2.0,1.0,1,1,1,0,1,Yes,,1,,1,1,1,1
12000000.0,680.0,Dahisar West,2.0,0.0,,0,0,0,0,0,0,0,0,0,0,0,0
4000000.0,650.0,Ulwe,1.0,1.0,0,1,0,0,0,0,No,0,0,No,0,No,0
40300000.0,1750.0,Powai ,3.0,1.0,1,1,0,No,0,1,1,1,0,No,,0,1
2200000.0,550.0,Nala Sopara,1.0,0.0,0,1,0,0,0,1,0,0,,0,0,0,0
4600000.0,680.0,Sector 17 Ulwe,1.0,,No,Yes,0,1,Yes,1,0,1,Yes,1,0,1,0
7500000.0,538.0,Mira Road East,2.0,1.0,1,Yes,No,,0,,0,0,1,0,0,0,No
4700000.0,656.0,Ulwe,1.0,1.0,0,0,0,0,0,0,0,0,0,0,0,0,0
5200000.0,665.0,Mira Road East,1.0,,0,1,No,0,No,,0,1,No,0,1,0,0
14000000.0,1015.0,Kandivali West,2.0,0.0,No,1,,0,No,,,Yes,,0,1,,0
2940000.0,324.0,nan,1.0,0.0,Yes,,1,0,1,1,,0,1,0,No,1,1
22500000.0,1835.0,Thane West,3.0,0.0,1,1,1,,1,1,Yes,Yes,1,1,1,1,Yes
36000000.0,1116.0,Ville Parle East,3.0,1.0,1,1,,0,0,1,1,,1,0,0,1,
,1395.0,Wadala,2.0,1.0,0,0,0,0,0,No,0,0,0,0,No,0,1
2288000.0,572.0,Vasai,1.0,,,,No,No,,1,0,0,0,0,0,0,0
38000000.0,1400.0,borivali West,3.0,0.0,1,,Yes,No,Yes,1,,1,1,0,0,1,1
3700000.0,680.0,Taloja,1.0,,No,0,1,Yes,1,0,0,,0,0,0,0,No
16000000.0,810.0,Powai ,2.0,0.0,1,,1,1,1,Yes,1,Yes,1,,1,1,Yes
30000000.0,980.0,Ville Parle East,2.0,0.0,0,0,0,0,0,0,0,0,0,0,0,0,0
14500000.0,1000.0,Kandivali East,2.0,0.0,1,1,1,1,1,1,1,1,1,0,0,1,1
18200000.0,1050.0,Chembur East,2.0,,1,1,1,1,1,,0,No,0,0,0,0,0
7500000.0,1050.0,Ulwe,2.0,0.0,0,,0,0,0,0,0,1,0,0,0,0,0
,,Mulund,,,0,0,0,1,1,1,0,0,0,0,Yes,1,1
20500000.0,900.0,Off Shimpoli road,2.0,0.0,1,1,1,1,1,1,0,1,No,0,1,1,No
27599999.0,1600.0,Thane West,3.0,,1,1,No,0,0,1,Yes,1,0,,1,0,1
8500000.0,783.0,Thane West,2.0,0.0,1,1,No,0,0,1,1,1,No,0,1,0,1
400000000.0,3638.0, WORLI,4.0,0.0,0,1,,1,Yes,No,,0,,0,0,0,No
6800000.0,1250.0,Panvel,2.0,1.0,1,Yes,1,0,1,1,1,1,1,1,0,Yes,Yes
2250000.0,415.0,Virar East,1.0,1.0,0,,No,0,No,0,No,0,0,0,0,0,0
5400000.0,650.0,Ulwe,1.0,0.0,0,1,0,0,0,0,0,Yes,,0,,No,0
105000000.0,2800.0,Juhu,4.0,0.0,1,1,0,0,0,0,No,1,0,0,1,No,No
14000000.0,1200.0,Sector 18 Kharghar,2.0,0.0,0,Yes,1,0,1,No,0,0,1,No,0,,No
4950000.0,685.0,nan,,0.0,1,0,1,0,1,0,0,0,No,0,0,0,
7600000.0,975.0,Mira Road East,2.0,0.0,0,0,,No,No,0,0,0,0,0,0,0,0
21500000.0,1300.0,Seawoods,1.0,0.0,Yes,1,1,0,1,1,1,,1,1,0,1,1
5500000.0,619.0,Sector 21 Kamothe,1.0,0.0,1,1,1,,Yes,0,0,0,0,0,0,0,0
9500000.0,1200.0,mumbai,2.0,0.0,0,1,1,Yes,1,0,Yes,0,0,0,0,0,0
23800000.0,1672.0,Malad East,3.0,1.0,1,1,1,1,,Yes,1,1,1,1,No,1,Yes
,1000.0,Andheri ,2.0,0.0,Yes,1,1,1,1,,,0,1,0,No,0,1
17200000.0,1250.0,Kandivali East,3.0,0.0,1,1,1,No,1,1,1,0,0,0,1,1,1
,700.0,Ulwe,1.0,0.0,0,0,0,0,0,No,0,0,0,0,0,0,No
21700000.0,1250.0,Seawoods,1.0,0.0,1,1,,0,1,Yes,1,,0,,0,1,1
2000000.0,610.0,Vangani,1.0,1.0,0,1,No,0,0,0,1,0,No,0,,0,No
6242000.0,630.0,Dombivali,2.0,1.0,1,1,1,0,1,1,Yes,1,1,Yes,0,1,1
,535.0,nan,1.0,0.0,0,1,1,0,0,1,0,1,0,0,0,0,0
2500000.0,500.0,Naigaon East,1.0,0.0,1,1,1,1,Yes,1,Yes,Yes,1,1,0,1,1
14000000.0,650.0,Andheri  East,1.0,,0,0,0,0,0,0,No,0,0,No,0,0,0
8000000.0,640.0,Dahisar,1.0,0.0,0,1,Yes,0,0,1,No,1,1,0,1,0,0
26500000.0,1500.0,Powai ,3.0,,1,1,1,1,1,1,Yes,1,1,1,1,1,
12300000.0,547.0,Chembur,2.0,1.0,0,0,0,0,0,0,No,No,0,0,0,0,0
8399000.0,430.0,Panvel,2.0,,1,1,0,0,1,1,1,1,,1,No,Yes,1
20000000.0,1000.0,Kandivali West,2.0,1.0,No,No,0,No,0,0,0,0,0,0,0,0,No
4500000.0,690.0,Dombivali East,1.0,,1,1,0,0,0,1,1,0,No,No,,0,0
2700000.0,580.0,Nalasopara East,1.0,0.0,No,1,0,0,0,1,No,1,0,0,0,0,No
7600000.0,650.0,Airoli,1.0,0.0,0,0,,0,No,1,1,1,1,0,No,1,1
29000000.0,1650.0,Magathane,3.0,0.0,0,1,1,,1,0,No,No,0,No,No,No,
,630.0,Virar,1.0,1.0,1,,1,0,1,1,1,0,0,0,0,1,1
3700000.0,890.0,Morya Nagar,2.0,0.0,0,0,0,No,0,0,0,0,0,0,0,,0
13899999.0,580.0,nan,2.0,1.0,0,1,1,0,1,0,No,1,0,0,0,1,0
14500000.0,1309.0,Kharghar,2.0,0.0,1,1,1,1,Yes,1,1,1,1,No,,0,1
2600000.0,630.0,Boisar,2.0,1.0,1,1,0,0,1,,1,0,1,0,0,0,1
25000000.0,1650.0,Belapur,3.0,0.0,1,1,No,0,0,1,1,,,0,1,0,Yes
8500000.0,1135.0,Ulwe,2.0,0.0,1,1,Yes,No,1,1,Yes,1,0,,0,1,1
6559999.0,965.0,Mira Road East,2.0,1.0,1,1,Yes,,,1,1,1,1,0,0,Yes,Yes
25700000.0,750.0,Bandra West,2.0,0.0,0,0,No,0,0,0,0,0,0,0,0,,0
5500000.0,680.0,Kalwa,1.0,,0,1,0,0,0,0,0,0,0,0,0,0,0
15500000.0,1150.0,Kharghar,2.0,1.0,1,1,1,0,No,1,Yes,1,1,1,Yes,1,1
2345000.0,525.0,Nala Sopara,1.0,1.0,0,1,,0,0,1,0,No,0,0,0,No,0
9000000.0,1000.0,Kharghar,2.0,0.0,1,1,,1,1,1,0,1,1,0,No,0,0
22000000.0,858.0,borivali East,2.0,1.0,1,1,0,0,1,1,1,1,No,1,0,1,1
7700000.0,995.0,Mira Road East,2.0,1.0,0,1,0,,0,0,0,1,0,No,1,0,0
14800000.0,1985.0,Sector 20 Kharghar,3.0,0.0,0,1,1,1,1,0,0,No,0,,0,0,
5500000.0,1050.0,Nalasopara East,2.0,0.0,0,1,0,No,No,1,0,0,0,0,0,0,0
12500000.0,815.0,Dahisar East,2.0,,No,0,0,0,0,0,0,0,0,0,0,0,0
10000000.0,762.0,Panvel,2.0,1.0,1,1,1,0,1,1,1,1,1,1,No,1,1
10000000.0,650.0,nan,1.0,1.0,1,,,0,1,0,,0,0,0,0,0,0
24600000.0,1182.0,Ghatkopar West,3.0,1.0,1,1,0,0,0,Yes,1,1,No,0,0,,1
6900000.0,735.0,Kharghar,1.0,1.0,1,1,1,1,1,1,,1,0,1,1,,
6952000.0,802.0,Bhiwandi,2.0,1.0,1,Yes,1,1,1,1,1,1,1,1,0,1,1
9800000.0,1250.0,Mira Road East,3.0,0.0,,,Yes,No,,0,1,0,0,0,0,1,1
6656000.0,488.0,Kalwa,1.0,0.0,0,0,Yes,1,1,0,0,,0,0,0,0,No
,605.0,Seawoods,1.0,0.0,0,1,0,0,0,0,No,0,0,0,No,0,No
,834.0,Dombivali,2.0,1.0,1,1,1,0,1,1,1,1,Yes,1,0,1,
35000000.0,1600.0,Andheri  West,3.0,0.0,1,1,1,0,1,0,1,1,Yes,1,,,1
3500000.0,655.0,Ulwe,1.0,0.0,0,0,0,0,0,0,0,0,0,0,,0,0
2800000.0,550.0,Palidevad,1.0,0.0,0,0,0,0,,No,0,0,No,0,0,0,0
3500000.0,,Kalyan West,1.0,1.0,,1,,,Yes,No,No,,1,0,0,0,0
18000000.0,1200.0,nan,,0.0,1,1,0,0,0,0,1,Yes,0,0,0,0,1
14000000.0,1687.0,Kharghar,3.0,0.0,Yes,,Yes,1,Yes,1,1,1,1,1,Yes,1,1
10800000.0,1260.0,Sector12 Kamothe,2.0,0.0,1,Yes,1,1,1,,1,0,0,No,0,0,0
6700000.0,1125.0,Uran,2.0,1.0,No,0,0,0,0,0,0,0,No,0,0,0,0
3500000.0,,Dronagiri,1.0,1.0,0,1,1,1,1,Yes,0,0,1,0,1,1,0
3400000.0,550.0,Koproli,1.0,0.0,0,0,0,0,No,No,0,,0,0,No,0,0
5000000.0,,Nala Sopara,2.0,0.0,Yes,1,1,,1,1,1,1,1,0,,1,
25000000.0,900.0,Ville Parle East,2.0,0.0,0,1,0,0,No,0,0,0,No,,0,0,No
9000000.0,1060.0,Kharghar,2.0,0.0,No,0,0,,0,0,0,,No,0,0,0,0
23000000.0,1440.0,Malad West,,1.0,1,1,1,1,No,Yes,1,1,1,0,0,0,1
3100000.0,,Nala Sopara,1.0,0.0,0,1,0,0,0,1,0,0,0,0,0,0,0
4400000.0,650.0,Ulwe,1.0,0.0,1,1,0,0,0,1,0,0,0,,0,0,0
4900000.0,655.0,nan,1.0,0.0,0,1,Yes,1,1,0,0,0,0,0,No,0,
7050000.0,890.0,Mira Road East,2.0,0.0,1,Yes,1,1,No,Yes,1,Yes,Yes,1,No,0,Yes
13500000.0,1200.0,CBD Belapur East,2.0,0.0,No,1,1,No,0,,0,,0,0,No,0,1
17000000.0,1000.0,Chembur,2.0,0.0,0,1,1,0,0,0,0,0,0,0,1,0,No
16500000.0,656.0,Kanjurmarg,2.0,1.0,1,0,0,0,0,1,1,0,0,1,0,No,1
11000000.0,,Dahisar West,,0.0,0,0,0,0,0,No,0,0,0,0,,0,0
6000000.0,900.0,Nala Sopara,2.0,0.0,0,1,0,No,0,1,0,1,0,0,0,0,0
3300000.0,910.0,Nala Sopara,2.0,0.0,1,1,1,No,1,0,1,0,0,0,No,1,0
11500000.0,950.0,Jankalyan Nagar,2.0,0.0,0,1,1,,0,No,0,0,1,0,0,0,0
8800000.0,900.0,nan,2.0,1.0,1,1,1,1,1,1,1,1,1,1,Yes,1,No
107600000.0,2604.0,Parel,4.0,0.0,1,Yes,0,0,1,,1,Yes,1,1,0,1,1
2750000.0,700.0,Kalyan West,1.0,0.0,0,,No,0,0,1,0,0,0,No,No,0,0
30500000.0,1717.0,Goregaon,3.0,1.0,1,,Yes,0,1,1,1,1,,No,0,1,Yes
7800000.0,545.0,vrindavan society,1.0,0.0,0,1,1,,1,0,0,0,0,0,0,No,0
17800000.0,1350.0,Malad West,,1.0,,Yes,1,0,,1,Yes,1,1,,1,1,1
21800000.0,1100.0,Kandivali East,3.0,0.0,1,1,1,,Yes,1,1,1,0,0,No,1,1
6400000.0,509.0,Thane West,1.0,0.0,Yes,1,1,1,1,0,1,Yes,,0,0,,1
12000000.0,,Kharghar,3.0,1.0,1,1,1,0,,1,1,1,1,1,No,,Yes
18000000.0,1278.0,nan,,0.0,1,Yes,1,0,Yes,0,Yes,1,No,0,,1,0
27799999.0,1274.0,Andheri  West,3.0,1.0,1,1,0,0,1,1,1,1,No,0,0,No,1
11200000.0,1025.0,Kharghar,2.0,0.0,1,1,1,0,1,1,1,,1,No,0,1,
18500000.0,1676.0,Kurla,3.0,0.0,Yes,,Yes,0,Yes,1,1,,1,1,0,1,
5700000.0,,Mira Road East,1.0,0.0,1,1,1,Yes,1,Yes,Yes,Yes,1,No,1,1,1
23700000.0,1450.0,Malad West,3.0,1.0,1,,1,0,1,1,1,0,Yes,0,0,1,
10000000.0,1120.0,Kharghar,2.0,0.0,,1,,0,1,1,1,No,1,,,Yes,1
2063000.0,655.0,Badlapur East,1.0,1.0,1,1,1,0,1,1,1,Yes,1,1,No,1,1
6900000.0,565.0,Thane,2.0,0.0,Yes,1,,1,1,0,1,No,0,0,0,0,0
,950.0,Kapurbawadi,2.0,0.0,1,Yes,Yes,Yes,1,0,0,0,0,0,0,0,0
16000000.0,2000.0,Kamothe,3.0,0.0,1,1,1,0,Yes,0,,1,0,0,0,Yes,0
9500000.0,1200.0,Kharghar,2.0,0.0,0,1,0,0,0,Yes,0,1,0,0,0,,No
13000000.0,900.0,borivali West,2.0,0.0,0,1,0,No,0,0,0,0,0,0,1,0,0
2450000.0,560.0,Nala Sopara,1.0,1.0,0,1,0,0,0,1,0,0,0,0,No,,0
15500000.0,850.0,Ghatkopar West,2.0,0.0,Yes,,,0,0,Yes,Yes,Yes,0,,1,No,1
2300000.0,510.0,Naigaon East,1.0,0.0,0,1,No,0,0,No,0,0,0,0,0,0,0
13500000.0,1066.0,Malad West,2.0,1.0,1,1,0,0,0,0,0,1,0,0,0,0,No
3350000.0,1160.0,Boisar,3.0,,0,0,,0,0,0,No,0,0,0,0,0,0
5200000.0,534.0,Godrej Hill,2.0,,0,1,1,1,1,0,0,0,0,0,0,0,0
10400000.0,504.0,nan,2.0,1.0,1,1,,0,0,Yes,1,0,0,1,0,1,
10500000.0,911.0,Sector 20 Kharghar,2.0,0.0,0,0,Yes,1,1,0,0,0,0,0,0,0,0
13799999.0,1137.0,Kandivali East,2.0,1.0,,1,0,0,0,,0,0,1,0,0,1,1
6448999.0,910.0,Thane West,1.0,1.0,1,1,1,No,,1,1,1,1,1,1,1,1
42500000.0,2400.0,borivali West,3.0,0.0,0,1,0,0,,1,0,Yes,,0,1,0,0
5700000.0,1050.0,Mira Road East,2.0,0.0,0,0,,,0,0,No,0,,0,0,0,No
3300000.0,920.0,Badlapur East,2.0,1.0,1,1,1,No,1,1,1,1,1,1,,1,Yes
45000000.0,1700.0,Ville Parle East,3.0,,0,1,0,No,0,0,0,0,0,0,1,0,0
24000000.0,960.0,Andheri  West,2.0,0.0,0,1,0,0,0,0,0,0,0,0,0,,0
13500000.0,1414.0,Kharghar,3.0,0.0,1,Yes,1,0,Yes,0,0,0,1,,No,0,Yes
8600000.0,700.0,borivali East,1.0,1.0,Yes,Yes,1,Yes,Yes,1,1,1,Yes,1,0,,1
8500000.0,676.0,Ghatkopar,1.0,1.0,1,1,1,Yes,1,1,Yes,1,1,1,0,1,1
58000000.0,1500.0,Andheri  West,3.0,1.0,1,Yes,,0,1,1,Yes,1,0,,0,1,1
60000000.0,1118.0,Bandra West,3.0,1.0,1,1,0,0,0,1,Yes,1,0,No,1,0,1
,1053.0,Ghatkopar West,2.0,0.0,1,1,1,No,Yes,1,1,1,0,1,0,1,1
52400000.0,1182.0,Bandra West,2.0,1.0,1,Yes,Yes,0,1,1,1,1,1,1,Yes,,1
5100000.0,675.0,Panvel,,1.0,1,1,0,0,,1,,1,0,0,1,0,1
2800000.0,510.0,Naigaon East,1.0,0.0,1,1,,1,1,1,1,1,Yes,0,0,Yes,1
70000000.0,1824.0,Bandra West,3.0,0.0,0,0,0,0,0,0,0,0,0,0,,0,0
14500000.0,950.0,Kulupwadi,2.0,0.0,0,1,1,1,1,0,No,0,0,0,0,No,0
,950.0,Jogeshwari West,2.0,,,1,1,0,1,0,0,0,1,0,,0,No
7600000.0,880.0,Thane West,2.0,0.0,1,1,1,0,1,1,Yes,1,1,1,0,Yes,1
,720.0,Kharghar,1.0,0.0,1,1,1,1,1,1,1,0,1,0,0,,1
110000000.0,3300.0,Andheri  West,4.0,1.0,0,No,0,0,No,No,0,0,,0,No,0,0
30400000.0,3205.0,Kharghar,4.0,1.0,Yes,1,1,0,1,1,1,1,1,1,0,1,1
9497000.0,1200.0,kavesar,2.0,0.0,0,Yes,Yes,1,1,0,0,0,0,0,0,0,
3800000.0,,Boisar,2.0,0.0,0,0,0,0,0,Yes,No,0,0,0,0,0,0
35000000.0,1805.0,nan,3.0,1.0,,,1,No,1,1,1,,Yes,Yes,No,1,1
6000000.0,,Mira Road East,1.0,1.0,0,1,1,No,1,0,Yes,1,0,,0,0,0
41200000.0,2300.0,Malad East,4.0,0.0,1,Yes,1,0,Yes,1,1,,0,0,1,1,1
3600000.0,1200.0,Kewale,2.0,0.0,1,1,1,0,1,1,1,Yes,0,0,,1,1
36600000.0,1625.0,Thane West,4.0,1.0,1,1,Yes,0,1,1,1,1,No,0,0,1,
11500000.0,,Koper Khairane,2.0,0.0,0,0,0,0,0,0,0,0,No,0,,0,0
23600000.0,1242.0,Kandivali West,3.0,0.0,Yes,Yes,0,0,0,0,0,1,0,0,1,0,No
6500000.0,750.0,Sanpada,1.0,0.0,0,1,,0,0,No,0,0,0,No,0,0,0
,685.0,Kharghar,1.0,0.0,No,,0,0,0,0,0,0,0,0,0,No,0
3200000.0,600.0,nan,,0.0,Yes,1,1,,1,1,1,1,1,1,0,1,1
15500000.0,1605.0,Kharghar,,0.0,1,Yes,Yes,,Yes,1,Yes,1,1,1,0,1,1
2500000.0,450.0,Ulwe,1.0,0.0,No,1,0,0,No,0,0,,,0,Yes,No,0
65000000.0,5000.0,Belapur,5.0,1.0,0,0,0,0,0,,No,0,No,0,0,0,0
,800.0,Andheri  West,2.0,1.0,1,1,1,0,1,Yes,1,0,0,0,No,1,Yes
10300000.0,,Ulwe,,1.0,Yes,1,,1,1,Yes,1,1,1,1,1,1,Yes
3500000.0,650.0,Ulwe,1.0,0.0,No,1,,No,0,No,,No,0,0,0,0,No
3500000.0,565.0,Mira Road and Beyond,1.0,0.0,Yes,1,Yes,1,,0,0,0,No,0,No,0,0
18800000.0,1350.0,Rajendra Nagar,3.0,0.0,0,1,1,1,Yes,,,0,0,0,0,,0
9500000.0,600.0,Powai ,1.0,0.0,1,1,1,1,1,1,1,1,0,0,0,1,1
12100000.0,676.0,Thane West,2.0,1.0,Yes,,1,1,1,,1,1,1,,0,No,1
,220.0,Mira Road East,1.0,0.0,0,1,No,0,1,No,0,0,No,0,1,No,No
18000000.0,1020.0,Andheri  East,2.0,1.0,1,Yes,1,,1,Yes,Yes,Yes,1,1,1,Yes,Yes
3200000.0,510.0,Naigaon East,1.0,1.0,1,Yes,1,1,1,1,1,1,1,0,0,1,1
,565.0,Bhandup West,1.0,,No,0,0,0,0,No,0,0,No,0,0,0,0
21700000.0,707.0,Andheri  West,2.0,1.0,1,Yes,0,0,1,Yes,Yes,Yes,0,No,0,,
13500000.0,1635.0,Ulwe,3.0,1.0,1,1,1,1,1,1,1,Yes,1,,,1,1
16000000.0,1150.0,Chembur,2.0,1.0,1,1,0,0,0,1,Yes,1,0,No,1,0,No
17900000.0,1300.0,Goregaon East,2.0,,1,1,1,0,1,,1,1,,0,Yes,Yes,1
10800000.0,650.0,Magathane,1.0,0.0,0,Yes,1,1,1,0,0,0,0,No,0,0,0
2330000.0,585.0,Nala Sopara,1.0,0.0,0,Yes,0,No,0,1,,0,0,0,0,No,0
27500000.0,1270.0,Chembur,3.0,0.0,1,1,,1,Yes,1,1,1,1,1,0,1,1
4850000.0,411.0,Malad East,1.0,1.0,1,1,0,0,0,1,1,1,0,1,Yes,,0
4200000.0,750.0,Virar West,,0.0,1,Yes,1,1,1,0,0,0,0,No,,0,0
4100000.0,670.0,nan,1.0,1.0,1,Yes,1,1,1,Yes,1,1,1,,0,1,Yes
14800000.0,1980.0,Sector 20 Kharghar,3.0,0.0,0,1,1,1,1,0,0,0,0,0,0,No,
5800000.0,1021.0,Bhiwandi,2.0,1.0,1,1,0,0,0,1,1,0,0,0,1,,1
,,Taloja,1.0,,1,1,1,0,1,Yes,1,1,Yes,1,No,Yes,1
29000000.0,1960.0,Mulund West,3.0,0.0,Yes,1,,1,1,1,1,1,1,Yes,0,Yes,1
71500000.0,3182.0, WORLI,3.0,1.0,1,1,1,1,1,1,1,1,1,Yes,1,,1
,1025.0,Mira Road East,2.0,0.0,1,,1,0,1,1,1,0,0,0,0,1,1
7400000.0,600.0,borivali West,1.0,0.0,,,0,No,No,0,0,0,0,0,0,0,0
35000000.0,,Nerul,3.0,0.0,No,0,0,1,1,0,0,0,1,0,1,0,No
,1850.0,Andheri  West,3.0,0.0,1,,Yes,1,Yes,1,1,0,1,Yes,0,0,1
15500000.0,845.0,borivali East,2.0,1.0,1,1,1,1,,No,1,,1,0,,1,0
10000000.0,,borivali West,1.0,0.0,0,1,0,No,0,0,No,No,0,0,Yes,0,0
13500000.0,1375.0,Kharghar,3.0,0.0,1,1,1,No,1,1,1,1,,0,0,,1
2950000.0,630.0,Virar,1.0,0.0,0,1,0,No,1,,1,0,,0,0,Yes,0
2150000.0,525.0,Nala Sopara,1.0,1.0,0,Yes,,0,0,1,,0,0,No,0,0,0
2418000.0,640.0,Ambarnath,1.0,1.0,0,1,1,No,Yes,0,1,,0,0,No,,0
24000000.0,660.0,Andheri  West,2.0,0.0,0,0,0,0,0,0,No,0,0,0,0,No,0
4200000.0,650.0,Ulwe,1.0,0.0,0,0,0,0,No,0,0,0,0,0,0,0,0
4700000.0,690.0,taloja panchanand,1.0,0.0,No,1,1,1,1,0,0,,No,0,0,0,0
10000000.0,585.0,nan,1.0,0.0,,1,,No,1,1,1,1,0,0,1,1,1
16500000.0,750.0,Jogeshwari West,2.0,0.0,0,1,Yes,0,0,0,No,0,No,No,No,0,0
3000000.0,320.0,Mira Road and Beyond,1.0,0.0,0,0,0,0,1,0,0,No,0,0,Yes,,No
10800000.0,1200.0,Mira Road East,2.0,1.0,1,Yes,0,0,0,1,1,1,0,0,1,0,1
3700000.0,550.0,Taloja,1.0,1.0,1,,Yes,,1,1,Yes,1,0,Yes,0,1,Yes
42000000.0,2020.0,Powai ,3.0,0.0,1,1,0,0,0,1,1,1,1,1,Yes,1,1
12000000.0,1302.0,Sector 11 Kharghar,3.0,0.0,1,,Yes,No,1,0,0,0,,0,0,0,
9500000.0,1050.0,nan,2.0,0.0,1,1,0,0,0,0,0,0,0,0,Yes,0,1
15000000.0,880.0,Wadala East Wadala,2.0,0.0,1,1,1,1,Yes,No,,0,0,0,0,0,0
4000000.0,650.0,Ulwe,,0.0,0,,0,0,,0,No,0,0,0,1,No,
22500000.0,1250.0,Dahisar,3.0,0.0,1,1,1,0,,Yes,1,1,1,0,No,1,Yes
8250000.0,1060.0,Mira Road East,2.0,1.0,,1,1,1,,1,Yes,1,1,1,1,1,1
45000000.0,780.0,Juhu,2.0,0.0,No,1,0,0,0,No,No,0,0,0,0,No,0
2600000.0,585.0,Boisar,1.0,,0,0,0,0,0,1,0,,0,0,0,0,0
16500000.0,1660.0,nan,3.0,1.0,1,1,0,0,0,1,,1,0,No,No,0,1
11000000.0,585.0,Powai ,1.0,0.0,,1,0,0,0,1,Yes,,0,0,1,No,1
31500000.0,2700.0,Kharghar,5.0,1.0,,1,0,0,,,1,1,0,0,0,0,Yes
4900000.0,980.0,Taloja,2.0,0.0,,0,1,Yes,1,0,0,0,0,0,0,0,0
14500000.0,1250.0,Sector 18 Kharghar,2.0,0.0,1,1,1,0,0,0,,0,Yes,No,0,0,1
12500000.0,1238.0,Ghatkopar West,2.0,1.0,0,0,No,0,0,0,0,0,0,0,No,No,0
6300000.0,1090.0,Karanjade,2.0,1.0,0,1,Yes,Yes,1,No,No,1,1,Yes,0,1,0
4000000.0,1050.0,Virar,2.0,,1,,1,No,1,1,1,1,0,0,0,1,1
18000000.0,1050.0,Dattapada,,0.0,0,1,1,1,1,0,,0,0,0,0,0,0
60000000.0,1491.0,Goregaon East,3.0,1.0,1,1,1,0,1,,,0,1,1,0,1,1
2500000.0,453.0,Naigaon East,,0.0,1,Yes,Yes,0,1,No,0,1,,0,0,1,No
5000000.0,960.0,Vasai,2.0,0.0,0,1,0,0,0,1,0,No,0,0,0,1,No
10500000.0,575.0,Kandivali West,1.0,,No,,0,0,0,0,0,0,0,0,,No,0
3300000.0,625.0,Karanjade,1.0,1.0,0,Yes,1,0,1,0,0,0,1,0,,0,0
50100000.0,2800.0,Central Avenue,4.0,0.0,0,0,1,1,1,0,0,0,,0,,,0
19900000.0,1100.0,Chembur,2.0,0.0,1,1,1,,1,0,0,0,0,0,0,0,0
110000000.0,3000.0,Andheri  West,4.0,1.0,1,1,0,0,0,1,1,1,,0,0,0,1
19500000.0,944.0,Thane West,3.0,1.0,1,1,1,0,0,0,1,No,No,1,0,0,1
3000000.0,420.0,Kamothe,1.0,0.0,0,,1,Yes,1,No,1,0,,0,0,0,0
2600000.0,650.0,Titwala,1.0,0.0,0,1,0,0,0,0,0,No,,0,0,0,0
3000000.0,665.0,Dronagiri,1.0,1.0,0,1,0,0,No,0,0,Yes,0,0,0,0,0
4400000.0,610.0,Thakur complex,1.0,0.0,Yes,1,Yes,1,1,0,1,0,0,0,0,No,0
7500000.0,700.0,Kopar Khairane Sector 19A,2.0,0.0,1,Yes,,1,1,0,Yes,0,0,,No,,No
7700000.0,1020.0,Mira Road East,2.0,1.0,0,1,0,0,0,1,0,1,No,0,1,0,
18000000.0,1010.0,nan,2.0,0.0,0,0,0,0,0,0,0,0,0,0,0,0,0
2600000.0,375.0,Dombivli (West),1.0,1.0,,1,0,0,0,1,Yes,Yes,0,No,0,0,0
39000000.0,940.0,Ville Parle West,3.0,0.0,No,,0,,0,0,0,0,No,0,1,0,
11500000.0,789.0,Mira Road East,3.0,1.0,Yes,1,,0,1,1,1,1,1,0,0,1,1
13000000.0,1197.0,Kharghar,2.0,0.0,1,1,1,1,1,,0,1,1,0,,,1
8500000.0,1150.0,Sector12 Kamothe,,0.0,1,1,1,1,Yes,0,0,0,0,0,0,No,0
,1038.0,Jogeshwari East,2.0,1.0,1,,0,0,0,1,1,1,1,,0,0,
2250000.0,655.0,Badlapur East,1.0,0.0,1,1,0,0,0,Yes,1,Yes,0,0,0,0,0
17900000.0,750.0,Andheri  West,2.0,1.0,1,1,Yes,No,1,Yes,1,0,0,No,No,Yes,1
14800000.0,879.0,Thane West,,1.0,0,1,No,0,No,1,0,0,1,1,0,1,
2250000.0,432.0,Taloje,1.0,0.0,0,,0,0,0,No,0,0,No,0,0,,0
14000000.0,1100.0,Koparkhairane Station Road,2.0,0.0,0,1,1,1,1,0,0,0,0,0,0,No,
3200000.0,410.0,Greater Khanda,1.0,,0,0,0,No,,1,0,1,0,No,1,0,0
4200000.0,650.0,Sector16 Ulwe,1.0,0.0,No,0,Yes,1,1,0,,No,0,0,0,No,0
6497000.0,600.0,Vartak Nagar,1.0,0.0,0,1,1,1,1,0,0,0,0,0,No,0,0
,685.0,Dahisar,1.0,1.0,1,Yes,1,,1,1,1,1,1,0,0,1,1
2300000.0,225.0,Malad West,1.0,0.0,0,1,0,No,0,Yes,,No,0,0,0,0,No
2156000.0,565.0,Titwala,1.0,1.0,,1,0,0,,Yes,0,1,0,0,0,0,0
13000000.0,1450.0,Malad West,2.0,0.0,1,Yes,1,1,1,1,,1,0,1,1,Yes,1
3951000.0,650.0,nan,1.0,0.0,0,1,0,0,0,0,0,Yes,0,No,1,0,0
3188000.0,797.0,Ambernath West,1.0,1.0,0,1,0,0,0,Yes,0,No,0,No,0,0,No
2100000.0,580.0,nan,1.0,,No,Yes,0,0,1,1,0,1,0,0,0,0,0
25800000.0,1420.0,Malad West,3.0,1.0,1,,1,Yes,,1,,Yes,1,1,0,Yes,1
11000000.0,1415.0,Kharghar,3.0,0.0,1,1,1,Yes,1,0,1,1,1,,0,,Yes
2500000.0,555.0,Nala Sopara,1.0,0.0,No,1,0,0,0,No,0,1,0,0,0,0,0
16200000.0,1675.0,Kharghar,3.0,,1,1,1,1,1,Yes,1,,1,,0,1,1
2250000.0,590.0,Nala Sopara,1.0,0.0,0,0,,No,0,No,0,0,0,0,0,0,0
45000000.0,2100.0,Goregaon East,3.0,0.0,1,Yes,1,0,1,1,1,0,1,,0,1,1
20000000.0,,Malad East,2.0,0.0,1,1,0,0,0,1,No,No,0,0,1,0,0
6500000.0,700.0,Shil Phata,2.0,1.0,1,1,No,0,0,1,1,1,0,No,0,0,1
31800000.0,,Ghatkopar West,3.0,1.0,1,1,0,0,0,1,Yes,1,0,0,0,0,1
140000000.0,3168.0,Tardeo,5.0,0.0,Yes,1,1,,1,1,,Yes,1,0,1,No,
,970.0,Powai ,2.0,,,1,1,No,,1,1,1,,0,1,1,1
18100000.0,1100.0,Goregaon West,2.0,,1,1,0,No,0,1,1,Yes,0,0,1,0,Yes
22000000.0,1200.0,Andheri  West,3.0,0.0,Yes,1,1,0,1,1,,1,1,1,1,1,Yes
13899999.0,900.0,Thane West,2.0,1.0,1,1,Yes,0,1,1,1,1,1,1,1,1,Yes
26000000.0,1775.0,Malad West,3.0,1.0,Yes,1,,0,0,1,1,Yes,0,0,0,0,1
10400000.0,1065.0,Thane West,2.0,1.0,1,Yes,1,0,1,1,,0,1,0,0,1,1
5700000.0,,Thane West,1.0,1.0,0,1,1,0,1,1,0,1,No,0,No,0,
8200000.0,450.0,Thane West,1.0,1.0,1,1,1,No,0,0,1,0,0,1,No,0,1
4450000.0,600.0,Panvel,1.0,0.0,1,1,0,0,0,1,1,1,0,No,0,No,Yes
3400000.0,585.0,Naigaon East,1.0,,0,1,No,0,1,1,0,1,1,0,0,,0
11000000.0,,Jogeshwari West,1.0,0.0,No,1,0,0,0,,0,No,No,,No,0,0
5000000.0,650.0,nan,1.0,0.0,0,0,1,1,1,No,0,No,0,0,,0,0
31000000.0,1200.0,Goregaon East,1.0,0.0,,1,1,0,1,1,Yes,1,1,0,0,,1
,1215.0,Nerul,2.0,0.0,1,Yes,0,,0,1,0,No,0,0,0,0,1
13200000.0,1260.0,Sector 12 A,2.0,,No,0,Yes,1,Yes,0,,No,0,0,0,0,0
6350000.0,900.0,Kamothe,,0.0,1,Yes,1,1,1,0,1,,0,0,0,0,0
8600000.0,1060.0,Mira Road East,2.0,1.0,,1,0,0,0,1,1,1,0,1,0,1,1
36500000.0,2200.0,nan,4.0,1.0,0,1,1,No,0,1,1,,Yes,,0,1,1
17500000.0,1775.0,Thane West,3.0,1.0,Yes,1,0,0,0,1,Yes,1,No,0,0,1,1
5499000.0,650.0,Mira Road East,1.0,0.0,0,1,0,No,0,No,0,1,0,0,0,,0
4500000.0,870.0,Kewale,2.0,0.0,,0,0,No,,No,1,,1,1,0,1,0
3400000.0,704.0,Dronagiri,1.0,1.0,0,1,1,1,,1,0,0,1,0,Yes,Yes,0
8500000.0,1100.0,Kharghar,2.0,0.0,,1,1,1,1,0,1,Yes,1,,0,1,Yes
4500000.0,615.0,nan,1.0,0.0,0,1,1,,1,0,0,0,0,0,0,0,0
10000000.0,,Chembur,1.0,0.0,0,0,0,No,No,0,No,No,0,0,0,No,
14000000.0,1020.0,Belapur,2.0,0.0,1,1,No,,0,1,1,,No,0,0,0,1
13200000.0,1500.0,Mira Road East,3.0,1.0,0,1,0,No,0,1,,1,0,0,1,0,0
8000000.0,1928.0,Khopoli,3.0,1.0,Yes,1,0,0,No,1,1,1,0,0,No,0,1
8000000.0,995.0,Dombivli (West),2.0,0.0,No,Yes,No,0,,,No,0,0,0,0,,0
,655.0,Badlapur East,1.0,0.0,1,1,0,No,0,1,1,Yes,0,0,0,0,1
13600000.0,600.0,DN Nagar Road,1.0,0.0,0,1,1,1,1,0,0,,0,0,0,0,0
,1050.0,Thane West,2.0,1.0,1,1,0,No,0,1,1,Yes,No,0,,0,1
7998999.0,1080.0,Kalyan West,2.0,0.0,0,1,0,0,0,1,0,0,,0,0,0,0
17500000.0,,Malad West,,1.0,1,1,1,0,,1,Yes,,1,0,,1,1
5300000.0,325.0,borivali West,1.0,0.0,0,1,0,0,0,,0,0,0,0,1,No,0
20000000.0,1095.0,Ambivali,2.0,,0,0,0,0,0,No,0,0,0,,No,0,0
5900000.0,632.0,Thane West,1.0,1.0,Yes,1,,0,1,Yes,1,Yes,0,1,0,,1
4837000.0,774.0,Dombivali,1.0,1.0,1,1,Yes,0,0,,Yes,0,0,0,0,0,1
3300000.0,550.0,Panvel,1.0,0.0,1,1,1,0,1,1,,,Yes,1,0,0,0
31500000.0,2000.0,Sanpada,4.0,0.0,1,Yes,1,Yes,Yes,1,Yes,Yes,,Yes,0,1,1
30400000.0,1690.0,Mulund West,3.0,,1,1,1,No,1,1,1,0,1,1,0,1,1
,,Dombivali,2.0,1.0,1,1,1,0,0,1,Yes,0,0,0,0,0,1
4100000.0,350.0,Dombivali,1.0,0.0,No,1,0,0,1,1,0,1,No,,1,1,0
19600000.0,985.0,Powai ,2.0,0.0,Yes,,0,0,0,,1,1,Yes,1,,,1
30000000.0,1100.0,Ville Parle East,2.0,0.0,0,1,0,0,0,0,0,No,0,0,0,0,0
,1100.0,Malad West,2.0,0.0,1,1,1,1,1,1,1,1,1,1,,1,Yes
2929000.0,930.0,Badlapur East,2.0,1.0,1,1,Yes,,1,1,Yes,Yes,1,1,0,Yes,1
2150000.0,,Boisar,1.0,1.0,0,0,,0,0,0,0,0,0,0,0,0,0
,1095.0,Sector 18,2.0,0.0,0,0,1,1,1,0,0,0,0,0,0,0,0
5299000.0,645.0,Thane West,1.0,0.0,1,1,0,No,0,1,Yes,1,1,0,0,0,1
22500000.0,1040.0,nan,2.0,0.0,0,0,No,0,0,0,0,0,0,0,0,0,0
9300000.0,750.0,Ghatkopar West,1.0,,0,0,0,0,0,0,0,,0,,1,0,0
5200000.0,1000.0,Kalyan West,2.0,0.0,1,1,0,No,Yes,1,1,1,1,0,0,Yes,1
13899999.0,1690.0,Sector-8 Ulwe,3.0,0.0,0,1,1,1,1,0,No,0,0,No,No,No,0
12700000.0,1125.0,Sector 15,2.0,0.0,0,0,1,Yes,1,,0,0,0,No,0,0,0
18000000.0,1100.0,Goregaon West,2.0,1.0,1,1,,0,0,,1,Yes,0,0,1,0,1
7800000.0,575.0,Bhandup West,1.0,1.0,1,1,,0,0,1,1,1,,0,Yes,0,1
110000000.0,2550.0,Andheri  West,4.0,1.0,1,1,1,0,1,1,1,1,1,0,Yes,1,
13000000.0,1150.0,Nerul,2.0,0.0,0,1,,0,0,1,0,,0,0,0,0,
13500000.0,1056.0,Seawoods,2.0,0.0,1,1,1,0,No,Yes,1,1,1,1,0,1,0
21600000.0,1579.0,Goregaon,3.0,1.0,1,Yes,1,0,Yes,Yes,,0,1,1,0,Yes,1
2436000.0,575.0,Thane West,1.0,1.0,0,1,1,0,1,,0,0,Yes,0,0,0,
2886000.0,962.0,Karjat,2.0,0.0,0,,0,0,No,0,0,0,0,0,0,,0
7250000.0,1300.0,Panvel,2.0,1.0,1,1,1,0,1,Yes,,,1,,0,1,
3500000.0,783.0,Mira Road and Beyond,2.0,0.0,1,1,,1,1,0,,No,No,0,0,0,No
15000000.0,990.0,Dahisar West,2.0,0.0,No,No,0,0,0,0,No,0,0,0,0,0,0
5060000.0,650.0,Kalyan West,2.0,0.0,0,,1,1,0,0,0,No,Yes,0,0,0,0
5000000.0,650.0,nan,1.0,0.0,1,1,1,1,1,0,1,0,0,0,0,0,0
,600.0,Ulwe,1.0,0.0,0,No,1,1,1,0,0,0,0,0,0,0,No
5600000.0,670.0,Kharghar,1.0,0.0,1,1,Yes,No,Yes,1,1,0,1,0,0,1,1
44500000.0,1950.0,Sion,3.0,0.0,0,1,0,No,0,0,0,1,0,0,0,0,0
8320000.0,1040.0,Bhayandar East,2.0,1.0,No,1,0,,0,1,0,1,,No,0,0,0
11100000.0,1160.0,Thane West,2.0,1.0,1,1,,0,1,1,1,1,1,1,1,1,1
2650000.0,650.0,Badlapur West,1.0,1.0,0,Yes,0,0,0,1,1,1,0,0,1,0,1
,1140.0,Malad West,2.0,0.0,1,1,1,0,1,1,1,1,Yes,,0,1,Yes
42500000.0,1200.0,Parel,,0.0,1,1,0,0,1,1,Yes,1,1,1,0,1,1
2779000.0,675.0,Titwala,1.0,1.0,0,Yes,0,0,No,Yes,0,1,,,0,0,0
9500000.0,1100.0,Ulwe,2.0,1.0,1,1,No,0,No,1,1,1,0,,Yes,0,No
4823000.0,742.0,Panvel,,1.0,1,1,1,0,1,1,1,1,1,1,0,1,1
13000000.0,600.0,nan,1.0,0.0,1,Yes,0,No,No,1,1,1,,0,1,0,1
6497000.0,600.0,Vartak Nagar,1.0,0.0,0,1,1,1,1,0,0,0,0,0,No,0,0
,650.0,Ulwe,1.0,0.0,0,1,0,No,0,0,0,No,0,0,1,0,
17500000.0,910.0,Powai ,2.0,0.0,1,1,1,0,Yes,1,,1,1,,1,1,1
,1200.0,Santacruz West,2.0,0.0,0,No,0,0,0,,No,0,No,No,0,0,0
3400000.0,985.0,Nala Sopara,1.0,0.0,1,1,1,0,1,Yes,1,1,0,0,0,1,0
9100000.0,1180.0,Sector-18 Ulwe,2.0,0.0,0,1,1,1,,0,0,No,0,0,No,0,0
10200000.0,720.0,Kandivali West,2.0,1.0,0,1,No,0,0,0,0,1,0,0,1,,0
47500000.0,2050.0,Vashi,4.0,0.0,0,Yes,0,0,0,,0,0,0,0,0,0,No
9200000.0,1180.0,Sector12 Kamothe,2.0,0.0,1,1,1,Yes,1,0,0,0,0,0,No,0,0
45000000.0,1505.0,Santacruz East,4.0,0.0,0,Yes,0,0,0,1,No,0,0,0,1,0,
,540.0,Mira Road East,1.0,,0,1,,0,0,1,0,1,0,0,,,0
12500000.0,800.0,Mulund West,2.0,0.0,0,1,Yes,No,1,,0,0,0,,0,1,0
7600000.0,1075.0,Ulwe,2.0,0.0,1,Yes,1,0,,1,Yes,1,1,0,0,1,0
5500000.0,400.0,Dahisar West,1.0,0.0,0,0,0,No,0,No,0,0,0,No,0,0,0
7600000.0,960.0,Mira Road East,2.0,1.0,Yes,1,0,0,0,Yes,,1,,1,1,1,0
4800000.0,970.0,Nalasopara East,2.0,0.0,0,1,0,,0,1,,Yes,0,0,0,0,
5500000.0,550.0,Kharghar,1.0,0.0,1,1,1,1,,1,1,0,Yes,0,1,1,Yes
2200000.0,670.0,Badlapur West,1.0,0.0,0,0,1,0,0,0,0,0,No,0,No,0,0
15500000.0,828.0,Thane West,,1.0,1,1,Yes,0,1,1,1,0,1,0,No,1,1
22200000.0,,Andheri  West,2.0,1.0,1,,0,0,0,Yes,1,1,0,0,Yes,0,
5898000.0,600.0,Majiwada,1.0,0.0,0,Yes,Yes,1,1,0,0,0,No,0,0,0,0
8000000.0,1000.0,Kharghar,2.0,0.0,No,0,Yes,1,1,0,,0,No,0,No,0,No
5460000.0,620.0,Kamothe,1.0,0.0,1,1,1,1,Yes,,1,,0,0,0,No,
3800000.0,655.0,Sector 17 Ulwe,1.0,1.0,0,1,1,1,1,Yes,1,Yes,1,1,0,1,
88000000.0,2394.0,Mahalaxmi,3.0,0.0,1,1,1,0,1,,1,1,,1,,Yes,1
8100000.0,729.0,Malad West,1.0,1.0,Yes,1,No,0,No,1,0,1,0,0,1,0,0
8500000.0,,Andheri  East,1.0,0.0,0,0,0,0,0,1,,No,0,0,,No,0
3900000.0,340.0,Kandivali West,1.0,0.0,0,1,0,0,0,0,No,0,0,0,0,0,0
36000000.0,1786.0,Kandivali East,3.0,0.0,1,1,1,0,1,,1,Yes,0,0,1,,1
3800000.0,300.0,Andheri  East,1.0,0.0,0,Yes,0,0,0,0,0,0,0,0,Yes,0,No
,600.0,Sector 20 Kharghar,1.0,0.0,0,1,1,Yes,1,1,0,0,Yes,0,0,No,0
3690000.0,,nan,2.0,1.0,,1,1,0,Yes,,1,1,0,1,0,1,
26500000.0,1060.0,nan,2.0,0.0,Yes,1,1,0,0,,1,1,1,0,1,0,1
2130000.0,560.0,Nala Sopara,1.0,1.0,No,1,0,0,0,1,0,0,0,No,0,0,0
19500000.0,855.0,Dahisar,2.0,1.0,1,1,1,No,1,Yes,Yes,Yes,1,0,0,1,1
16000000.0,1680.0,Kharghar,3.0,1.0,1,Yes,1,,Yes,1,1,1,1,1,,1,1
23500000.0,1035.0,Kandivali West,3.0,0.0,1,1,0,0,No,1,0,Yes,0,0,1,0,No
4000000.0,650.0,Ulwe,1.0,0.0,1,1,Yes,1,1,0,1,0,0,0,No,1,1
10700000.0,715.0,nan,1.0,0.0,0,0,1,0,1,0,0,0,0,0,0,0,0
12700000.0,1385.0,Kharghar,,0.0,1,1,0,,0,1,,0,,0,0,0,
3000000.0,575.0,Nala Sopara,1.0,0.0,1,1,Yes,0,Yes,1,Yes,,0,0,0,1,1
3100000.0,920.0,Badlapur East,2.0,0.0,1,1,1,0,1,1,Yes,1,1,1,0,1,1
15000000.0,600.0,borivali West,2.0,0.0,0,1,0,,0,,,1,No,0,1,0,0
4500000.0,880.0,Kalyan East,2.0,1.0,0,0,0,0,No,No,No,0,0,,0,0,0
19000000.0,1100.0,Malad East,2.0,1.0,1,Yes,1,0,Yes,1,,1,1,No,0,Yes,1
2670000.0,630.0,Kasheli,1.0,1.0,0,0,0,0,0,0,0,0,0,0,0,0,0
25600000.0,902.0,Wadala,2.0,1.0,1,1,1,0,Yes,Yes,1,1,1,1,1,1,1
27599999.0,,Thane West,3.0,1.0,1,1,0,0,0,0,0,0,1,1,0,,0
4200000.0,640.0,Kharghar,1.0,0.0,,No,1,1,1,0,0,0,0,0,0,0,No
10000000.0,479.0,Kandivali East,1.0,1.0,1,1,1,0,1,1,,1,1,1,No,,
11500000.0,1390.0,Mira Road East,3.0,1.0,1,1,1,0,1,1,1,Yes,1,0,1,1,1
3700000.0,790.0,IT Colony,2.0,0.0,1,1,1,1,1,1,0,1,1,1,0,,1
4700000.0,840.0,Sriprastha,2.0,0.0,0,Yes,Yes,1,0,0,0,No,,,0,0,0
56000000.0,1960.0,Ville Parle East,4.0,1.0,0,1,0,0,0,,0,0,0,0,0,No,0
60000000.0,1440.0,Santacruz West,3.0,0.0,No,1,0,No,0,No,No,0,0,0,0,0,0
41500000.0,2195.0,Goregaon,3.0,1.0,1,1,1,0,1,1,1,0,,Yes,0,1,Yes
5990000.0,480.0,Thane West,1.0,1.0,1,1,Yes,0,Yes,1,Yes,1,Yes,0,0,1,1
12000000.0,1010.0,nan,2.0,0.0,1,1,1,0,Yes,1,1,1,1,0,No,0,1
3600000.0,640.0,Dronagiri,1.0,,,1,0,0,0,0,No,0,No,0,0,0,0
17500000.0,1350.0,nan,3.0,1.0,,Yes,0,No,1,1,,1,0,0,0,1,1
,975.0,Karanjade,2.0,1.0,0,0,0,0,0,0,0,No,No,,,0,0
10600000.0,1070.0,Sector 10,2.0,0.0,0,0,1,1,1,0,,0,0,0,0,0,0
2200000.0,589.0,Palghar,1.0,0.0,1,1,0,0,1,1,1,1,1,0,,0,1
21500000.0,1080.0,borivali East,2.0,1.0,1,1,1,0,1,0,,1,1,0,1,,1
7500000.0,,Dahisar West,1.0,0.0,0,No,0,0,0,0,,0,0,No,0,0,No
8844000.0,1051.0,Panvel,,1.0,Yes,1,,0,0,1,Yes,1,0,,Yes,0,1
18500000.0,1130.0,Hiranandani Meadows,3.0,0.0,0,1,1,1,1,0,0,0,No,0,0,,0
2600000.0,620.0,Nalasopara West,1.0,1.0,0,1,0,0,0,1,0,0,,0,0,0,0
6800000.0,925.0,Ulwe,2.0,0.0,0,0,,0,No,0,,0,0,0,,0,0
16500000.0,1065.0,Kandivali East,3.0,0.0,0,0,1,1,1,1,,Yes,1,0,0,0,0
20099999.0,1145.0,Kalwa,2.0,0.0,,0,1,Yes,Yes,0,No,,0,0,0,0,0
4300000.0,800.0,nan,1.0,0.0,No,1,,Yes,1,0,0,0,No,0,0,0,0
9300000.0,1100.0,Kharghar,2.0,0.0,1,1,0,,No,,0,0,0,0,0,,0
2684000.0,385.0,nan,1.0,1.0,0,No,0,0,0,No,0,,0,0,0,0,0
3700000.0,640.0,Kharghar,1.0,0.0,0,Yes,0,Yes,Yes,0,0,0,0,0,0,0,0
8000000.0,800.0,Mira Road East,2.0,0.0,0,1,1,0,No,1,0,0,0,0,0,0,0
11000000.0,1100.0,Kharghar,2.0,0.0,0,0,1,1,1,0,0,0,0,No,0,0,0
6000000.0,650.0,Sector 20 Kharghar,1.0,0.0,0,1,1,Yes,1,0,0,0,0,No,0,0,0
5800000.0,650.0,Kharghar,1.0,0.0,No,,1,1,Yes,1,0,No,Yes,0,,0,0
4500000.0,650.0,Ulwe,1.0,,,1,0,No,,,0,No,0,,1,No,0
2600000.0,500.0,Naigaon East,1.0,0.0,1,,1,1,,1,1,0,1,1,No,1,1
2400000.0,580.0,Nala Sopara,1.0,0.0,Yes,1,0,0,0,1,1,1,,0,0,0,0
5500000.0,655.0,Kharghar,1.0,0.0,1,1,1,1,1,0,Yes,0,0,0,0,1,1
8000000.0,1300.0,nan,2.0,0.0,1,1,0,0,0,1,1,1,No,,0,,1
11000000.0,1470.0,Sector-18 Ulwe,3.0,0.0,0,1,1,1,1,No,0,,0,,0,No,0
12500000.0,,Malad West,2.0,0.0,1,,1,0,1,Yes,1,1,,1,Yes,1,1
2399000.0,700.0,Badlapur East,1.0,1.0,1,1,1,No,1,1,1,Yes,1,1,1,Yes,1
26500000.0,1052.0,Kanjurmarg,3.0,1.0,1,0,0,0,0,1,1,0,0,Yes,0,0,1
8200000.0,550.0,Thane West,1.0,1.0,0,,0,0,No,0,0,0,1,No,0,0,
2640000.0,560.0,Taloja,1.0,1.0,1,1,0,0,,,Yes,1,0,,,0,1
8500000.0,1120.0,Kharghar,2.0,0.0,1,1,0,0,0,1,0,Yes,0,0,0,0,No
,700.0,Taloja,1.0,0.0,,No,1,1,1,,0,0,0,0,0,0,0
2840000.0,466.0,Ambernath East,1.0,0.0,0,Yes,Yes,1,0,0,0,0,1,0,0,0,0
115000000.0,3000.0,Bandra East,4.0,,1,1,0,0,,1,1,1,0,0,1,0,1
36800000.0,825.0,Parel,,1.0,Yes,Yes,0,0,1,,1,1,1,1,0,1,1
12800000.0,700.0,Antop Hill,1.0,0.0,1,1,1,1,1,0,0,0,0,,0,0,0
9900000.0,1125.0,Sector 10,2.0,0.0,,0,1,1,1,No,0,No,0,0,,0,0
16500000.0,1660.0,Kharghar,3.0,1.0,1,1,1,0,1,1,1,Yes,1,,1,1,Yes
9300000.0,960.0,Mira Road East,2.0,0.0,0,1,No,0,,1,0,1,No,0,1,No,
26000000.0,710.0,Ville Parle East,2.0,0.0,0,1,0,,0,0,0,0,0,0,No,0,0
9100000.0,1168.0,Kamothe,2.0,0.0,1,,0,0,0,1,0,1,0,No,No,No,1
24000000.0,1300.0,Dattapada,3.0,0.0,,0,1,1,1,0,0,0,0,0,0,0,0
6500000.0,695.0,nan,1.0,,0,1,,1,Yes,0,0,0,1,0,No,No,0
4004999.0,890.0,Virar,2.0,,1,1,1,0,1,Yes,1,Yes,0,1,0,1,1
27100000.0,980.0,Goregaon East,3.0,1.0,,1,0,0,0,1,Yes,1,0,,No,0,1
5500000.0,558.0,Thane West,1.0,0.0,0,Yes,0,0,0,Yes,0,0,0,0,1,0,0
16500000.0,1175.0,Palm Beach,2.0,0.0,,1,Yes,1,1,1,1,1,1,1,0,Yes,1
11700000.0,560.0,Dahisar,2.0,1.0,Yes,1,1,No,1,Yes,1,1,,0,0,Yes,1
14000000.0,650.0,Andheri  East,2.0,0.0,0,No,1,1,1,0,,0,0,0,0,0,0
7650000.0,982.0,Mira Road East,2.0,1.0,0,1,0,No,0,1,1,1,0,0,1,0,
2375000.0,525.0,Kalyan East,1.0,0.0,1,0,1,0,1,Yes,Yes,1,1,1,,0,Yes
12800000.0,750.0,Thane West,2.0,1.0,1,1,1,0,1,,1,Yes,1,,1,1,1
2100000.0,585.0,Nala Sopara,,0.0,1,,0,No,0,Yes,1,1,0,0,,0,0
8500000.0,585.0,Jogeshwari West,1.0,0.0,0,,0,0,1,0,0,0,0,0,0,0,0
16500000.0,1350.0,Ghatkopar West,3.0,0.0,1,,0,No,No,Yes,1,1,0,,0,0,0
65000000.0,2450.0,Andheri  West,4.0,0.0,1,1,1,1,1,1,1,No,1,1,1,1,Yes
2600000.0,,Naigaon East,1.0,0.0,0,1,0,0,No,1,No,0,No,0,0,0,No
3900000.0,724.0,Taloja,1.0,,1,,0,0,0,1,1,,0,0,0,,Yes
9600000.0,650.0,borivali West,1.0,0.0,0,1,0,0,0,0,0,1,0,0,1,0,0
2110000.0,545.0,Badlapur West,1.0,1.0,Yes,Yes,0,0,1,0,,No,0,0,,0,0
9000000.0,1050.0,Mira Road East,2.0,0.0,No,1,0,0,0,1,1,1,0,0,1,0,0
14000000.0,,Charkop Sector 8,2.0,0.0,,1,1,,1,1,0,1,0,0,1,0,0
6100000.0,365.0,Mira Road East,1.0,,,1,1,0,1,1,1,1,,Yes,0,1,1
32500000.0,2415.0,Sector-9 Ghansoli,4.0,0.0,0,1,,1,,No,0,0,0,No,0,No,0
14000000.0,1055.0,Seawoods,2.0,0.0,1,1,1,No,0,1,1,1,1,1,0,1,Yes
19500000.0,1150.0,Goregaon West,2.0,1.0,1,1,1,,1,0,1,0,0,0,No,Yes,1
3500000.0,620.0,nan,1.0,1.0,0,1,0,0,No,0,0,,0,0,0,0,0
60000000.0,2500.0,Lower Parel,,1.0,,,1,1,1,1,1,,1,1,1,1,1
11500000.0,600.0,Chembur,,0.0,0,0,Yes,0,1,No,0,No,0,0,No,,0
14800000.0,1300.0,Thane West,3.0,1.0,Yes,Yes,0,0,0,1,1,1,0,No,0,No,1
2799000.0,570.0,Nala Sopara,1.0,0.0,0,1,0,0,0,1,0,,,0,0,0,0
11000000.0,1100.0,Nerul,2.0,0.0,0,1,No,0,0,0,0,1,0,0,,0,0
6400000.0,1010.0,Karanjade,2.0,1.0,No,1,1,1,Yes,0,0,1,1,1,0,1,0
11100000.0,1310.0,Sector-8 Ulwe,,1.0,,1,Yes,1,1,1,1,Yes,1,1,0,1,1
11000000.0,1000.0,Thane West,2.0,1.0,1,1,0,0,0,1,1,1,0,,0,0,Yes
5000000.0,650.0,Sector 20 Kharghar,,0.0,1,1,1,1,1,0,0,0,0,No,0,0,0
9600000.0,1100.0,kavesar,2.0,0.0,0,1,1,1,,0,0,0,0,,0,0,0
8900000.0,1475.0,Sector 36 Kharghar,,0.0,0,,1,1,1,0,0,,,0,0,0,No
8500000.0,,Mira Road East,3.0,0.0,1,1,1,No,1,0,0,0,0,0,0,1,Yes
10000000.0,1050.0,Mira Road East,2.0,0.0,1,1,,No,0,1,0,1,1,1,0,Yes,0
12500000.0,1570.0,Ulwe,3.0,1.0,0,0,0,No,0,,0,0,No,0,,0,No
7700000.0,950.0,Mira Road East,,1.0,0,1,0,0,0,,0,1,0,0,Yes,0,0
7700000.0,1110.0,Kamothe,2.0,0.0,0,,0,0,0,0,,1,0,0,0,0,0
29200000.0,2905.0,Ulwe,4.0,,1,1,0,0,0,,0,0,0,0,0,0,0
13000000.0,750.0,Jogeshwari West,1.0,0.0,0,0,0,0,No,0,0,0,0,0,No,0,
6200000.0,400.0,Airoli,1.0,0.0,0,1,1,,1,0,0,0,0,0,0,0,No
6600000.0,750.0,Bhayandar East,2.0,0.0,0,1,0,0,0,0,0,0,0,0,1,0,0
12500000.0,650.0,Santacruz East,1.0,0.0,0,0,0,0,0,0,No,0,0,0,1,,0
16000000.0,1400.0,Sector 20 Kharghar,3.0,0.0,0,,1,1,Yes,0,0,0,No,0,0,0,0
7000000.0,720.0,Kharghar,1.0,0.0,1,1,0,0,0,1,1,Yes,0,,0,No,Yes
41200000.0,1872.0,Goregaon,4.0,1.0,Yes,1,1,0,Yes,1,1,1,1,No,0,1,1
2200000.0,400.0,Shirgaon,1.0,0.0,0,1,1,1,,0,0,0,,0,0,No,0
11800000.0,1475.0,Kharghar,3.0,0.0,,1,1,1,1,1,1,1,,1,No,1,1
8000000.0,,Kalyan West,2.0,0.0,1,1,Yes,0,1,1,1,,0,0,0,No,1
9500000.0,,Kharghar,2.0,0.0,0,1,,0,0,No,0,0,0,0,0,0,No
13600000.0,1680.0,nan,3.0,0.0,1,1,Yes,Yes,1,1,1,1,Yes,1,1,Yes,1
8500000.0,700.0,nan,1.0,0.0,1,1,,0,Yes,1,1,1,Yes,0,No,1,
5040000.0,300.0,Kandivali East,1.0,0.0,1,1,1,0,1,1,1,1,0,No,1,1,1
11500000.0,600.0,Tolaram Colony,1.0,0.0,Yes,1,1,1,1,,0,0,0,0,0,0,No
3550000.0,607.0,Kalyan West,1.0,1.0,1,,Yes,0,1,1,1,1,1,1,No,1,Yes
11000000.0,450.0,Ville Parle East,,0.0,0,1,0,0,0,0,0,0,0,,1,0,0
11399999.0,1550.0,Kharghar,,0.0,No,1,Yes,1,1,0,No,1,Yes,No,0,0,0
6600000.0,700.0,Mira Road East,1.0,1.0,1,1,0,No,,1,Yes,1,0,1,1,,1
15500000.0,1000.0,Vakola Pipeline Road,2.0,0.0,0,1,1,0,Yes,0,No,No,0,0,,0,0
32500000.0,840.0,Ville Parle East,2.0,0.0,0,1,0,0,No,0,0,1,No,No,Yes,0,0
8000000.0,600.0,Sanpada,1.0,0.0,1,1,1,,1,1,Yes,1,Yes,1,1,1,1
17500000.0,1150.0,Goregaon West,2.0,1.0,1,,0,0,0,0,,0,0,,1,,1
90000000.0,5150.0,Ghatkopar West,3.0,,1,1,0,0,0,1,,1,0,0,Yes,0,Yes
4500000.0,580.0,Kharghar,1.0,0.0,0,No,1,1,1,0,0,0,0,No,0,0,0
65000000.0,2998.0,Thane West,4.0,,1,Yes,0,0,0,1,Yes,Yes,0,0,1,0,1
28300000.0,963.0,Mulund West,3.0,1.0,1,1,Yes,,1,1,1,1,1,1,0,,1
12600000.0,1150.0,Sector 12 Kharghar,2.0,0.0,0,1,Yes,1,1,No,1,0,0,0,No,0,0
11500000.0,720.0,nan,1.0,0.0,1,1,Yes,No,1,1,Yes,1,,0,1,,
24500000.0,,Chembur East,,0.0,1,1,1,1,1,0,0,0,0,0,No,No,0
2075000.0,661.0,Neral,1.0,1.0,0,No,0,No,0,0,0,0,0,0,0,0,No
6800000.0,1250.0,Panvel,2.0,1.0,1,Yes,1,0,1,1,1,1,1,1,0,Yes,Yes
38000000.0,,Nerul,3.0,0.0,No,1,1,1,1,0,1,No,0,0,0,,0
,1000.0,Ulwe,2.0,1.0,,1,0,0,0,1,1,1,1,1,Yes,No,0
5000000.0,570.0,Kharghar,1.0,0.0,0,Yes,,Yes,1,0,0,0,No,0,0,0,0
7900000.0,565.0,Kandivali East,1.0,1.0,,1,1,0,1,Yes,1,1,1,0,0,1,1
17000000.0,776.0,nan,2.0,1.0,1,1,1,0,,,1,1,,0,0,1,1
8000000.0,,Ulwe,2.0,0.0,0,1,0,0,0,Yes,1,1,0,No,1,,0
2300000.0,590.0,Nala Sopara,1.0,,1,1,1,0,0,1,0,1,0,0,0,0,0
3800000.0,,Karanjade,1.0,1.0,0,0,0,0,0,0,0,No,0,0,0,0,0
4275000.0,660.0,nan,1.0,0.0,0,1,No,0,0,0,0,0,0,0,0,No,0
5000000.0,1000.0,nan,2.0,1.0,0,0,0,0,0,No,0,0,No,0,0,0,0
6500000.0,630.0,Kharghar,1.0,0.0,No,1,No,0,No,No,0,1,0,0,0,,0
95000000.0,3100.0,Bandra Kurla Complex,4.0,0.0,1,1,0,0,0,1,Yes,Yes,0,0,1,0,Yes
19500000.0,1800.0,Koper Khairane,3.0,0.0,0,1,,,0,0,0,0,No,0,0,0,0
6000000.0,740.0,Kharghar,1.0,0.0,1,1,1,1,,1,1,1,1,1,,1,1
7400000.0,890.0,Sector 17 Ulwe,2.0,0.0,1,1,1,Yes,1,0,1,0,0,0,0,0,0
27900000.0,744.0,Powai ,2.0,1.0,1,1,Yes,No,1,1,1,1,1,1,0,1,1
13500000.0,900.0,borivali West,2.0,,0,1,0,0,0,,0,No,,,1,0,0
7300000.0,1149.0,Kasar vadavali,3.0,0.0,1,1,0,No,1,0,1,No,1,No,0,,1
5600000.0,560.0,Kharghar,1.0,0.0,0,1,0,0,0,0,0,,0,0,0,0,0
101400000.0,2880.0,Lower Parel,3.0,0.0,0,1,1,0,,,0,0,1,0,No,0,1
7000000.0,627.0,kandivali,1.0,1.0,1,1,1,,1,1,Yes,1,1,1,No,1,
2888000.0,962.0,nan,2.0,0.0,0,1,0,0,0,Yes,0,0,0,No,0,0,0
9500000.0,665.0,Kandivali West,1.0,1.0,1,1,1,1,1,1,1,1,1,1,No,Yes,1
2950000.0,580.0,Badlapur East,1.0,1.0,1,1,1,,1,1,Yes,1,0,1,0,Yes,Yes
11500000.0,1142.0,Ulwe,2.0,1.0,1,1,0,0,0,1,1,Yes,0,0,1,No,0
8000000.0,806.0,Pant Nagar,2.0,0.0,,0,1,1,0,0,1,0,0,No,0,0,0
35100000.0,1020.0,Powai ,3.0,1.0,1,1,1,0,1,Yes,1,Yes,1,1,0,1,
7618000.0,,Panvel,2.0,1.0,1,,1,0,,1,1,1,Yes,1,0,1,
6200000.0,550.0,nan,1.0,0.0,0,1,,0,0,1,0,1,0,No,1,No,0
23000000.0,1800.0,Kharghar,3.0,,1,1,1,0,0,1,1,1,1,1,0,1,Yes
29400000.0,1618.0,Goregaon East,3.0,1.0,0,Yes,0,0,1,0,0,0,0,No,0,,1
24000000.0,1300.0,Dattapada,3.0,0.0,0,Yes,Yes,1,,0,0,0,,0,0,0,No
16200000.0,1050.0,borivali West,2.0,1.0,,0,0,0,0,0,No,0,0,0,0,0,0
13000000.0,1050.0,Kharghar,2.0,1.0,1,1,,,0,1,1,1,1,1,0,1,1
5200000.0,950.0,Nala Sopara,2.0,0.0,1,1,1,0,Yes,1,1,1,1,0,0,1,1
8500000.0,1125.0,Ulwe,,1.0,0,0,0,0,0,No,No,0,0,0,0,0,0
12200000.0,1565.0,Kamothe,3.0,0.0,0,0,1,1,1,0,0,0,No,0,,0,0
9900000.0,1495.0,Kalyan West,3.0,0.0,0,1,0,No,0,1,1,,0,0,0,0,0
3500000.0,450.0,Kalyan West,1.0,0.0,0,0,1,1,1,0,0,0,1,0,0,0,0
7100000.0,887.0,Kamothe,2.0,0.0,,1,1,Yes,1,0,1,0,0,0,0,0,0
,700.0,Ulwe,1.0,0.0,0,0,0,0,0,No,0,0,0,0,0,0,No
47500000.0,,vile parle west,3.0,1.0,0,1,0,0,0,No,0,No,No,0,1,0,
42500000.0,1850.0,Andheri  West,3.0,1.0,Yes,1,0,0,1,Yes,1,0,,1,1,0,1
29000000.0,1153.0,Wadala,3.0,0.0,1,1,1,0,,Yes,,1,1,No,1,1,1
11000000.0,650.0,nan,1.0,1.0,0,1,1,0,1,,0,0,0,,0,No,No
37000000.0,2310.0,nan,3.0,0.0,Yes,Yes,1,0,1,1,1,0,0,0,0,1,1
10000000.0,600.0,Goregaon East,1.0,0.0,0,0,0,No,0,0,0,0,,,0,0,0
6200000.0,675.0,Thane West,1.0,0.0,1,1,0,0,1,Yes,1,,1,1,,No,0
11000000.0,1470.0,nan,3.0,0.0,1,Yes,1,Yes,Yes,No,0,0,0,No,0,0,
31300000.0,1043.0,borivali East,3.0,1.0,Yes,1,,0,Yes,1,1,Yes,0,1,0,1,1
,950.0,Kharghar,2.0,0.0,No,1,0,0,0,0,0,0,0,,0,0,0
11000000.0,1096.0,Thane West,2.0,1.0,1,1,No,No,0,Yes,Yes,1,,,1,0,1
17500000.0,781.0,Airoli,3.0,1.0,0,1,1,0,0,0,No,0,0,0,,No,0
3700000.0,650.0,nan,1.0,0.0,,1,No,0,0,0,0,,0,0,0,0,0
30000000.0,1700.0,Ville Parle East,3.0,0.0,Yes,1,0,1,1,1,1,0,0,0,0,Yes,
22200000.0,1270.0,Chembur East,2.0,1.0,0,1,1,No,Yes,0,0,0,0,0,0,0,0
,,Santacruz West,2.0,0.0,,No,0,0,0,0,0,0,0,0,0,0,0
10000000.0,750.0,Jogeshwari West,1.0,0.0,No,,1,0,1,0,No,0,0,No,0,0,0
8000000.0,640.0,Thane West,1.0,0.0,1,1,1,No,1,1,1,1,Yes,1,0,1,1
5500000.0,966.0,nan,2.0,0.0,0,1,1,0,0,1,,0,0,0,No,No,
17500000.0,,Powai ,1.0,0.0,1,1,0,0,0,1,1,1,No,0,1,0,1
9800000.0,595.0,Dahisar,1.0,0.0,1,1,1,0,1,0,1,,0,0,0,1,1
14000000.0,1077.0,Kurla,2.0,1.0,0,No,No,0,0,1,0,No,0,0,0,No,0
11500000.0,1100.0,nan,2.0,1.0,1,,0,Yes,1,1,No,0,1,0,0,1,Yes
79900000.0,1836.0,Parel,3.0,1.0,1,1,0,0,1,1,1,,1,1,0,1,1
,594.0,Nala Sopara,1.0,1.0,,1,1,1,0,1,0,1,1,0,No,0,0
122500000.0,3150.0, WORLI,4.0,0.0,1,1,1,1,1,1,1,Yes,1,1,0,1,1
9100000.0,1110.0,Kalyan West,2.0,0.0,1,1,1,0,1,1,1,1,1,,0,1,1
3300000.0,,Ulwe,1.0,1.0,No,Yes,0,,0,0,0,0,0,0,0,0,0
5000000.0,1155.0,Dronagiri,2.0,1.0,0,,Yes,1,1,1,0,0,1,No,Yes,Yes,0
6022000.0,730.0,Mira Road East,1.0,0.0,Yes,1,0,0,0,1,1,No,0,1,No,No,1
4602000.0,550.0,Panvel,1.0,1.0,1,1,0,0,,1,1,1,0,1,0,1,1
18500000.0,1050.0,borivali West,,1.0,1,1,No,0,0,1,0,1,0,0,1,0,0
14000000.0,,Kandivali East,2.0,,1,1,1,1,1,Yes,1,Yes,1,1,,1,1
,1057.0,Andheri  West,2.0,1.0,1,Yes,1,0,1,1,1,0,No,No,No,1,1
13000000.0,1586.0,Ulwe,3.0,0.0,Yes,1,0,No,0,,1,1,0,0,1,0,1
12000000.0,750.0,Vikroli East,2.0,0.0,0,1,0,0,No,0,0,0,0,0,0,0,0
8700000.0,595.0,borivali East,,0.0,1,1,1,0,1,1,1,Yes,1,0,Yes,Yes,1
7500000.0,1155.0,Ulwe,,1.0,0,0,0,0,0,0,0,0,0,0,0,0,0
85000000.0,1800.0,Juhu,,0.0,0,,0,0,No,0,0,0,0,0,0,0,0
9900000.0,1020.0,Thane West,3.0,1.0,1,Yes,No,0,No,1,1,1,1,0,0,,1
6000000.0,650.0,Mira Road East,1.0,0.0,1,1,1,0,1,1,Yes,0,1,1,0,1,1
4750000.0,960.0,Kalyan West,2.0,0.0,Yes,1,0,0,0,0,,0,0,0,0,0,0
16600000.0,1275.0,Panvel,3.0,1.0,Yes,1,1,1,Yes,1,1,1,1,1,0,Yes,1
,1250.0,Thane West,,1.0,1,1,0,0,0,1,1,1,No,0,1,0,
7500000.0,1145.0,Vasai,2.0,,0,1,1,0,Yes,1,No,1,0,0,0,Yes,No
,965.0,nan,2.0,1.0,1,1,1,1,1,Yes,1,1,Yes,0,,Yes,1
15500000.0,950.0,Jogeshwari West,2.0,0.0,0,,0,0,0,0,0,0,0,0,,0,0
4500000.0,603.0,Sector 30 Kharghar,1.0,0.0,0,0,1,1,1,No,0,No,0,No,No,,0
10200000.0,644.0,Ghatkopar West,1.0,0.0,,1,1,0,1,Yes,1,1,0,0,Yes,1,1
5600000.0,1000.0,Kalyan West,3.0,,,0,0,0,0,0,0,0,0,0,0,0,
20000000.0,1070.0,Powai ,2.0,0.0,1,1,1,No,1,1,1,1,1,0,1,1,1
43000000.0,1850.0,Dahisar,3.0,0.0,0,,1,1,1,0,0,0,No,0,0,0,0
70000000.0,1503.0,Tardeo,2.0,0.0,1,1,,0,1,1,1,0,Yes,0,1,1,1
7500000.0,,borivali West,,0.0,No,No,0,,0,0,0,0,0,0,0,0,0
4700000.0,375.0,Thane West,1.0,1.0,1,1,0,0,0,1,Yes,Yes,1,0,0,No,1
10500000.0,585.0,nan,1.0,0.0,1,0,0,0,0,1,0,0,1,,0,No,1
8500000.0,1300.0,nan,3.0,0.0,0,1,0,0,0,1,,0,0,0,No,0,0
30000000.0,850.0,matunga east,,0.0,1,1,0,0,No,,,0,0,0,1,0,0
,1150.0,Kharghar,2.0,0.0,1,1,1,1,1,1,1,Yes,1,0,0,Yes,1
2500000.0,550.0,Nala Sopara,1.0,0.0,1,,1,0,1,,0,0,1,0,0,1,1
5600000.0,693.0,Mira Road East,1.0,1.0,,Yes,1,0,1,1,1,1,1,1,Yes,1,Yes
,353.0,Vasai,,1.0,0,1,1,0,1,0,0,1,No,No,No,0,0
9601000.0,1075.0,Thane West,2.0,1.0,1,1,1,0,1,1,1,1,1,0,0,1,
9100000.0,650.0,Dahisar,1.0,0.0,1,1,1,0,Yes,No,1,1,0,0,1,1,
7400000.0,,Sector 20 Kharghar,2.0,0.0,1,,1,,1,,0,0,0,,No,0,
7700000.0,950.0,Mira Road East,2.0,0.0,0,0,1,0,0,0,0,0,0,0,0,0,0
11500000.0,1240.0,Ulwe,2.0,1.0,1,1,1,0,1,1,1,,0,No,0,1,1
7400000.0,,Mira Road East,2.0,1.0,1,1,1,0,Yes,Yes,,1,1,1,0,1,1
12500000.0,557.0,Chembur,2.0,1.0,0,0,,0,0,0,,No,0,0,0,No,No
9100000.0,1082.0,Mira Road East,2.0,1.0,1,1,No,0,0,1,1,,0,1,1,1,1
5990000.0,905.0,Thane West,2.0,0.0,1,1,1,0,1,1,1,1,1,0,0,1,1
16500000.0,1050.0,Magathane,2.0,,0,1,,1,Yes,0,,,0,No,,No,0
17000000.0,775.0,Chedda Nagar,2.0,,1,1,0,0,,,1,1,,0,1,0,1
25400000.0,1431.0,Wadala,2.0,1.0,1,1,1,0,1,1,1,0,1,0,0,Yes,1
17000000.0,700.0,Ville Parle East,1.0,0.0,No,No,0,No,0,0,,0,0,0,1,0,0
3829999.0,627.0,Virar,2.0,1.0,1,1,1,0,1,1,1,0,1,0,,1,0
6000000.0,1040.0,Sector 23 Ulwe,2.0,1.0,No,,0,No,0,0,0,0,No,No,0,0,0
11600000.0,1150.0,Kharghar,2.0,0.0,1,1,Yes,0,1,1,1,0,1,1,0,1,1
26500000.0,1450.0,Powai ,3.0,0.0,1,1,1,0,0,,1,1,0,0,Yes,0,1
26500000.0,1475.0,Mulund West,2.0,1.0,1,1,1,0,1,Yes,Yes,No,1,1,0,1,1
15000000.0,950.0,Dattapada,2.0,0.0,0,1,1,,1,0,0,0,0,0,0,0,0
,1010.0,Mira Road East,2.0,0.0,1,1,1,1,Yes,1,Yes,1,1,0,1,Yes,1
2585000.0,618.0,Titwala,1.0,,0,1,0,0,0,1,No,1,0,0,0,No,0
30500000.0,,nan,2.0,0.0,Yes,1,1,1,1,1,1,1,1,,No,,1
5200000.0,650.0,Mira Road East,1.0,1.0,0,,,0,No,1,0,0,No,0,0,0,0
22400000.0,1496.0,Chembur,2.0,0.0,1,Yes,Yes,0,1,1,Yes,1,0,0,1,,0
11100000.0,550.0,Suburbs mumbai,1.0,0.0,1,No,1,1,1,0,0,,0,0,0,0,0
9500000.0,1000.0,Airoli,2.0,,No,1,Yes,1,1,0,,0,0,0,0,0,1
3000000.0,600.0,Dombivali East,1.0,0.0,,1,1,1,1,,0,0,,No,0,,0
15400000.0,670.0,Andheri  East,2.0,1.0,1,1,1,0,1,1,1,Yes,1,0,0,1,1
12000000.0,500.0,borivali West,1.0,0.0,1,1,0,0,0,1,1,1,0,No,Yes,0,
12500000.0,878.0,Chembur,1.0,1.0,1,,1,0,1,,1,0,Yes,0,0,1,1
18800000.0,985.0,Powai ,2.0,0.0,1,1,0,0,0,1,1,Yes,1,1,1,1,Yes
10000000.0,1100.0,Kopar Khairane Sector 19A,2.0,0.0,1,,Yes,1,1,0,1,0,,0,0,0,0
8500000.0,525.0,Kandivali East,1.0,0.0,1,,1,1,1,Yes,1,Yes,1,0,No,1,1
20700000.0,742.0,Mulund West,2.0,,Yes,1,1,0,Yes,Yes,1,1,1,1,0,1,1
15900000.0,826.0,Sion,2.0,1.0,1,1,1,0,1,1,1,1,0,0,1,No,0
5700000.0,650.0,Kharghar,1.0,0.0,0,1,1,1,,0,0,1,1,0,0,1,0
15400000.0,1200.0,Vasant Vihar,,,1,1,1,Yes,1,,,0,1,,1,0,0
7000000.0,1060.0,Kalyan East,2.0,0.0,1,1,1,0,1,1,1,1,0,1,,Yes,Yes
18000000.0,900.0,nan,,0.0,1,1,1,1,Yes,1,1,1,1,1,1,,Yes
4100000.0,615.0,nan,2.0,1.0,1,1,1,,1,1,1,0,1,0,0,,Yes
5400000.0,,Kamothe,1.0,0.0,,1,1,0,1,0,1,1,0,No,0,1,0
7053000.0,1085.0,Navi Basti,2.0,0.0,,0,0,0,0,0,0,No,1,0,0,0,0
14800000.0,1245.0,Airoli,2.0,0.0,0,1,1,1,1,0,0,,0,0,0,0,0
6800000.0,1400.0,Panvel,2.0,0.0,Yes,1,0,0,0,1,Yes,1,0,No,1,0,1
57500000.0,1266.0,Santacruz West,3.0,0.0,No,1,No,0,,0,0,0,0,0,0,0,0
11000000.0,800.0,Malad East,1.0,0.0,No,1,1,0,0,0,0,1,0,0,0,0,0
13500000.0,1235.0,Kharghar,2.0,0.0,1,Yes,1,1,1,1,1,1,Yes,1,1,1,
2600000.0,400.0,Navi Basti,1.0,0.0,0,0,0,No,0,0,0,0,0,0,0,0,0
28000000.0,1500.0,Jogeshwari West,3.0,0.0,1,1,0,0,0,1,No,0,0,No,0,,1
7500000.0,,Kharghar,,0.0,0,1,,0,0,0,No,0,0,0,No,No,No
2400000.0,550.0,Nala Sopara,1.0,0.0,1,1,1,0,Yes,1,1,No,Yes,1,0,1,1
7800000.0,735.0,Sector 35I Kharghar,1.0,0.0,0,0,1,,1,No,0,0,0,0,0,No,0
28000000.0,1580.0,Hiranandani Meadows,3.0,0.0,1,1,Yes,1,1,0,1,0,1,0,,0,0
42000000.0,1820.0,Goregaon East,2.0,,1,1,1,0,No,1,1,1,1,0,0,1,
,680.0,nan,1.0,0.0,1,Yes,1,,1,No,Yes,No,0,0,0,0,0
13500000.0,1000.0,Thane West,2.0,1.0,0,0,0,0,0,0,No,0,0,0,0,0,0
4700000.0,648.0,Ulwe,1.0,0.0,1,0,1,1,Yes,0,No,0,,0,0,0,1
15000000.0,800.0,Chembur,2.0,1.0,,,1,No,1,No,0,0,0,,0,No,No
9300000.0,1078.0,Kharghar,2.0,0.0,1,1,1,1,1,Yes,,1,1,1,0,1,1
4500000.0,390.0,Andheri  West,1.0,0.0,1,Yes,1,1,1,No,0,0,0,No,0,0,0
,3400.0,Phase 2,4.0,0.0,0,,1,,1,0,No,,0,0,No,No,0
3100000.0,630.0,Virar,1.0,0.0,0,Yes,,0,0,0,0,0,1,No,No,0,
10600000.0,1230.0,Thane West,2.0,1.0,1,Yes,0,0,0,1,1,1,No,0,1,No,1
5800000.0,686.0,Dombivali East,2.0,0.0,Yes,0,1,1,1,0,0,0,1,0,0,0,0
24000000.0,780.0,Andheri  East,2.0,1.0,0,0,,0,0,0,0,,No,0,0,0,0
,940.0,Mira Road and Beyond,2.0,0.0,1,0,1,1,1,0,0,0,0,0,0,0,0
7700000.0,950.0,Kalyan West,2.0,0.0,Yes,,0,,0,0,0,0,No,No,0,No,0
7500000.0,757.0,Chembur East,1.0,1.0,1,1,1,0,1,Yes,0,1,1,,0,1,1
2000000.0,780.0,Boisar,2.0,0.0,Yes,,0,0,1,1,1,0,1,0,0,0,1
,630.0,nan,1.0,0.0,1,1,1,0,1,1,0,No,Yes,0,0,Yes,1
5300000.0,520.0,Mira Road East,2.0,0.0,0,0,0,0,0,0,0,No,0,0,0,No,0
46000000.0,2580.0,Thane West,4.0,0.0,1,,Yes,,Yes,1,1,1,0,No,0,1,1
3200000.0,820.0,Badlapur East,2.0,1.0,0,1,0,0,No,0,No,0,No,0,1,0,0
12500000.0,800.0,Kandivali East,2.0,0.0,1,Yes,1,0,Yes,1,1,1,No,No,0,1,1
,1290.0,Malad East,2.0,0.0,1,1,1,0,1,Yes,1,0,0,0,0,1,1
5999000.0,850.0,Mira Road East,1.0,0.0,No,1,0,0,0,1,0,1,0,0,0,0,0
3450000.0,625.0,Kalyan West,1.0,1.0,Yes,1,Yes,0,1,1,Yes,Yes,1,Yes,No,Yes,1
15500000.0,1645.0,Kharghar,,0.0,1,1,1,Yes,Yes,0,1,1,0,0,1,1,1
21000000.0,1050.0,Samata nagar,,0.0,0,1,1,1,1,0,0,No,0,0,0,No,
5800000.0,1050.0,Mira Road East,2.0,0.0,0,1,0,,0,1,0,1,0,No,0,,0
5500000.0,500.0,Thane West,1.0,1.0,1,1,0,0,0,1,1,1,,0,Yes,0,1
,1245.0,Thane West,3.0,1.0,1,1,1,0,1,1,1,1,0,0,No,1,1
23500000.0,1090.0,Malad West,2.0,0.0,0,1,0,0,0,0,0,No,0,No,Yes,0,0
19500000.0,1100.0,Goregaon East,2.0,1.0,1,Yes,0,No,0,1,1,Yes,No,No,0,0,Yes
13100000.0,1140.0,Thane West,2.0,1.0,1,1,0,0,0,1,1,1,No,0,Yes,0,1
2000000.0,540.0,Vasind,1.0,0.0,0,0,1,1,1,Yes,0,0,1,1,0,0,No
50000000.0,1800.0,Grant Road West,3.0,0.0,0,,1,1,0,No,,,1,No,0,0,
9570000.0,1160.0,Mira Road East,2.0,0.0,1,1,0,No,0,1,1,0,0,1,0,No,Yes
8600000.0,590.0,Dahisar East,1.0,0.0,0,No,0,0,0,0,0,No,0,0,0,0,0
12000000.0,,Malad East,2.0,0.0,Yes,1,0,0,0,1,1,1,0,No,0,0,1
4713000.0,725.0,Navi Basti,1.0,0.0,1,No,0,No,0,0,1,0,1,0,0,0,Yes
7500000.0,,Malad East,1.0,1.0,Yes,Yes,0,,1,1,1,1,1,0,0,0,1
2300000.0,820.0,Boisar,2.0,0.0,0,1,0,0,0,1,1,0,Yes,0,0,1,1
9000000.0,1150.0,Mira Road East,2.0,0.0,No,1,0,0,0,Yes,No,1,0,0,1,0,0
5300000.0,,Kalwa,1.0,0.0,0,0,1,1,1,0,No,0,0,0,0,No,0
14900000.0,1245.0,Airoli,2.0,1.0,0,1,1,0,0,0,0,0,No,0,1,0,
,802.0,Bhiwandi,2.0,1.0,,Yes,1,1,1,1,1,Yes,1,1,0,1,
5200000.0,590.0,Kharghar,1.0,0.0,0,No,1,1,1,0,No,No,0,No,0,No,0
7500000.0,1155.0,Ulwe,2.0,1.0,0,1,0,No,0,0,0,0,,0,No,0,No
11900000.0,1585.0,Sector 6,3.0,0.0,1,1,0,0,0,No,0,0,1,0,0,0,1
10500000.0,,Dombivali,,,1,1,1,,1,1,1,1,1,1,,1,
11000000.0,900.0,Kurla West,2.0,0.0,No,1,0,0,0,1,0,0,0,0,0,0,0
14900000.0,,Malad West,2.0,1.0,1,Yes,Yes,0,1,1,,1,1,1,0,1,1
16000000.0,650.0,Andheri  West,1.0,0.0,0,Yes,0,0,0,No,0,,0,,1,0,0
4500000.0,650.0,Taloja,1.0,0.0,,1,1,0,1,1,Yes,Yes,Yes,1,0,1,
3000000.0,560.0,Virar,1.0,0.0,1,1,1,0,,0,,0,0,0,0,Yes,1
,455.0,Mira Road East,2.0,1.0,1,1,1,0,Yes,1,1,1,1,1,0,1,1
4199000.0,625.0,Thane West,1.0,0.0,Yes,Yes,1,No,1,1,Yes,Yes,1,No,0,1,1
11600000.0,1585.0,Sector-3 Ulwe,3.0,0.0,0,1,1,Yes,1,No,No,,0,No,0,No,0
,918.0,Ambernath East,2.0,1.0,1,1,0,0,No,1,1,1,0,0,0,0,0
23800000.0,943.0,nan,3.0,1.0,1,0,0,0,0,1,1,0,0,1,0,,1
3900000.0,,Ulwe,1.0,,,Yes,No,0,0,0,0,0,0,0,,0,
,950.0,nan,2.0,1.0,1,1,No,0,0,1,,,,0,1,0,1
12900000.0,666.0,Chembur,1.0,0.0,0,0,1,0,1,No,,0,0,0,,0,0
9000000.0,560.0,thakur village kandivali east,1.0,0.0,0,0,No,0,0,,0,No,0,0,0,0,0
22000000.0,1266.0,Malad East,2.0,0.0,,1,No,,1,1,1,1,Yes,Yes,0,1,1
6000000.0,759.0,Kharghar,1.0,0.0,1,1,1,1,1,1,1,1,1,0,0,,1
10000000.0,1300.0,Kalyan West,3.0,0.0,Yes,1,0,0,0,1,,1,0,0,0,0,0
35000000.0,1600.0,Andheri  West,,1.0,1,,1,1,1,1,1,0,1,1,1,0,
11299999.0,900.0,Goregaon East,2.0,,1,,,0,,No,1,0,0,No,0,1,0
175000000.0,,Thane West,4.0,0.0,1,1,1,No,1,,0,0,1,1,0,0,1
3200000.0,650.0,Virar,1.0,1.0,1,1,0,0,1,1,1,0,1,0,0,No,1
18200000.0,980.0,Powai ,2.0,1.0,,1,0,,0,1,Yes,1,No,0,Yes,0,Yes
3150000.0,585.0,Kalyan West,1.0,0.0,1,1,,0,Yes,1,1,0,,0,0,Yes,1
,,Koper Khairane,2.0,0.0,0,Yes,No,0,0,No,No,1,0,0,0,0,0
5100000.0,650.0,Ulwe,1.0,0.0,No,,1,0,Yes,0,0,0,0,0,0,0,0
,1166.0,Majiwada,2.0,1.0,1,Yes,Yes,1,1,0,,0,,0,0,0,Yes
10000000.0,600.0,borivali East,1.0,0.0,Yes,1,,0,1,1,1,1,1,No,Yes,1,1
28700000.0,1600.0,Powai ,3.0,0.0,1,1,1,0,Yes,1,1,1,1,1,1,1,1
85000000.0,2800.0,Khar West,4.0,1.0,1,1,0,,0,1,,1,0,0,1,0,0
8100000.0,560.0,Mira Road East,2.0,0.0,0,1,0,0,0,1,No,1,0,0,1,0,0
4200000.0,,Ulwe,1.0,0.0,0,1,0,0,0,0,0,No,0,0,,0,0
12000000.0,1275.0,Mira Road East,3.0,0.0,1,1,0,0,1,Yes,1,1,,0,,0,1
7000000.0,950.0,Kalyan West,2.0,0.0,0,0,,0,No,,0,,,0,No,0,0
3350000.0,650.0,Vasai,1.0,1.0,0,1,1,1,1,1,0,Yes,1,1,0,1,No
4500000.0,550.0,Kamothe,1.0,1.0,0,1,,No,0,0,0,Yes,No,0,0,0,0
7500000.0,,Kamothe,2.0,1.0,1,1,1,0,,1,1,Yes,0,No,0,1,1
16500000.0,1050.0,Dattapada,2.0,0.0,0,Yes,Yes,,1,0,0,0,0,No,0,0,0
2500000.0,620.0,Nalasopara West,1.0,,0,1,0,,0,1,0,0,0,0,0,0,No
6800000.0,800.0,Kalyan West,2.0,0.0,0,0,0,0,0,0,No,0,0,0,0,0,0
6500000.0,929.0,Dombivali,2.0,0.0,1,1,1,1,1,1,1,1,1,,No,Yes,1
7700000.0,,Sector9 Kamothe,,0.0,Yes,1,1,1,1,,0,0,0,No,0,0,0
4000000.0,910.0,nan,2.0,1.0,Yes,,,0,1,1,Yes,1,Yes,1,No,1,1
,670.0,Ulwe,1.0,0.0,1,1,0,0,1,1,1,1,0,0,0,,1
,1154.0,Vashi,2.0,0.0,1,Yes,0,0,,Yes,0,1,0,0,0,0,1
13000000.0,1800.0,Kharghar,3.0,0.0,Yes,1,1,1,1,0,1,1,,0,0,1,1
28400000.0,,Ville Parle East,2.0,1.0,1,1,1,0,0,1,1,1,1,0,0,1,1
23300000.0,,Malad West,3.0,1.0,0,,0,0,0,0,,No,0,No,0,No,1
22300000.0,1450.0,Andheri  East,3.0,1.0,1,1,1,0,1,1,Yes,0,1,0,0,1,1
,675.0,Kharghar,1.0,0.0,0,0,0,,0,No,0,No,0,0,,0,0
11299999.0,1389.0,Mira Road East,3.0,1.0,1,Yes,0,0,No,1,No,0,0,0,0,0,1
5800000.0,1064.0,Taloja,2.0,0.0,0,,,1,1,0,0,0,0,0,0,0,0
7495999.0,890.0,Vartak Nagar,2.0,0.0,0,Yes,1,1,1,0,0,0,0,0,0,0,No
21000000.0,784.0,Kandivali West,3.0,0.0,Yes,1,1,0,1,1,0,0,0,0,0,No,0
4200000.0,520.0,Thane West,1.0,0.0,Yes,1,1,Yes,1,,1,,1,0,1,1,1
15000000.0,2150.0,Kalamboli,3.0,0.0,1,1,1,0,1,1,1,1,0,1,0,Yes,1
,645.0,Mira Road East,1.0,0.0,1,1,1,No,1,No,Yes,1,0,0,1,Yes,Yes
12000000.0,1415.0,Kharghar,3.0,0.0,1,1,1,1,1,Yes,1,1,1,1,0,1,1
25000000.0,850.0,Bandra West,2.0,,0,1,Yes,0,1,,0,0,0,No,1,0,0
,1075.0,Kandivali West,2.0,0.0,0,1,,0,0,No,,1,No,0,1,0,0
4900000.0,980.0,Nala Sopara,2.0,0.0,1,Yes,1,0,1,1,1,,1,0,0,1,
80000000.0,2000.0,nan,4.0,0.0,1,Yes,,0,1,0,0,0,1,0,1,,0
19000000.0,1035.0,Goregaon East,2.0,1.0,,,0,1,1,1,1,1,Yes,,0,0,Yes
4000000.0,650.0,Kharghar,1.0,0.0,0,1,0,0,0,0,No,0,0,No,,0,0
77500000.0,3507.0,Goregaon,6.0,1.0,1,1,1,1,1,0,Yes,1,1,1,0,1,1
9800000.0,936.0,nan,2.0,0.0,,,1,1,1,0,0,0,0,0,0,0,0
,590.0,Koproli,1.0,0.0,1,Yes,1,No,1,Yes,,1,1,Yes,0,1,0
19200000.0,1202.0,nan,2.0,1.0,1,1,1,,1,1,1,1,1,1,1,1,1
2374000.0,634.0,Ambernath West,1.0,1.0,,1,1,0,1,1,1,0,1,0,,0,0
28500000.0,1495.0,nan,3.0,0.0,,1,1,1,Yes,0,,0,0,0,0,0,0
6370000.0,800.0,Mira Road East,2.0,,0,1,Yes,0,0,0,,No,1,No,0,0,
15500000.0,1365.0,Ghansoli,3.0,0.0,1,1,,0,1,Yes,1,1,No,0,1,,1
22000000.0,1300.0,Jankalyan Nagar,3.0,,No,1,1,1,0,0,0,0,1,No,0,0,0
3750000.0,620.0,Vasai West,1.0,0.0,0,0,0,0,No,1,No,0,0,0,0,0,
2875000.0,324.0,Thane West,1.0,0.0,1,1,,0,Yes,Yes,1,1,1,0,0,1,1
3500000.0,655.0,Sector 17 Ulwe,1.0,0.0,0,1,Yes,1,1,Yes,,,1,1,0,1,0
4380000.0,610.0,Kalyan West,2.0,0.0,0,1,Yes,Yes,0,0,0,0,1,0,0,0,0
,900.0,Kharghar,2.0,0.0,Yes,1,1,1,1,1,1,1,1,0,1,1,
13000000.0,,borivali West,2.0,0.0,1,1,0,0,0,1,1,,No,0,1,0,0
2100000.0,,Nala Sopara,1.0,0.0,1,1,1,0,1,1,1,0,1,0,No,1,1
17500000.0,1000.0,Chembur,2.0,1.0,1,1,1,Yes,1,,1,1,1,1,0,Yes,1
10200000.0,1050.0,Kharghar,2.0,0.0,1,1,1,1,,No,1,1,1,1,Yes,1,1
2450000.0,,nan,,0.0,1,Yes,1,0,1,,1,1,0,0,0,1,1
15800000.0,848.0,Thane West,2.0,1.0,1,1,1,0,1,1,1,0,1,No,No,1,1
13300000.0,1158.0,Thane West,2.0,1.0,1,1,0,No,0,Yes,1,Yes,,0,0,0,1
8600000.0,1026.0,Mira Road East,2.0,1.0,1,1,0,0,1,1,1,Yes,Yes,0,1,1,1
9200000.0,1000.0,Kalwa,,0.0,0,1,0,0,0,Yes,No,0,0,No,0,0,0
6000000.0,810.0,Mira Road and Beyond,2.0,0.0,Yes,1,1,1,1,0,0,0,0,0,0,0,0
44300000.0,932.0,Andheri  West,2.0,1.0,1,1,Yes,0,1,1,1,0,0,1,0,1,
8000000.0,490.0,Dahisar West,,,No,,0,No,0,No,0,No,0,,0,0,0
,965.0,Mira Road East,2.0,1.0,1,1,,0,1,1,,1,Yes,0,0,1,Yes
2750000.0,590.0,Naigaon East,1.0,1.0,1,1,Yes,Yes,1,1,1,Yes,Yes,0,0,1,1
28500000.0,1050.0,Powai ,2.0,0.0,1,1,1,1,1,Yes,1,1,1,,1,1,
26500000.0,1200.0,borivali West,3.0,0.0,No,,0,0,0,0,0,0,0,0,,No,0
13000000.0,910.0,Hiranandani Estates,2.0,0.0,Yes,Yes,0,0,0,1,1,Yes,0,0,1,,1
14500000.0,900.0,Thane West,2.0,0.0,0,1,0,0,0,0,0,1,0,0,1,,0
22500000.0,1650.0,borivali West,3.0,0.0,1,Yes,0,No,1,Yes,1,1,0,1,,Yes,0
3250000.0,635.0,Virar,1.0,1.0,0,1,No,0,No,,0,1,0,No,0,0,0
13000000.0,1150.0,Thane West,3.0,1.0,1,1,1,0,,1,1,1,1,,1,,1
7000000.0,345.0,Mulund East,1.0,0.0,0,1,0,0,,0,0,0,0,0,1,0,0
28000000.0,2470.0,Kharghar,4.0,0.0,Yes,Yes,1,1,1,1,Yes,Yes,1,1,1,1,1
13799999.0,746.0,Thane West,2.0,1.0,1,1,1,0,1,1,1,0,1,0,0,1,1
,695.0,Kalyan West,1.0,0.0,Yes,Yes,Yes,0,1,,,1,,1,0,1,1
21000000.0,1771.0,Roadpali,3.0,,1,1,,1,Yes,1,1,0,1,0,0,0,1
5300000.0,,nan,1.0,,,0,1,1,1,0,0,0,0,0,1,0,
7600000.0,1055.0,Sector 2 Ulwe,2.0,0.0,Yes,0,1,Yes,1,0,0,0,0,0,0,0,0
27500000.0,,Kandivali East,3.0,,1,1,1,No,1,1,1,1,0,No,1,1,1
6300000.0,730.0,Bhayandar East,2.0,0.0,0,1,No,0,0,1,0,1,No,0,1,0,
11000000.0,1255.0,Sector 21 Kamothe,2.0,,1,1,Yes,1,Yes,0,0,No,0,0,0,No,0
40000000.0,1100.0,Ville Parle East,3.0,0.0,0,1,No,0,0,0,0,0,0,0,0,0,0
11000000.0,,Malad East,1.0,,0,1,0,No,0,0,No,No,0,,0,0,0
5600000.0,645.0,Mira Road East,1.0,0.0,1,1,1,0,Yes,0,1,0,No,0,0,1,1
7900000.0,925.0,Mira Road East,2.0,0.0,0,0,0,0,0,0,0,0,No,No,0,0,
20200000.0,725.0,Mulund West,2.0,1.0,Yes,1,1,0,1,Yes,1,1,,1,0,1,1
4500000.0,693.0,Mira Road East,1.0,1.0,1,1,1,0,1,Yes,,1,1,,0,,1
9300000.0,1075.0,Panvel,2.0,1.0,1,Yes,1,0,1,Yes,Yes,Yes,1,1,0,1,1
8000000.0,650.0,Dahisar W,1.0,0.0,0,No,1,0,1,0,0,0,0,0,No,0,0
9000000.0,985.0,PARSIK NAGAR,2.0,0.0,0,1,,Yes,Yes,No,,0,0,0,0,0,0
,,Kharghar,3.0,0.0,1,,0,,No,1,0,1,0,0,No,0,1
18200000.0,,Powai ,2.0,0.0,1,1,1,,Yes,Yes,1,1,1,Yes,1,1,1
4700000.0,800.0,Vasai West,,0.0,0,1,No,0,0,1,0,0,No,0,0,0,No
,980.0,Virar,2.0,1.0,1,1,1,0,1,Yes,1,1,No,,0,1,1
15500000.0,610.0,Sewri,1.0,0.0,0,0,0,0,0,No,0,0,0,0,0,0,0
6500000.0,750.0,Kharghar,1.0,0.0,1,1,1,0,1,1,1,0,0,1,No,1,1
2350000.0,525.0,Nala Sopara,1.0,1.0,0,1,No,0,No,1,0,0,No,No,0,0,0
28500000.0,1200.0,Goregaon East,2.0,0.0,1,1,1,0,Yes,1,1,1,1,0,0,1,
31000000.0,1825.0,Nerul,3.0,0.0,Yes,,1,1,1,1,1,1,1,1,0,Yes,1
5000000.0,625.0,Kalyan West,1.0,0.0,0,1,0,0,0,1,0,,No,No,0,0,0
2850000.0,575.0,Diva Gaon,1.0,0.0,0,Yes,0,0,No,0,0,0,0,,No,0,0
15000000.0,1685.0,Kharghar,3.0,0.0,1,1,Yes,1,1,1,1,0,Yes,1,1,1,1
10500000.0,1370.0,Sector-13 Kharghar,3.0,0.0,0,1,1,1,Yes,0,0,1,0,0,0,0,0
3000000.0,830.0,Titwala,2.0,0.0,No,No,0,No,0,1,0,0,0,0,0,0,0
30000000.0,1450.0,Magathane,3.0,,0,1,1,1,Yes,0,0,0,,0,0,0,0
16000000.0,995.0,Powai ,2.0,0.0,1,1,1,1,Yes,,1,Yes,1,1,0,1,1
6200000.0,655.0,Mira Road East,1.0,0.0,1,Yes,1,0,1,1,1,1,1,0,0,1,1
2500000.0,545.0,Virar East,1.0,1.0,No,0,0,0,0,0,0,0,0,0,0,0,0
9250000.0,1232.0,Mira Road East,2.0,1.0,1,1,Yes,1,0,1,,1,,1,0,,1
3100000.0,,Virar,1.0,,1,1,0,0,0,Yes,1,1,0,No,0,0,1
3663000.0,666.0,Dombivali,1.0,1.0,1,1,,0,1,1,0,No,1,1,0,Yes,Yes
13799999.0,1635.0,Ulwe,3.0,1.0,1,1,1,1,,1,1,Yes,1,0,1,1,1
8500000.0,484.0,Kanjurmarg,1.0,0.0,Yes,1,1,No,1,1,1,0,1,Yes,0,,Yes
3200000.0,890.0,Kewale,2.0,0.0,1,0,,,0,No,1,0,1,1,0,1,0
22500000.0,,Magathane,2.0,,0,1,1,,Yes,0,0,No,0,0,0,No,0
4900000.0,690.0,Kharghar,1.0,0.0,0,No,0,0,No,0,0,0,0,0,0,,0
4800000.0,1600.0,Panvel,2.0,0.0,,0,1,0,1,1,1,1,,,0,Yes,0
7300000.0,1000.0,Kharghar,2.0,0.0,1,1,1,Yes,1,1,1,,1,0,0,1,1
15500000.0,927.0,Mulund West,,1.0,1,1,1,0,0,1,1,1,1,1,1,1,1
26700000.0,1127.0,Andheri  West,3.0,1.0,1,,No,0,0,1,0,1,0,0,1,0,0
,1495.0,kandivali,3.0,1.0,1,1,1,0,1,1,1,No,1,,0,1,1
3950000.0,630.0,Ulwe,1.0,1.0,0,1,0,0,0,No,0,0,0,0,No,0,0
13500000.0,1386.0,Mira Road East,3.0,,1,1,No,0,0,1,1,1,0,0,1,0,1
32000000.0,,Kandivali West,3.0,0.0,No,1,1,0,1,0,No,1,0,0,Yes,No,No
8000000.0,1000.0,Mira Road East,2.0,1.0,1,1,1,0,1,0,1,Yes,0,No,0,Yes,Yes
52500000.0,1450.0,Khar West,,1.0,1,1,1,1,1,No,0,1,0,0,Yes,,0
16700000.0,2200.0,Kharghar,4.0,1.0,1,1,1,1,1,0,1,1,Yes,1,0,1,1
14200000.0,780.0,nan,2.0,0.0,0,0,No,0,,0,0,No,0,0,0,0,No
41500000.0,1820.0,Goregaon East,3.0,0.0,Yes,1,1,No,0,1,1,Yes,1,0,0,1,Yes
81600000.0,3888.0,Goregaon West,4.0,0.0,1,Yes,1,1,1,1,1,1,1,Yes,0,1,1
9377000.0,952.0,Thane West,2.0,1.0,,1,1,0,1,1,1,0,1,0,0,1,
11200000.0,,Thane West,2.0,1.0,1,1,1,1,1,1,Yes,1,1,0,0,0,1
10100000.0,,Kharghar,3.0,0.0,Yes,Yes,1,,1,1,No,1,,0,0,1,0
4000000.0,750.0,Taloja,1.0,0.0,0,Yes,Yes,1,1,No,0,1,0,,0,0,0
27000000.0,1750.0,Kandivali East,3.0,0.0,1,1,1,No,1,1,1,1,0,No,1,1,1
2400000.0,,Vangani,1.0,0.0,0,Yes,Yes,0,,1,0,0,1,,0,0,0
16000000.0,1150.0,Powai ,2.0,0.0,1,1,1,0,,1,1,1,1,1,0,1,1
16500000.0,,Ulwe,3.0,0.0,0,0,0,0,0,0,0,0,0,0,0,0,0
22000000.0,1266.0,Malad East,2.0,0.0,,1,No,,1,1,1,1,Yes,Yes,0,1,1
7890000.0,534.0,Kandivali East,1.0,1.0,1,1,1,0,Yes,1,1,1,1,0,1,1,1
17500000.0,,Manpada near Tiku ji ni wadi,3.0,0.0,0,1,,1,1,0,,No,No,0,,0,0
4000000.0,715.0,Taloja,1.0,0.0,0,0,1,Yes,Yes,No,0,No,0,0,0,0,No
7400000.0,980.0,Ulwe,2.0,1.0,0,,0,0,0,0,0,0,No,0,1,0,0
16000000.0,1054.0,Kanjurmarg,2.0,1.0,1,1,1,0,1,1,1,1,Yes,1,1,Yes,1
,,Virar,2.0,0.0,Yes,Yes,0,0,0,,1,Yes,No,0,0,No,1
3400000.0,,Andheri  East,1.0,0.0,0,1,No,0,0,0,No,No,0,0,1,No,0
12500000.0,1650.0,Kharghar,3.0,0.0,1,1,0,No,0,,0,1,0,0,0,0,0
,1750.0,Koper Khairane,3.0,0.0,0,0,0,0,0,0,0,0,0,0,0,0,No
25200000.0,969.0,Andheri  East,,1.0,1,1,1,0,1,1,,1,1,,0,1,1
7500000.0,1150.0,Ulwe,,0.0,0,1,1,No,1,0,1,0,0,,0,,No
10700000.0,1100.0,nan,2.0,1.0,1,1,1,No,1,1,1,1,0,1,0,Yes,1
5400000.0,761.0,Thane West,2.0,0.0,,1,1,0,1,1,1,0,1,0,0,1,1
10500000.0,1187.0,Sector-18 Ulwe,2.0,1.0,1,1,Yes,0,1,1,1,1,1,0,0,,0
10500000.0,1155.0,Kharghar,2.0,0.0,1,1,Yes,1,1,1,1,1,1,Yes,1,Yes,1
10100000.0,548.0,Malad West,1.0,0.0,1,Yes,1,No,1,1,Yes,,No,1,,1,1
11000000.0,1440.0,Sector 20 Kharghar,3.0,0.0,0,0,0,,0,0,0,0,No,No,No,0,0
14000000.0,,borivali East,2.0,0.0,0,1,No,No,0,,0,0,0,0,1,0,No
6500000.0,660.0,Kalwa,1.0,0.0,1,1,0,0,0,1,1,Yes,0,,0,0,0
11100000.0,886.0,Thane West,2.0,1.0,1,1,0,0,0,1,1,1,Yes,1,0,,1
21500000.0,1345.0,Hiranandani Meadows,3.0,0.0,1,1,1,1,,0,1,0,1,0,1,0,0
2900000.0,,Nala Sopara,1.0,0.0,0,1,0,0,0,0,No,Yes,No,0,0,No,0
9000000.0,,Dahisar,1.0,0.0,0,1,0,No,0,0,0,1,0,0,Yes,0,0
100000000.0,3313.0,Napeansea Road,4.0,,1,1,1,1,1,1,1,Yes,1,1,1,Yes,1
2600000.0,580.0,Nala Sopara,1.0,0.0,0,1,0,0,0,1,0,,0,0,0,0,No
7300000.0,450.0,Mira Road and Beyond,1.0,0.0,1,1,1,1,,0,1,0,,0,0,0,0
2300000.0,500.0,Naigaon East,1.0,0.0,1,,0,0,0,1,No,0,No,0,0,1,0
8200000.0,900.0,Ghansoli,2.0,0.0,,0,No,0,0,0,0,0,0,0,,0,
8198999.0,1050.0,Mira Road East,2.0,0.0,0,Yes,1,0,0,1,,1,0,0,No,0,0
19000000.0,752.0,Kanjurmarg,2.0,1.0,1,0,0,0,,1,1,0,0,1,0,0,1
,1300.0,Vasant Vihar,4.0,0.0,,,1,1,1,0,0,0,0,0,0,0,No
5000000.0,528.0,Thane West,1.0,0.0,1,1,1,,,1,1,1,1,No,1,1,1
18200000.0,941.0,Goregaon West,2.0,1.0,1,1,0,No,0,1,1,1,0,0,,0,1
2200000.0,500.0,nan,1.0,0.0,1,1,1,No,Yes,0,0,0,1,0,0,0,1
4000000.0,750.0,Palava,1.0,0.0,No,No,0,0,0,0,0,0,0,0,0,0,0
,650.0,Mira Road East,2.0,0.0,0,0,0,0,0,0,0,0,0,0,0,0,
3400000.0,650.0,Ulwe,1.0,0.0,0,1,0,0,0,No,0,0,0,0,No,,0
4100000.0,600.0,Kharghar,1.0,0.0,1,1,1,Yes,1,1,1,Yes,,No,0,1,1
8900000.0,1150.0,Sector-18 Ulwe,2.0,0.0,0,1,1,1,1,0,,0,0,0,0,0,0
3500000.0,670.0,IT Colony,2.0,0.0,1,1,1,1,Yes,,1,1,Yes,,0,0,1
35000000.0,1835.0,Samata Nagar Thakur Village,3.0,0.0,1,1,1,0,1,,0,,1,No,1,0,1
8400000.0,515.0,borivali West,1.0,,0,1,No,0,0,0,0,1,No,,,0,0
8500000.0,1100.0,Ulwe,2.0,1.0,0,,No,0,0,0,0,0,0,0,0,0,0
29000000.0,1050.0,Shastri Nagar,3.0,0.0,1,,1,1,1,0,0,0,0,,0,0,0
5700000.0,657.0,Kalwa,1.0,0.0,0,1,0,0,0,0,0,0,0,0,0,0,0
,711.0,Kharghar,,,1,1,0,0,0,1,No,1,0,0,0,0,0
8500000.0,,Kamothe,2.0,1.0,Yes,1,1,1,1,1,1,1,1,0,No,1,Yes
17500000.0,729.0,Mulund West,2.0,1.0,1,1,1,0,1,0,1,1,0,0,0,1,1
7000000.0,450.0,nan,1.0,0.0,Yes,Yes,1,1,1,0,,,0,,No,0,
26000000.0,1350.0,no 9,3.0,0.0,0,1,1,1,Yes,0,,No,0,0,,No,0
9500000.0,1400.0,Kamothe,3.0,,Yes,1,1,0,1,1,1,1,0,0,0,1,1
2178000.0,605.0,Boisar,1.0,1.0,1,No,,,1,1,1,1,1,Yes,,1,1
,850.0,Goregaon East,2.0,0.0,0,Yes,0,0,0,0,No,1,,0,,0,0
14500000.0,775.0,Goregaon West,2.0,1.0,Yes,1,,1,Yes,,1,1,1,,0,1,1
8500000.0,1045.0,Kalyan West,2.0,0.0,Yes,1,1,1,1,Yes,,1,1,Yes,0,Yes,1
37000000.0,1426.0,Deonar,3.0,0.0,Yes,1,1,Yes,1,0,0,0,No,0,0,0,No
3999000.0,688.0,Kalyan West,1.0,0.0,0,Yes,0,No,0,1,0,0,0,0,0,No,0
3720000.0,930.0,Virar West,2.0,0.0,1,1,,Yes,1,0,,0,0,No,,0,0
5300000.0,545.0,royal palms goregaon east,1.0,0.0,0,,0,0,1,0,0,0,0,0,No,0,No
27000000.0,1281.0,nan,2.0,0.0,1,Yes,1,0,1,,Yes,,0,0,1,1,Yes
29400000.0,1984.0,nan,4.0,1.0,1,1,1,0,1,1,1,1,1,0,0,1,1
4500000.0,800.0,Vasai east,2.0,0.0,0,1,0,0,0,1,0,Yes,No,0,No,0,0
35000000.0,2450.0,Kandivali East,4.0,0.0,1,,1,0,Yes,0,,1,No,0,Yes,1,1
31500000.0,1786.0,Kandivali East,3.0,0.0,,1,Yes,,Yes,Yes,,1,0,0,0,1,1
2580000.0,605.0,Nala Sopara,1.0,1.0,1,1,1,0,1,1,,1,1,1,No,,1
10100000.0,739.0,Mira Road East,3.0,1.0,1,1,0,0,0,1,0,,Yes,No,0,0,0
150000000.0,2305.0,Breach Candy,,0.0,0,Yes,1,1,0,0,0,No,1,0,0,,0
,585.0,Goregaon West,1.0,0.0,1,1,1,0,1,1,1,1,0,0,1,Yes,1
5401000.0,461.0,Thane West,1.0,1.0,1,,1,0,1,0,1,0,1,0,,1,0
5994000.0,750.0,Mira Road East,1.0,0.0,1,0,0,1,,0,0,1,0,1,0,Yes,0
11500000.0,1120.0,Kurla West,,0.0,No,0,0,0,0,,0,0,0,No,0,0,0
8500000.0,950.0,Koper Khairane,2.0,0.0,,0,No,0,No,,0,0,0,0,0,No,0
8400000.0,1020.0,Thane West,2.0,1.0,,1,0,0,,1,1,1,1,0,0,0,1
16500000.0,1585.0,nan,3.0,0.0,1,1,1,1,,1,1,1,0,0,0,1,1
8000000.0,,Mira Road East,2.0,0.0,1,1,1,No,,1,1,1,1,1,0,1,1
9000000.0,702.0,Ghansoli,,1.0,1,,0,No,0,1,1,1,1,0,1,1,1
17500000.0,1050.0,Chembur,2.0,0.0,1,1,1,1,1,No,0,0,0,0,0,0,0
17500000.0,1335.0,Belapur,2.0,1.0,Yes,Yes,1,Yes,1,1,Yes,1,1,1,0,1,Yes
5500000.0,1000.0,Nala Sopara,2.0,0.0,0,1,0,0,0,1,1,1,0,0,No,0,0
,1050.0,Andheri  East,1.0,0.0,1,1,1,,1,1,Yes,,1,1,1,1,1
20200000.0,1190.0,Goregaon East,2.0,0.0,0,0,No,0,,0,0,0,0,0,0,0,0
,450.0,Santacruz East,1.0,0.0,0,1,0,0,0,0,No,0,0,0,0,No,0
5700000.0,650.0,Mira Road East,1.0,0.0,1,1,0,0,0,1,1,1,0,Yes,0,Yes,
9000000.0,492.0,Dahisar,1.0,0.0,0,1,0,0,No,1,0,,0,,1,0,
3600000.0,800.0,nan,2.0,0.0,0,0,,0,0,0,0,0,0,0,0,,0
12900000.0,1235.0,Mira Road East,2.0,1.0,1,Yes,1,0,1,1,1,1,1,1,No,1,1
5600000.0,600.0,Dahisar,1.0,0.0,1,Yes,0,No,,1,Yes,1,1,0,0,Yes,Yes
31500000.0,1356.0,Andheri  East,3.0,0.0,1,1,1,1,1,,1,Yes,1,1,0,1,1
21300000.0,1160.0,Malad East,,1.0,Yes,1,0,0,1,Yes,1,Yes,0,1,,No,1
,1000.0,Mulund West,2.0,0.0,1,1,0,0,0,Yes,0,1,,0,1,No,0
9226000.0,580.0,nan,2.0,,1,,,No,,0,1,0,1,0,0,1,1
,1215.0,Kharghar,2.0,0.0,1,1,0,0,0,1,1,Yes,,0,0,0,
16500000.0,1090.0,Kandivali East,,0.0,1,1,1,0,1,Yes,1,1,0,No,Yes,1,
10500000.0,700.0,Powai ,1.0,0.0,0,1,0,0,0,0,0,Yes,,0,0,0,0
6200000.0,1075.0,Virar West,2.0,0.0,Yes,1,,,1,0,,0,0,0,0,0,0
4200000.0,,Koproli,2.0,0.0,Yes,0,0,0,,0,1,0,0,0,0,0,0
20500000.0,1150.0,nan,,0.0,0,1,1,Yes,,0,0,0,0,0,0,,0
2400000.0,540.0,Naigaon East,1.0,0.0,0,Yes,No,0,0,Yes,0,0,0,No,0,1,0
11399999.0,1550.0,Kharghar,,0.0,1,,1,,1,1,No,1,Yes,No,,1,0
,1725.0,Kharghar,3.0,1.0,Yes,1,1,0,1,1,Yes,1,Yes,1,,1,Yes
8000000.0,950.0,Kharghar,2.0,0.0,,0,1,1,,0,0,0,0,No,0,0,0
3308000.0,973.0,Boisar,1.0,1.0,1,0,Yes,0,1,1,1,1,1,1,0,1,1
4850000.0,300.0,borivali West,1.0,0.0,0,1,0,0,0,1,0,,0,0,,0,0
11500000.0,960.0,CBD Belapur East,2.0,0.0,Yes,,0,0,0,0,0,,No,0,0,0,1
3446000.0,426.0,nan,1.0,1.0,1,1,1,0,1,0,1,1,Yes,No,No,1,1
4250000.0,640.0,nan,1.0,0.0,0,1,0,0,,,0,1,,No,1,0,0
,625.0,Thane West,1.0,1.0,1,1,1,0,1,1,0,1,0,0,0,0,No
13500000.0,1400.0,Kharghar,3.0,0.0,1,1,1,1,1,1,Yes,1,0,0,1,1,1
10000000.0,750.0,Malad West,1.0,1.0,1,1,,1,1,1,1,1,1,1,0,1,1
9230000.0,1230.0,Thane West,,1.0,,1,1,0,1,Yes,1,1,1,1,Yes,Yes,1
2100000.0,625.0,mumbai Central,1.0,0.0,1,1,1,1,1,0,1,0,0,0,0,0,0
,3000.0,Goregaon East,5.0,0.0,0,0,No,0,0,No,0,0,No,0,0,No,No
30000000.0,1815.0,Malad West,3.0,0.0,0,Yes,1,1,No,1,1,0,1,No,0,0,0
4785000.0,,Dombivali,2.0,1.0,1,Yes,No,,1,1,0,0,1,1,,1,1
3600000.0,690.0,Taloja Bypass Nitalas Link Road,1.0,0.0,,1,1,,1,0,0,0,0,No,0,0,0
5600000.0,635.0,Sector 19 Kharghar,1.0,,0,0,1,1,1,0,0,0,0,No,0,No,0
8500000.0,800.0,Mira Road East,,0.0,0,Yes,Yes,0,1,0,0,0,1,0,Yes,,No
6500000.0,1050.0,Mira Road East,2.0,0.0,1,1,1,No,1,1,Yes,1,0,0,0,,
7000000.0,680.0,Airoli,1.0,0.0,0,,0,0,0,,0,,0,0,No,0,0
6650000.0,750.0,Thane West,,0.0,1,1,1,,,1,1,1,1,,Yes,1,1
3735000.0,830.0,Virar,1.0,,1,1,1,0,1,1,Yes,Yes,0,,0,1,1
9500000.0,1100.0,Sector-18 Ulwe,2.0,0.0,0,Yes,Yes,1,1,0,0,0,0,0,No,0,0
15000000.0,650.0,Andheri  West,1.0,0.0,0,,0,0,0,0,0,0,No,No,1,No,1
12700000.0,585.0,Chembur East,1.0,0.0,1,Yes,1,1,1,No,0,No,0,No,0,,0
29000000.0,900.0,Andheri  East,2.0,1.0,0,No,0,0,0,0,0,0,,0,0,0,0
17100000.0,,Kanjurmarg,2.0,1.0,1,No,0,0,0,1,1,0,0,1,0,,1
5100000.0,427.0,Owale,1.0,0.0,Yes,1,1,1,,0,1,1,1,0,1,1,1
,575.0,Kalyan,1.0,,0,1,0,0,0,0,0,0,0,0,0,0,1
,600.0,Malad West,1.0,0.0,0,1,1,0,1,0,0,0,0,No,No,0,0
14100000.0,625.0,Chembur,1.0,0.0,0,0,1,,1,0,No,,0,0,No,0,0
4950000.0,635.0,Kamothe,1.0,0.0,0,0,Yes,1,1,0,No,0,,,0,0,0
9500000.0,640.0,Malad West,1.0,0.0,0,1,0,0,0,0,0,1,0,0,0,0,0
3799000.0,830.0,Virar,2.0,1.0,1,Yes,1,0,Yes,Yes,1,0,0,1,0,1,
8500000.0,1150.0,Mira Road East,2.0,0.0,0,Yes,1,0,1,1,0,1,0,0,0,Yes,0
6300000.0,550.0,Thane West,1.0,0.0,1,1,,No,1,1,1,1,Yes,0,No,,1
7800000.0,1000.0,Kharghar,2.0,0.0,,1,1,1,,0,1,1,0,0,1,1,0
13899999.0,893.0,Kandivali West,2.0,0.0,1,1,1,No,1,1,1,1,Yes,1,1,1,1
2600000.0,,Thane West,1.0,0.0,1,1,Yes,1,1,No,1,1,,0,1,1,
2300000.0,500.0,Naigaon East,1.0,0.0,1,1,1,Yes,1,1,0,,1,No,0,1,0
,820.0,Malad East,2.0,1.0,1,1,1,1,1,1,1,,,0,0,No,0
3500000.0,695.0,Vasai,1.0,0.0,No,1,No,,0,Yes,0,1,No,0,0,1,0
5200000.0,850.0,Kamothe,1.0,0.0,1,1,1,1,Yes,0,1,0,No,0,0,0,
17000000.0,580.0,Ville Parle East,,0.0,0,0,0,,0,,0,0,0,0,0,0,0
,690.0,Virar,1.0,1.0,Yes,1,1,0,1,Yes,1,1,0,Yes,,Yes,1
,1057.0,Andheri  West,2.0,1.0,1,Yes,1,0,1,1,1,0,No,No,No,1,1
13100000.0,1400.0,nan,3.0,1.0,1,1,0,0,0,1,1,1,,No,1,No,1
9100000.0,920.0,Thane West,2.0,1.0,1,1,0,,1,1,1,0,0,0,1,1,
5000000.0,520.0,nan,1.0,1.0,1,1,1,1,1,1,1,1,1,,0,Yes,1
5300000.0,560.0,Thane Belapur Road Kalwa,1.0,0.0,0,,,No,1,0,0,No,No,0,0,0,0
6000000.0,621.0,Shil Phata,2.0,1.0,0,No,0,0,0,0,0,,No,0,0,No,0
6400000.0,365.0,Kandivali East,1.0,0.0,1,,1,,,1,1,0,1,0,1,1,Yes
3200000.0,615.0,Naigaon East,1.0,0.0,,1,0,No,,1,0,0,No,0,0,1,Yes
,1700.0,Kharghar,3.0,0.0,1,1,,Yes,1,Yes,1,1,No,0,1,Yes,Yes
8400000.0,605.0,Kandivali West,1.0,0.0,0,,0,0,0,0,0,0,No,0,0,No,0
8000000.0,1300.0,Panvel,2.0,1.0,1,,1,No,1,1,1,1,1,1,0,1,1
10100000.0,1431.0,Kalyan West,3.0,,1,1,Yes,No,1,1,1,1,1,1,No,1,1
14800000.0,669.0,Malad West,2.0,1.0,1,,1,,1,1,1,1,0,1,No,1,1
11900000.0,,Thane West,2.0,1.0,1,1,1,No,1,1,1,0,1,0,No,Yes,1
8000000.0,1050.0,Mira Road East,2.0,0.0,1,,0,0,1,1,1,1,1,0,0,0,1
10800000.0,,Thane West,2.0,1.0,1,1,Yes,0,1,1,1,0,,0,0,1,1
7500000.0,580.0,borivali West,1.0,0.0,,1,0,0,0,1,0,0,,0,No,0,0
9800000.0,873.0,nan,2.0,0.0,0,No,0,0,0,0,No,0,0,0,0,No,0
9000000.0,650.0,Kandivali East,1.0,0.0,0,1,0,0,0,1,0,0,0,0,1,0,0
8200000.0,1005.0,Panvel,,0.0,,1,1,1,Yes,0,0,0,0,,0,0,0
2451000.0,570.0,Nala Sopara,,0.0,1,1,,1,1,Yes,No,1,,1,0,1,1
27000000.0,853.0,Ville Parle East,2.0,1.0,1,1,1,0,0,1,Yes,1,1,0,0,,1
11500000.0,1227.0,Sector 35I Kharghar,2.0,0.0,1,1,1,0,1,,0,0,1,0,No,0,1
8000000.0,1020.0,Panvel,2.0,1.0,1,1,1,0,Yes,1,1,1,1,1,0,1,
54500000.0,1142.0,Andheri  West,3.0,1.0,1,,Yes,No,1,1,1,0,0,,0,Yes,1
16900000.0,700.0,Ghatkopar West,2.0,1.0,,Yes,Yes,0,1,1,1,1,0,1,0,Yes,1
7430000.0,965.0,Mira Road East,2.0,1.0,1,1,Yes,0,,1,1,1,1,No,0,1,1
53000000.0,1130.0,Matunga,3.0,1.0,1,Yes,0,0,0,1,0,1,0,0,1,,0
,547.0,Ghodbunder Road,1.0,1.0,0,1,Yes,0,Yes,0,0,1,0,0,0,0,0
4100000.0,465.0,Kalyan West,1.0,0.0,0,1,1,1,0,0,0,0,1,0,0,0,0
2850000.0,585.0,Nala Sopara,1.0,,0,1,Yes,1,Yes,,1,Yes,1,Yes,0,Yes,
,551.0,Malad East,2.0,1.0,1,1,1,0,1,1,1,1,No,0,0,,
37000000.0,1600.0,Andheri  West,3.0,0.0,1,1,0,0,Yes,1,1,1,0,0,No,1,1
2600000.0,840.0,Boisar,2.0,0.0,Yes,1,1,No,1,1,1,1,1,0,0,1,1
30000000.0,900.0,matunga east,2.0,0.0,0,,0,No,No,1,,No,0,No,1,No,0
2400000.0,690.0,Ambernath West,,1.0,0,1,1,0,1,0,0,0,1,,1,No,1
27500000.0,1545.0,Powai ,3.0,0.0,Yes,1,1,1,1,1,1,1,0,1,1,1,Yes
12900000.0,766.0,Thane West,2.0,1.0,No,1,0,0,0,1,0,0,1,1,0,1,0
17700000.0,771.0,Malad West,2.0,1.0,0,,No,0,0,0,0,0,0,0,No,No,1
3250000.0,600.0,Kalyan West,1.0,0.0,1,1,No,0,1,1,1,0,1,0,0,1,1
21000000.0,1135.0,Bhakti Park,2.0,0.0,1,1,Yes,,1,,0,,0,No,0,,0
12200000.0,880.0,borivali East,2.0,1.0,0,Yes,0,0,0,0,No,0,0,0,No,No,0
80000000.0,3498.0, WORLI,3.0,0.0,1,1,Yes,1,Yes,1,1,1,1,,0,1,1
12400000.0,674.0,Kolshet Road,,0.0,0,No,1,1,Yes,0,0,0,0,0,0,0,0
10500000.0,,Kalyan West,,0.0,Yes,1,0,0,1,1,1,Yes,,0,1,0,1
4150000.0,990.0,Koproli,,0.0,1,0,0,0,No,0,1,0,0,0,0,No,0
11500000.0,560.0,Malad West,1.0,0.0,0,0,,0,No,0,No,0,0,0,No,0,0
5900000.0,424.0,Mira Road East,1.0,1.0,1,1,0,No,,Yes,0,No,1,0,0,0,0
24800000.0,1080.0,nan,,1.0,,No,0,No,0,0,0,0,0,0,0,0,0
22000000.0,788.0,Andheri  West,3.0,1.0,1,1,0,No,0,,1,1,0,,,0,1
4396000.0,774.0,Dombivali,1.0,1.0,1,,Yes,1,1,Yes,Yes,1,1,,0,1,Yes
10000000.0,1505.0,Kharghar,3.0,0.0,,1,1,1,1,0,0,0,0,0,0,0,
7000000.0,1060.0,Sector 5 Ulwe,2.0,0.0,1,,1,1,1,0,0,0,,0,No,0,0
14800000.0,1985.0,Sector 20 Kharghar,3.0,0.0,0,1,1,1,1,0,0,No,0,,0,0,
3500000.0,650.0,Ulwe,1.0,0.0,No,1,0,0,0,0,,1,0,,1,0,0
,650.0,Ulwe,1.0,0.0,1,1,1,0,1,,0,0,0,No,0,,0
4400000.0,880.0,Dronagiri,1.0,1.0,No,1,1,,Yes,0,0,No,1,0,1,0,0
19500000.0,1600.0,Kharghar,3.0,1.0,,1,Yes,0,0,1,1,Yes,1,1,0,1,1
51900000.0,2260.0,Andheri  West,3.0,1.0,1,1,1,0,Yes,1,1,1,1,1,No,,1
5800000.0,663.0,Kalyan West,2.0,0.0,No,1,1,Yes,No,0,0,0,1,0,0,0,No
6120000.0,720.0,Mira Road East,1.0,1.0,0,,1,No,0,1,1,1,1,0,0,0,1
8000000.0,1095.0,Kamothe,2.0,1.0,No,No,0,0,,0,,0,0,0,0,0,0
18500000.0,661.0,nan,2.0,1.0,1,1,Yes,No,Yes,Yes,1,1,Yes,1,0,1,1
13500000.0,910.0,Goregaon West,2.0,1.0,1,1,Yes,1,1,,1,Yes,1,1,0,1,1
,1850.0,Andheri  West,3.0,1.0,,Yes,Yes,,1,Yes,1,0,1,1,1,0,1
8500000.0,750.0,Jogeshwari West,1.0,0.0,0,1,Yes,No,Yes,0,0,,0,0,No,0,0
2100000.0,400.0,Dombivali East,1.0,1.0,0,0,0,0,0,0,,No,No,0,0,0,0
15000000.0,800.0,Chembur,2.0,1.0,1,0,0,0,1,0,1,0,0,1,0,No,0
22000000.0,1100.0,Andheri  East,3.0,1.0,1,Yes,,No,1,1,Yes,1,1,0,0,Yes,Yes
9500000.0,700.0,Malad West,1.0,,1,Yes,1,0,Yes,1,1,No,1,1,0,1,Yes
16500000.0,1000.0,Powai ,2.0,0.0,1,1,1,0,1,1,1,1,1,0,1,Yes,1
10800000.0,858.0,Panvel,2.0,1.0,1,,1,,1,1,,1,1,Yes,0,1,
5699000.0,905.0,Thane West,2.0,0.0,1,1,1,0,1,1,Yes,1,1,0,0,1,1
18000000.0,950.0,nan,3.0,0.0,0,No,0,0,0,0,0,0,0,0,0,,0
6500000.0,650.0,Sector 20 Kharghar,1.0,0.0,0,0,1,1,1,0,0,,0,0,No,,0
9000000.0,550.0,Bhandup West,2.0,,0,Yes,1,0,1,0,0,0,0,0,1,No,No
4700000.0,656.0,Ulwe,1.0,1.0,0,0,0,0,0,0,0,0,0,0,0,0,0
10000000.0,,nan,,0.0,1,Yes,1,0,No,1,1,1,,No,1,No,Yes
9500000.0,780.0,Airoli,1.0,0.0,1,,0,0,0,1,0,0,0,Yes,1,No,0
3800000.0,685.0,Karanjade,1.0,0.0,0,0,,No,No,0,0,0,No,0,0,0,No
7500000.0,980.0,Ulwe,2.0,0.0,1,No,1,1,1,,0,0,0,No,No,0,1
13200000.0,935.0,Malad West,2.0,0.0,Yes,1,1,1,Yes,0,1,1,1,0,0,1,1
4000000.0,,Kalyan West,1.0,0.0,,1,0,0,Yes,1,1,Yes,1,0,No,1,1
11000000.0,1545.0,Kalyan West,3.0,0.0,1,1,1,0,1,1,1,1,0,0,,1,1
6200000.0,,Ulwe,1.0,0.0,0,0,1,1,1,0,0,0,0,0,0,,1
5600000.0,650.0,Kharghar,1.0,0.0,1,1,1,1,1,,1,1,0,0,0,1,Yes
7500000.0,750.0,Panvel,2.0,1.0,1,1,0,0,0,,1,1,0,0,0,No,1
12500000.0,1100.0,Kharghar,2.0,0.0,1,Yes,1,0,1,0,No,Yes,0,No,1,1,No
11500000.0,800.0,Kondivita Road,1.0,0.0,0,1,1,1,1,0,No,0,0,0,0,,0
18500000.0,970.0,Powai ,2.0,0.0,1,1,Yes,0,Yes,1,1,1,1,0,1,1,1
5300000.0,300.0,nan,1.0,0.0,0,0,0,0,0,0,0,0,0,0,1,0,No
25800000.0,1126.0,Mulund West,3.0,1.0,,0,No,0,,0,0,0,No,,0,No,0
6800000.0,574.0,Dahisar,1.0,0.0,1,1,No,0,0,1,1,1,1,,1,1,1
15500000.0,1530.0,Kharghar,,0.0,1,Yes,Yes,Yes,1,1,1,1,1,1,No,1,1
10000000.0,,Kharghar,2.0,,Yes,,1,0,1,Yes,1,1,1,1,1,1,
14500000.0,750.0,Deonar,1.0,1.0,1,1,1,0,,1,,Yes,,1,1,1,1
7500000.0,950.0,Kharghar,2.0,0.0,1,1,1,1,1,1,1,1,1,0,0,1,1
8500000.0,1000.0,Sector 36 Kharghar,2.0,0.0,1,,,No,0,0,0,No,0,0,0,No,Yes
10400000.0,1129.0,Kamothe,2.0,0.0,0,0,1,1,1,,,0,0,0,0,0,0
11500000.0,575.0,borivali West,1.0,0.0,,,0,0,0,1,1,1,0,0,Yes,0,
35000000.0,1080.0,Juhu,,0.0,0,Yes,0,0,No,0,0,0,0,0,0,,0
7500000.0,1050.0,Kharghar,2.0,0.0,0,1,1,1,,0,No,1,0,0,0,1,0
11500000.0,1450.0,nan,3.0,0.0,1,1,1,1,1,1,No,1,Yes,0,1,No,0
7050000.0,1000.0,Kharghar,2.0,0.0,0,1,1,1,1,0,0,0,0,0,0,0,0
2550000.0,355.0,Nalasopara West,1.0,0.0,0,1,0,0,0,Yes,0,0,0,0,0,0,0
9000000.0,,borivali West,1.0,0.0,,1,1,0,1,1,,1,0,0,1,1,1
25500000.0,878.0,Andheri  East,3.0,1.0,1,1,1,0,1,1,1,1,Yes,1,0,1,1
6200000.0,700.0,Ulwe,1.0,0.0,1,1,1,0,1,Yes,1,0,Yes,0,0,1,1
3892000.0,865.0,nan,2.0,,1,1,Yes,0,1,Yes,1,Yes,0,Yes,,1,1
4200000.0,640.0,Ulwe,1.0,1.0,No,1,0,0,0,0,0,Yes,0,0,,0,0
11500000.0,1350.0,Ulwe,2.0,1.0,1,1,0,0,0,0,1,1,0,0,0,0,1
33000000.0,2519.0,nan,,1.0,1,1,0,0,0,1,1,1,0,1,0,1,1
6450000.0,610.0,Thane West,1.0,1.0,1,1,0,0,0,1,Yes,1,0,0,1,0,1
19500000.0,1120.0,Powai ,2.0,0.0,1,1,1,,1,1,1,1,1,Yes,No,1,Yes
17900000.0,1250.0,Goregaon West,2.0,1.0,1,,0,0,0,,1,1,0,,,No,1
18800000.0,772.0,nan,2.0,,,1,,0,0,0,0,0,1,0,1,No,0
5700000.0,670.0,Kamothe,1.0,0.0,1,1,,1,Yes,0,0,0,0,0,0,No,0
15600000.0,613.0,Mulund East,2.0,1.0,0,,0,0,0,0,No,0,0,0,0,0,No
5400000.0,675.0,Mira Road East,1.0,0.0,0,1,1,0,1,,0,1,Yes,,0,1,0
,600.0,Malad West,1.0,0.0,0,0,,,0,0,0,No,0,0,0,0,0
,667.0,Ulwe,1.0,0.0,0,0,0,,0,,0,No,0,0,0,0,No
7700000.0,1110.0,Kharghar,2.0,0.0,1,Yes,,1,1,1,1,Yes,1,No,0,1,1
8599000.0,440.0,Panvel,2.0,,1,1,0,0,1,1,1,,1,1,0,1,1
8500000.0,500.0,Jogeshwari West,1.0,1.0,No,1,0,No,0,0,0,0,0,0,No,0,0
15000000.0,1730.0,Kharghar,3.0,0.0,,Yes,1,1,Yes,1,1,1,1,1,0,1,1
,902.0,Haware City,2.0,0.0,1,1,Yes,0,1,0,,No,1,0,,0,1
4000000.0,350.0,Kandivali West,1.0,0.0,0,1,0,No,0,0,No,0,No,0,0,0,0
22000000.0,1350.0,Belapur,3.0,,1,Yes,0,0,0,1,1,1,0,0,1,,Yes
5300000.0,670.0,Kharghar,1.0,0.0,1,1,1,1,1,1,,0,1,0,1,Yes,Yes
11000000.0,1440.0,Sector 20 Kharghar,3.0,0.0,0,0,0,,0,0,0,0,No,No,No,0,0
5555000.0,1010.0,Dombivali,3.0,1.0,,1,0,0,1,1,0,0,1,1,0,1,1
13500000.0,880.0,Wadala,2.0,0.0,0,0,0,,0,0,0,0,0,No,0,0,0
2550000.0,590.0,Nala Sopara,1.0,0.0,0,Yes,0,No,0,1,,0,0,No,0,0,0
10500000.0,400.0,Link Road,1.0,0.0,0,1,1,1,1,,0,0,0,No,0,0,0
11800000.0,750.0,nan,2.0,1.0,No,1,0,0,0,0,0,0,1,0,0,0,0
7815000.0,575.0,Mira Road East,2.0,1.0,1,1,1,1,1,,1,1,1,Yes,0,1,1
7495999.0,890.0,Vartak Nagar,2.0,0.0,0,Yes,1,1,1,0,0,0,0,0,0,0,No
12000000.0,950.0,Sanpada,2.0,0.0,0,0,0,0,0,0,,0,0,No,No,0,0
16500000.0,1054.0,Ghatkopar West,2.0,0.0,1,1,No,0,0,1,1,1,0,0,0,0,1
12600000.0,1012.0,nan,2.0,1.0,1,1,Yes,0,1,1,1,0,1,1,No,1,1
10500000.0,780.0,Thakur complex,1.0,0.0,0,,1,Yes,1,0,No,0,No,0,0,No,0
4200000.0,910.0,Virar,2.0,1.0,1,1,1,0,1,1,1,Yes,1,1,0,1,Yes
,838.0,Thane West,2.0,1.0,Yes,1,0,0,0,0,0,0,1,1,,0,No
25000000.0,1350.0,Andheri  East,2.0,0.0,0,0,,No,0,0,0,0,0,0,0,0,0
7800000.0,1010.0,Mira Road East,2.0,0.0,0,1,,0,0,1,,,Yes,No,1,No,0
4850000.0,600.0,Kharghar,1.0,0.0,0,1,1,1,1,1,1,,1,0,1,1,0
26000000.0,1250.0,Andheri  West,3.0,0.0,1,1,No,0,0,0,1,1,0,No,,0,
18000000.0,1350.0,Goregaon West,3.0,0.0,1,,1,No,Yes,1,,0,0,0,1,1,1
2000000.0,1252.0,nan,1.0,,1,1,0,0,,1,1,1,1,0,0,Yes,0
5250000.0,700.0,Mira Road East,1.0,1.0,0,1,0,0,0,1,0,Yes,0,0,0,,No
2850000.0,540.0,Naigaon East,1.0,0.0,1,1,Yes,1,Yes,1,1,1,1,0,No,1,No
4000000.0,660.0,Taloja,1.0,1.0,1,1,1,0,1,1,1,1,1,1,0,1,1
9500000.0,750.0,nan,1.0,0.0,0,No,0,0,0,0,0,0,0,0,1,No,0
11500000.0,1170.0,Thane West,2.0,1.0,1,1,1,0,1,Yes,1,0,1,0,0,1,1
5000000.0,791.0,Dombivali,2.0,0.0,1,,1,1,1,,,1,,1,0,1,1
20000000.0,950.0,nan,2.0,1.0,1,1,1,1,1,1,1,1,1,Yes,1,1,1
8500000.0,685.0,nan,1.0,0.0,1,1,1,,1,1,1,1,0,1,0,1,1
14000000.0,700.0,borivali East,2.0,0.0,,0,No,0,0,0,0,0,,0,0,0,0
8700000.0,980.0,Kharghar,2.0,,,1,,1,1,0,1,1,,1,0,1,1
10200000.0,927.0,nan,2.0,0.0,,1,,,No,1,1,1,0,No,1,No,1
2350000.0,550.0,Nala Sopara,1.0,0.0,0,1,0,0,0,1,0,0,No,0,No,0,
9250000.0,770.0,Kalwa,2.0,0.0,0,No,1,1,1,0,No,0,0,0,0,0,
13200000.0,768.0,Pokharan Road,2.0,0.0,No,0,,1,1,0,0,0,0,0,0,0,0
4500000.0,450.0,Anjurdive,,1.0,1,1,1,0,1,1,1,1,1,1,0,0,1
,,nan,2.0,1.0,,1,Yes,1,Yes,1,0,1,1,0,No,No,0
7000000.0,750.0,Panvel,2.0,0.0,Yes,,0,0,0,,1,1,0,No,0,0,1
4500000.0,565.0,Mira Road East,1.0,,0,1,0,0,0,1,No,0,0,0,1,0,0
5900000.0,1015.0,Karanjade,2.0,1.0,1,1,Yes,,1,1,Yes,1,1,0,0,1,0
14200000.0,1100.0,Powai ,2.0,0.0,1,1,0,0,1,1,1,1,0,0,1,1,1
54100000.0,,Thane West,4.0,1.0,1,Yes,Yes,0,0,1,1,0,1,Yes,0,Yes,1
12800000.0,750.0,Pokhran Road No 2,2.0,0.0,0,1,1,1,1,0,No,0,0,0,0,0,No
22500000.0,1350.0,Mulund West,3.0,1.0,1,,0,0,,Yes,0,1,0,No,,0,0
18000000.0,1100.0,Andheri ,2.0,0.0,1,1,1,1,1,0,1,0,1,0,,0,1
7300000.0,600.0,Airoli,1.0,0.0,0,,,0,0,0,0,1,0,0,1,0,0
10100000.0,1431.0,Kalyan West,3.0,,1,1,Yes,No,1,1,1,1,1,1,No,1,1
7500000.0,950.0,Panvel,2.0,0.0,1,,1,0,1,1,1,1,1,1,,1,1
4800000.0,661.0,Mira Road East,1.0,0.0,1,Yes,1,1,1,Yes,,1,1,1,1,1,1
9200000.0,1127.0,Ulwe,2.0,0.0,0,No,No,0,0,0,No,No,0,0,0,0,0
4500000.0,705.0,Panvel,1.0,1.0,,1,0,No,No,1,0,1,0,0,0,0,
8800000.0,650.0,Malad West,1.0,0.0,1,1,Yes,1,1,1,1,1,,Yes,1,1,1
22200000.0,900.0,Andheri ,3.0,1.0,0,Yes,Yes,0,Yes,,0,Yes,0,No,0,0,
,1075.0,Kandivali East,2.0,0.0,0,No,0,0,0,0,0,0,0,,0,0,0
7150000.0,1050.0,Ulwe,2.0,0.0,0,1,,0,1,0,0,0,0,0,No,1,0
7000000.0,1012.0,Kamothe,2.0,0.0,No,0,1,Yes,1,0,0,0,No,0,0,No,0
,2030.0,Kharghar,3.0,1.0,1,,1,1,1,Yes,1,,1,1,0,1,1
6700000.0,925.0,Kalamboli,2.0,,1,1,1,,1,1,Yes,1,0,0,Yes,1,1
2600000.0,390.0,Kharghar,1.0,0.0,0,1,0,,,0,0,0,0,0,0,,0
36400000.0,1193.0,Andheri  West,3.0,1.0,1,,1,1,1,1,1,1,No,Yes,0,0,1
4600000.0,846.0,Nala Sopara,2.0,0.0,Yes,1,Yes,0,,1,0,1,1,1,0,,1
31000000.0,1475.0,Kandivali East,3.0,0.0,1,Yes,1,0,1,Yes,1,No,,0,0,1,1
2836000.0,709.0,Ambernath West,1.0,1.0,0,1,0,0,0,1,,1,0,0,0,0,0
16500000.0,980.0,Sion,2.0,0.0,1,1,0,0,0,0,0,0,0,0,Yes,0,0
13899999.0,1200.0,Marol,2.0,0.0,0,1,0,0,0,1,1,1,,0,1,0,0
3700000.0,640.0,Panvel,1.0,1.0,No,1,1,0,1,0,0,0,1,0,Yes,0,0
5500000.0,450.0,Sector16 Airoli,1.0,0.0,0,No,1,1,1,0,0,0,0,0,0,0,0
4900000.0,665.0,nan,1.0,1.0,1,1,1,1,1,,,1,1,1,1,,0
4250000.0,560.0,Haware City,1.0,0.0,1,1,0,0,Yes,0,1,0,1,0,0,0,1
10000000.0,546.0,Goregaon West,,0.0,1,1,0,0,1,0,0,0,0,0,1,No,0
,1250.0,nan,2.0,0.0,0,1,1,1,1,No,0,,0,0,No,0,0
7000000.0,1080.0,Sector 20 Kharghar,2.0,0.0,1,1,1,1,1,,0,0,No,0,0,0,No
11399999.0,1133.0,Panvel,2.0,1.0,1,0,0,0,1,1,1,1,1,1,0,1,1
9200000.0,750.0,Malad West,1.0,1.0,1,Yes,0,0,No,1,1,,0,0,Yes,0,No
8500000.0,507.0,Thane,1.0,0.0,0,,0,0,0,No,,0,0,0,0,No,0
12000000.0,600.0,Chembur,1.0,0.0,0,0,1,0,1,0,0,0,No,0,0,No,0
6000000.0,560.0,Sector 15,1.0,0.0,0,0,1,1,1,0,0,,0,0,0,0,0
58500000.0,2500.0,Powai ,4.0,1.0,1,1,0,0,0,1,1,,0,No,Yes,0,1
7000000.0,1245.0,Panvel,2.0,1.0,1,Yes,Yes,No,1,1,,1,1,,0,1,
2350000.0,590.0,Nala Sopara,1.0,0.0,1,1,1,No,1,1,No,No,1,0,0,1,1
11500000.0,1260.0,Ulwe,2.0,0.0,Yes,1,0,,0,Yes,1,1,0,0,Yes,,Yes
7500000.0,600.0,borivali West,1.0,0.0,No,1,0,0,0,0,0,0,,No,1,0,No
4000000.0,,nan,1.0,0.0,0,No,0,0,0,No,No,0,0,No,0,0,0
13200000.0,773.0,Mira Road East,3.0,1.0,1,1,1,0,,0,1,0,1,,0,1,1
14000000.0,811.0,Thane West,2.0,1.0,1,1,1,0,Yes,1,1,No,,0,0,Yes,1
11000000.0,585.0,raheja vihar,1.0,0.0,No,Yes,1,1,1,0,0,No,0,0,0,0,No
16200000.0,810.0,Powai ,2.0,0.0,1,1,1,1,1,1,,1,,0,Yes,1,1
8600000.0,1045.0,Ulwe,2.0,0.0,1,,1,Yes,1,,0,No,0,0,0,0,1
4875000.0,975.0,Nalasopara East,2.0,0.0,,1,No,0,0,1,0,0,No,0,No,0,No
,907.0,borivali East,2.0,,1,1,,No,1,0,0,0,1,0,1,0,0
11500000.0,650.0,borivali West,1.0,0.0,0,0,No,0,0,0,0,No,0,0,0,0,0
8400000.0,,Panvel,1.0,1.0,Yes,0,,0,No,Yes,,0,0,1,0,1,1
21000000.0,620.0,Andheri ,2.0,0.0,,,1,1,1,0,,0,No,0,0,0,0
19800000.0,1200.0,Andheri  East,2.0,1.0,1,1,1,0,1,1,1,1,1,No,1,1,1
3400000.0,407.0,Naigaon East,1.0,1.0,1,1,0,0,No,1,1,1,0,0,0,0,1
6500000.0,1255.0,Kamothe,2.0,0.0,1,1,1,1,1,0,1,0,,No,0,0,
18500000.0,1700.0,Kharghar,3.0,0.0,1,1,1,1,1,1,Yes,1,1,0,0,1,1
,650.0,Andheri  West,2.0,0.0,No,1,0,No,0,0,,0,No,0,1,0,No
18000000.0,1400.0,Malad West,,0.0,Yes,1,Yes,0,1,1,1,1,0,0,Yes,1,0
16000000.0,1650.0,Ulwe,3.0,1.0,0,Yes,0,,0,1,0,1,0,No,No,0,1
22500000.0,1040.0,nan,2.0,0.0,0,0,No,0,0,0,0,0,0,0,0,0,0
2875000.0,324.0,Thane West,1.0,0.0,1,1,1,0,1,1,Yes,0,1,,,1,1
8700000.0,1158.0,Ulwe,,0.0,0,,0,0,0,No,0,0,No,No,0,0,0
3800000.0,700.0,Panvel,1.0,0.0,1,1,0,0,0,Yes,1,1,No,No,0,No,1
10200000.0,1500.0,Kalyan West,3.0,0.0,1,1,0,No,0,1,1,1,0,0,1,0,1
14500000.0,950.0,Wadi Bandar,,0.0,Yes,0,1,1,Yes,0,0,No,0,No,0,No,0
6500000.0,,Mulund East,1.0,,No,1,0,0,0,0,0,,0,0,1,0,0
,786.0,Mira Road East,3.0,1.0,Yes,1,1,0,1,1,,1,1,Yes,0,1,1
6500000.0,660.0,Kharghar,1.0,0.0,1,1,1,1,1,0,1,1,1,0,0,,
8000000.0,1050.0,Kharghar,2.0,0.0,0,0,Yes,1,1,0,0,0,0,0,0,No,
3900000.0,773.0,Nala Sopara,2.0,0.0,1,1,1,0,1,1,0,1,1,1,0,Yes,1
,1200.0,Boisar,3.0,0.0,Yes,1,,0,0,1,1,No,1,1,0,1,1
9500000.0,1065.0,Sector 35G,2.0,,0,0,1,1,1,0,,0,0,0,,,0
4200000.0,440.0,Kalyan West,1.0,0.0,0,1,1,1,0,0,No,,,0,No,No,0
4200000.0,685.0,Kalyan West,1.0,0.0,0,1,0,0,,Yes,0,1,,0,0,0,No
4399000.0,615.0,Thane West,1.0,0.0,,1,,0,1,1,Yes,1,Yes,No,0,1,1
30000000.0,980.0,Ville Parle East,2.0,0.0,0,0,0,0,0,0,0,0,0,0,0,0,0
6500000.0,,Thane West,1.0,1.0,1,1,1,0,1,Yes,1,1,Yes,1,0,Yes,1
,775.0,Chembur,1.0,1.0,1,,1,0,1,Yes,0,1,1,0,0,Yes,0
4000000.0,665.0,Kalyan West,1.0,0.0,1,1,No,0,No,,1,1,0,,No,No,Yes
32500000.0,1630.0,Malad West,3.0,1.0,1,Yes,0,0,0,,1,1,0,0,1,0,Yes
4200000.0,650.0,Kamothe,1.0,0.0,1,1,1,1,1,0,0,0,0,0,0,0,No
18500000.0,664.0,Mulund West,2.0,1.0,1,1,Yes,No,1,1,1,1,1,,No,1,
4400000.0,600.0,Dombivli (West),1.0,1.0,0,1,0,0,0,0,No,0,0,0,No,,0
14200000.0,900.0,borivali West,2.0,0.0,1,1,0,0,0,1,0,1,0,,1,0,0
4800000.0,945.0,Nala Sopara,2.0,0.0,1,1,Yes,No,1,1,1,0,Yes,,0,1,1
9400000.0,1192.0,Kamothe Sector 16,2.0,0.0,0,1,1,1,1,0,0,,0,,0,0,0
6000000.0,745.0,Ulwe,1.0,0.0,1,1,1,0,1,1,1,0,Yes,1,0,1,1
19000000.0,1150.0,Andheri  East,2.0,0.0,0,Yes,0,0,0,0,No,,0,0,1,0,0
7500000.0,600.0,Dahisar East,1.0,0.0,0,0,,0,,0,0,0,No,0,0,0,0
8920000.0,749.0,Thane West,,1.0,1,1,0,,0,1,1,,0,0,1,No,Yes
13000000.0,1197.0,Kharghar,2.0,0.0,Yes,1,Yes,1,1,1,1,1,1,,0,0,
2551000.0,609.0,Titwala,1.0,1.0,0,1,0,0,0,1,0,1,0,0,No,0,0
5599000.0,950.0,Kalyan West,2.0,0.0,1,1,0,0,1,1,1,1,1,0,0,1,1
,790.0,Andheri  West,2.0,1.0,,,1,,Yes,1,1,1,0,1,0,0,Yes
11500000.0,760.0,nan,1.0,0.0,,1,0,0,0,0,No,No,No,0,1,0,0
,1290.0,Malad East,2.0,1.0,1,1,1,0,,1,1,0,0,,,1,1
,850.0,Dahisar,2.0,1.0,0,No,0,0,0,0,0,0,,0,0,No,0
7929000.0,907.0,Thane West,2.0,1.0,1,1,1,0,,1,1,1,1,0,No,1,1
7100000.0,660.0,Kalyan West,2.0,,No,1,1,1,0,0,0,0,1,0,0,0,0
4400000.0,305.0,Shivaji Colony,1.0,0.0,0,Yes,1,1,1,0,,0,No,No,No,0,No
75000000.0,1875.0,Andheri  West,3.0,,1,1,1,Yes,1,,1,1,1,Yes,1,1,1
50000000.0,2300.0,Andheri  West,3.0,1.0,1,1,1,No,1,,Yes,,,1,1,1,1
70000000.0,1800.0,Bandra West,3.0,0.0,0,1,0,0,No,0,No,0,0,0,,,0
9000000.0,1145.0,nan,2.0,1.0,1,Yes,1,Yes,Yes,1,1,1,1,0,1,Yes,Yes
70000000.0,1503.0,Tardeo,2.0,0.0,1,1,,0,1,1,1,0,Yes,0,1,1,1
22400000.0,978.0,Malad West,3.0,1.0,0,0,0,0,,0,0,0,0,0,0,0,1
15500000.0,,Powai ,,0.0,0,1,0,No,,0,0,0,,0,1,0,0
6800000.0,,Kamothe,2.0,0.0,0,0,1,1,1,0,0,No,0,0,0,No,0
7800000.0,,PARSIK NAGAR,2.0,0.0,0,1,1,1,,0,0,No,0,0,0,0,0
22000000.0,1527.0,Ghatkopar,3.0,1.0,1,1,1,No,1,1,1,No,1,Yes,0,1,1
8500000.0,966.0,Sector 19 Kharghar,2.0,0.0,0,1,1,0,1,0,,0,1,0,No,No,0
24000000.0,1400.0,Ville Parle East,,0.0,1,1,0,0,0,1,0,0,0,0,1,0,0
22500000.0,1800.0,Belapur,3.0,1.0,1,1,0,0,0,1,1,Yes,0,No,0,,1
78800000.0,1478.0,Andheri  West,3.0,1.0,1,1,1,0,1,1,1,0,0,1,,,1
5577000.0,715.0,Bhayandar East,1.0,0.0,0,0,0,0,No,0,0,0,0,0,0,0,0
13000000.0,,nan,1.0,0.0,0,0,No,0,No,0,0,No,0,0,0,0,0
2500000.0,590.0,Koproli,,0.0,0,0,0,No,0,0,0,0,0,0,,0,0
6900000.0,950.0,Kamothe,2.0,0.0,1,1,1,1,1,No,Yes,0,0,No,0,0,1
2300000.0,510.0,Naigaon East,1.0,0.0,0,0,0,0,0,0,0,,0,0,,0,0
14000000.0,1225.0,Belapur,2.0,1.0,Yes,1,,0,1,1,1,1,1,No,,1,1
17500000.0,,borivali West,2.0,0.0,0,No,0,,0,0,0,0,0,,0,No,0
19000000.0,1600.0,Majiwada thane,3.0,0.0,0,No,1,1,0,0,0,0,1,0,0,0,No
2400000.0,,Boisar,2.0,0.0,1,1,,0,0,1,1,No,1,0,,1,0
9800000.0,659.0,Goregaon East,1.0,1.0,1,1,0,Yes,Yes,1,1,1,0,1,No,0,
23300000.0,1118.0,Mulund West,3.0,1.0,1,1,Yes,0,,0,1,0,0,0,0,No,1
6000000.0,900.0,Kalyan West,2.0,0.0,1,1,0,,1,1,1,1,,0,0,1,1
10000000.0,1020.0,Thane West,,0.0,1,1,0,,0,No,0,1,0,0,1,No,0
5000000.0,750.0,nan,2.0,0.0,Yes,,Yes,1,1,1,1,Yes,1,1,1,Yes,1
14900000.0,,Malad West,2.0,1.0,1,Yes,Yes,0,1,1,,1,1,1,0,1,1
3800000.0,650.0,Ulwe,1.0,0.0,0,1,0,0,0,0,0,0,0,0,0,0,0
64300000.0,1259.0,Ville Parle West,3.0,1.0,1,1,0,No,1,Yes,1,1,1,0,0,0,1
6000000.0,700.0,Kharghar,1.0,0.0,1,1,1,1,,1,1,Yes,Yes,0,No,1,1
22500000.0,,Sainath Nagar,3.0,0.0,No,0,Yes,Yes,0,0,0,,Yes,0,0,0,0
37500000.0,2195.0,Goregaon,3.0,1.0,1,1,1,0,Yes,1,1,1,Yes,1,No,1,1
7500000.0,900.0,Sunil Nagar,2.0,0.0,Yes,1,1,1,1,0,0,0,,No,0,0,0
6800000.0,740.0,Thane West,,0.0,1,Yes,1,0,,1,1,,0,Yes,0,1,1
15300000.0,,Andheri ,2.0,1.0,,1,1,0,1,1,1,Yes,No,No,0,1,1
39000000.0,1340.0,Powai ,3.0,0.0,1,1,1,1,1,0,Yes,1,1,0,No,1,1
3925000.0,510.0,Virar,2.0,1.0,,1,,No,1,1,1,0,0,0,0,1,1
12900000.0,1066.0,Malad West,2.0,1.0,,,0,,No,,0,0,No,0,0,No,0
10600000.0,1386.0,Mira Road East,3.0,1.0,1,1,1,0,1,Yes,1,1,1,1,1,1,Yes
8800000.0,980.0,Sector9 Kamothe,,0.0,1,1,1,1,1,No,0,0,0,0,0,0,0
8200000.0,725.0,Kurla,1.0,0.0,0,1,No,0,0,No,0,0,0,0,No,0,0
20000000.0,888.0,Goregaon West,2.0,1.0,Yes,1,0,0,0,1,1,,0,0,0,0,
,,Goregaon East,,1.0,0,0,No,0,0,,0,0,0,0,0,0,0
,1228.0,Thane West,3.0,1.0,1,Yes,Yes,No,0,Yes,1,0,Yes,1,No,1,1
3500000.0,,Boisar,3.0,0.0,0,0,0,0,0,0,0,0,0,0,0,0,0
8200000.0,1100.0,Ulwe,2.0,0.0,1,1,1,0,1,0,1,1,0,0,1,1,1
4000000.0,620.0,Kamothe,1.0,0.0,1,1,,1,1,0,Yes,0,0,0,0,0,
36100000.0,1237.0,Nahur,3.0,,1,1,1,0,1,1,0,,1,,No,1,1
7300000.0,970.0,Kalyan West,2.0,0.0,1,1,0,No,0,1,1,1,No,0,0,0,Yes
18000000.0,1125.0,borivali West,2.0,0.0,0,1,0,,0,Yes,,,0,0,1,0,0
22500000.0,994.0,Goregaon West,2.0,1.0,1,1,0,No,0,,1,1,0,,Yes,0,1
120000000.0,3500.0,Upper  WORLI,7.0,0.0,0,1,1,Yes,0,0,0,0,1,0,0,0,0
7598999.0,400.0,Thane West,2.0,1.0,1,,0,0,0,Yes,1,1,0,0,0,0,1
2800000.0,585.0,Nalasopara West,1.0,0.0,,1,0,No,0,1,0,0,0,0,0,0,No
5500000.0,580.0,Kharghar,2.0,0.0,0,0,0,0,0,0,No,0,0,,0,0,0
,1135.0,Powai ,2.0,0.0,1,1,1,0,Yes,,1,1,1,No,,1,1
19100000.0,1050.0,Powai ,2.0,0.0,1,1,1,0,1,1,1,1,0,No,,1,Yes
16000000.0,1600.0,Thane West,3.0,1.0,,1,0,0,Yes,Yes,1,1,0,0,0,1,1
4500000.0,600.0,nan,2.0,0.0,1,1,1,,1,0,Yes,0,0,0,0,,0
18500000.0,950.0,Jogeshwari West,2.0,0.0,0,,0,0,0,,0,0,0,0,0,0,0
,3100.0,Andheri  West,5.0,0.0,1,1,1,0,1,,1,1,1,1,1,1,1
,1600.0,Andheri  West,3.0,0.0,1,1,Yes,0,1,0,1,1,1,,No,1,1
68000000.0,,Bandra East,2.0,0.0,Yes,1,0,,No,1,1,1,0,No,,0,1
2600000.0,930.0,Boisar,2.0,0.0,1,0,No,0,0,1,Yes,0,0,0,0,0,1
4850000.0,970.0,Nalasopara East,2.0,0.0,0,Yes,0,No,No,1,No,0,0,0,,0,No
6000000.0,555.0,Kharghar,1.0,0.0,0,1,1,1,1,0,0,0,0,0,0,0,0
8800000.0,820.0,kandivali,2.0,,1,1,,0,1,1,1,1,1,1,No,1,1
16800000.0,764.0,Kandivali East,2.0,0.0,0,1,1,1,1,0,No,0,0,0,No,No,0
27000000.0,1250.0,Malad East,3.0,0.0,1,1,1,0,1,1,1,1,1,Yes,1,1,1
18500000.0,1000.0,Chembur,2.0,0.0,0,No,1,1,1,No,,0,0,No,No,0,No
3400000.0,650.0,Kalyan West,1.0,0.0,0,1,0,0,0,1,,0,0,0,0,0,No
5500000.0,510.0,Bhandup West,1.0,1.0,0,1,0,0,1,0,No,0,0,0,0,No,0
4500000.0,561.0,nan,1.0,0.0,1,1,,0,1,1,1,No,Yes,0,0,1,1
6500000.0,693.0,Mira Road East,1.0,1.0,1,1,1,0,Yes,1,1,1,1,1,,Yes,1
29900000.0,,Goregaon West,3.0,1.0,1,0,0,0,0,1,No,0,,0,No,1,1
9350000.0,1236.0,Kamothe,2.0,0.0,Yes,0,1,1,1,0,0,No,0,0,No,0,0
10000000.0,750.0,Malad West,1.0,0.0,1,1,1,0,1,,Yes,1,0,1,,1,1
23500000.0,1050.0,nan,2.0,0.0,0,1,1,1,1,0,0,0,0,0,0,0,No
7500000.0,685.0,Thane West,,0.0,1,1,1,0,Yes,1,Yes,Yes,1,1,1,1,1
28000000.0,1850.0,Dahisar,3.0,0.0,0,Yes,Yes,1,1,0,0,No,0,0,0,0,0
11500000.0,1065.0,vasant vihar thane west,2.0,0.0,0,1,1,Yes,1,0,0,0,0,No,0,0,No
4500000.0,550.0,Kharghar,1.0,0.0,0,1,1,Yes,1,,0,0,0,0,0,0,0
15000000.0,1380.0,Kharghar,3.0,,1,Yes,1,1,1,1,Yes,1,1,0,0,1,1
9400000.0,1240.0,nan,2.0,0.0,1,Yes,1,1,1,1,,1,Yes,1,No,1,1
16299999.0,1705.0,Kharghar,3.0,1.0,1,1,1,No,1,1,Yes,1,1,1,0,1,1
,550.0,Bandra West,,0.0,0,1,0,0,0,0,0,1,0,0,Yes,0,0
7600000.0,1053.0,nan,2.0,0.0,1,Yes,0,0,0,1,1,1,,,1,0,1
11700000.0,1650.0,Koper Khairane,3.0,0.0,1,0,1,1,1,0,0,0,0,0,0,0,
2500000.0,930.0,nan,2.0,0.0,,No,,0,No,0,0,0,0,No,0,,0
10500000.0,,Mira Road East,2.0,1.0,1,1,0,0,0,1,1,0,No,1,0,1,Yes
16500000.0,653.0,nan,2.0,1.0,Yes,No,0,0,No,,1,0,0,1,0,No,1
2600000.0,560.0,Taloja,1.0,0.0,0,0,1,1,Yes,0,,0,0,No,0,0,0
8338000.0,981.0,Mira Road East,2.0,1.0,Yes,1,0,0,0,1,1,Yes,0,1,0,1,
3200000.0,390.0,Kalyan West,1.0,1.0,1,Yes,0,0,0,1,1,1,0,0,No,No,1
50000000.0,7000.0,nan,6.0,0.0,0,0,1,Yes,1,No,0,0,0,,0,0,0
5600000.0,1050.0,taloja panchanand,2.0,0.0,No,0,1,,1,0,,No,0,No,0,0,No
2350000.0,820.0,nan,2.0,0.0,1,1,0,0,0,Yes,1,0,Yes,0,No,1,1
4600000.0,665.0,Panvel,1.0,0.0,0,0,0,0,0,0,0,0,0,0,0,0,No
14000000.0,,Dahisar,2.0,,0,1,No,0,0,,0,Yes,0,0,,0,0
3200000.0,585.0,Naigaon East,1.0,1.0,1,1,1,0,1,1,Yes,1,1,0,0,1,0
7884000.0,1080.0,Mira Road East,,0.0,1,1,Yes,1,1,1,1,1,1,0,0,0,0
18000000.0,1435.0,Sanpada,2.0,,1,1,1,Yes,1,1,1,1,1,0,0,1,1
3500000.0,688.0,Dronagiri,1.0,1.0,1,Yes,1,1,1,1,0,0,Yes,0,1,1,0
7209999.0,900.0,Mira Road East,2.0,1.0,0,Yes,0,0,0,0,0,0,No,No,Yes,,0
8600000.0,1227.0,Bhiwandi,3.0,1.0,1,1,1,1,,1,,1,1,1,No,1,1
90000000.0,,Khar West,3.0,0.0,1,1,0,0,0,Yes,1,,0,0,1,0,1
21500000.0,1225.0,Bhandup West,3.0,0.0,1,1,Yes,0,1,1,1,1,1,0,1,1,1
16500000.0,,Thane West,3.0,0.0,Yes,1,1,,1,0,0,0,,0,Yes,0,1
8700000.0,1060.0,Mira Road East,2.0,1.0,1,Yes,,0,1,No,Yes,0,1,0,0,1,
7800000.0,950.0,nan,2.0,0.0,Yes,1,0,0,0,1,1,1,0,0,0,0,No
11399999.0,789.0,Mira Road East,3.0,1.0,1,1,0,0,1,,1,1,1,,0,Yes,1
32500000.0,1278.0,nan,2.0,0.0,0,1,0,0,0,0,0,0,0,,0,,No
26200000.0,1750.0,Bhandup West,3.0,1.0,1,0,1,,1,1,0,0,1,1,0,1,1
4500000.0,665.0,Ulwe,1.0,1.0,No,1,0,0,0,No,0,0,0,0,,0,0
26500000.0,1305.0,Malad West,3.0,0.0,1,1,1,0,1,1,1,,1,1,0,,Yes
6500000.0,1300.0,Nala Sopara,2.0,0.0,1,,Yes,0,,1,1,1,1,0,0,Yes,0
9000000.0,1180.0,Ulwe,2.0,0.0,1,1,1,,1,1,1,1,1,0,0,1,1
12500000.0,1240.0,Ulwe,2.0,1.0,1,1,1,Yes,,1,1,1,1,0,1,1,1
19800000.0,663.0,Mulund West,2.0,1.0,1,1,1,0,1,1,1,1,Yes,1,No,1,1
4600000.0,640.0,Dombivli (West),1.0,1.0,0,1,0,0,0,0,0,No,0,0,,0,
15500000.0,1500.0,Sector-3 Ulwe,3.0,0.0,0,1,1,0,1,1,1,1,1,0,0,Yes,1
8500000.0,1123.0,nan,2.0,1.0,1,1,0,,0,1,Yes,1,No,0,1,0,0
13500000.0,1370.0,Kharghar,3.0,0.0,1,1,0,,0,1,1,1,0,0,,No,
2400000.0,485.0,Nala Sopara,1.0,0.0,1,Yes,1,0,1,1,0,0,,0,,1,
27799999.0,1810.0,Kandivali East,3.0,1.0,1,1,1,Yes,1,1,1,Yes,1,1,0,1,1
3150000.0,650.0,Nala Sopara,1.0,0.0,Yes,1,Yes,0,1,1,Yes,1,1,0,0,1,1
2650000.0,380.0,Dombivli (West),1.0,0.0,0,0,0,No,0,0,0,0,0,0,0,0,No
4517000.0,500.0,nan,1.0,1.0,1,1,0,0,0,1,1,1,,0,No,0,Yes
22500000.0,1900.0,Sainath Nagar,3.0,0.0,0,1,1,1,,0,0,0,0,No,No,0,0
8500000.0,1050.0,Kharghar,2.0,0.0,1,1,,1,1,No,1,,1,,1,1,1
2300000.0,590.0,Nalasopara West,1.0,0.0,0,0,0,0,0,0,0,0,0,0,0,No,0
60000000.0,1200.0,nan,2.0,0.0,0,1,0,,0,1,0,0,0,0,1,0,0
5500000.0,700.0,Thane West,1.0,0.0,0,1,Yes,0,1,1,,1,0,0,0,0,0
13500000.0,1375.0,Kharghar,3.0,0.0,1,1,1,No,1,1,1,1,,0,0,,1
47500000.0,,Prabhadevi,3.0,1.0,1,1,,0,0,,,1,0,0,0,0,No
7700000.0,1162.0,Kharghar,2.0,0.0,No,,0,No,0,0,0,0,0,No,0,No,
11500000.0,1050.0,Thane West,2.0,0.0,1,1,0,0,0,Yes,1,1,0,0,1,0,1
4900000.0,690.0,Kharghar,1.0,0.0,0,No,0,0,No,0,0,0,0,0,0,,0
,1665.0,Ghansoli,3.0,,1,Yes,0,0,1,,1,1,0,1,,1,1
,590.0,Nala Sopara,1.0,0.0,0,1,0,0,0,1,0,,0,0,,0,0
17000000.0,1050.0,Magathane,2.0,0.0,0,0,1,Yes,Yes,0,0,0,0,,0,0,No
15500000.0,900.0,borivali West,2.0,0.0,1,1,,0,1,1,1,1,1,0,0,No,1
24000000.0,1600.0,Sanpada,3.0,0.0,0,,0,0,0,0,0,0,0,0,0,0,0
7900000.0,1115.0,taloja panchanand,2.0,0.0,No,1,1,1,,0,0,,No,0,0,0,0
9000000.0,,Kandivali West,1.0,0.0,0,1,0,0,0,No,No,0,0,0,,0,0
14000000.0,1100.0,Powai ,2.0,0.0,1,1,0,0,,1,,1,0,0,1,0,1
4117000.0,,Virar,2.0,1.0,1,,Yes,0,1,1,1,1,0,1,0,,1
6300000.0,750.0,nan,1.0,1.0,0,1,0,0,0,,0,1,0,0,1,0,No
39500000.0,940.0,Ville Parle West,3.0,0.0,0,1,0,0,0,,0,1,0,No,1,0,0
23700000.0,1001.0,Mulund West,,0.0,1,1,1,No,1,1,1,0,1,1,0,1,Yes
5650000.0,,Kalyan West,2.0,0.0,1,1,0,,1,1,1,1,1,0,,Yes,1
,675.0,nan,,0.0,0,1,0,0,Yes,1,1,Yes,1,1,0,1,0
10000000.0,1150.0,Mira Road East,2.0,0.0,1,1,1,0,0,Yes,0,1,0,0,0,1,
5300000.0,,Mira Road East,1.0,,No,0,0,No,No,No,0,0,0,0,0,,0
,569.0,Palghar,2.0,1.0,0,No,0,0,0,1,Yes,0,No,0,0,No,1
17500000.0,1760.0,Kharghar,,0.0,1,1,1,Yes,1,1,1,0,1,0,0,1,1
2900000.0,570.0,Adaigaon,,0.0,0,0,0,0,No,1,No,0,0,0,0,0,0
19500000.0,1150.0,Powai ,2.0,0.0,0,1,0,0,No,1,1,1,0,0,1,0,
14000000.0,810.0,Ghatkopar East,2.0,1.0,1,1,0,0,No,0,0,No,0,No,1,0,0
30000000.0,3500.0,Kharghar,4.0,0.0,1,1,No,,0,Yes,1,1,0,No,1,0,1
4050000.0,675.0,Vichumbe,1.0,1.0,0,0,0,0,No,0,0,0,0,0,0,0,0
5200000.0,625.0,nan,1.0,0.0,1,1,1,1,1,1,1,1,0,0,0,0,1
7000000.0,900.0,Mira Road East,2.0,1.0,,,0,0,0,1,1,Yes,No,1,0,0,0
8100000.0,1175.0,Dronagiri,2.0,1.0,1,Yes,0,0,0,0,1,1,,0,0,No,1
45000000.0,5500.0,Santacruz East,4.0,1.0,Yes,1,1,1,1,1,1,1,Yes,Yes,1,1,1
8200000.0,1055.0,Ulwe,2.0,1.0,No,,No,0,0,0,0,0,,0,0,0,0
12500000.0,1550.0,Kharghar,3.0,,0,1,1,1,1,0,0,1,Yes,0,1,0,0
3900000.0,,Naigaon East,1.0,0.0,0,1,0,No,,1,0,1,1,0,0,1,0
13400000.0,2582.0,Panvel,4.0,,1,,1,0,1,1,1,1,1,,0,1,1
,565.0,Kandivali West,1.0,1.0,1,1,1,0,1,1,1,1,1,1,,1,
19000000.0,770.0,Powai ,,0.0,1,1,0,0,0,1,1,1,0,0,1,0,1
9000000.0,1120.0,Ulwe,2.0,1.0,1,1,No,0,No,1,Yes,1,No,0,1,0,0
2200000.0,650.0,nan,1.0,0.0,1,1,0,0,0,Yes,1,Yes,0,0,0,0,Yes
12400000.0,1365.0,Mira Road East,3.0,0.0,1,1,1,0,1,1,Yes,1,,0,0,1,1
11600000.0,1179.0,Thane West,2.0,1.0,1,1,1,1,1,,1,1,0,1,0,1,1
7800000.0,956.0,Mira Road East,2.0,,Yes,1,1,1,1,1,1,1,1,1,0,0,1
9800000.0,585.0,Magathane,1.0,0.0,0,0,1,1,1,0,0,0,0,0,0,0,0
12000000.0,1150.0,Kharghar,2.0,1.0,Yes,1,Yes,0,1,1,,1,1,1,,1,1
55000000.0,1030.0,Malabar Hill,,1.0,0,0,,0,0,No,0,0,0,No,0,,
10000000.0,825.0,Mira Road East,2.0,0.0,0,0,0,0,,0,0,0,0,0,0,No,0
40000000.0,1700.0,borivali West,4.0,0.0,0,1,No,0,0,0,0,1,,No,1,No,0
2700000.0,350.0,Sector 21 Kharghar,1.0,0.0,0,0,0,1,1,No,0,0,0,0,0,0,0
26700000.0,845.0,Ville Parle East,,1.0,1,1,,0,0,1,1,Yes,1,0,0,1,1
2300000.0,560.0,Nala Sopara,1.0,1.0,0,Yes,0,No,0,1,0,0,0,0,0,,0
5600000.0,670.0,Ulwe,1.0,1.0,Yes,1,0,0,0,1,0,1,0,0,1,0,0
6700000.0,650.0,Kharghar,1.0,0.0,1,1,1,Yes,,1,1,Yes,0,0,No,Yes,1
28000000.0,980.0,Ville Parle East,2.0,1.0,0,,0,No,No,0,No,0,0,0,0,0,0
2700000.0,400.0,Ulwe,1.0,1.0,0,0,No,0,0,No,0,0,0,0,0,0,0
8400000.0,660.0,Airoli,1.0,0.0,0,0,0,0,0,0,0,0,0,0,0,0,0
16500000.0,1180.0,Mulund,2.0,0.0,0,0,0,1,1,1,0,0,0,0,Yes,Yes,1
23000000.0,1500.0,borivali East,3.0,0.0,,1,1,0,1,1,1,Yes,1,1,1,1,Yes
9800000.0,728.0,Malad West,1.0,1.0,No,0,0,,0,0,0,0,0,0,0,0,0
14500000.0,1150.0,Malad West,2.0,0.0,1,1,1,0,1,1,1,1,1,1,,1,1
39500000.0,1800.0,Santacruz East,3.0,0.0,0,1,0,No,0,0,0,1,0,No,1,0,0
29500000.0,1000.0,matunga east,,,No,1,0,,0,1,0,0,No,0,Yes,No,0
2200000.0,620.0,Nala Sopara,1.0,0.0,No,Yes,0,0,0,,No,,0,0,0,0,0
19600000.0,985.0,Powai ,2.0,0.0,Yes,,0,0,0,,1,1,Yes,1,,,1
6600000.0,555.0,Bhandup West,1.0,1.0,0,0,0,0,0,0,0,No,0,0,0,No,0
6100000.0,400.0,Kandivali East,,,0,0,0,0,0,0,0,0,0,0,Yes,0,0
10800000.0,1280.0,Panvel,3.0,1.0,1,1,1,0,1,Yes,Yes,1,1,1,1,1,Yes
59500000.0,1210.0,Andheri  West,3.0,1.0,1,1,1,No,1,1,1,0,0,1,No,Yes,1
8500000.0,1225.0,Andheri ,3.0,0.0,1,1,,1,1,0,1,0,,,0,0,1
4300000.0,,Nilje Gaon,2.0,,0,0,0,0,0,0,0,No,0,0,0,0,0
,1250.0,Kharghar,2.0,0.0,1,1,1,0,,Yes,1,,,0,1,1,1
12300000.0,1700.0,Kalyan East,3.0,1.0,Yes,Yes,0,0,0,1,1,1,0,,0,0,No
70000000.0,,Haji Ali,2.0,0.0,Yes,Yes,1,,1,1,,1,1,Yes,1,0,Yes
14500000.0,1660.0,Ulwe,3.0,1.0,1,Yes,1,1,1,1,1,1,1,0,1,1,Yes
8000000.0,954.0,Kharghar,2.0,0.0,0,Yes,1,Yes,1,No,0,0,0,0,No,0,0
4000000.0,750.0,Taloja,1.0,0.0,0,Yes,Yes,1,1,No,0,1,0,,0,0,0
6000000.0,660.0,Ghansoli,1.0,1.0,0,1,0,0,No,0,0,0,0,0,0,,0
17100000.0,678.0,Kanjurmarg,2.0,1.0,1,0,0,0,0,1,1,0,0,1,0,0,1
,419.0,Thane West,1.0,1.0,1,1,1,0,1,1,,1,1,0,0,1,1
27500000.0,1055.0,Malad East,3.0,1.0,1,1,No,0,1,1,1,1,1,1,0,1,
6500000.0,,Kandivali East,,0.0,1,1,1,1,1,,,,1,0,1,1,
8200000.0,1130.0,Ulwe,2.0,0.0,1,,1,0,1,1,1,1,0,0,0,1,Yes
16900000.0,888.0,Kandivali West,2.0,0.0,1,1,0,0,0,0,0,No,0,,0,0,0
23500000.0,1100.0,Andheri  West,2.0,0.0,0,,0,No,0,1,No,Yes,0,0,1,No,0
,815.0,nan,2.0,1.0,1,Yes,1,No,1,1,1,1,Yes,1,No,1,Yes
15000000.0,1050.0,Kharghar,2.0,0.0,1,1,1,,1,1,1,1,,0,No,,0
16500000.0,649.0,Mulund East,2.0,1.0,0,No,0,0,0,0,,0,0,0,0,0,0
22500000.0,1654.0,nan,3.0,0.0,0,0,0,No,0,0,0,0,No,0,0,No,0
10500000.0,1240.0,Kharghar,,0.0,1,1,1,1,Yes,1,1,1,1,1,0,1,1
14500000.0,1100.0,Chembur,2.0,0.0,0,Yes,0,,0,0,0,No,No,0,0,,0
5000000.0,650.0,Ulwe,1.0,1.0,0,Yes,0,,0,0,0,0,0,0,0,0,0
4100000.0,645.0,Karanjade,1.0,1.0,No,0,0,0,0,0,0,0,0,0,0,0,0
2500000.0,930.0,Boisar,2.0,0.0,1,Yes,0,0,No,1,1,0,Yes,0,0,1,1
15300000.0,850.0,Chembur,2.0,0.0,0,1,,0,0,0,0,1,0,No,1,0,0
25000000.0,1250.0,borivali West,,0.0,0,1,0,0,No,1,Yes,1,No,0,1,0,0
17500000.0,1188.0,Ghatkopar,2.0,1.0,,1,1,0,1,1,Yes,0,,Yes,0,1,Yes
5000000.0,650.0,Sector 22 Kamothe,,0.0,No,0,1,1,1,0,0,,0,0,0,0,0
4500000.0,650.0,Ulwe,,0.0,0,1,No,0,0,0,0,No,No,0,0,0,0
30000000.0,,Andheri  West,2.0,0.0,0,1,No,0,0,0,0,0,0,0,1,0,0
9200000.0,558.0,Mulund East,1.0,0.0,,1,0,0,0,0,,1,,0,1,,0
24000000.0,3050.0,Kalamboli,5.0,1.0,,1,Yes,1,Yes,,,1,1,0,0,0,Yes
5200000.0,667.0,Sector 17 Ulwe,1.0,0.0,0,1,1,0,Yes,1,0,1,1,0,0,,0
18600000.0,820.0,Kandivali East,2.0,0.0,0,1,1,1,1,0,No,0,0,No,0,0,0
7900000.0,1020.0,Mira Road East,2.0,,No,1,,0,0,1,0,Yes,0,No,1,0,
51500000.0,,Ville Parle East,4.0,1.0,0,1,0,0,0,0,0,0,0,0,1,No,0
7500000.0,1100.0,Kharghar,2.0,,0,Yes,1,1,1,0,0,1,0,0,0,1,1
8250000.0,1139.0,roadpali navimumbai,2.0,0.0,0,1,,1,1,0,No,0,Yes,0,0,0,0
9300000.0,960.0,Mira Road East,2.0,1.0,1,1,0,0,0,1,1,0,0,1,0,Yes,1
3900000.0,830.0,Virar,2.0,1.0,Yes,1,0,No,,1,1,1,1,1,0,0,No
4800000.0,675.0,Ulwe,1.0,0.0,0,Yes,0,No,0,0,0,0,0,No,0,,No
11299999.0,1750.0,Panvel,3.0,1.0,1,1,1,0,Yes,Yes,Yes,1,1,1,0,1,1
11100000.0,655.0,Andheri  East,2.0,0.0,0,No,1,1,1,,0,0,0,No,0,0,0
9900000.0,480.0,Malad West,1.0,1.0,1,1,1,0,Yes,0,1,0,0,1,0,1,1
2650000.0,600.0,Nala Sopara,1.0,1.0,0,1,1,0,1,0,0,0,1,0,1,0,0
9750000.0,630.0,borivali West,2.0,0.0,0,,0,0,No,0,0,0,0,0,1,0,0
4300000.0,850.0,Vasai east,2.0,0.0,0,1,0,0,,1,0,1,0,0,No,0,No
62500000.0,1890.0,Ville Parle East,4.0,0.0,0,Yes,No,0,0,0,0,0,,,1,,0
9709000.0,1022.0,Thane West,2.0,0.0,1,1,0,0,0,1,0,1,0,0,1,No,0
6500000.0,1150.0,nan,3.0,0.0,0,0,0,No,0,0,0,,0,0,0,No,No
15100000.0,957.0,Thane West,,1.0,1,1,1,,1,1,1,1,1,1,0,1,1
4267000.0,841.0,nan,2.0,1.0,1,Yes,Yes,0,1,1,Yes,1,0,1,0,1,Yes
23000000.0,,nan,3.0,0.0,0,1,1,1,1,0,0,,0,0,0,0,No
4800000.0,1020.0,taloja panchanand,2.0,0.0,0,0,1,1,Yes,0,0,0,0,0,0,No,0
15200000.0,,nan,2.0,1.0,0,0,0,No,0,0,No,0,0,0,0,0,0
,1250.0,Andheri  West,2.0,1.0,Yes,1,1,0,,Yes,1,1,1,1,1,1,
11200000.0,600.0,Dattapada,,0.0,,1,1,Yes,Yes,0,0,0,No,0,No,0,0
46200000.0,1507.0,Ghatkopar West,4.0,1.0,1,1,0,0,0,1,1,Yes,0,0,0,0,
31500000.0,1470.0,Andheri  West,3.0,0.0,0,0,0,0,1,0,0,0,0,0,0,0,
,1290.0,Malad East,2.0,0.0,1,1,1,0,1,Yes,1,0,0,0,0,1,1
9000000.0,650.0,borivali West,1.0,0.0,0,1,No,0,0,,0,1,1,0,1,No,No
9500000.0,650.0,Malad West,1.0,,Yes,1,1,0,1,1,1,1,1,0,1,Yes,Yes
36100000.0,,Malad East,3.0,1.0,Yes,1,Yes,0,1,1,1,0,0,0,0,1,1
2804000.0,342.0,Vasai,,1.0,No,Yes,1,0,1,0,0,,0,0,0,,0
2100000.0,370.0,Virar East,1.0,0.0,0,0,1,Yes,1,1,0,0,,No,0,0,
4280000.0,560.0,Thane West,1.0,0.0,Yes,1,1,0,1,1,Yes,No,1,0,0,1,Yes
19000000.0,1500.0,Sanpada,3.0,0.0,1,1,,1,,Yes,,Yes,,1,No,1,1
7800000.0,1125.0,Sector35D Kharghar,2.0,0.0,1,1,1,1,1,0,0,0,No,0,0,0,0
9500000.0,450.0,borivali West,1.0,0.0,0,0,0,0,0,0,0,0,0,No,No,,0
2360000.0,546.0,Taloja,1.0,1.0,Yes,1,0,0,0,1,Yes,1,0,Yes,1,0,1
17000000.0,1080.0,Andheri  East,2.0,0.0,,1,1,1,1,1,1,Yes,Yes,No,0,1,1
3400000.0,650.0,Kharghar,1.0,0.0,0,Yes,0,,0,0,0,0,0,0,0,0,0
4500000.0,850.0,Mira Road East,2.0,0.0,0,1,1,0,0,1,0,1,0,0,0,0,0
5700000.0,620.0,Mira Road East,1.0,,1,1,,0,1,Yes,1,0,0,0,0,1,1
7940000.0,965.0,Mira Road East,2.0,1.0,1,1,1,0,1,1,1,1,1,0,0,1,Yes
2116000.0,672.0,Badlapur East,1.0,1.0,1,Yes,1,0,,1,1,1,1,Yes,,1,1
2350000.0,625.0,Shirgaon,,1.0,0,Yes,0,0,No,0,0,0,0,0,0,No,0
10500000.0,1580.0,Kharghar,3.0,0.0,1,1,1,Yes,1,,0,1,1,0,0,1,0
6400000.0,495.0,Airoli,1.0,0.0,0,0,No,,0,No,0,,0,No,No,0,0
4199000.0,1278.0,Goregaon East,3.0,0.0,1,1,Yes,Yes,1,No,0,1,0,0,1,No,0
15100000.0,1450.0,Ghansoli,3.0,0.0,,0,0,No,No,0,0,0,0,0,No,0,0
2700000.0,640.0,Virar,1.0,1.0,Yes,1,1,0,1,1,1,,0,1,,1,1
13000000.0,,Ulwe,3.0,0.0,1,1,No,0,0,Yes,1,1,0,0,0,0,1
2000000.0,425.0,Malad East,1.0,0.0,1,1,0,0,0,1,,0,No,0,1,0,0
5990000.0,901.0,Thane West,2.0,1.0,1,1,1,No,0,1,1,1,,1,,1,1
8000000.0,1020.0,nan,2.0,0.0,0,1,0,No,No,0,0,0,0,0,0,0,0
26000000.0,1045.0,Goregaon West,2.0,0.0,1,1,Yes,1,1,Yes,1,1,Yes,Yes,1,1,1
3459000.0,,Virar,1.0,1.0,0,1,0,0,0,1,0,0,1,0,0,0,No
4600000.0,650.0,Koproli,2.0,0.0,,No,0,0,0,0,No,0,No,0,0,0,0
21500000.0,1100.0,Chembur,2.0,0.0,0,1,0,0,0,0,0,1,0,0,1,0,0
9500000.0,750.0,Malad West,,0.0,1,Yes,Yes,0,1,1,1,1,1,Yes,1,1,1
,1150.0,nan,2.0,1.0,1,1,0,0,1,1,1,1,1,1,1,Yes,
13500000.0,970.0,Goregaon East,2.0,0.0,1,,0,0,0,1,1,1,0,0,0,1,1
2400000.0,590.0,Nalasopara West,1.0,1.0,0,1,0,0,0,1,0,0,0,0,0,0,0
9800000.0,1417.0,Mira Road and Beyond,,0.0,1,1,1,1,1,0,1,0,0,0,0,0,0
,1215.0,Ulwe,2.0,0.0,1,0,1,1,1,0,0,0,0,No,0,0,1
75000000.0,1500.0,worli sea face ,,0.0,0,,1,1,No,0,No,0,1,0,0,0,0
33500000.0,1650.0,Mulund East,4.0,1.0,1,1,No,0,0,0,No,,0,0,1,0,0
16500000.0,850.0,Mulund West,2.0,1.0,0,1,0,0,0,0,0,,No,No,1,0,0
20000000.0,1450.0,Kandivali West,3.0,1.0,1,1,0,,0,1,1,1,Yes,1,,Yes,1
4000000.0,665.0,Kalyan West,1.0,0.0,Yes,0,0,0,1,1,1,No,Yes,0,0,1,1
,728.0,Kandivali East,2.0,1.0,Yes,1,1,0,1,1,Yes,1,1,0,,1,1
60000000.0,1500.0,nan,3.0,,1,1,1,No,0,1,1,1,0,,1,0,1
23200000.0,,Juhu,1.0,0.0,No,1,No,0,0,0,1,0,0,,1,No,0
60700000.0,1234.0,Andheri  West,3.0,1.0,1,1,Yes,0,,1,1,No,0,1,0,1,1
8900000.0,600.0,borivali West,,,0,,0,0,0,1,0,1,No,,Yes,No,No
36000000.0,900.0,Almeida Park,2.0,0.0,No,,1,Yes,No,0,No,0,No,0,1,0,0
,649.0,Kharghar,1.0,0.0,No,1,1,1,1,0,0,1,Yes,0,1,1,0
31000000.0,1267.0,Wadala,3.0,0.0,1,1,1,,1,1,1,1,,0,Yes,1,Yes
2450000.0,500.0,Naigaon East,1.0,0.0,,1,1,Yes,1,1,1,Yes,1,0,,1,1
8999000.0,950.0,nan,2.0,1.0,1,Yes,Yes,0,1,1,1,1,1,1,,,1
20500000.0,1050.0,Magathane,2.0,0.0,0,0,1,Yes,Yes,0,0,0,No,,No,0,0
11800000.0,1080.0,Koper Khairane,,0.0,0,0,0,0,0,0,0,0,0,0,0,,0
6498999.0,730.0,kavesar,1.0,0.0,0,1,Yes,1,1,0,0,0,0,0,No,0,0
14500000.0,1309.0,Kharghar,2.0,0.0,1,0,0,0,No,1,0,0,0,0,0,1,0
110000000.0,1620.0,Juhu,3.0,0.0,0,1,0,0,0,No,0,0,0,0,0,,0
6000000.0,2700.0,mumbai,4.0,0.0,Yes,1,,Yes,1,0,,0,0,0,0,0,0
2750000.0,324.0,Thane West,1.0,0.0,1,1,1,0,1,1,1,0,Yes,0,0,1,Yes
6200000.0,730.0,Mira Road East,1.0,1.0,0,,0,0,0,1,0,,0,0,Yes,0,0
4100000.0,910.0,Virar,,1.0,,1,1,0,1,1,Yes,1,1,1,0,1,1
4000000.0,480.0,Shil Phata,1.0,1.0,Yes,Yes,0,0,0,Yes,1,Yes,0,0,,0,1
4300000.0,635.0,Kalyan West,,0.0,0,Yes,0,No,No,0,Yes,0,0,0,0,0,0
20000000.0,1500.0,CBD Belapur East,3.0,0.0,0,1,1,0,0,0,0,0,0,0,No,0,1
25000000.0,1080.0,Malad East,3.0,0.0,0,0,0,0,No,Yes,No,1,0,0,,0,0
13500000.0,1013.0,borivali East,2.0,1.0,Yes,1,0,0,Yes,1,1,1,Yes,0,1,0,0
3500000.0,610.0,Virar East,1.0,1.0,0,0,No,0,,0,0,,0,No,0,0,0
22000000.0,1640.0,Sanpada,3.0,0.0,1,1,Yes,1,1,1,1,1,1,0,1,1,1
4100000.0,650.0,Sector 22 Kamothe,1.0,0.0,1,1,1,1,1,0,,No,0,0,0,0,0
120000000.0,2570.0,Juhu,3.0,0.0,0,1,No,0,0,0,0,0,0,No,0,0,0
4600000.0,975.0,Nala Sopara,2.0,0.0,1,1,1,0,1,1,1,0,1,No,No,1,1
,2730.0,Dahisar,4.0,0.0,0,1,1,1,Yes,0,0,0,0,No,0,0,0
4600000.0,,Bhayandar East,1.0,0.0,0,0,0,0,0,0,No,0,0,0,1,0,0
79000000.0,3300.0,Goregaon East,6.0,0.0,1,1,0,No,0,1,1,1,1,0,1,1,1
3250000.0,846.0,Palghar,2.0,1.0,0,Yes,1,0,,1,1,1,0,0,0,0,0
27500000.0,1000.0,Prabhadevi,,,No,1,Yes,0,1,1,0,0,1,0,0,0,0
7500000.0,650.0,Dahisar West,1.0,0.0,0,0,,0,0,0,0,No,No,0,0,No,0
16000000.0,874.0,Malad West,2.0,0.0,1,1,1,0,1,0,0,,1,0,0,0,0
20000000.0,2240.0,nan,3.0,0.0,1,1,1,0,1,Yes,1,1,1,1,No,1,1
27500000.0,1055.0,Malad East,3.0,1.0,1,1,No,0,1,1,1,1,1,1,0,1,
10800000.0,1180.0,Mira Road East,2.0,1.0,1,1,1,0,1,Yes,1,,1,1,,1,
27599999.0,,Thane West,3.0,1.0,1,1,0,0,0,0,0,0,1,1,0,,0
2910000.0,640.0,Virar,1.0,0.0,0,Yes,,0,0,0,0,0,1,0,0,0,0
9500000.0,583.0,Mira Road East,3.0,,Yes,1,1,0,,1,1,1,1,1,0,1,1
4000000.0,600.0,Ulwe,1.0,1.0,No,1,0,0,0,0,0,0,No,0,No,0,0
13500000.0,994.0,Malad East,,1.0,,0,1,,No,0,0,0,1,No,0,No,1
13200000.0,,Kharghar Sector 34C,2.0,1.0,0,,0,0,0,0,0,0,0,0,0,0,0
,1150.0,Thane West,3.0,1.0,,1,Yes,0,No,No,1,0,0,1,0,0,1
7300000.0,800.0,Majiwada,2.0,0.0,No,1,1,1,1,0,No,0,0,0,0,0,
8300000.0,1050.0,Kharghar,2.0,0.0,1,Yes,Yes,1,1,0,1,0,Yes,0,0,1,
5500000.0,640.0,Sector 20 Kharghar,1.0,0.0,0,0,1,1,1,0,0,0,0,0,0,0,0
16000000.0,1600.0,Kharghar,3.0,0.0,0,0,1,1,1,0,0,0,,,0,0,0
3100000.0,445.0,Dombivali East,1.0,1.0,0,No,0,0,0,0,No,0,No,0,0,0,0
11500000.0,650.0,borivali West,1.0,0.0,No,1,No,0,0,1,0,,No,0,1,No,0
5700000.0,761.0,Thane West,2.0,0.0,1,,1,0,,,1,0,1,0,0,,1
6299000.0,759.0,Kalyan West,1.0,0.0,,1,0,No,0,Yes,,Yes,0,0,,0,0
18500000.0,1065.0,Goregaon West,2.0,1.0,1,1,1,1,1,1,1,1,Yes,0,,1,1
5000000.0,1000.0,nan,2.0,1.0,0,0,0,0,0,No,0,0,No,0,0,0,0
16800000.0,1054.0,Ghatkopar West,,0.0,1,1,0,,0,1,1,1,No,0,,0,1
13000000.0,1550.0,Sector 20 Kharghar,3.0,,1,1,1,,1,1,1,1,0,0,0,0,1
5500000.0,690.0,Ulwe,1.0,0.0,,,1,0,1,0,0,0,0,,No,0,0
11000000.0,1250.0,Sector 17 Ulwe,2.0,0.0,,Yes,1,1,Yes,1,1,1,Yes,0,1,0,No
18500000.0,1150.0,Powai ,2.0,0.0,1,Yes,1,0,Yes,1,Yes,,1,Yes,,,1
21000000.0,1040.0,Goregaon,2.0,1.0,,Yes,1,0,1,1,1,1,1,1,0,Yes,1
4700000.0,700.0,Taloja,1.0,0.0,1,1,1,0,0,Yes,1,1,0,0,0,1,Yes
8950000.0,650.0,Goregaon West,1.0,0.0,1,1,1,0,Yes,1,1,1,1,1,1,1,1
17000000.0,1200.0,Ghansoli,2.0,0.0,1,1,1,0,1,1,Yes,1,,0,0,1,1
14500000.0,1050.0,Jogeshwari West,2.0,0.0,,0,0,0,0,0,0,0,0,0,0,No,0
3400000.0,590.0,Koproli,1.0,0.0,0,0,0,,0,0,0,0,No,0,0,0,0
23200000.0,1264.0,Andheri  West,2.0,,,Yes,,1,1,1,1,1,0,1,0,0,1
3990000.0,650.0,Ulwe,1.0,0.0,0,1,0,0,No,,No,0,0,0,,0,0
18500000.0,1020.0,Andheri  East,2.0,0.0,0,1,0,0,0,No,0,1,0,,1,0,0
2700000.0,400.0,Mira Road and Beyond,1.0,,1,1,1,1,1,0,0,,0,,No,0,0
17500000.0,1050.0,Juhu,2.0,0.0,0,0,0,0,0,0,,0,0,0,0,0,0
30000000.0,1550.0,Belapur,,0.0,,Yes,No,0,,1,1,,,0,1,0,
4900000.0,,Taloja,2.0,1.0,1,1,0,0,No,1,1,1,0,0,0,0,1
20500000.0,1050.0,Magathane,2.0,0.0,0,1,1,Yes,Yes,,0,,0,0,No,0,0
11000000.0,1250.0,Ulwe,2.0,1.0,1,1,1,0,1,1,Yes,1,0,0,1,0,1
30000000.0,2065.0,nan,3.0,0.0,1,1,0,,0,1,1,1,0,No,0,No,Yes
7800000.0,1105.0,Ulwe,2.0,1.0,,0,0,,0,0,No,0,No,0,0,0,0
35000000.0,1000.0,Prabhadevi,2.0,0.0,,Yes,Yes,1,1,1,1,1,Yes,0,,1,0
13000000.0,903.0,Andheri  East,2.0,,,,,0,0,,0,0,0,0,0,0,
2500000.0,560.0,Nalasopara West,1.0,0.0,0,1,0,0,0,1,0,0,,0,0,0,0
4050000.0,810.0,Koproli,2.0,0.0,1,0,No,0,0,0,1,No,0,0,0,0,0
24000000.0,1300.0,Dattapada,3.0,0.0,,0,1,1,1,0,0,0,0,0,0,0,0
6700000.0,950.0,Mira Road East,2.0,0.0,No,1,0,0,0,0,0,1,0,No,,0,0
6299000.0,421.0,nan,1.0,1.0,0,0,0,,0,,0,No,0,0,0,0,0
8500000.0,525.0,borivali West,1.0,0.0,0,0,No,0,0,0,,0,No,0,No,0,0
32500000.0,1052.0,Kandivali East,2.0,0.0,Yes,1,0,,0,1,0,0,,0,0,0,0
16500000.0,650.0,Mulund West,,1.0,0,1,0,0,0,,No,0,0,No,,0,0
13899999.0,800.0,Devidas Cross Lane,2.0,,0,Yes,1,1,,Yes,0,Yes,0,0,,0,0
29000000.0,1150.0,Powai ,2.0,0.0,,1,1,1,Yes,1,1,1,1,1,1,1,1
18500000.0,1200.0,TPS Road,3.0,0.0,0,1,,,1,,No,,No,0,1,0,0
8000000.0,972.0,Mira Road,2.0,1.0,1,1,1,0,1,1,1,1,Yes,1,1,Yes,
18000000.0,1050.0,nan,2.0,1.0,0,1,1,No,1,1,0,1,0,0,1,No,0
2600000.0,380.0,Sector-12 Kamothe,1.0,0.0,0,0,1,1,1,0,0,0,0,0,0,,0
2900000.0,590.0,Nala Sopara,1.0,0.0,1,1,,,,1,1,0,1,0,0,1,1
50000000.0,1020.0,Juhu,,0.0,0,Yes,0,0,0,0,0,0,No,0,0,No,0
2178000.0,605.0,Boisar,1.0,1.0,Yes,1,1,0,1,1,1,1,Yes,1,0,1,
3000000.0,,Malad West,1.0,0.0,0,1,0,0,0,1,0,0,No,0,1,0,
14500000.0,950.0,Kandivali West,2.0,0.0,0,1,0,0,0,No,Yes,1,No,0,1,0,0
4800000.0,350.0,Santacruz East,1.0,0.0,0,1,No,No,0,0,0,0,0,No,Yes,No,0
3000000.0,830.0,Nala Sopara,2.0,0.0,1,1,Yes,No,1,Yes,Yes,0,0,0,0,1,0
8700000.0,1160.0,Sector 19 Kamothe,2.0,0.0,1,1,1,1,1,0,0,No,0,0,,0,
7000000.0,350.0,Santacruz East,1.0,0.0,0,1,,No,0,No,0,No,0,0,1,0,0
,1850.0,nan,3.0,1.0,1,0,0,0,0,1,No,0,0,0,No,0,1
,520.0,Thane West,1.0,1.0,Yes,,1,0,1,1,1,Yes,0,0,1,No,No
4100000.0,650.0,Sector 22 Kamothe,1.0,0.0,1,1,1,1,1,0,,No,0,0,0,0,0
10600000.0,510.0,Mira Road East,2.0,,1,Yes,0,0,0,,,0,,1,0,1,1
4600000.0,885.0,MHADA Colony 20,2.0,0.0,No,1,Yes,1,0,0,0,,0,No,0,0,0
19000000.0,1100.0,Goregaon West,2.0,0.0,Yes,1,1,0,1,1,Yes,1,0,0,1,1,1
5600000.0,,Kharghar,1.0,0.0,1,1,1,1,1,1,1,1,1,0,0,1,1
4351000.0,967.0,Palghar,2.0,1.0,0,1,0,0,0,1,,No,0,0,0,0,0
14800000.0,880.0,Thane West,3.0,1.0,1,1,1,0,1,1,1,1,1,Yes,0,1,Yes
2560000.0,441.0,Badlapur East,1.0,0.0,No,1,1,,0,0,No,0,1,0,0,0,
7700000.0,984.0,Karanjade,2.0,1.0,0,,0,No,0,0,0,1,0,0,0,No,0
5000000.0,650.0,Sector34 A Kharghar,1.0,0.0,0,0,Yes,1,1,0,0,0,0,0,No,0,0
4500000.0,653.0,mumbai,1.0,0.0,1,1,Yes,1,,0,0,0,0,0,0,0,0
17000000.0,2250.0,Kamothe,3.0,1.0,1,1,1,0,1,Yes,1,1,,0,0,1,1
35500000.0,2400.0,Kandivali East,3.0,1.0,1,1,1,0,1,Yes,,0,0,1,1,1,1
8500000.0,550.0,Thane West,1.0,0.0,1,1,1,0,Yes,1,1,1,1,0,1,1,1
26000000.0,923.0,Andheri  West,2.0,1.0,1,1,0,0,0,1,0,,0,0,1,,0
9500000.0,981.0,Mira Road East,1.0,1.0,No,0,0,0,0,0,No,0,0,0,0,0,No
45000000.0,1168.0,Lower Parel,2.0,1.0,0,0,0,0,0,0,0,0,0,0,0,0,0
19600000.0,1010.0,Chembur,2.0,0.0,1,1,0,,0,1,1,,1,0,0,0,1
37500000.0,2780.0,Malad East,4.0,1.0,Yes,1,1,1,1,1,1,1,1,1,0,1,1
60500000.0,1195.0,Khar,3.0,1.0,,1,0,,0,1,1,1,0,0,No,1,1
5000000.0,600.0,Kamothe,1.0,0.0,0,No,1,1,1,0,0,0,0,0,0,0,0
6000000.0,520.0,Thane West,1.0,0.0,1,1,1,0,0,0,0,Yes,,,1,,1
8600000.0,650.0,Kandivali West,1.0,0.0,0,1,1,0,,1,1,1,,0,1,1,1
,617.0,Mira Road East,2.0,1.0,1,,0,0,1,Yes,1,1,Yes,,0,Yes,1
17000000.0,1215.0,Goregaon,2.0,1.0,0,1,1,0,1,1,1,0,0,1,0,,0
20000000.0,900.0,Haridas Nagar,2.0,0.0,1,1,1,1,,,0,1,0,0,1,0,
2400000.0,594.0,Nala Sopara,1.0,1.0,0,0,1,1,0,Yes,0,0,1,0,0,0,0
,600.0,nan,1.0,0.0,0,0,0,0,0,0,0,0,0,0,Yes,0,0
8600000.0,1065.0,Thane West,2.0,0.0,1,1,Yes,1,,1,1,1,1,,,1,1
18000000.0,1342.0,Goregaon,,1.0,1,,1,1,1,1,1,1,1,1,0,1,1
27500000.0,720.0,Ville Parle East,2.0,0.0,0,1,No,0,0,0,0,0,0,0,0,0,0
8800000.0,1100.0,Thane West,2.0,0.0,1,1,0,0,0,1,1,1,0,0,1,0,
13500000.0,860.0,Kandivali East,2.0,0.0,1,1,1,1,,1,1,Yes,,Yes,0,1,1
8300000.0,981.0,Mira Road East,2.0,1.0,Yes,1,Yes,0,1,1,1,1,1,1,0,1,1
3300000.0,690.0,Taloja,1.0,,0,0,1,1,Yes,No,No,0,No,0,0,0,0
12000000.0,,Chembur,1.0,0.0,1,1,1,1,1,,1,0,1,1,No,1,1
4500000.0,650.0,Kharghar,1.0,0.0,0,,1,,Yes,,,1,1,0,0,0,0
3500000.0,650.0,Dronagiri,1.0,1.0,No,1,0,0,0,0,,1,0,,0,0,0
32500000.0,775.0,Khar West,2.0,0.0,No,1,0,0,0,No,0,0,No,0,1,,0
9500000.0,1050.0,Thane West,2.0,1.0,1,,No,0,0,1,1,1,1,0,0,0,1
50100000.0,2800.0,Central Avenue,4.0,0.0,0,0,,0,0,0,0,0,,,0,0,0
4000000.0,675.0,Nala Sopara,1.0,0.0,1,1,0,0,0,1,1,Yes,1,1,0,Yes,0
12100000.0,1525.0,nan,3.0,0.0,Yes,1,,1,1,0,0,0,Yes,0,0,0,1
4700000.0,625.0,Kharghar,1.0,0.0,1,,1,1,Yes,1,1,1,0,No,0,1,1
6637000.0,1062.0,Dombivali,2.0,1.0,1,1,1,0,0,1,,0,0,No,0,0,1
13200000.0,1548.0,nan,3.0,1.0,Yes,1,0,0,0,Yes,1,,0,0,1,0,Yes
,400.0,Kandivali East,1.0,0.0,1,1,1,,1,1,1,,No,0,0,1,1
13500000.0,650.0,borivali West,1.0,,No,1,,0,0,0,0,1,0,0,0,0,0
9990000.0,981.0,Mira Road East,2.0,1.0,Yes,1,1,0,Yes,Yes,1,1,1,,0,1,1
2999000.0,550.0,Ulwe,1.0,0.0,0,1,0,0,0,0,0,0,0,0,No,0,0
19000000.0,,Seawoods,1.0,0.0,1,1,1,Yes,1,1,1,1,1,0,0,1,
37500000.0,1240.0,Dadar West,2.0,0.0,1,1,1,0,1,Yes,1,1,0,0,0,1,1
32799999.0,780.0,Santacruz West,2.0,,1,0,,0,0,0,0,1,,0,0,0,0
3797999.0,387.0,Virar,1.0,1.0,0,0,No,0,0,No,0,,0,0,0,No,0
11000000.0,1100.0,Sector 20 Kharghar,2.0,0.0,0,No,1,1,1,0,0,,0,0,No,0,0
17600000.0,769.0,nan,2.0,1.0,0,0,,,0,,0,0,0,0,0,0,Yes
55000000.0,1557.0,Lower Parel,3.0,,1,No,0,0,0,1,0,1,No,0,0,0,1
6217000.0,700.0,Dombivali East,2.0,1.0,1,1,,0,No,1,Yes,1,No,0,0,0,
23700000.0,1585.0,Bhandup West,2.0,1.0,1,0,Yes,No,1,Yes,0,0,1,1,0,,1
37800000.0,1650.0,Andheri  West,3.0,,Yes,1,No,No,1,1,1,0,1,1,1,0,1
4500000.0,,Bhayandar East,1.0,0.0,0,0,0,0,0,0,No,0,0,0,0,0,No
5500000.0,900.0,nan,2.0,0.0,0,0,1,1,0,0,0,0,0,No,0,0,No
13200000.0,1100.0,Kandivali West,2.0,,Yes,1,1,1,1,Yes,1,1,1,Yes,0,1,1
35700000.0,1728.0,Ville Parle East,,1.0,0,1,0,0,0,0,No,0,0,0,1,No,No
6426000.0,693.0,Mira Road East,1.0,1.0,1,1,0,0,0,Yes,1,,No,1,,1,Yes
2700000.0,595.0,Nala Sopara,1.0,0.0,0,0,0,No,0,0,0,0,0,0,0,0,
8000000.0,534.0,Mira Road East,2.0,1.0,1,Yes,Yes,0,1,1,1,1,1,Yes,0,1,1
70000000.0,4250.0,Seawoods,3.0,0.0,1,1,1,0,1,,1,1,0,0,,1,1
16500000.0,1180.0,Mulund,2.0,0.0,0,0,0,1,1,1,0,0,0,0,Yes,Yes,1
8978000.0,629.0,Mira Road East,2.0,1.0,1,1,0,0,1,1,1,1,1,No,No,Yes,1
12000000.0,1210.0,Kharghar,2.0,0.0,1,1,1,1,,Yes,1,1,1,Yes,0,Yes,
5229000.0,769.0,Mira Road East,1.0,1.0,1,1,1,0,1,1,0,0,Yes,No,0,1,1
5500000.0,705.0,Mira Road East,1.0,0.0,0,Yes,1,0,0,0,0,1,,0,0,0,0
6862000.0,1098.0,Dombivali,2.0,1.0,1,1,1,0,0,1,Yes,0,No,0,0,,
14500000.0,1100.0,Thane West,2.0,0.0,1,1,1,0,1,1,1,0,1,0,0,1,Yes
32000000.0,1950.0,Goregaon,3.0,1.0,1,1,,Yes,1,1,Yes,,1,1,0,1,1
,1202.0,Kandivali East,3.0,1.0,Yes,1,1,0,1,1,1,Yes,1,1,0,1,1
2500000.0,640.0,Nala Sopara,1.0,0.0,0,No,0,0,,1,0,1,No,0,0,0,0
30000000.0,1200.0,Chembur,2.0,0.0,0,1,1,0,0,0,,0,0,No,1,0,0
6000000.0,560.0,nan,1.0,0.0,0,0,1,1,Yes,,0,0,0,,,0,0
,,Bhayandar East,,0.0,0,0,No,No,0,1,0,0,0,0,Yes,0,0
8994000.0,630.0,Mira Road East,2.0,1.0,Yes,Yes,No,,1,1,Yes,1,1,0,,1,1
4179999.0,790.0,Koproli,2.0,0.0,1,0,,0,0,0,1,,No,0,0,0,0
4800000.0,800.0,nan,2.0,0.0,1,1,No,0,1,1,1,1,1,0,0,1,1
8000000.0,510.0,Chembur,1.0,0.0,0,1,0,0,No,1,0,0,0,0,Yes,0,
68100000.0,1418.0,Andheri  West,3.0,1.0,1,1,1,0,1,,1,0,0,1,,Yes,1
14500000.0,820.0,Dahisar,2.0,0.0,No,0,0,0,,0,0,No,,0,0,0,0
26000000.0,1250.0,Goregaon West,3.0,1.0,1,1,0,0,0,1,1,1,Yes,0,1,1,1
3800000.0,660.0,nan,1.0,1.0,1,Yes,0,0,0,Yes,Yes,1,0,0,0,,1
5690000.0,905.0,Thane West,,0.0,1,1,1,0,1,1,1,Yes,1,No,0,1,1
180000000.0,2110.0,Powai ,3.0,0.0,1,Yes,1,1,1,1,1,1,1,1,0,,1
8100000.0,1055.0,Mira Road East,2.0,1.0,1,1,Yes,0,1,1,No,0,1,0,0,1,1
3400000.0,580.0,Panvel,1.0,0.0,,1,1,0,1,Yes,0,0,1,0,,,0
2600000.0,686.0,Nala Sopara,1.0,0.0,1,1,1,0,1,Yes,0,No,1,0,0,1,1
7998999.0,,Kurla West,,0.0,,1,,0,0,1,No,0,0,0,0,0,0
10600000.0,650.0,Kanjurmarg,1.0,1.0,1,Yes,0,0,Yes,1,1,1,1,Yes,1,Yes,1
5300000.0,500.0,Thane West,1.0,0.0,1,1,1,0,Yes,1,1,1,0,No,1,0,1
5500000.0,650.0,Mira Road East,,0.0,1,1,1,0,1,0,1,Yes,0,0,1,1,0
8400000.0,650.0,Malad West,1.0,0.0,0,0,0,0,0,1,0,0,1,No,0,No,0
22500000.0,961.0,Sion,2.0,0.0,0,1,0,0,0,1,Yes,Yes,0,0,Yes,0,0
,1357.0,nan,3.0,1.0,1,1,1,0,1,1,1,0,0,1,0,1,Yes
17000000.0,1810.0,Kharghar,,1.0,Yes,1,1,0,,Yes,Yes,1,1,1,0,1,1
33100000.0,1320.0,Parel,2.0,0.0,0,1,1,0,1,0,0,0,1,0,0,0,1
3800000.0,678.0,Ulwe,1.0,0.0,,0,0,0,0,0,0,0,0,0,,,No
5500000.0,,Kandivali East,1.0,0.0,1,1,1,0,1,1,,1,1,0,,1,0
9000000.0,417.0,Mulund West,1.0,1.0,1,Yes,1,,Yes,1,0,0,0,No,0,0,0
8990000.0,750.0,Thane West,2.0,1.0,1,1,1,0,1,1,,1,1,0,0,1,1
4000000.0,680.0,Panvel,1.0,0.0,0,0,0,0,0,0,0,0,0,,0,0,
7800000.0,450.0,nan,1.0,0.0,1,1,,0,1,1,1,1,Yes,,Yes,1,Yes
9200000.0,1310.0,Kamothe,,0.0,Yes,No,1,1,1,0,1,0,0,0,0,0,0
4300000.0,774.0,nan,2.0,0.0,,1,1,0,1,,,1,1,0,0,0,1
11500000.0,1450.0,mumbai Highway,3.0,0.0,1,Yes,1,Yes,1,0,0,0,1,,0,No,0
3400000.0,380.0,Mira Road East,1.0,0.0,0,0,No,,0,0,0,0,,0,1,No,0
4000000.0,740.0,Kalyan West,1.0,0.0,0,0,No,0,1,,1,1,0,,0,0,1
,816.0,Panvel,3.0,,1,,1,0,1,1,1,1,1,1,0,1,1
15500000.0,1050.0,Dattapada,2.0,0.0,0,1,1,1,1,0,No,0,0,0,0,0,0
21500000.0,1198.0,Powai ,,0.0,1,1,Yes,0,1,1,,1,1,1,1,1,1
25000000.0,550.0,vile parle west,2.0,0.0,,0,,No,0,0,0,0,,0,0,0,No
9900000.0,539.0,borivali West,1.0,0.0,1,1,1,0,1,0,1,0,0,0,1,No,No
25000000.0,1100.0,Andheri  West,2.0,0.0,1,1,0,0,0,,1,1,Yes,0,Yes,0,1
5700000.0,900.0,Mira Road and Beyond,2.0,0.0,0,1,,1,Yes,0,0,0,,0,0,0,0
4000000.0,720.0,Kalyan West,1.0,0.0,1,,1,0,,1,1,1,1,1,Yes,,1
8100000.0,965.0,Mira Road East,2.0,1.0,1,1,Yes,0,1,1,1,1,Yes,0,0,1,1
12500000.0,450.0,Ville Parle East,1.0,0.0,No,1,0,0,No,0,0,0,0,0,Yes,0,0
11000000.0,1100.0,mumbai,2.0,,,0,1,1,1,0,0,0,0,No,0,0,0
10000000.0,650.0,nan,1.0,,No,,0,0,0,,No,1,0,0,1,0,0
20700000.0,1450.0,Mulund East,2.0,0.0,1,1,1,0,,0,0,1,0,0,Yes,1,
4500000.0,800.0,Sector 30 Kharghar,1.0,,No,0,1,1,1,0,0,0,0,0,0,0,0
16000000.0,1140.0,Ghansoli,2.0,0.0,1,1,1,No,,1,1,1,1,1,1,1,1
15900000.0,627.0,Mulund East,2.0,1.0,No,0,,0,0,0,No,No,No,No,No,0,0
7200000.0,1300.0,Panvel,2.0,1.0,1,1,1,0,1,1,,1,1,1,0,1,1
,1155.0,Kharghar,2.0,0.0,1,1,1,1,1,1,1,1,,0,0,,1
15000000.0,686.0,Dahisar,2.0,0.0,,0,1,1,1,No,0,0,0,No,0,No,0
2700000.0,535.0,Nala Sopara,1.0,0.0,Yes,Yes,1,0,Yes,Yes,0,0,Yes,0,0,1,
16500000.0,950.0,Kurla,2.0,1.0,1,1,No,0,0,1,0,No,1,0,0,No,
16000000.0,750.0,Jogeshwari West,2.0,0.0,0,1,0,0,1,0,No,0,,0,0,0,0
5330000.0,715.0,nan,1.0,1.0,0,0,0,0,0,0,No,0,0,0,0,0,0
2500000.0,600.0,Virar West,1.0,0.0,0,1,0,0,0,,No,0,0,0,0,0,0
150000000.0,2710.0,Mahalaxmi,3.0,0.0,0,,1,1,1,0,No,0,0,0,0,0,0
4950000.0,650.0,Mira Road East,1.0,1.0,,1,0,0,1,1,No,1,1,No,1,0,
7000000.0,920.0,Ulwe,1.0,1.0,0,Yes,No,0,0,0,,No,0,No,0,0,No
,1361.0,Dahisar,2.0,0.0,0,Yes,,1,1,No,0,0,0,0,0,No,No
9500000.0,,Koper Khairane,2.0,0.0,No,1,0,0,0,0,0,0,,0,No,0,0
2650000.0,520.0,Nalasopara West,1.0,0.0,0,1,0,0,0,1,No,0,,0,0,0,
21000000.0,1150.0,Magathane,2.0,0.0,0,,1,1,1,0,,0,0,0,0,0,
50800000.0,1815.0,Bhandup West,,1.0,1,1,Yes,,1,1,Yes,Yes,1,1,0,1,Yes
12000000.0,1750.0,Ulwe,3.0,0.0,0,0,No,0,,0,0,No,0,,0,No,0
3397000.0,755.0,Virar,1.0,1.0,1,Yes,1,0,1,1,1,1,0,1,0,1,1
11500000.0,780.0,Kandivali East,2.0,0.0,1,1,1,Yes,1,1,1,,,0,1,1,
5800000.0,660.0,Ghansoli,1.0,1.0,No,1,0,0,0,0,,No,,0,0,0,0
,975.0,Malad East,2.0,1.0,1,1,1,0,1,0,1,1,1,No,0,1,1
3550000.0,585.0,Kalyan West,1.0,0.0,Yes,1,Yes,0,Yes,1,,1,1,Yes,0,1,1
7881000.0,1295.0,Bhiwandi,2.0,1.0,Yes,1,1,0,1,1,1,1,1,,1,1,1
4200000.0,1120.0,Boisar,2.0,1.0,1,0,0,0,,1,1,0,1,1,0,,Yes
3100000.0,324.0,Thane West,1.0,,1,1,,,1,1,1,,,0,No,Yes,1
5700000.0,540.0,Mira Road East,1.0,0.0,0,1,,0,0,1,0,1,No,0,Yes,0,0
4043000.0,408.0,Dombivali,,1.0,,1,1,0,1,1,1,1,1,1,0,1,1
10500000.0,900.0,Lokhandwala Township,2.0,,No,0,1,0,No,0,0,0,No,0,1,,0
16000000.0,1100.0,Dahisar West,2.0,0.0,,1,0,,0,0,0,0,0,0,1,0,0
7500000.0,552.0,Malad East,1.0,0.0,0,0,0,0,0,No,No,0,0,0,0,,No
5700000.0,670.0,Ulwe,1.0,0.0,0,No,0,0,0,No,No,0,0,,,0,0
18000000.0,769.0,Wadala East Wadala,1.0,,1,1,1,1,1,0,,0,No,0,0,No,
,594.0,nan,1.0,0.0,1,1,1,1,1,0,No,0,0,0,0,0,0
3500000.0,635.0,Kharghar,1.0,0.0,1,Yes,1,1,1,,1,0,1,0,0,1,1
5700000.0,450.0,Dahisar,1.0,,1,1,0,0,0,1,1,1,,No,1,0,1
4200000.0,340.0,Malad West,1.0,0.0,0,0,0,0,0,0,0,,0,0,0,0,No
6500000.0,550.0,Thane West,1.0,1.0,1,1,0,No,0,1,0,,1,1,0,0,0
5000000.0,700.0,Dombivli (West),1.0,0.0,No,Yes,0,No,0,0,0,0,0,,0,0,
,1150.0,Kharghar,2.0,0.0,1,1,1,1,1,0,,1,0,0,0,1,1
27000000.0,1250.0,Magathane,3.0,0.0,0,0,1,1,Yes,No,0,0,0,0,,0,0
18500000.0,1150.0,borivali West,3.0,0.0,0,0,0,0,0,0,0,0,0,0,0,0,0
18500000.0,1052.0,Rawal Pada,2.0,0.0,1,,1,1,Yes,0,1,0,No,0,0,No,0
27799999.0,944.0,Andheri  West,3.0,1.0,1,1,0,0,1,1,1,1,0,0,0,0,1
13200000.0,,borivali East,2.0,1.0,1,1,0,0,1,1,0,1,1,0,0,1,0
4300000.0,885.0,Powai  Lake,2.0,0.0,1,1,1,1,1,0,0,0,No,0,0,0,0
16000000.0,1232.0,Malad East,,1.0,1,1,1,Yes,1,1,Yes,0,1,0,,1,1
30500000.0,2415.0,Kandivali East,4.0,,1,1,1,0,1,,1,0,0,0,,1,
,863.0,Chembur,3.0,1.0,0,0,0,0,0,0,0,0,0,0,0,No,0
21500000.0,900.0,nan,3.0,0.0,0,0,1,1,1,0,0,0,No,0,0,0,0
8000000.0,800.0,Kharghar,2.0,0.0,0,0,1,1,1,0,0,0,0,0,0,No,0
4699000.0,710.0,Gandhar Nagar,1.0,0.0,0,1,0,0,0,1,0,0,,0,0,0,0
9000000.0,695.0,Ghansoli,1.0,0.0,1,1,,0,1,,1,1,1,1,,,Yes
3400000.0,610.0,Koproli,1.0,0.0,1,1,,0,1,1,0,1,1,1,0,1,0
,650.0,Kharghar,1.0,0.0,1,Yes,1,0,Yes,1,1,1,No,1,No,1,
6800000.0,880.0,Bhiwandi,2.0,1.0,1,1,1,1,1,1,1,1,1,1,0,1,1
,570.0,Nala Sopara,1.0,0.0,1,0,0,0,Yes,0,0,1,Yes,0,0,0,1
70000000.0,1527.0,nan,3.0,1.0,1,1,1,1,,,Yes,,1,1,1,1,1
30000000.0,1701.0,Wadala,3.0,1.0,1,1,,No,1,1,1,0,1,No,0,1,1
23000000.0,,Kanjurmarg,3.0,0.0,1,1,1,No,1,0,1,0,No,No,0,1,1
19900000.0,,Kanjurmarg,3.0,1.0,1,1,1,0,1,Yes,1,,1,1,0,Yes,1
20000000.0,1600.0,Kharghar,3.0,0.0,1,,1,Yes,1,Yes,1,1,1,0,1,1,
2515000.0,602.0,Khopoli,1.0,1.0,1,Yes,0,0,No,1,0,1,0,,0,0,1
8000000.0,935.0,Kalyan West,2.0,0.0,0,1,,0,0,1,1,1,0,0,0,No,0
7500000.0,1150.0,Ulwe,2.0,0.0,1,Yes,1,,1,0,1,0,No,0,No,0,0
6450000.0,455.0,Mira Road East,2.0,1.0,1,Yes,1,0,1,1,1,1,1,Yes,0,1,1
4500000.0,645.0,Dombivli (West),1.0,0.0,0,1,,0,No,1,,0,No,0,0,0,0
2500000.0,590.0,Nalasopara West,1.0,0.0,No,0,0,0,0,0,,No,0,,0,0,0
4200000.0,650.0,Kalyan West,1.0,0.0,0,1,1,No,1,1,1,0,1,,0,1,0
22500000.0,,Goregaon West,2.0,1.0,,1,1,0,1,0,1,No,0,0,1,1,1
8100000.0,1032.0,Bhiwandi,2.0,,1,1,1,1,1,Yes,1,1,,Yes,,1,1
140000000.0,4320.0,Juhu,4.0,0.0,0,Yes,0,No,0,No,0,No,No,0,0,0,0
7000000.0,1100.0,Ulwe,2.0,0.0,1,1,,0,1,,1,1,0,1,No,1,0
23500000.0,1500.0,Malad West,3.0,0.0,1,1,0,0,0,,0,1,No,0,0,No,1
8500000.0,966.0,Sector 19 Kharghar,2.0,0.0,0,1,1,0,1,0,,0,1,0,No,No,0
16200000.0,1650.0,Kharghar,3.0,0.0,Yes,Yes,1,1,Yes,No,1,1,0,0,0,1,1
3000000.0,,Virar East,1.0,0.0,0,0,No,0,0,No,0,0,0,0,0,0,0
,550.0,Kandivali East,1.0,0.0,1,1,0,0,0,1,1,1,1,,1,0,No
32500000.0,1085.0,Ville Parle East,2.0,0.0,No,1,0,0,0,0,0,0,0,0,1,0,0
5500000.0,1397.0,Kalyan West,,0.0,0,Yes,0,0,1,1,1,0,0,0,0,No,No
2035000.0,574.0,Asangaon,1.0,0.0,1,1,1,No,1,1,1,1,1,Yes,,,1
,4000.0,Kharghar,5.0,0.0,0,1,0,1,1,1,0,1,0,0,No,0,0
30000000.0,2950.0,Kharghar,4.0,0.0,1,1,1,Yes,1,1,0,1,1,No,0,0,1
7700000.0,,Ghatkopar West,1.0,0.0,0,0,,,,0,No,0,0,0,1,0,No
95100000.0,3500.0,Santacruz West,5.0,,1,1,1,,1,0,0,,1,0,1,0,1
14000000.0,1185.0,Malad West,3.0,0.0,Yes,1,1,,1,1,1,1,1,1,0,1,1
9700000.0,1140.0,nan,2.0,1.0,1,1,1,0,1,Yes,1,1,1,1,No,,1
29500000.0,2130.0,nan,3.0,0.0,Yes,Yes,,1,1,1,0,,1,1,1,1,Yes
7500000.0,1055.0,Ulwe,2.0,1.0,0,0,0,0,No,0,0,0,No,0,0,0,0
8712000.0,396.0,Kurla,1.0,1.0,,0,0,0,0,No,0,0,0,0,0,No,No
,1050.0,Kandivali West,2.0,0.0,0,0,0,0,0,0,,,0,0,No,,0
70000000.0,1700.0, WORLI,3.0,0.0,0,Yes,,Yes,1,0,,,0,0,0,0,0
7500000.0,970.0,Kalyan West,2.0,0.0,1,1,0,0,No,1,1,1,0,0,0,0,1
4300000.0,843.0,Virar,2.0,1.0,1,1,0,0,0,1,1,Yes,1,0,0,0,1
2650000.0,630.0,Nala Sopara,1.0,0.0,,0,1,0,1,1,0,0,1,0,0,Yes,0
21700000.0,651.0,Powai ,2.0,1.0,1,1,1,,1,,1,1,1,1,No,1,1
7000000.0,1100.0,Kharghar,2.0,0.0,0,1,1,Yes,1,0,0,1,1,0,No,1,0
17500000.0,1500.0,Kandivali West,,1.0,1,Yes,1,0,1,1,1,1,1,1,0,1,No
13500000.0,,Ghatkopar East,2.0,0.0,0,1,0,0,0,0,0,0,0,No,No,0,0
,515.0,Kandivali East,1.0,0.0,1,1,1,1,1,1,1,1,1,,1,1,1
4700000.0,500.0,Mira Road East,1.0,0.0,0,1,0,0,0,1,0,0,0,0,,0,0
9000000.0,610.0,borivali West,1.0,0.0,0,1,No,No,0,1,0,No,No,0,0,0,0
45700000.0,3050.0,Bhandup West,,1.0,Yes,0,1,0,1,1,0,0,1,1,0,1,1
14500000.0,1655.0,Kharghar,3.0,0.0,0,0,1,1,1,No,0,0,0,No,,0,
7700000.0,590.0,borivali West,1.0,0.0,0,1,0,0,No,0,0,0,,No,1,No,0
138000000.0,2000.0,Bandra West,4.0,0.0,0,0,0,0,0,0,No,0,0,0,0,0,0
21500000.0,,nan,3.0,1.0,1,Yes,1,0,1,1,Yes,1,1,0,0,1,
12200000.0,1150.0,nan,2.0,0.0,0,0,0,0,0,0,No,0,0,0,0,0,0
,1850.0,Belapur,3.0,1.0,0,No,0,0,0,0,0,0,,0,0,0,No
8500000.0,901.0,Mira Road East,2.0,0.0,1,1,Yes,No,1,0,1,0,0,0,0,1,1
5500000.0,725.0,Dombivli (West),1.0,0.0,0,,0,No,0,1,0,No,0,0,0,0,0
8500000.0,1060.0,Mira Road East,2.0,0.0,1,1,0,0,0,1,Yes,1,0,1,0,1,1
5499000.0,,Virar,,,1,1,1,,1,0,1,,1,0,No,,1
8500000.0,575.0,Kanjurmarg,1.0,0.0,1,1,1,No,Yes,0,1,0,0,No,Yes,1,1
30000000.0,850.0,Bandra West,,0.0,0,0,1,1,Yes,0,No,1,0,0,0,0,No
67000000.0,2500.0,Andheri  West,4.0,0.0,1,1,Yes,1,1,1,1,No,,Yes,0,0,1
33000000.0,1400.0,Kandivali East,3.0,0.0,Yes,1,,No,1,1,1,1,No,,,1,1
2850000.0,530.0,Karanjade,,1.0,0,1,Yes,1,1,0,0,1,1,Yes,0,1,0
2700000.0,400.0,Taloja,1.0,1.0,1,1,0,0,0,1,1,1,,0,0,Yes,1
4200000.0,544.0,Goregaon East,,0.0,1,1,1,1,1,1,1,,1,1,No,1,1
8500000.0,1040.0,Sector 17 Ulwe,,0.0,,1,Yes,1,1,0,0,0,0,0,0,,
8500000.0,1114.0,Kharghar,2.0,0.0,Yes,Yes,Yes,1,,1,1,Yes,1,Yes,1,1,1
21800000.0,1412.0,Mulund,3.0,0.0,,1,1,0,0,0,1,1,1,1,Yes,,0
7600000.0,1050.0,Ulwe,2.0,0.0,0,1,No,0,0,0,0,1,0,0,1,0,0
7600000.0,550.0,nan,1.0,0.0,0,0,,No,1,0,0,0,0,0,0,0,0
20200000.0,723.0,Mulund West,2.0,1.0,1,1,1,0,1,1,,1,1,1,0,1,1
22500000.0,1850.0,nan,3.0,,1,1,1,1,1,1,1,1,1,0,0,1,1
4500000.0,927.0,Bhiwandi,2.0,0.0,1,1,1,0,1,1,1,1,1,1,1,1,1
19100000.0,800.0,borivali West,2.0,0.0,0,0,0,0,,0,0,0,0,0,,0,0
11000000.0,1350.0,Ulwe,3.0,1.0,1,1,1,0,1,1,Yes,Yes,1,,1,1,1
5499000.0,902.0,Thane West,,0.0,1,1,Yes,0,1,1,1,1,1,0,0,Yes,1
5000000.0,1030.0,Virar,,1.0,No,1,1,0,1,Yes,0,0,1,No,0,1,0
10000000.0,800.0,Andheri  West,,0.0,0,1,0,0,No,0,0,0,0,0,1,0,0
2700000.0,315.0,Dombivali,1.0,1.0,0,1,,0,0,Yes,Yes,1,0,0,No,0,1
15000000.0,1170.0,Malad West,2.0,0.0,1,1,1,0,1,1,1,1,1,0,0,0,1
6500000.0,1300.0,Panvel,2.0,1.0,1,Yes,,0,Yes,1,1,1,1,1,0,1,Yes
16800000.0,733.0,Malad West,2.0,1.0,,0,0,0,0,0,0,0,0,0,0,0,Yes
9500000.0,1150.0,Kharghar,2.0,0.0,Yes,1,Yes,1,1,,1,1,1,0,1,1,1
9500000.0,,Koper Khairane,2.0,0.0,No,1,0,0,0,0,0,0,,0,No,0,0
2300000.0,575.0,Nala Sopara,1.0,0.0,1,1,Yes,0,Yes,1,Yes,0,0,0,No,,1
65000000.0,,Kandivali East,6.0,0.0,Yes,1,1,1,Yes,1,1,1,1,1,Yes,1,1
8300000.0,790.0,Kalyan West,2.0,0.0,0,1,Yes,1,0,0,0,0,1,0,,No,0
3125000.0,615.0,Badlapur East,1.0,1.0,1,1,1,0,1,1,,1,No,1,0,1,1
28500000.0,940.0,Powai ,2.0,0.0,Yes,1,Yes,1,1,1,1,1,0,1,0,1,
5300000.0,650.0,Kamothe,1.0,0.0,0,0,1,1,1,0,0,0,0,0,No,0,
,768.0,Malad East,2.0,1.0,Yes,1,0,0,1,1,1,Yes,,1,0,1,1
14000000.0,580.0,borivali West,1.0,,1,1,1,0,,1,1,1,0,0,1,1,1
2700000.0,560.0,nan,1.0,0.0,1,1,1,0,Yes,1,1,0,No,0,0,Yes,0
16700000.0,1150.0,borivali West,2.0,1.0,Yes,Yes,1,0,1,1,1,1,0,0,0,1,1
5100000.0,383.0,Ramdev Park,1.0,0.0,0,0,,1,1,0,0,0,No,0,0,0,
55000000.0,2050.0,Andheri  West,4.0,1.0,1,,0,0,Yes,1,1,No,1,1,1,0,1
2900000.0,225.0,Malad West,1.0,,0,1,0,0,0,0,0,0,0,0,1,0,0
5500000.0,650.0,Sector 17 Ulwe,1.0,0.0,Yes,1,1,1,1,,,0,No,0,0,No,No
62500000.0,2665.0,Goregaon West,3.0,0.0,1,1,1,0,1,1,1,0,,1,1,Yes,
3500000.0,590.0,Dombivli (West),2.0,0.0,0,0,1,0,1,1,0,0,0,,0,,No
9250000.0,1232.0,Mira Road East,2.0,1.0,1,1,Yes,1,0,1,,1,,1,0,,1
,324.0,Thane West,1.0,0.0,1,,1,0,1,1,1,0,1,0,0,1,1
,650.0,nan,,,0,1,Yes,1,,1,1,,0,0,1,0,1
5100000.0,760.0,Kalyan West,,0.0,0,1,0,0,0,0,1,1,0,0,0,0,
,550.0,Nala Sopara,1.0,0.0,0,1,0,0,0,1,0,No,0,0,0,0,No
20000000.0,750.0,Ghatkopar West,2.0,0.0,1,1,,0,0,,1,,0,No,1,0,1
9800000.0,599.0,Thane West,2.0,1.0,1,1,No,0,1,1,1,1,1,,0,1,1
16500000.0,1660.0,nan,3.0,1.0,1,1,0,0,0,1,,1,0,No,No,0,1
15500000.0,,Sector9 Kamothe,3.0,0.0,1,1,1,1,1,,No,0,,0,0,0,0
19000000.0,753.0,Kanjurmarg,2.0,1.0,1,0,0,No,0,1,1,0,0,1,0,No,1
4500000.0,650.0,Kharghar,,0.0,0,,0,,0,0,0,0,0,0,No,0,0
,1627.0,Kandivali East,3.0,1.0,1,1,1,0,,,1,0,,Yes,0,1,1
11000000.0,534.0,Mira Road East,2.0,1.0,1,1,0,,No,1,1,0,0,1,0,1,Yes
3900000.0,350.0,Kandivali West,1.0,0.0,0,1,0,0,0,0,0,0,0,0,1,0,0
4400000.0,450.0,Mira Road East,1.0,0.0,0,0,0,0,0,,0,1,0,0,1,,0
14500000.0,1125.0,Malad West,2.0,0.0,No,0,0,0,0,0,No,0,No,0,0,0,0
6650000.0,750.0,Thane West,,0.0,1,1,1,,,1,1,1,1,,Yes,1,1
6500000.0,902.0,Thane West,2.0,0.0,1,1,1,No,0,Yes,1,1,0,0,0,1,1
3200000.0,620.0,Karanjade,,0.0,0,1,0,0,0,,0,0,0,0,0,0,0
4300000.0,640.0,Kharghar,1.0,0.0,,1,1,1,1,0,1,1,0,0,0,1,1
29200000.0,2905.0,Ulwe,5.0,0.0,1,1,0,0,0,,1,1,0,0,,0,0
16600000.0,706.0,Thane West,2.0,1.0,Yes,1,1,0,Yes,1,1,0,Yes,1,0,1,1
5500000.0,,nan,1.0,0.0,1,1,1,1,1,Yes,1,,0,,1,,Yes
3500000.0,570.0,Virar West,1.0,,1,,1,1,1,0,No,No,0,,No,0,
32100000.0,1550.0,Chembur East,3.0,0.0,1,1,Yes,1,Yes,0,0,0,No,0,0,0,0
9000000.0,550.0,Chembur,1.0,0.0,1,1,1,0,,1,1,,1,1,1,1,1
39200000.0,2061.0,nan,3.0,1.0,1,1,,0,1,1,,0,1,0,0,1,
2800000.0,690.0,Virar,1.0,1.0,1,1,0,0,1,1,1,1,Yes,Yes,0,0,0
8800000.0,1073.0,Mira Road East,,1.0,1,Yes,0,0,No,1,1,Yes,0,1,1,0,
13000000.0,990.0,Malad West,2.0,0.0,1,1,1,1,1,Yes,1,Yes,0,1,1,1,
3400000.0,730.0,Rutu Enclave,1.0,0.0,0,0,1,,1,0,0,0,0,0,0,0,0
14500000.0,1050.0,Jogeshwari West,2.0,0.0,0,,0,0,No,,0,No,0,0,0,0,0
39000000.0,,Andheri  West,3.0,1.0,Yes,1,Yes,1,1,1,1,1,1,1,0,0,1
25000000.0,1600.0,Kandivali East,3.0,1.0,1,1,0,0,0,0,1,No,0,0,Yes,0,1
30000000.0,,Ville Parle East,,0.0,0,0,,0,0,1,No,No,0,0,0,0,0
8200000.0,485.0,Dahisar East,1.0,0.0,,0,0,0,0,0,0,0,No,0,0,No,0
,750.0,Kandivali West,1.0,0.0,0,1,0,No,0,0,0,1,0,No,Yes,0,0
6500000.0,735.0,Kharghar,1.0,,1,Yes,,1,1,1,Yes,0,0,,0,1,1
5300000.0,650.0,Thane West,1.0,0.0,1,1,0,0,0,Yes,1,1,0,0,1,0,1
22200000.0,645.0,Powai ,2.0,1.0,1,1,1,0,1,1,1,1,1,1,0,1,1
3600000.0,600.0,Dombivali East,1.0,0.0,1,1,Yes,1,Yes,No,0,0,1,0,0,0,0
22000000.0,1100.0,Malad West,2.0,0.0,1,1,1,0,1,,1,1,0,0,Yes,,Yes
3747999.0,833.0,Palghar,,1.0,No,Yes,0,,No,1,1,0,0,0,0,0,1
3800000.0,555.0,Dombivali East,1.0,0.0,1,1,1,Yes,1,0,0,0,0,0,0,0,0
,1733.0,Ghatkopar East,3.0,1.0,1,,1,0,0,1,1,1,Yes,1,0,1,0
6500000.0,700.0,Kharghar,1.0,0.0,1,,0,0,0,1,,0,0,0,,0,0
39000000.0,1000.0,Santacruz West,2.0,0.0,0,,0,0,No,0,,Yes,0,0,1,0,0
7200000.0,699.0,Bhayandarpada,2.0,0.0,,1,1,1,1,0,0,0,0,0,No,0,0
11000000.0,600.0,Mulund West,1.0,0.0,Yes,1,1,0,1,1,0,1,1,No,1,,1
,1240.0,Sector 5 Ulwe,2.0,,1,1,Yes,1,Yes,0,0,0,0,,0,,0
19000000.0,1050.0,Patlipada,2.0,0.0,1,0,1,1,1,0,0,0,0,0,0,0,No
4000000.0,,Sector 18 Kamothe,1.0,0.0,No,0,1,1,,0,0,No,No,,0,0,0
13500000.0,1390.0,Kharghar,3.0,0.0,1,1,,Yes,1,1,1,Yes,No,0,No,Yes,1
9000000.0,578.0,Powai ,1.0,0.0,Yes,1,Yes,No,1,1,1,1,0,0,0,1,1
11000000.0,1100.0,Kharghar,2.0,0.0,0,0,0,,0,0,0,0,0,0,0,0,0
125000000.0,5320.0,Kandivali East,5.0,0.0,1,,1,1,1,1,1,1,1,Yes,1,1,1
8200000.0,1065.0,Thane West,,0.0,1,1,1,1,,1,1,1,1,0,1,1,1
12000000.0,1650.0,Ulwe,3.0,1.0,Yes,1,1,1,1,1,1,1,1,1,1,1,1
4900000.0,550.0,Thane West,1.0,1.0,0,No,1,No,1,No,0,0,0,0,0,0,0
28500000.0,997.0,Andheri  West,2.0,1.0,0,1,1,0,Yes,0,0,0,1,0,0,0,0
16500000.0,1560.0,Kharghar,3.0,0.0,1,Yes,1,1,1,1,Yes,1,1,Yes,0,1,Yes
31000000.0,667.0,Matunga,2.0,0.0,1,1,0,0,0,1,0,1,0,0,1,No,0
29500000.0,930.0,Ville Parle East,2.0,1.0,1,Yes,1,0,0,,1,1,1,No,0,1,Yes
3300000.0,342.0,Godrej Hill,1.0,0.0,No,,1,,1,0,0,0,0,0,0,No,0
24500000.0,1550.0,Belapur,3.0,0.0,1,1,0,0,0,1,1,1,No,0,1,No,1
7598999.0,750.0,Kurla,1.0,0.0,,1,0,,0,0,,0,No,0,No,No,0
22000000.0,1000.0,borivali West,,,,Yes,0,0,0,,0,0,0,No,,No,0
4700000.0,650.0,Koproli,2.0,,0,0,No,0,0,0,0,0,0,0,No,0,0
12000000.0,1530.0,Kharghar,3.0,0.0,Yes,1,1,1,1,1,1,Yes,0,0,,1,1
10500000.0,675.0,Thane West,2.0,1.0,1,1,1,0,1,0,1,No,1,1,0,1,1
170000000.0,2963.0,Mira Road East,4.0,0.0,Yes,1,1,1,1,1,1,,1,1,0,0,
13300000.0,910.0,Malad East,2.0,1.0,Yes,1,1,0,0,1,1,1,1,1,0,1,1
7500000.0,682.0,Seawoods,1.0,0.0,0,1,1,1,0,0,0,No,1,0,0,1,No
2900000.0,500.0,Taloja,1.0,,1,Yes,,0,0,Yes,Yes,1,No,No,0,,1
3700000.0,300.0,Andheri  East,1.0,0.0,,0,0,,0,0,0,0,0,No,No,0,0
9000000.0,,Ulwe,2.0,0.0,1,Yes,1,,1,1,1,1,1,0,No,1,1
2174000.0,570.0,nan,1.0,1.0,0,1,0,0,No,1,0,1,0,0,No,,0
15500000.0,985.0,Mulund East,2.0,1.0,1,1,,0,0,0,0,1,0,No,1,0,No
11500000.0,585.0,borivali West,1.0,0.0,1,1,1,0,1,1,,1,1,0,1,1,Yes
15000000.0,1290.0,Mira Road East,2.0,1.0,1,1,Yes,0,,1,Yes,No,1,1,1,Yes,1
25700000.0,750.0,Bandra West,2.0,0.0,0,1,No,0,0,,0,,0,0,No,0,0
14000000.0,1500.0,Thane West,3.0,,1,1,1,0,,1,1,1,0,1,1,Yes,1
56500000.0,1859.0,Goregaon West,4.0,1.0,1,1,Yes,0,1,1,1,1,Yes,0,0,1,1
,605.0,Kharghar,1.0,,Yes,Yes,1,0,1,0,1,1,1,0,1,1,1
6800000.0,800.0,nan,2.0,1.0,1,1,0,0,0,Yes,1,1,1,,,1,1
8400000.0,1139.0,roadpali navimumbai,2.0,0.0,No,1,1,1,,0,0,No,1,0,0,0,0
40000000.0,1200.0,Ville Parle East,3.0,0.0,1,1,0,No,0,1,No,,No,No,1,,0
35000000.0,800.0,15th Road,2.0,0.0,0,0,,No,0,,0,0,0,0,1,0,0
8200000.0,550.0,Dahisar West,1.0,0.0,,No,0,No,0,0,,0,0,0,No,No,0
9500000.0,450.0,borivali West,1.0,0.0,0,Yes,0,0,0,1,0,1,0,0,1,,0
3133000.0,383.0,Vasai,1.0,1.0,0,,,,1,0,,Yes,0,0,No,0,No
9900000.0,771.0,Thane West,2.0,1.0,1,1,1,Yes,1,1,1,1,1,Yes,0,1,1
3500000.0,216.0,Vasai West,1.0,0.0,0,0,,0,0,0,No,No,No,0,0,0,0
16500000.0,1482.0,Navi Basti,3.0,0.0,0,0,0,0,0,0,0,0,1,,0,0,0
3200000.0,577.0,Kalyan West,1.0,0.0,1,1,0,0,Yes,1,1,1,Yes,0,No,Yes,1
9700000.0,575.0,Chembur,1.0,1.0,1,1,1,0,,0,1,1,0,No,0,1,1
8100000.0,846.0,Thane West,2.0,,1,1,0,0,1,1,1,0,0,0,Yes,1,0
7400000.0,880.0,Panvel,2.0,0.0,0,1,0,0,0,1,0,0,No,No,0,,0
19300000.0,1600.0,Malad West,3.0,1.0,1,1,0,1,1,1,1,1,1,0,,1,1
43500000.0,2600.0,Malad East,,1.0,1,1,1,1,1,1,,1,1,1,0,1,Yes
9000000.0,585.0,Dahisar West,1.0,0.0,0,0,0,0,No,0,0,0,No,,0,No,0
29000000.0,1550.0,Andheri  West,3.0,0.0,1,1,1,0,1,0,1,1,1,1,0,1,1
19500000.0,1435.0,Goregaon West,3.0,1.0,1,1,,0,0,1,Yes,1,0,0,1,,1
2700000.0,610.0,Nala Sopara,1.0,0.0,1,Yes,1,,1,1,0,0,1,0,No,1,1
,1200.0,Sector 20 Kharghar,3.0,0.0,1,1,Yes,1,1,0,0,0,0,0,0,0,
8000000.0,,Ulwe,2.0,0.0,1,0,1,Yes,1,No,0,0,No,,0,0,1
9500000.0,650.0,Malad West,1.0,,Yes,1,1,0,1,1,1,1,1,0,1,Yes,Yes
3797999.0,,Badlapur East,2.0,1.0,1,1,0,0,1,1,1,Yes,No,No,0,0,1
7198999.0,,nan,2.0,0.0,1,1,1,0,1,No,1,0,0,0,,0,0
10000000.0,600.0,Vikhroli West,1.0,0.0,No,0,0,0,0,0,0,No,0,0,0,0,0
11000000.0,1575.0,Kamothe,3.0,0.0,Yes,0,1,1,1,0,0,0,No,No,0,0,No
21000000.0,1135.0,Powai ,2.0,0.0,,1,1,0,0,1,Yes,1,0,0,1,No,1
18000000.0,675.0,4 Bunglows,2.0,0.0,1,1,1,1,1,0,0,,No,0,No,0,0
14500000.0,995.0,Kandivali East,2.0,0.0,1,,Yes,1,1,1,1,1,1,1,0,1,Yes
6800000.0,1065.0,Kalyan West,2.0,0.0,No,1,1,1,Yes,1,0,0,1,0,,0,0
13500000.0,550.0,Andheri  East,1.0,0.0,0,0,0,No,0,0,0,0,0,0,1,0,0
8381999.0,584.0,Mira Road East,,,0,No,0,0,0,0,0,0,No,0,0,0,0
4800000.0,250.0,Andheri  East,1.0,0.0,Yes,1,1,0,,1,1,0,0,0,1,1,Yes
3000000.0,1160.0,Boisar,3.0,,,1,0,No,0,1,,,1,0,0,1,1
16500000.0,1240.0,Ghansoli,2.0,0.0,,1,,No,1,1,1,1,0,,1,1,Yes
8000000.0,2000.0,Vitthalwadi,3.0,1.0,1,1,0,0,No,1,1,1,No,0,0,0,1
,1100.0,nan,2.0,0.0,1,1,Yes,0,0,,1,1,0,,1,0,Yes
17500000.0,1350.0,Thane West,3.0,1.0,1,1,0,0,,1,1,1,0,0,1,1,1
4500000.0,600.0,Mira Road East,1.0,0.0,0,0,1,No,0,1,0,1,,0,No,0,0
5900000.0,600.0,Thane West,1.0,1.0,1,1,1,0,Yes,Yes,1,1,1,0,1,1,No
31000000.0,1300.0,Andheri  East,,0.0,,1,1,,1,1,1,1,1,1,1,1,1
17500000.0,1122.0,borivali West,1.0,1.0,,1,0,0,0,0,No,,0,0,0,0,
40000000.0,1500.0,Andheri  West,3.0,0.0,0,1,0,0,No,0,0,0,0,0,0,0,0
7500000.0,685.0,nan,,1.0,,1,1,,1,1,0,0,1,1,No,1,1
11000000.0,1102.0,Majiwada thane,2.0,0.0,0,0,1,1,0,,0,0,,0,0,0,0
20000000.0,1250.0,Sanpada,3.0,0.0,1,1,1,Yes,1,,1,,1,Yes,1,1,1
3200000.0,655.0,Nala Sopara,1.0,0.0,0,1,,0,0,1,0,1,0,0,0,0,0
10500000.0,650.0,Magathane,1.0,0.0,0,,1,1,Yes,0,0,0,,,0,0,No
4800000.0,550.0,Mira Road East,1.0,,0,0,Yes,,,0,,,0,0,No,0,0
8500000.0,1220.0,Ulwe,2.0,1.0,1,1,1,Yes,1,Yes,0,1,1,1,0,Yes,1
5200000.0,675.0,Ulwe,1.0,0.0,,1,1,1,1,1,0,Yes,1,Yes,No,1,0
13000000.0,1500.0,Kharghar,3.0,0.0,,No,1,Yes,1,0,0,0,0,0,0,0,0
7500000.0,962.0,Thane West,2.0,0.0,0,0,0,0,0,0,0,0,0,0,No,0,0
,765.0,Manvel pada Road,2.0,0.0,0,1,1,1,1,0,0,0,,0,0,0,No
13500000.0,1235.0,Kharghar,,0.0,1,1,Yes,1,Yes,Yes,Yes,1,1,1,,1,1
51500000.0,3465.0,nan,4.0,,1,Yes,1,1,1,Yes,1,Yes,,1,0,Yes,1
15000000.0,1000.0,Kandivali East,2.0,0.0,1,1,Yes,1,1,1,Yes,1,,1,No,Yes,1
9000000.0,1150.0,Kharghar,2.0,0.0,1,Yes,0,0,No,No,0,0,No,0,0,0,0
5300000.0,690.0,Sector 17 Ulwe,,0.0,Yes,1,Yes,1,1,0,No,0,0,0,0,0,0
11800000.0,850.0,Thane West,2.0,1.0,0,0,0,0,0,0,0,,0,0,0,0,0
4999000.0,750.0,Kalyan West,1.0,0.0,1,Yes,0,0,0,1,1,1,0,0,0,0,1
12100000.0,1515.0,Sector-18 Ulwe,3.0,0.0,No,1,1,1,1,No,No,,0,0,0,No,0
12000000.0,600.0,Chembur,1.0,0.0,0,1,1,0,0,0,0,0,0,,No,0,
,900.0,Vasai,2.0,1.0,0,Yes,1,0,No,1,0,0,0,0,0,0,0
11000000.0,756.0,Juhu,2.0,0.0,1,,,1,1,1,Yes,1,,No,0,1,1
4600000.0,545.0,Goregaon East,1.0,0.0,1,1,,1,Yes,1,1,1,,1,0,1,1
28000000.0,1091.0,Thane West,3.0,1.0,,1,1,0,1,1,1,No,1,1,0,Yes,1
,750.0,nan,2.0,0.0,0,1,No,0,,0,0,No,0,0,No,0,0
21400000.0,,Malad West,2.0,1.0,,Yes,1,1,1,1,1,Yes,,1,0,1,1
42500000.0,1505.0,Kandivali West,3.0,0.0,1,No,1,1,1,,1,1,Yes,,0,1,1
7000000.0,410.0,Ghatkopar West,1.0,0.0,1,1,1,0,1,1,1,,,0,Yes,1,1
33500000.0,1073.0,vile parle west,2.0,1.0,0,1,0,0,No,0,0,0,0,0,1,0,0
9620000.0,1090.0,Thane West,2.0,1.0,Yes,Yes,No,0,,1,1,1,0,0,Yes,0,1
3200000.0,615.0,Naigaon East,1.0,0.0,1,1,No,0,1,0,No,0,0,0,0,1,1
9000000.0,525.0,Kandivali East,1.0,0.0,Yes,1,1,,1,0,1,1,1,0,0,1,1
10500000.0,,Pokhran 2,2.0,0.0,0,0,No,,0,0,0,0,0,0,0,0,0
8000000.0,852.0,Kharghar,2.0,0.0,1,Yes,1,1,1,0,1,1,0,0,0,1,1
16000000.0,1200.0,Chembur,3.0,0.0,0,0,0,0,0,No,No,0,0,No,0,0,No
110000000.0,1850.0,Juhu,4.0,0.0,1,Yes,0,0,No,1,0,1,0,0,0,0,0
,585.0,Nala Sopara,1.0,0.0,0,1,0,,,1,0,,No,0,0,0,0
7800000.0,930.0,Mira Road East,2.0,0.0,0,0,0,0,0,0,0,Yes,0,No,1,0,0
27500000.0,1500.0,borivali West,3.0,1.0,0,0,0,0,0,0,0,0,,0,1,0,No
19000000.0,721.0,Kandivali West,2.0,0.0,No,No,0,0,0,0,0,0,0,0,0,0,0
4500000.0,650.0,Mira Road East,1.0,0.0,0,1,0,0,0,0,0,1,0,0,1,,0
12000000.0,1000.0,Thane West,2.0,0.0,1,1,1,No,1,1,,Yes,1,1,No,1,1
25000000.0,713.0,Andheri  West,2.0,1.0,Yes,0,0,0,,No,0,1,No,0,0,0,0
2300000.0,,Vasai West,1.0,0.0,0,0,0,0,0,0,0,0,0,No,0,0,0
21000000.0,,Ganesh Nagar,2.0,0.0,0,Yes,Yes,1,1,0,0,0,0,0,,No,0
16200000.0,1100.0,Powai ,2.0,0.0,1,1,1,1,,1,1,1,1,0,1,1,1
3800000.0,595.0,Kalyan West,1.0,0.0,0,0,0,0,0,0,0,0,0,0,0,0,0
17000000.0,1050.0,Chembur,2.0,1.0,1,1,1,1,1,1,1,1,Yes,1,0,Yes,1
,980.0,Kandivali West,2.0,0.0,No,No,0,No,0,0,0,0,0,0,No,No,0
,1050.0,Chembur,2.0,0.0,0,0,Yes,0,1,0,0,No,0,0,0,0,No
17900000.0,1100.0,nan,2.0,,0,0,No,0,0,0,,0,0,No,No,0,0
4100000.0,590.0,Mira Road and Beyond,1.0,0.0,Yes,,1,,1,0,0,0,0,0,0,0,0
8200000.0,610.0,borivali West,,0.0,0,0,0,0,0,0,0,0,0,,0,0,No
25000000.0,1800.0,Vashi,3.0,0.0,,No,0,0,0,0,0,0,0,0,0,No,0
,225.0,Malad West,1.0,0.0,No,1,No,0,,1,,No,0,0,1,No,0
19000000.0,1500.0,mumbai Highway,3.0,0.0,1,0,1,0,,0,0,0,,0,0,No,1
9300000.0,960.0,Mira Road East,2.0,0.0,0,0,,0,,0,0,0,0,0,0,0,No
,693.0,Nilje Gaon,1.0,,No,0,No,0,0,0,0,No,0,0,No,0,No
11500000.0,630.0,Malad East,1.0,0.0,0,0,0,,No,0,0,0,0,0,0,,0
14000000.0,768.0,Kandivali West,2.0,0.0,Yes,1,1,0,Yes,1,1,1,0,1,1,1,1
8800000.0,1050.0,Mira Road East,2.0,1.0,Yes,1,1,0,,1,Yes,1,1,1,1,1,1
5637000.0,650.0,Mira Road East,1.0,1.0,0,1,0,0,0,No,0,0,0,0,1,0,0
6454000.0,993.0,Panvel,1.0,1.0,Yes,Yes,Yes,0,1,1,1,1,1,1,0,,1
8700000.0,950.0,Mira Road East,2.0,0.0,1,1,1,0,1,1,1,1,Yes,,0,1,1
,,Wadala East Wadala,1.0,0.0,,1,1,1,1,0,0,0,0,,0,0,0
8400000.0,1002.0,Thane West,,1.0,,Yes,0,0,0,1,1,1,1,0,0,0,1
120000000.0,3049.0,Juhu,5.0,,1,1,1,1,1,1,1,1,1,1,0,1,1
8200000.0,,Kamothe,2.0,1.0,1,1,1,0,,1,1,Yes,1,0,0,1,Yes
13300000.0,,Kharghar,3.0,,1,1,1,0,1,1,1,0,,,0,Yes,Yes
,660.0,Kharghar,1.0,0.0,1,,1,1,1,1,1,Yes,1,0,,1,
4100000.0,650.0,Ulwe,1.0,,0,1,0,0,No,0,,0,0,0,0,0,No
11000000.0,1390.0,nan,3.0,0.0,1,Yes,Yes,,,1,1,,1,0,0,1,1
18500000.0,965.0,Powai ,2.0,0.0,1,1,1,0,1,1,Yes,1,1,No,Yes,1,1
59600000.0,,Bhandup West,,1.0,1,0,1,0,1,1,0,0,1,1,0,,1
25500000.0,800.0,Prabhadevi,2.0,0.0,0,0,0,0,0,No,0,0,0,0,No,No,
50000000.0,2500.0,Andheri  East,6.0,,No,,0,0,0,0,No,1,0,No,1,0,0
16200000.0,727.0,Malad West,2.0,1.0,,1,1,0,Yes,Yes,Yes,,1,1,0,1,1
20000000.0,835.0,Mulund West,2.0,,Yes,Yes,1,0,1,No,1,1,0,0,No,,1
10500000.0,1155.0,Kharghar,2.0,0.0,1,1,Yes,1,1,1,1,1,1,Yes,1,Yes,1
2750000.0,450.0,Ulwe,1.0,,,1,1,0,Yes,No,No,0,0,0,,0,0
8800000.0,1085.0,Ulwe,2.0,0.0,1,0,1,1,1,0,0,0,No,No,No,0,1
3200000.0,365.0,Kamothe,1.0,0.0,0,Yes,0,No,0,Yes,0,1,No,0,0,,0
2305000.0,555.0,Nala Sopara,1.0,0.0,0,1,0,0,0,1,0,,,0,No,,0
3900000.0,695.0,Kalyan West,1.0,0.0,0,1,0,0,0,0,0,1,No,0,,0,No
13200000.0,768.0,Pokhran 2,2.0,0.0,0,0,,1,1,No,0,No,0,0,0,0,0
,1639.0,Thane West,,1.0,,1,0,0,,1,1,Yes,0,1,0,Yes,1
8900000.0,562.0,Kandivali West,1.0,1.0,1,1,1,1,1,1,1,Yes,1,1,0,1,0
21400000.0,1560.0,borivali East,3.0,1.0,1,1,No,No,1,0,1,0,No,No,0,1,0
10000000.0,750.0,Malad West,1.0,1.0,1,1,1,0,1,No,1,No,0,,0,1,1
3300000.0,607.0,Kalyan West,1.0,,1,1,0,No,Yes,Yes,1,0,1,0,0,1,1
21000000.0,,Mulund West,2.0,0.0,0,,No,0,No,1,No,1,0,0,No,0,0
8400000.0,1010.0,Thane West,2.0,0.0,1,1,0,0,1,1,1,1,Yes,1,Yes,0,
18500000.0,664.0,Mulund West,2.0,1.0,1,1,Yes,No,1,1,1,1,1,,No,1,
7200000.0,693.0,kandivali,1.0,1.0,,1,1,0,1,Yes,1,0,1,0,0,1,Yes
9200000.0,1150.0,Sector 17 Ulwe,,0.0,1,Yes,Yes,1,Yes,0,0,0,0,No,0,0,0
27000000.0,1695.0,Goregaon,3.0,,1,1,1,0,1,1,1,1,0,1,0,1,1
13200000.0,1120.0,Kapur Bawdi,2.0,0.0,0,1,1,1,1,0,0,0,0,0,,0,0
11500000.0,600.0,borivali West,1.0,0.0,0,0,0,0,No,0,No,0,No,No,0,0,0
4400000.0,685.0,Ulwe,1.0,1.0,0,1,0,0,0,0,0,1,0,0,,0,0
13000000.0,1240.0,Ulwe,,,Yes,1,0,No,0,0,0,1,0,0,0,0,No
27799999.0,1600.0,Kharghar,3.0,0.0,1,Yes,1,,,1,1,1,1,1,,,1
7500000.0,495.0,borivali West,1.0,0.0,0,Yes,1,0,0,0,0,0,0,0,No,0,0
4800000.0,660.0,Kharghar,1.0,,0,,1,0,,0,0,0,0,0,0,0,
2800000.0,600.0,Virar,1.0,0.0,1,1,,1,1,1,1,1,1,No,0,0,1
21000000.0,910.0,nan,2.0,0.0,1,,1,,1,1,,1,1,1,0,1,1
28000000.0,1890.0,Kandivali East,4.0,0.0,1,1,1,1,1,Yes,1,1,1,1,1,1,1
7500000.0,1060.0,Mira Road East,2.0,0.0,0,Yes,No,0,No,1,0,1,,0,0,0,No
4300000.0,657.0,Kalyan West,1.0,0.0,0,1,No,0,Yes,1,1,1,,1,,1,0
6500000.0,650.0,Kharghar,1.0,0.0,1,1,0,0,0,1,0,1,0,0,0,0,1
12900000.0,1860.0,Thane West,3.0,1.0,1,1,1,0,1,1,1,1,0,1,0,1,1
65000000.0,3200.0,Seawoods,5.0,0.0,1,1,No,0,No,0,1,1,0,No,0,0,1
3000000.0,,Taloja,1.0,1.0,Yes,Yes,0,0,0,1,1,,0,0,No,,1
3500000.0,585.0,Naigaon East,1.0,0.0,0,1,No,0,1,1,1,1,1,0,,1,0
14200000.0,1440.0,Kharghar,,0.0,1,1,,1,1,1,1,1,,No,0,1,
,735.0,Kharghar,1.0,0.0,1,Yes,1,1,Yes,,1,1,1,Yes,0,1,Yes
9000000.0,1031.0,Kharghar,2.0,0.0,0,0,No,0,0,0,No,0,0,0,0,0,No
4200000.0,350.0,Kandivali West,1.0,0.0,,1,No,0,0,0,No,0,0,0,0,0,No
55000000.0,1030.0,Malabar Hill,,1.0,0,0,,0,0,No,0,0,0,No,0,,
11000000.0,800.0,Mulund West,2.0,1.0,No,0,,0,1,0,No,0,0,0,0,No,0
8750000.0,1205.0,Kharghar,2.0,0.0,Yes,1,1,0,,,1,1,1,0,0,Yes,1
13600000.0,1050.0,Chandivali,1.0,,Yes,1,1,1,1,1,1,1,1,0,1,0,1
,555.0,Owale,1.0,0.0,1,Yes,1,1,Yes,0,1,,,No,0,0,0
13500000.0,1680.0,Kharghar,,0.0,1,,1,,1,1,1,1,1,1,0,Yes,1
4200000.0,650.0,Kharghar,1.0,0.0,1,,1,1,1,1,1,0,1,0,No,Yes,1
30000000.0,797.0,Malad East,3.0,,Yes,1,1,0,1,1,Yes,1,0,0,0,1,Yes
,935.0,borivali West,2.0,1.0,1,Yes,No,0,,1,0,1,0,0,,No,0
16000000.0,1650.0,Sector-50 Seawoods,,0.0,0,1,1,0,0,0,0,0,0,No,1,0,0
,650.0,Ulwe,1.0,0.0,1,1,0,No,0,1,1,,,0,No,0,0
9500000.0,595.0,Powai ,1.0,0.0,1,Yes,1,0,1,0,Yes,,0,0,0,,1
7000000.0,1020.0,Mira Road East,2.0,1.0,1,1,No,0,0,1,1,1,0,0,1,0,0
65500000.0,1543.0,Parel,,1.0,1,1,0,,Yes,1,,1,1,1,0,1,1
6800000.0,1000.0,nan,2.0,0.0,0,1,0,0,No,1,0,1,,No,1,0,0
4801000.0,416.0,Thane West,1.0,1.0,1,1,1,0,1,0,1,0,1,0,No,1,0
19000000.0,1600.0,Sainath Nagar,3.0,0.0,0,0,1,1,0,No,0,0,1,0,0,0,0
9000000.0,1550.0,Ulwe,2.0,0.0,1,Yes,Yes,0,1,1,1,1,0,1,0,1,1
8900000.0,750.0,Malad West,1.0,1.0,,Yes,1,0,1,1,1,Yes,1,,Yes,1,1
3700000.0,650.0,ULWE SECTOR 19,1.0,0.0,0,1,1,1,1,1,0,0,1,1,0,1,0
4700000.0,525.0,Dombivli (West),1.0,0.0,0,0,No,0,,0,0,0,0,0,0,0,0
20700000.0,1257.0,nan,2.0,0.0,Yes,0,1,1,1,0,1,0,0,0,0,No,0
16000000.0,1215.0,Ulwe,2.0,,1,1,0,0,0,0,1,1,0,0,,0,No
16000000.0,2115.0,Dombivali,3.0,,1,1,1,0,1,1,1,1,Yes,,0,1,1
16500000.0,1635.0,Kharghar,3.0,0.0,1,1,1,1,1,Yes,0,1,1,0,0,0,1
28000000.0,1350.0,Samata Nagar Thakur Village,3.0,0.0,No,1,,1,,0,0,0,0,0,0,0,0
19000000.0,1150.0,Powai ,2.0,0.0,1,1,1,Yes,1,1,1,1,1,1,0,1,1
4900000.0,600.0,Kharghar,1.0,0.0,0,1,1,1,1,Yes,1,1,1,0,,1,0
27000000.0,1500.0,Chembur,3.0,0.0,1,1,1,No,1,1,1,1,0,0,1,1,0
7150000.0,1050.0,Ulwe,2.0,0.0,1,Yes,No,0,0,1,0,,No,,1,No,0
13000000.0,1350.0,Thane West,3.0,0.0,,Yes,0,1,1,1,1,1,1,1,1,1,1
8184999.0,831.0,nan,2.0,1.0,1,1,1,0,1,Yes,1,0,1,0,0,1,1
3682000.0,715.0,Badlapur West,1.0,1.0,0,1,1,1,1,,1,0,,0,0,No,0
7500000.0,1000.0,Kharghar,2.0,,1,1,,No,1,1,1,No,1,0,,1,1
8700000.0,675.0,Koper Khairane,1.0,1.0,Yes,Yes,0,0,0,1,1,0,No,0,0,No,0
5200000.0,980.0,Nala Sopara,2.0,0.0,0,1,,0,1,1,0,1,Yes,Yes,No,Yes,0
9800000.0,540.0,Mira Road East,2.0,1.0,Yes,1,No,0,0,1,1,Yes,0,Yes,1,1,1
2576000.0,644.0,Ambernath West,1.0,1.0,0,0,0,,0,No,0,0,0,0,0,0,No
31100000.0,3275.0,Kharghar,4.0,1.0,1,1,1,0,1,Yes,Yes,,,1,0,Yes,1
28000000.0,1500.0,Ville Parle East,3.0,0.0,1,1,0,0,No,1,0,0,0,0,1,0,0
8500000.0,840.0,Thane West,2.0,1.0,Yes,,1,No,1,1,Yes,1,1,0,1,1,0
23500000.0,1100.0,nan,3.0,0.0,0,1,Yes,1,1,0,0,No,0,0,0,No,0
33500000.0,2040.0,nan,3.0,1.0,1,1,0,0,No,0,1,1,0,0,0,0,1
10000000.0,1210.0,Ulwe,2.0,1.0,1,1,1,0,1,1,1,1,0,1,No,1,
26000000.0,1088.0,Goregaon West,3.0,1.0,1,0,0,0,0,Yes,0,0,Yes,0,0,1,1
,3780.0,Andheri  West,4.0,1.0,1,Yes,1,0,1,Yes,1,1,,0,0,Yes,Yes
33400000.0,997.0,Powai ,3.0,1.0,1,1,,No,1,1,1,1,1,1,0,1,1
2450000.0,585.0,Nala Sopara,1.0,0.0,0,1,1,1,0,,No,1,1,No,0,0,0
3700000.0,,Badlapur East,2.0,1.0,1,0,0,0,0,,1,0,1,1,No,,1
3325000.0,665.0,Dombivali,1.0,,1,1,1,0,0,,Yes,,0,0,1,1,
5518000.0,677.0,Mira Road East,1.0,,0,1,0,0,0,0,0,1,0,0,1,0,No
3100000.0,650.0,Virar,1.0,0.0,1,1,1,0,0,1,1,No,No,0,0,0,Yes
16500000.0,1600.0,Kalamboli,,0.0,1,1,1,1,1,1,1,1,1,0,0,0,1
4300000.0,620.0,Koper Khairane,1.0,0.0,No,0,No,0,,0,No,0,0,0,,0,0
15500000.0,680.0,Wadala East Wadala,,0.0,1,1,1,1,1,0,0,,0,0,0,0,
6500000.0,566.0,Dahisar East,1.0,1.0,1,,Yes,0,1,1,0,1,0,0,0,0,0
15000000.0,1500.0,Koper Khairane,2.0,0.0,0,0,0,0,No,No,,No,0,,1,0,0
16500000.0,1150.0,Powai ,2.0,0.0,1,1,1,0,1,1,Yes,1,1,1,1,1,1
72300000.0,4240.0,Malad East,5.0,1.0,Yes,1,1,0,1,1,1,0,No,0,0,1,Yes
,,Khar West,2.0,0.0,,,1,1,1,0,0,,0,0,1,0,
3300000.0,600.0,Kalyan West,1.0,0.0,1,Yes,No,0,1,1,1,0,1,0,No,Yes,1
4300000.0,654.0,Karanjade,1.0,,0,1,1,1,1,0,0,1,1,0,1,1,0
2010000.0,600.0,Badlapur,1.0,1.0,0,1,Yes,0,1,1,0,1,0,No,0,0,0
5500000.0,425.0,Bhandup West,1.0,0.0,0,0,0,0,0,0,0,0,,0,0,0,No
35400000.0,1418.0,Goregaon East,4.0,1.0,1,1,0,0,,,1,1,0,0,0,,1
11900000.0,1020.0,Thane West,3.0,1.0,1,Yes,1,0,1,1,Yes,1,1,1,0,1,1
240000000.0,3000.0,Bandra West,2.0,1.0,1,1,0,0,0,Yes,1,1,0,0,No,0,
6500000.0,650.0,Mira Road East,1.0,0.0,1,Yes,0,0,,1,1,1,0,1,0,1,1
4380000.0,430.0,nan,1.0,0.0,No,1,1,1,0,0,No,0,1,0,0,,0
9000000.0,1129.0,Sector-18 Ulwe,2.0,0.0,0,Yes,,1,1,No,0,0,0,0,0,0,
5160000.0,645.0,Bhayandar East,1.0,1.0,0,1,No,0,0,1,0,Yes,0,0,0,0,No
11500000.0,860.0,Vashi,,0.0,0,0,0,0,0,,0,0,0,0,0,0,0
8000000.0,495.0,Kandivali East,1.0,0.0,0,,No,,,No,0,,0,No,No,0,0
40000000.0,3500.0,Kharghar,,0.0,1,1,0,No,0,1,1,1,0,0,0,0,1
20099999.0,1100.0,nan,2.0,1.0,1,Yes,Yes,1,1,1,1,1,1,Yes,0,1,1
13000000.0,1210.0,nan,2.0,0.0,1,1,1,1,1,1,1,1,1,,0,0,0
15500000.0,1000.0,nan,2.0,0.0,1,1,1,1,,1,1,1,1,1,1,,1
7000000.0,1135.0,Taloja,2.0,0.0,1,,1,0,1,1,1,1,1,1,0,1,1
9000000.0,950.0,Koper Khairane,2.0,0.0,0,Yes,0,0,0,0,0,0,No,0,1,0,
19000000.0,,Malad West,,0.0,1,1,0,0,0,1,1,,0,0,1,0,No
6100000.0,1350.0,Virar,3.0,1.0,Yes,1,0,0,1,1,1,1,1,Yes,No,No,
12000000.0,1600.0,Kharghar,3.0,0.0,1,1,1,1,1,1,Yes,1,,,,Yes,1
4498000.0,454.0,Dombivali,1.0,1.0,1,,1,No,1,1,1,1,1,1,0,1,1
15000000.0,,mumbai Agra National Highway,3.0,,0,0,1,1,0,0,0,0,1,0,0,0,0
9599000.0,1098.0,Mira Road East,2.0,0.0,Yes,,0,0,0,1,Yes,1,No,0,0,0,1
3200000.0,460.0,nan,1.0,0.0,0,No,0,0,No,0,0,0,0,,0,0,0
10500000.0,980.0,Kharghar,2.0,0.0,0,1,No,0,No,1,0,1,0,0,0,0,0
28100000.0,1115.0,Kanjurmarg,3.0,1.0,1,0,0,0,0,1,1,No,0,1,0,0,1
7481000.0,1197.0,Dombivali,3.0,1.0,1,Yes,1,0,0,1,1,,0,No,0,0,1
4000000.0,660.0,nan,1.0,1.0,1,Yes,0,0,0,1,Yes,1,0,0,,0,1
,661.0,Mulund West,2.0,1.0,1,1,1,0,1,1,1,1,,Yes,0,1,1
6500000.0,675.0,Kharghar,1.0,0.0,0,0,1,,1,No,0,0,,0,0,No,
18500000.0,1155.0,Powai ,2.0,,1,,0,0,No,1,1,1,0,0,1,0,
110000000.0,1843.0,Juhu,4.0,1.0,1,1,0,0,0,1,0,Yes,,0,0,0,0
72000000.0,2800.0,Chembur,5.0,0.0,0,1,1,0,0,,0,1,0,0,1,0,0
13000000.0,632.0,Thane West,2.0,1.0,,1,1,0,0,0,1,0,0,1,0,0,1
21000000.0,1900.0,Kharghar,3.0,0.0,0,0,0,No,No,0,0,,0,0,No,0,0
,900.0,Nala Sopara,1.0,0.0,0,1,0,0,0,1,0,0,0,0,,0,0
6800000.0,547.0,Thane,2.0,0.0,1,1,1,1,Yes,0,Yes,0,,No,0,0,No
,1215.0,Ulwe,2.0,,,1,0,No,0,0,1,1,0,0,0,0,0
10000000.0,785.0,mumbai Highway,2.0,0.0,1,Yes,Yes,No,0,No,,0,1,0,0,0,1
10500000.0,645.0,Kandivali East,1.0,0.0,1,1,0,,0,1,1,1,No,0,1,0,1
2400000.0,590.0,nan,1.0,0.0,0,1,1,,1,Yes,1,1,1,No,0,1,
21000000.0,1350.0,Kandivali East,2.0,1.0,1,1,1,1,1,1,1,1,1,0,No,,1
17500000.0,1020.0,Chembur,,0.0,1,Yes,1,0,1,1,0,1,1,0,0,0,
5700000.0,550.0,Thane West,1.0,0.0,Yes,1,1,1,1,1,1,,1,1,1,1,1
35000000.0,,Malad East,3.0,0.0,1,1,1,0,,1,1,0,0,0,0,1,Yes
85000000.0,1106.0,Girgaon,3.0,0.0,1,1,,Yes,1,1,,1,1,1,,0,1
4000000.0,650.0,Ulwe,1.0,0.0,1,1,,0,0,Yes,,0,0,0,0,0,0
2400000.0,714.0,Boisar,2.0,1.0,,1,1,0,1,Yes,1,,1,No,No,1,1
5850000.0,500.0,Thane West,1.0,1.0,,Yes,Yes,0,,1,1,1,1,0,1,,
8200000.0,1090.0,Ulwe,2.0,0.0,1,1,1,0,1,1,0,Yes,,0,1,0,0
16399999.0,731.0,Chembur,2.0,1.0,0,0,0,0,0,0,0,0,0,0,0,0,0
27500000.0,1055.0,Malad East,,1.0,1,1,0,No,1,1,1,0,1,Yes,0,1,1
7500000.0,1220.0,Kalyan West,3.0,0.0,0,0,0,0,1,0,1,0,1,0,0,0,0
,1196.0,Dahisar,3.0,1.0,1,1,1,0,1,Yes,Yes,1,1,0,0,1,1
21000000.0,1050.0,Kandivali East,2.0,0.0,1,1,0,0,0,1,1,1,0,0,1,No,1
7500000.0,528.0,Koper Khairane,1.0,0.0,1,1,,0,1,0,1,0,Yes,0,0,1,Yes
2064000.0,600.0,Karjat,1.0,0.0,,1,0,0,0,,0,0,0,0,,0,
7500000.0,,Chembur,1.0,0.0,No,1,0,0,0,No,No,0,No,No,0,0,0
4999000.0,768.0,Kalyan West,1.0,0.0,1,Yes,0,0,0,Yes,1,0,1,,0,1,No
11000000.0,616.0,Thane West,2.0,1.0,1,Yes,,Yes,Yes,1,1,1,1,0,0,No,1
5100000.0,695.0,Mira Road East,1.0,1.0,,1,1,1,1,1,1,1,1,0,0,Yes,1
27000000.0,1550.0,Andheri  West,3.0,0.0,Yes,1,0,0,0,0,1,Yes,,0,0,0,Yes
,1050.0,Vasai,3.0,,0,1,1,0,Yes,1,1,1,Yes,0,0,,0
23500000.0,,Nerul,1.0,0.0,1,1,1,0,1,1,1,1,0,0,0,1,1
4349000.0,870.0,nan,2.0,0.0,1,1,1,0,1,1,,1,1,1,0,1,0
4500000.0,650.0,Kharghar,1.0,0.0,No,Yes,1,1,1,0,,0,0,0,1,0,No
8900000.0,1100.0,Ulwe,2.0,1.0,1,1,1,0,0,1,1,1,1,0,1,1,0
4900000.0,620.0,Sector 21 Kamothe,1.0,0.0,No,0,1,1,1,No,,0,0,0,,0,0
13000000.0,1350.0,Ulwe,3.0,0.0,0,1,1,0,Yes,1,1,Yes,,0,,1,0
28600000.0,1766.0,Ghatkopar,,1.0,1,1,Yes,0,1,1,1,1,1,No,0,1,No
7500000.0,1350.0,Ulwe,2.0,0.0,0,0,,0,0,0,0,0,0,0,0,0,0
47000000.0,1500.0, WORLI,,,1,,0,0,No,Yes,1,,No,0,1,0,1
,750.0,Mira Road East,1.0,0.0,1,1,0,0,0,1,1,1,0,1,0,1,1
16000000.0,650.0,Antop Hill,1.0,0.0,1,1,,1,1,0,0,0,0,0,0,0,0
5399000.0,905.0,Thane West,2.0,0.0,1,1,Yes,0,1,1,1,1,1,0,0,1,1
17000000.0,1700.0,Ulwe,3.0,0.0,0,Yes,0,0,No,0,0,1,0,No,0,No,No
,972.0,nan,2.0,1.0,,1,0,0,0,1,1,1,0,Yes,0,1,1
5000000.0,960.0,Vasai,2.0,0.0,0,1,0,0,0,1,0,No,0,0,0,1,No
12000000.0,1386.0,nan,3.0,1.0,1,1,1,0,1,1,1,,,1,0,1,1
6200000.0,310.0,Malad West,1.0,0.0,0,0,0,0,0,0,0,0,0,0,0,No,0
6300000.0,748.0,Vasai,2.0,0.0,0,Yes,1,0,0,1,No,,0,0,0,0,0
55000000.0,1780.0,Santacruz West,3.0,1.0,1,1,0,0,0,1,1,1,0,No,1,0,0
5675000.0,982.0,Kalyan West,2.0,0.0,1,1,,0,1,1,1,,1,0,0,1,1
2150000.0,580.0,Nala Sopara,1.0,1.0,1,Yes,0,0,No,1,1,0,0,0,0,0,
3872999.0,,Virar,,1.0,Yes,1,1,0,,1,1,,0,0,0,1,
40000000.0,600.0,Off Nepean Sea Road,2.0,0.0,0,1,1,1,Yes,0,0,,1,0,,0,0
6190000.0,756.0,nan,1.0,1.0,1,1,1,0,1,1,Yes,1,1,1,1,,
2050000.0,500.0,Naigaon East,1.0,0.0,0,Yes,Yes,0,1,0,0,0,0,0,,0,
4500000.0,610.0,Kamothe,2.0,0.0,1,0,1,1,Yes,No,0,0,No,0,0,,0
15000000.0,1735.0,Sector9 Kamothe,3.0,0.0,1,1,Yes,1,1,0,0,,0,0,No,,0
15500000.0,1300.0,Belapur,2.0,0.0,1,Yes,0,0,0,1,1,,0,0,0,0,1
3500000.0,670.0,taloja panchanand,1.0,0.0,0,1,Yes,1,Yes,0,No,No,0,0,0,0,0
47000000.0,2050.0,Powai ,4.0,1.0,1,1,1,0,1,1,Yes,1,1,1,1,1,1
16800000.0,830.0,Goregaon West,1.0,1.0,1,1,Yes,0,1,1,1,1,0,0,0,Yes,1
5800000.0,,Ulwe,,1.0,0,1,1,,1,,0,1,0,0,0,0,0
2300000.0,550.0,Nala Sopara,,0.0,No,0,,0,0,0,0,0,No,0,,0,
5200000.0,630.0,Kamothe,1.0,0.0,0,0,1,1,1,0,No,0,0,0,No,0,No
,850.0,Kandivali East,2.0,0.0,1,Yes,No,0,0,1,1,1,1,0,0,Yes,1
4950000.0,650.0,Kamothe,2.0,0.0,1,1,1,,Yes,0,No,0,No,0,0,0,0
8200000.0,1000.0,sec 50 new,2.0,,0,0,0,0,1,0,0,0,0,No,0,0,0
9450000.0,1080.0,Mira Road East,2.0,1.0,,1,0,0,0,1,1,,0,0,1,0,0
9000000.0,550.0,Mulund East,1.0,1.0,,0,0,0,0,0,,0,0,,Yes,0,0
34500000.0,2465.0,Kandivali East,4.0,0.0,1,1,Yes,0,,1,1,1,0,0,0,,1
9200000.0,1175.0,Sector-18 Ulwe,2.0,0.0,,1,1,1,,0,No,0,No,,0,0,0
32300000.0,2900.0,Sector-8 Ulwe,5.0,0.0,0,Yes,1,1,Yes,0,0,0,0,0,0,0,0
21000000.0,900.0,Soniwadi Road,2.0,,1,0,0,0,Yes,1,0,1,0,0,1,1,0
10500000.0,1098.0,Kharghar,2.0,0.0,1,1,1,1,1,,Yes,1,1,0,0,1,
10000000.0,479.0,Kandivali East,1.0,1.0,1,1,1,0,1,1,,1,1,1,No,,
8500000.0,1110.0,Panvel,2.0,1.0,1,No,0,No,,1,0,0,0,1,0,1,
13899999.0,750.0,Powai ,1.0,0.0,0,0,0,0,0,,0,0,0,0,0,0,0
3500000.0,650.0,Sector-8 Ulwe,1.0,0.0,0,1,1,1,0,1,0,0,1,0,,0,0
11000000.0,729.0,Kandivali East,2.0,1.0,1,1,1,0,1,1,0,Yes,1,0,1,,0
36000000.0,1656.0,borivali East,3.0,1.0,1,1,0,0,Yes,1,1,1,0,1,1,1,1
7700000.0,,Mira Road East,2.0,1.0,1,1,1,0,1,1,1,,1,,,1,1
10200000.0,864.0,Kandivali West,2.0,,No,,,0,0,0,0,1,0,0,1,0,No
9350000.0,,Kharghar,2.0,0.0,1,1,1,No,1,,1,Yes,,0,,1,1
8500000.0,580.0,Dahisar East,1.0,0.0,0,0,0,0,No,0,0,0,0,0,No,0,0
27500000.0,1180.0,Ville Parle East,3.0,1.0,0,0,0,No,0,0,0,0,0,0,0,,
7500000.0,385.0,nan,1.0,0.0,1,1,1,1,1,No,0,0,0,0,,0,0
2700000.0,,Taloja,1.0,0.0,0,0,0,0,0,0,No,No,,0,0,0,0
23000000.0,1360.0,Thakur Village,,0.0,No,1,1,Yes,1,0,0,0,0,0,0,0,0
26000000.0,,Malad West,2.0,0.0,1,0,No,0,0,1,0,0,0,0,0,0,1
8500000.0,,nan,2.0,,1,1,,,Yes,Yes,1,1,0,0,Yes,1,Yes
9500000.0,,Andheri  East,1.0,0.0,Yes,1,1,0,1,1,Yes,1,0,0,1,,1
18500000.0,1130.0,Hiranandani Meadows,3.0,0.0,0,1,1,1,1,0,0,0,No,0,0,,0
2150000.0,525.0,Nalasopara West,1.0,1.0,0,0,0,0,0,0,,0,0,0,0,No,0
2100000.0,495.0,Thane,1.0,1.0,No,1,1,,Yes,0,0,0,0,0,0,0,0
9000000.0,560.0,borivali East,1.0,0.0,,1,,0,1,Yes,1,0,0,No,1,1,1
15900000.0,867.0,nan,2.0,1.0,0,1,,0,1,0,0,0,0,0,0,0,0
9200000.0,400.0,Chembur Shell Colony,1.0,0.0,,1,1,Yes,1,0,0,0,,0,,0,0
,1227.0,Kharghar,,0.0,1,,1,0,1,1,1,1,1,Yes,1,1,1
2950000.0,428.0,Panvel,1.0,1.0,0,0,0,No,No,0,0,0,0,0,0,0,0
14000000.0,800.0,Bhandup West,2.0,0.0,Yes,1,1,1,1,0,1,1,1,0,Yes,1,1
10000000.0,1102.0,Mira Road East,3.0,0.0,0,1,0,0,0,0,0,1,No,0,0,0,0
7500000.0,495.0,borivali West,1.0,0.0,0,Yes,1,0,0,0,0,0,0,0,No,0,0
6000000.0,935.0,Vasai West,2.0,,0,0,0,0,0,0,No,0,0,0,0,No,
6498000.0,570.0,nan,1.0,0.0,0,1,1,,1,0,0,0,,0,0,No,0
4800000.0,540.0,Kharghar,1.0,0.0,1,1,Yes,1,1,1,1,0,0,0,0,1,1
18000000.0,1351.0,Seawoods,3.0,,1,1,,0,0,Yes,1,Yes,0,Yes,0,1,1
9041000.0,1530.0,Bhiwandi,3.0,1.0,1,1,1,0,1,1,Yes,1,1,,1,1,Yes
18000000.0,,Ghatkopar,3.0,1.0,,1,Yes,1,1,1,1,1,1,1,0,1,1
4200000.0,695.0,Ulwe,1.0,0.0,0,0,No,0,0,,0,0,0,0,0,0,0
52100000.0,1104.0,Juhu,3.0,1.0,1,Yes,1,0,0,,1,Yes,No,0,0,No,1
14900000.0,1550.0,Kharghar,3.0,0.0,0,0,1,0,0,0,,0,0,0,0,0,No
24800000.0,708.0,Andheri  West,2.0,1.0,1,0,0,0,1,0,0,1,,No,0,0,No
2750000.0,385.0,Ulwe,1.0,0.0,0,0,1,1,1,,0,0,No,0,No,0,1
4200000.0,630.0,Kharghar,1.0,0.0,Yes,Yes,Yes,,,0,1,,0,0,0,1,0
4500000.0,,Kalyan West,1.0,1.0,0,1,0,0,0,0,1,0,0,0,0,0,0
12800000.0,705.0,Thane West,2.0,1.0,1,1,1,No,0,1,1,1,1,Yes,,1,1
2600000.0,385.0,nan,1.0,0.0,0,0,0,0,No,0,0,0,0,0,No,,0
43000000.0,1950.0,Andheri  West,4.0,1.0,,1,0,0,1,1,Yes,0,1,Yes,1,0,1
14500000.0,721.0,nan,2.0,,,1,1,0,1,1,1,1,1,0,,1,1
,8511.0,nan,5.0,0.0,0,1,1,1,0,,,0,1,0,0,0,0
7200000.0,1500.0,Taloja,3.0,0.0,1,Yes,0,0,0,1,Yes,1,No,0,0,No,1
5999000.0,902.0,Thane West,2.0,0.0,1,1,1,0,0,1,1,1,1,1,0,1,Yes
4600000.0,920.0,Dombivali East,2.0,1.0,No,1,0,,0,0,0,0,0,0,0,0,0
8500000.0,990.0,Thane West,3.0,0.0,1,1,1,0,,1,Yes,1,,1,0,Yes,1
21500000.0,1350.0,borivali West,3.0,0.0,No,0,0,0,No,0,No,1,0,0,,No,0
6300000.0,850.0,Mira Road East,2.0,,,1,Yes,1,1,1,1,Yes,1,No,,1,1
,1200.0,Kharghar,3.0,0.0,0,0,1,1,1,0,0,No,0,0,0,0,0
,1530.0,Kharghar,3.0,0.0,,Yes,1,1,,1,1,,1,1,1,1,1
6787000.0,850.0,Panvel,2.0,1.0,0,0,0,No,0,No,0,0,No,0,0,0,0
11500000.0,1550.0,Ulwe,3.0,1.0,0,0,0,0,0,0,0,0,0,0,,0,0
4600000.0,700.0,Dombivli (West),1.0,0.0,0,1,0,0,No,Yes,0,No,0,0,0,0,0
120000000.0,,Bandra West,4.0,1.0,0,1,1,1,Yes,1,1,1,1,1,1,1,1
16000000.0,1944.0,Mira Road East,4.0,1.0,1,1,Yes,0,,1,1,1,1,1,Yes,,Yes
7494000.0,800.0,Majiwada,2.0,0.0,0,1,,1,1,0,0,No,0,No,No,0,No
6193000.0,1150.0,Virar,3.0,1.0,1,,1,0,1,,1,1,1,0,No,1,Yes
15500000.0,1100.0,Thakur Village,,0.0,0,1,1,1,Yes,0,0,0,0,0,0,,0
18000000.0,1069.0,Dahisar,2.0,0.0,0,0,1,Yes,Yes,0,0,0,No,0,0,0,
5700000.0,670.0,Ulwe,1.0,0.0,1,1,0,0,0,1,Yes,1,0,0,1,0,0
21000000.0,620.0,nan,2.0,0.0,0,0,1,1,,0,0,0,0,,0,No,0
3900000.0,380.0,Kharghar,,0.0,1,1,1,0,Yes,No,0,0,1,0,0,0,1
15000000.0,1600.0,Mira Road East,2.0,0.0,1,Yes,1,0,1,1,,1,1,1,0,1,1
3700000.0,,Nala Sopara,1.0,1.0,No,1,,1,Yes,1,0,1,1,0,0,0,0
10000000.0,1129.0,Kamothe,2.0,0.0,0,0,1,1,1,0,0,0,,0,0,0,0
170000000.0,2963.0,Mira Road East,4.0,0.0,Yes,1,1,1,1,1,1,,1,1,0,0,
2000000.0,390.0,Bhoiwada Kalyan,1.0,0.0,0,0,0,0,0,No,0,0,0,0,No,0,No
6500000.0,650.0,Bhayandar East,,0.0,0,1,1,No,0,1,0,1,0,0,1,0,0
2900000.0,585.0,Nalasopara West,1.0,0.0,0,,0,0,0,Yes,No,No,0,,0,0,0
16000000.0,1700.0,Sector12 Kamothe,3.0,0.0,1,1,1,1,1,0,0,0,0,0,0,0,0
17000000.0,1450.0,Kharghar,3.0,,0,0,0,0,0,0,No,0,No,0,No,0,0
27500000.0,2200.0,nan,4.0,1.0,1,1,0,0,0,1,1,1,0,0,0,1,1
36100000.0,823.0,Parel,2.0,1.0,1,,0,No,1,1,1,1,1,,0,1,1
7500000.0,800.0,Kalyan West,,0.0,No,1,0,0,0,1,0,,0,0,No,0,0
10200000.0,695.0,Chembur,1.0,0.0,0,No,,0,0,0,0,0,0,0,0,0,0
9800000.0,1170.0,Mira Road East,2.0,1.0,1,Yes,0,,1,1,1,1,1,,1,1,1
,1055.0,Panvel,2.0,1.0,1,1,1,No,1,,1,1,Yes,1,1,1,1
19100000.0,1205.0,Seawoods,1.0,0.0,1,1,Yes,1,Yes,1,1,1,Yes,0,0,Yes,1
13500000.0,527.0,Airoli,2.0,1.0,No,1,1,0,0,0,0,,0,No,No,0,No
22000000.0,1234.0,Thane West,3.0,1.0,Yes,1,Yes,No,1,Yes,1,0,1,0,0,1,1
32100000.0,928.0,Powai ,3.0,1.0,1,1,,0,1,Yes,1,,1,1,0,1,1
2800000.0,324.0,Thane West,1.0,0.0,Yes,Yes,1,0,1,1,1,,1,No,0,1,1
25500000.0,805.0,Ville Parle East,2.0,1.0,1,1,1,0,0,1,1,1,1,0,No,1,1
,1251.0,Sector 15,2.0,0.0,No,0,Yes,1,1,0,No,0,0,0,0,0,0
4850000.0,720.0,nan,1.0,0.0,0,1,1,1,1,No,0,0,0,0,0,No,No
9500000.0,1185.0,Mira Road East,3.0,0.0,,,,No,0,No,No,0,0,0,0,0,
8600000.0,550.0,nan,1.0,0.0,0,1,0,0,0,1,0,1,0,,1,0,0
14000000.0,1680.0,Kharghar,3.0,0.0,1,,1,1,1,1,1,1,1,1,0,1,1
19000000.0,1155.0,Powai ,2.0,0.0,Yes,1,1,1,Yes,1,,Yes,1,1,1,Yes,1
,1733.0,Ghatkopar East,3.0,1.0,1,,1,0,0,1,1,1,Yes,1,0,1,0
10500000.0,1075.0,Sector 35G,2.0,0.0,0,No,1,Yes,1,No,0,0,No,0,0,0,0
11000000.0,650.0,Mulund West,1.0,0.0,1,1,No,0,0,1,1,,0,0,Yes,0,0
14200000.0,1055.0,Seawoods,2.0,1.0,1,1,1,0,0,,1,1,1,1,0,1,Yes
2850000.0,324.0,Thane West,1.0,0.0,,1,1,0,1,1,1,0,1,0,0,1,1
19000000.0,764.0,Charkop,,0.0,0,1,1,Yes,1,0,0,0,,,0,,0
10000000.0,1100.0,Ulwe,,1.0,1,Yes,1,Yes,1,1,1,1,1,,Yes,1,1
8300000.0,1050.0,Kharghar,2.0,0.0,Yes,1,1,1,1,1,1,1,Yes,1,,1,1
3800000.0,650.0,Kalyan West,1.0,0.0,No,1,0,0,0,1,No,0,0,0,0,0,0
12900000.0,310.0,Prabhadevi,1.0,0.0,No,1,1,1,1,0,0,0,0,0,0,0,
3300000.0,585.0,Naigaon East,1.0,0.0,0,1,No,0,Yes,1,1,1,1,0,No,1,0
6400000.0,674.0,nan,1.0,1.0,,1,No,0,0,1,1,Yes,No,0,1,0,Yes
8000000.0,850.0,Kalwa,2.0,0.0,0,0,0,No,0,0,0,0,0,0,No,0,0
9000000.0,550.0,Dahisar West,1.0,0.0,0,,0,,0,0,0,0,0,No,0,No,0
7000000.0,1520.0,Taloja,3.0,1.0,1,1,No,0,No,1,1,,0,0,0,0,1
,2703.0,Nerul,4.0,0.0,1,Yes,1,1,,Yes,1,1,1,1,0,1,1
7200000.0,995.0,Mira Road East,,1.0,Yes,Yes,0,0,0,1,Yes,1,0,0,1,0,0
13899999.0,992.0,Dahisar,2.0,,1,1,1,0,1,1,1,1,1,0,0,1,1
6500000.0,675.0,Thane Belapur Road Kalwa,1.0,0.0,0,,,0,1,0,0,0,0,0,0,0,0
7500000.0,1250.0,Vasai east,3.0,0.0,,0,0,0,0,0,0,0,0,0,0,0,0
21000000.0,1190.0,Seawoods,2.0,0.0,Yes,1,Yes,1,1,1,Yes,1,Yes,0,1,1,1
2064000.0,688.0,Karjat,1.0,0.0,0,1,0,,,1,0,0,0,No,0,No,0
8200000.0,,nan,2.0,1.0,1,Yes,1,1,1,1,1,1,Yes,1,1,1,No
16000000.0,1039.0,nan,2.0,1.0,0,0,0,0,0,0,0,0,0,0,0,0,0
4000000.0,568.0,Bhiwandi,2.0,1.0,1,1,1,,1,Yes,0,1,1,0,0,1,0
86500000.0,1376.0,Napeansea Road,,0.0,1,1,1,1,1,1,1,Yes,1,1,0,0,1
4000000.0,425.0,nan,1.0,0.0,Yes,1,Yes,0,1,1,1,1,1,0,0,1,
17500000.0,1760.0,Kharghar,3.0,0.0,Yes,1,1,1,1,Yes,1,No,0,0,0,1,1
8000000.0,1155.0,Ulwe,2.0,0.0,,0,0,,0,No,0,0,0,0,0,0,0
,769.0,Mira Road East,1.0,1.0,1,1,1,No,1,Yes,No,0,1,0,0,1,1
7400000.0,,Sanpada,1.0,0.0,1,1,1,1,1,Yes,1,1,Yes,1,Yes,Yes,1
12200000.0,1327.0,Balkum,3.0,0.0,0,1,1,1,1,0,,0,0,No,0,0,0
6000000.0,1000.0,Kharghar,2.0,0.0,0,0,0,,0,No,0,0,0,0,0,0,0
11200000.0,1400.0,Majiwada thane,3.0,,1,1,1,Yes,1,0,0,0,0,0,0,0,0
14500000.0,865.0,Dahisar,2.0,1.0,1,1,1,No,1,Yes,,1,Yes,0,No,1,1
17500000.0,,Chembur,2.0,0.0,1,1,,,1,1,0,1,1,No,1,0,0
17500000.0,1500.0,Chembur,3.0,0.0,0,1,0,0,0,0,No,0,0,0,0,0,No
100000000.0,3300.0,Oshiwara Police Station Road,4.0,1.0,1,1,1,0,1,0,1,1,1,0,1,1,1
65000000.0,2664.0,Goregaon West,3.0,0.0,Yes,Yes,1,0,1,1,1,0,1,,1,Yes,1
4800000.0,725.0,nan,1.0,0.0,No,0,0,,0,0,0,0,0,0,0,0,0
16100000.0,627.0,Goregaon West,,,,,0,0,,1,1,1,Yes,,0,1,
,1350.0,Kharghar,2.0,0.0,0,1,1,Yes,1,0,0,1,1,No,0,0,0
21500000.0,1100.0,Andheri  West,2.0,0.0,1,1,1,0,1,No,0,1,No,0,0,1,Yes
8600000.0,950.0,Mira Road East,2.0,0.0,0,1,0,0,1,1,0,0,0,0,,1,0
14600000.0,1084.0,Seawoods,2.0,1.0,1,Yes,0,0,No,Yes,1,No,0,1,0,Yes,1
12900000.0,666.0,Chembur,1.0,0.0,0,0,1,0,1,No,,0,0,0,,0,0
21000000.0,1250.0,nan,2.0,0.0,0,0,1,1,1,No,0,,0,0,,0,No
9200000.0,981.0,Mira Road East,2.0,1.0,1,Yes,0,No,0,Yes,,0,0,0,0,0,1
2000000.0,580.0,Nala Sopara,1.0,0.0,0,1,0,0,0,1,,,0,0,0,0,0
13000000.0,1157.0,Thane West,2.0,0.0,Yes,1,1,1,1,1,1,1,1,1,0,1,1
7998999.0,700.0,nan,1.0,0.0,0,1,0,0,0,,0,,0,0,0,No,0
32500000.0,1545.0,Powai ,2.0,0.0,1,1,1,0,1,1,1,1,Yes,1,1,1,1
9500000.0,1240.0,Kharghar,2.0,0.0,1,1,,1,1,Yes,1,0,,1,0,1,1
25000000.0,900.0,Wadala,2.0,1.0,1,1,0,0,,1,1,1,0,0,0,0,1
43500000.0,2200.0,nan,,0.0,1,1,0,0,0,,,,0,0,1,0,1
6000000.0,950.0,Kalyan West,2.0,0.0,1,1,No,No,1,1,1,No,1,0,0,1,1
72000000.0,1141.0,Bandra East,3.0,1.0,0,No,0,0,0,0,No,0,0,0,0,0,1
,700.0,Mulund West,2.0,1.0,1,1,0,No,0,Yes,0,1,1,1,No,0,1
22100000.0,1075.0,Magathane,2.0,0.0,0,1,1,1,1,0,0,0,No,0,0,0,0
2000000.0,590.0,nan,1.0,0.0,Yes,1,,0,1,,1,No,,0,0,,1
65000000.0,2200.0,Bandra West,,0.0,0,0,0,,0,0,0,0,0,0,,0,0
11500000.0,1270.0,Kharghar,2.0,0.0,No,1,0,0,0,No,,0,,0,0,0,0
3920000.0,1120.0,Boisar,,1.0,No,1,0,0,,1,0,No,0,0,No,No,0
32500000.0,1124.0,Andheri  East,3.0,1.0,1,1,1,0,1,1,1,1,1,1,0,1,1
20900000.0,1165.0,nan,2.0,1.0,1,1,1,0,1,1,1,,1,1,0,1,1
9774000.0,571.0,Mira Road East,2.0,1.0,1,1,1,No,1,0,1,0,1,0,0,1,1
16500000.0,,Ghatkopar West,3.0,1.0,1,1,0,0,,1,Yes,Yes,0,0,0,0,0
2100000.0,770.0,Palghar,1.0,1.0,0,0,0,0,0,0,0,0,0,0,0,0,0
15200000.0,1490.0,Thane West,3.0,1.0,1,1,0,0,,Yes,1,1,No,No,1,,
11800000.0,2857.0,Khopoli,4.0,,1,1,0,0,0,1,1,1,0,0,0,0,1
13500000.0,995.0,Thane West,2.0,,Yes,,1,0,No,1,0,1,0,0,0,0,1
5300000.0,670.0,nan,1.0,0.0,1,1,1,1,Yes,1,Yes,0,0,,0,1,1
5690000.0,769.0,Mira Road East,1.0,,1,1,1,0,,1,0,,1,0,0,Yes,1
21000000.0,1280.0,Malad East,2.0,0.0,1,1,1,1,,Yes,1,1,0,No,0,1,1
,1650.0,Sector 17 Ulwe,3.0,0.0,1,1,,Yes,1,1,0,0,No,0,,0,0
,750.0,Kurla East,,0.0,No,1,0,0,No,0,0,0,0,,0,0,0
2500000.0,620.0,Nala Sopara,1.0,0.0,1,1,No,0,0,1,1,0,0,No,0,No,0
13000000.0,698.0,Thane West,2.0,1.0,Yes,1,1,0,1,1,1,0,,0,0,1,Yes
15800000.0,,Thane West,3.0,1.0,1,1,1,1,1,1,1,Yes,1,0,0,0,1
2476000.0,540.0,Vasai east,1.0,1.0,0,1,,0,1,0,,,No,0,0,0,0
2170000.0,505.0,Badlapur,1.0,1.0,1,1,1,1,1,Yes,,1,1,1,No,0,1
8600000.0,,Thane West,,0.0,1,1,,0,1,Yes,1,1,1,Yes,,1,1
13500000.0,750.0,Andheri  East,2.0,0.0,0,0,0,0,0,0,0,0,0,0,0,0,0
2451000.0,570.0,Nala Sopara,1.0,1.0,1,1,Yes,0,1,1,0,Yes,1,1,No,1,1
13000000.0,713.0,Thane West,2.0,1.0,1,1,1,0,Yes,1,1,0,1,0,0,1,1
4600000.0,930.0,nan,2.0,1.0,0,1,1,1,Yes,,0,1,Yes,1,0,1,0
12500000.0,765.0,Chembur,1.0,1.0,1,1,1,,1,0,1,1,No,0,0,1,
,1175.0,Magathane,2.0,0.0,1,0,1,1,1,0,0,0,0,,0,0,0
46500000.0,1413.0, WORLI South mumbai,2.0,1.0,Yes,1,Yes,1,1,1,1,1,1,,0,,1
9000000.0,,Kharghar,2.0,0.0,Yes,1,1,1,Yes,0,1,Yes,1,,0,1,1
,503.0,nan,2.0,1.0,1,Yes,1,0,0,0,0,1,,0,0,0,0
2100000.0,671.0,Neral,1.0,1.0,,0,0,0,0,,,0,0,0,0,0,0
43500000.0,2015.0,Goregaon East,4.0,1.0,Yes,1,1,,1,1,1,1,1,No,0,1,1
15000000.0,1109.0,Vasant Vihar,3.0,0.0,1,Yes,1,1,1,0,Yes,0,1,No,1,0,0
2800000.0,525.0,Panvel,1.0,1.0,,0,1,0,Yes,0,0,0,,0,0,,0
19800000.0,1400.0,Ghansoli,2.0,0.0,,1,No,No,0,1,,1,0,0,1,0,1
3500000.0,550.0,Kalyan West,1.0,0.0,0,1,0,,0,Yes,1,0,No,0,0,0,0
9500000.0,1050.0,Thane West,,0.0,1,1,0,0,0,0,1,1,0,0,1,0,1
17500000.0,1050.0,nan,2.0,0.0,No,Yes,1,Yes,1,0,0,0,0,0,0,0,
11000000.0,1166.0,Thane West,2.0,1.0,1,1,0,0,0,1,1,1,0,0,No,1,1
17500000.0,1300.0,Dahisar,3.0,0.0,0,0,0,0,,0,0,0,0,No,,0,No
,2085.0,Goregaon East,4.0,0.0,Yes,1,0,0,0,1,1,1,1,1,Yes,0,1
,1050.0,Mulund West,2.0,0.0,0,1,0,0,0,0,No,0,0,0,0,0,0
10500000.0,723.0,nan,1.0,0.0,1,1,0,0,0,,0,1,0,No,0,0,0
6300000.0,1131.0,Dombivali,3.0,1.0,0,1,0,No,0,0,Yes,0,1,,0,No,0
6400000.0,506.0,nan,1.0,0.0,0,,1,1,1,,0,1,0,0,0,0,0
8009999.0,965.0,Mira Road East,2.0,1.0,1,1,1,0,1,1,1,1,,0,0,1,1
27500000.0,3000.0,Sector-3 Ulwe,4.0,0.0,1,1,1,,Yes,1,1,1,1,Yes,0,1,1
14000000.0,650.0,Dharavi,1.0,0.0,0,1,1,0,1,1,1,0,1,0,,1,No
13799999.0,1000.0,Malad West,2.0,1.0,0,Yes,0,0,0,0,0,0,0,0,0,0,0
20000000.0,550.0,Bandra West,1.0,0.0,0,1,0,0,0,0,,,No,0,1,0,No
9500000.0,1050.0,Ulwe,2.0,1.0,1,1,No,0,1,Yes,1,1,No,0,1,1,1
6900000.0,735.0,Kharghar,1.0,0.0,1,1,,1,,1,1,1,0,1,0,,1
15000000.0,800.0,Chembur,2.0,1.0,,,1,No,1,No,0,0,0,,0,No,No
14600000.0,1084.0,Seawoods,2.0,1.0,1,1,No,No,0,Yes,Yes,1,0,1,0,Yes,1
17000000.0,2235.0,Kharghar,4.0,0.0,1,1,1,Yes,1,1,1,1,0,1,0,1,1
8600000.0,650.0,Kandivali West,1.0,0.0,0,1,1,0,,1,1,1,,0,1,1,1
15500000.0,1530.0,Kharghar,3.0,,,1,1,0,1,1,1,1,1,1,0,1,1
6600000.0,850.0,nan,2.0,,0,Yes,1,0,1,1,0,0,1,No,1,1,1
2500000.0,390.0,nan,1.0,0.0,0,0,0,0,0,1,0,0,0,0,0,,0
2255000.0,580.0,Nalasopara West,1.0,0.0,,1,0,,0,1,0,,No,0,0,0,No
8900000.0,1185.0,Mira Road East,3.0,1.0,,1,No,0,0,0,0,1,No,0,1,0,0
5950000.0,540.0,Thane West,1.0,0.0,1,,1,,0,1,0,0,,0,1,0,
25000000.0,1850.0,nan,3.0,0.0,1,1,0,0,0,1,1,1,0,0,Yes,0,1
15900000.0,798.0,Thane West,2.0,1.0,1,1,0,0,0,No,No,0,1,1,No,0,0
,924.0,Thane West,2.0,1.0,1,1,1,No,1,1,1,1,0,1,1,1,1
18900000.0,749.0,Kanjurmarg,2.0,1.0,1,0,0,,0,1,1,0,0,1,0,0,1
14000000.0,1000.0,Kandivali East,2.0,0.0,1,1,1,1,Yes,1,1,1,Yes,1,No,1,1
3300000.0,650.0,Virar,1.0,1.0,No,1,0,No,0,1,0,1,0,No,0,No,1
4163000.0,527.0,Vasai,2.0,1.0,0,1,1,0,1,0,No,1,0,0,0,0,No
11500000.0,1133.0,nan,2.0,1.0,1,0,0,0,1,1,1,1,Yes,1,0,1,1
5500000.0,650.0,Sector 30,1.0,0.0,0,,1,1,1,0,No,0,0,0,0,0,No
9750000.0,711.0,Kalwa,2.0,0.0,No,No,Yes,1,1,0,0,0,0,0,0,0,No
16000000.0,1550.0,Ghansoli,3.0,0.0,,Yes,,0,1,1,1,1,0,0,1,1,
2781000.0,690.0,Virar,1.0,1.0,1,Yes,0,0,1,Yes,1,Yes,Yes,1,0,0,0
4500000.0,650.0,Panvel,1.0,1.0,No,0,0,0,0,No,0,,0,No,0,0,0
2520000.0,630.0,Ambernath West,1.0,1.0,0,1,0,0,0,Yes,0,1,0,0,0,No,0
6498999.0,945.0,Thane West,2.0,0.0,1,,,0,0,1,1,1,1,1,No,Yes,1
5200000.0,1070.0,Dronagiri,2.0,0.0,1,1,1,1,1,1,,Yes,1,1,1,1,1
2300000.0,,Virar West,,0.0,1,1,1,1,1,0,0,0,0,No,0,0,0
,1005.0,Kharghar,2.0,0.0,1,1,0,0,0,1,1,1,0,0,Yes,0,1
40000000.0,1735.0,Wadala,3.0,0.0,1,1,1,0,1,1,1,,1,1,Yes,1,1
7000000.0,627.0,kandivali,1.0,1.0,1,1,1,,1,1,Yes,1,1,1,No,1,
4900000.0,985.0,Taloja,2.0,0.0,0,0,1,1,Yes,0,0,0,0,,No,0,0
11900000.0,500.0,Kanjurmarg East,1.0,1.0,1,1,0,0,No,1,1,1,0,0,1,0,1
10500000.0,980.0,borivali,2.0,1.0,Yes,Yes,0,No,1,1,0,1,1,0,0,,No
18000000.0,,Dahisar East,3.0,0.0,0,0,0,0,,0,0,,0,0,0,0,0
4500000.0,1000.0,Kalyan West,,0.0,Yes,1,1,,1,Yes,1,1,1,0,,0,1
5400000.0,675.0,Dombivali East,1.0,1.0,No,1,1,0,1,0,0,,1,0,0,No,0
,530.0,Sector 20 Kharghar,,0.0,1,1,1,1,,0,No,0,0,0,0,0,0
15500000.0,915.0,Thane West,2.0,1.0,0,1,0,0,0,1,0,,Yes,1,,1,0
3622000.0,805.0,Virar,1.0,1.0,1,1,1,0,,1,1,,0,1,0,,1
18800000.0,1450.0,Kandivali West,2.0,0.0,Yes,1,0,1,0,1,1,Yes,,0,Yes,No,Yes
52500000.0,2700.0,borivali West,5.0,0.0,Yes,1,1,0,1,1,1,1,,0,,1,1
3574000.0,374.0,Virar,1.0,,0,1,No,0,No,1,0,No,1,0,0,0,0
18200000.0,759.0,Mulund West,2.0,1.0,Yes,1,1,No,1,0,1,1,0,No,0,Yes,Yes
27900000.0,1404.0,Goregaon East,2.0,1.0,,1,1,,1,1,1,1,,1,0,,1
2600000.0,660.0,Badlapur East,1.0,1.0,1,1,1,0,,1,1,0,1,1,0,,Yes
9100000.0,690.0,Mira Road East,2.0,,1,1,0,0,0,1,1,Yes,No,1,0,1,1
36900000.0,970.0,Powai ,3.0,1.0,Yes,1,1,,1,Yes,1,1,1,1,0,1,1
5800000.0,540.0,nan,1.0,0.0,No,1,0,0,0,1,0,1,0,0,1,0,
6500000.0,550.0,Thane West,1.0,1.0,1,1,0,No,0,1,0,,1,1,0,0,0
2800000.0,555.0,Dronagiri,1.0,1.0,0,0,0,0,No,0,0,,0,0,0,,No
4500000.0,,Naigaon East,2.0,0.0,1,1,,0,1,1,1,1,,0,0,,
28500000.0,1350.0,nan,3.0,0.0,0,1,1,1,1,0,0,0,0,No,0,No,0
2064000.0,,Karjat,1.0,0.0,No,1,0,0,0,0,0,,0,No,0,0,0
9650000.0,645.0,Mira Road East,3.0,1.0,1,1,1,0,1,1,1,Yes,1,1,0,1,1
20000000.0,1000.0,borivali West,2.0,0.0,No,,0,0,0,,No,0,0,0,0,,No
34800000.0,950.0,Khar,2.0,1.0,1,1,,1,1,1,1,1,1,1,1,1,Yes
36100000.0,,Parel,2.0,0.0,1,1,No,0,1,1,1,1,1,1,1,1,1
33000000.0,1800.0,Samata Nagar Thakur Village,3.0,0.0,1,1,1,0,1,1,0,,1,0,1,0,1
4000000.0,670.0,Ulwe,1.0,0.0,1,0,1,1,1,0,0,0,0,,0,0,1
5400000.0,955.0,Dombivali East,2.0,1.0,0,No,0,0,,0,0,No,0,0,No,0,0
2400000.0,490.0,nan,1.0,,0,1,1,Yes,1,No,0,1,0,0,0,0,0
16500000.0,646.0,nan,2.0,1.0,1,1,0,0,Yes,1,,1,1,0,0,1,1
11500000.0,,Jogeshwari West,1.0,0.0,0,No,0,0,0,0,No,0,0,0,Yes,0,0
8500000.0,1050.0,Ulwe,2.0,1.0,Yes,Yes,0,,No,Yes,No,1,No,0,1,0,0
4000000.0,635.0,Ulwe,1.0,1.0,0,1,0,No,0,0,0,0,No,0,0,0,No
13700000.0,990.0,Kandivali West,2.0,0.0,,,0,0,No,0,0,0,0,,,0,
33400000.0,997.0,Powai ,3.0,1.0,1,1,,No,1,1,1,1,1,1,0,1,1
,585.0,Kharghar,1.0,0.0,0,1,0,0,0,0,,No,0,0,1,No,0
6500000.0,1690.0,Ulwe,3.0,0.0,1,,1,Yes,,0,0,No,No,No,0,0,1
19800000.0,677.0,Malad West,2.0,1.0,0,1,No,0,0,0,0,0,0,0,0,0,
5350000.0,610.0,Mira Road East,1.0,0.0,0,1,0,No,0,0,0,0,0,,1,0,0
7500000.0,725.0,Koparkhairane Station Road,1.0,0.0,1,0,Yes,1,1,0,1,0,0,No,,0,0
4600000.0,695.0,Kalyan West,1.0,0.0,,0,No,No,0,0,0,0,0,0,0,0,0
20000000.0,1500.0,Kandivali West,3.0,0.0,1,1,1,0,1,1,1,1,1,1,1,Yes,0
7494000.0,800.0,Majiwada,2.0,0.0,0,1,,1,1,0,0,No,0,No,No,0,No
2700000.0,610.0,Koproli,1.0,,1,0,0,0,0,0,1,0,0,0,No,0,0
3000000.0,550.0,Ulwe,1.0,0.0,0,,No,,No,0,0,0,No,0,0,0,0
,731.0,Thane West,2.0,,1,1,0,0,0,1,Yes,1,0,0,0,0,1
8900000.0,1065.0,Kharghar,,0.0,1,1,0,0,0,Yes,1,Yes,No,0,0,No,Yes
13100000.0,1100.0,Kalyan West,3.0,0.0,1,1,0,No,No,1,1,1,0,0,0,,1
34000000.0,1864.0,Andheri  West,3.0,1.0,1,0,1,1,1,1,1,,0,1,No,0,Yes
4207000.0,935.0,Virar,2.0,1.0,Yes,1,1,0,1,1,1,1,0,1,0,1,1
13000000.0,1395.0,Kharghar,3.0,0.0,1,1,1,1,1,1,1,1,0,0,0,1,1
29000000.0,1350.0,Ghatkopar,3.0,0.0,1,1,1,1,1,0,,0,1,0,Yes,0,No
4100000.0,,Kharghar,1.0,,1,1,1,1,1,0,0,1,0,0,0,No,1
18500000.0,,Kharghar,,1.0,,1,0,No,0,,1,1,0,0,0,0,1
14300000.0,686.0,Ghatkopar West,2.0,1.0,1,1,0,0,0,1,Yes,Yes,0,0,0,0,1
21500000.0,1350.0,Andheri  West,2.0,0.0,0,0,0,0,,0,0,0,0,0,No,0,0
13000000.0,850.0,Dahisar,2.0,,0,0,,0,,0,,No,0,0,0,,0
4140000.0,920.0,Dombivali East,2.0,1.0,No,1,No,0,0,,0,0,No,0,0,0,
4500000.0,,Kharghar,1.0,0.0,1,1,,Yes,1,No,Yes,0,0,0,0,Yes,
46000000.0,1150.0, WORLI,2.0,1.0,1,1,,1,Yes,1,1,1,1,Yes,0,1,1
13000000.0,2010.0,Panvel,3.0,1.0,1,Yes,1,0,1,1,1,1,1,1,0,1,1
18000000.0,1500.0,Kandivali West,3.0,1.0,1,,1,1,Yes,,1,1,1,1,0,1,Yes
6500000.0,610.0,Maharashtra Nagar,1.0,0.0,0,0,0,0,0,0,0,0,0,No,0,0,0
36700000.0,1675.0,nan,4.0,1.0,1,1,1,1,1,,Yes,1,1,0,0,1,1
8575000.0,1100.0,Kamothe,2.0,0.0,Yes,1,,,1,No,0,0,0,0,0,No,0
24000000.0,955.0,Wadala East,2.0,0.0,1,Yes,0,0,0,1,1,1,0,0,1,0,1
6500000.0,1015.0,Mira Road East,2.0,1.0,0,,1,Yes,1,1,0,0,0,,0,0,0
8500000.0,,Kharghar,2.0,1.0,1,Yes,1,0,0,1,Yes,1,No,0,0,0,0
9499000.0,580.0,borivali West,1.0,0.0,1,1,No,0,0,1,1,1,0,0,1,0,No
14000000.0,800.0,Dahisar West,2.0,0.0,0,1,0,0,0,0,0,No,0,0,1,0,0
33400000.0,2016.0,Andheri  East,3.0,1.0,1,1,Yes,0,Yes,1,1,1,1,1,,1,1
4100000.0,600.0,Kharghar,1.0,0.0,1,1,1,Yes,1,1,1,Yes,,No,0,1,1
21800000.0,716.0,Andheri  East,,1.0,1,Yes,1,No,1,1,1,1,1,1,0,1,
2650000.0,560.0,Taloja,1.0,,0,0,1,1,1,No,0,,0,0,0,No,0
47600000.0,2070.0,Andheri  West,3.0,1.0,1,1,1,0,1,Yes,1,Yes,1,Yes,No,1,1
6500000.0,735.0,nan,1.0,0.0,1,1,1,1,1,1,Yes,1,No,1,0,1,1
18000000.0,1000.0,Vashi,2.0,0.0,0,No,0,0,0,,,0,0,No,,No,
9600000.0,650.0,Magathane,1.0,0.0,0,1,1,1,1,0,0,No,0,0,No,0,0
11200000.0,700.0,Chembur,,1.0,1,0,1,0,1,1,1,1,0,,0,No,1
14500000.0,1109.0,vasant vihar thane west,3.0,0.0,1,1,1,,Yes,0,0,0,1,No,Yes,0,Yes
9500000.0,1800.0,Panvel,3.0,0.0,1,Yes,0,0,0,1,1,1,0,0,0,0,1
10000000.0,650.0,borivali West,1.0,,0,1,0,0,0,0,0,,0,,1,0,0
42000000.0,1250.0,matunga east,3.0,0.0,Yes,Yes,0,0,0,1,0,0,0,No,1,,
3100000.0,540.0,Naigaon East,1.0,0.0,1,1,1,0,1,1,1,1,1,1,0,1,1
12500000.0,800.0,Kandivali West,,1.0,Yes,1,1,1,1,1,1,1,1,Yes,0,1,1
4650000.0,525.0,Kalyan West,1.0,0.0,0,1,1,Yes,0,0,0,0,1,0,0,0,No
,700.0,Andheri  East,2.0,1.0,1,1,1,0,Yes,Yes,1,Yes,Yes,0,0,,1
23100000.0,600.0,Andheri  West,1.0,0.0,No,1,1,0,0,0,No,No,0,0,1,0,
7200000.0,657.0,Thane West,1.0,0.0,1,1,1,0,1,1,1,0,1,0,0,,1
25200000.0,1250.0,Andheri  West,2.0,0.0,1,1,0,0,1,1,1,1,0,0,0,1,1
32500000.0,997.0,Jogeshwari East,3.0,0.0,No,1,,0,1,0,0,0,1,0,0,0,0
8500000.0,1175.0,Kharghar,2.0,0.0,1,1,1,1,1,,Yes,1,0,,No,0,0
15000000.0,950.0,Dattapada,2.0,0.0,0,0,1,,1,0,0,0,0,No,0,0,0
6164000.0,399.0,Mira Road East,1.0,1.0,No,0,0,0,,0,0,0,0,0,,0,No
260000000.0,5642.0,Sion,6.0,0.0,,1,1,0,1,0,1,0,1,1,1,1,1
,737.0,Virar,3.0,1.0,1,1,1,0,1,1,1,0,0,0,0,Yes,1
5600000.0,,Kharghar,1.0,0.0,0,0,0,,0,0,0,0,0,0,0,0,0
12300000.0,1700.0,Kalyan East,3.0,1.0,Yes,Yes,0,0,0,1,1,1,0,,0,0,No
6900000.0,1287.0,Palava,3.0,,0,No,0,0,0,0,0,No,0,0,No,0,No
10100000.0,1265.0,Navi Basti,2.0,0.0,1,0,0,No,No,No,No,0,0,0,0,0,0
9400000.0,680.0,Kandivali East,2.0,0.0,1,1,Yes,1,1,1,1,1,1,0,Yes,0,1
99000000.0,2073.0,Andheri  West,3.0,,1,1,1,0,1,1,Yes,1,1,0,1,1,1
11000000.0,1230.0,Sector 17 Ulwe,2.0,0.0,Yes,Yes,1,Yes,1,0,0,,0,No,0,0,No
23500000.0,1444.0,Powai ,2.0,0.0,1,Yes,Yes,No,1,1,1,Yes,,1,1,1,1
9500000.0,635.0,borivali West,1.0,0.0,1,1,Yes,0,Yes,Yes,1,1,0,0,1,1,1
4200000.0,,Santacruz East,1.0,,1,1,,1,1,Yes,1,1,1,Yes,0,1,1
55400000.0,2250.0,Thane West,4.0,1.0,1,1,1,0,0,1,1,0,1,1,No,1,1
16000000.0,850.0,Dattapada,2.0,0.0,0,1,1,1,1,0,No,0,0,0,0,0,0
15000000.0,950.0,Mulund West,2.0,,0,1,0,0,0,0,0,0,0,0,No,0,0
15700000.0,2420.0,Panvel,4.0,1.0,1,1,1,0,1,1,1,1,1,1,0,1,1
43000000.0,1367.0,Goregaon East,3.0,,Yes,Yes,1,No,1,1,1,0,1,1,0,1,1
2795000.0,650.0,nan,1.0,1.0,0,1,1,0,1,1,0,0,Yes,0,0,0,0
3150000.0,650.0,Kalyan West,1.0,0.0,1,1,1,0,1,1,1,Yes,1,1,0,1,1
10800000.0,1026.0,Dahisar East,2.0,0.0,1,1,No,0,0,1,1,1,No,0,1,0,1
22000000.0,1715.0,Kharghar,3.0,0.0,0,,No,0,0,0,0,,0,No,,0,0
13700000.0,1380.0,Kharghar,2.0,0.0,1,1,1,1,1,1,1,1,1,0,No,1,1
14900000.0,1489.0,Thane West,3.0,1.0,1,Yes,0,,0,1,1,,0,0,1,0,1
80000000.0,2150.0,Hanuman Nagar,,0.0,0,1,1,1,0,0,0,0,1,0,0,0,0
15500000.0,761.0,Thane West,2.0,1.0,1,1,1,0,0,0,1,0,0,1,0,0,
14500000.0,900.0,Thane West,2.0,0.0,No,0,0,0,0,0,0,0,0,0,,0,0
15500000.0,600.0,nan,1.0,0.0,0,1,0,No,1,0,0,0,0,0,,0,0
12200000.0,,Chembur,1.0,0.0,1,,1,,1,0,0,0,0,No,0,0,0
2800000.0,400.0,Mira Road and Beyond,1.0,0.0,1,0,1,1,1,0,0,,No,0,,No,0
,995.0,Taloja,2.0,0.0,0,No,1,1,Yes,0,0,0,0,0,No,0,0
10000000.0,1200.0,Thane West,3.0,0.0,1,1,1,0,1,1,1,Yes,No,1,No,Yes,1
40000000.0,850.0,matunga east,2.0,0.0,1,1,0,0,No,1,0,0,0,0,Yes,0,0
27500000.0,1056.0,borivali West,3.0,1.0,Yes,Yes,0,0,1,1,1,1,1,0,0,1,1
13000000.0,1185.0,Kharghar,2.0,0.0,1,1,1,1,1,Yes,1,1,1,0,No,1,1
4500000.0,500.0,Thane West,1.0,0.0,1,Yes,1,0,1,,1,1,1,0,0,Yes,1
18500000.0,1250.0,Nerul,2.0,1.0,1,,1,0,1,1,1,0,0,0,1,1,0
14000000.0,800.0,borivali West,2.0,0.0,0,1,0,0,0,1,0,1,0,0,1,0,0
2190000.0,655.0,Badlapur East,1.0,,0,1,0,0,0,0,0,0,0,0,1,0,0
16000000.0,950.0,Dahisar,2.0,0.0,1,1,Yes,1,1,1,1,1,1,0,0,0,1
3800000.0,675.0,Petali,1.0,0.0,0,0,1,1,1,0,0,0,0,0,0,0,0
45000000.0,1100.0, WORLI,2.0,0.0,0,1,1,1,Yes,No,0,,0,0,No,0,0
8053000.0,700.0,Mira Road East,,1.0,1,1,1,1,1,1,Yes,1,1,1,0,Yes,1
16500000.0,850.0,Andheri  East,2.0,0.0,0,1,0,0,0,1,,0,0,No,,0,0
21700000.0,,Malad East,3.0,0.0,1,1,1,0,Yes,1,0,Yes,1,0,1,1,No
2950000.0,605.0,nan,1.0,1.0,0,1,Yes,1,1,Yes,1,Yes,1,1,0,1,0
16800000.0,,Sector 17 Ulwe,3.0,0.0,Yes,1,Yes,1,,0,0,0,0,0,0,0,0
20200000.0,969.0,Thane West,3.0,1.0,Yes,Yes,0,,0,1,1,1,0,0,0,No,1
8000000.0,1300.0,Tilak Nagar mumbai,3.0,0.0,0,1,0,0,0,1,0,1,,0,0,,No
2100000.0,325.0,Vasai West,1.0,0.0,0,0,0,0,0,0,,0,0,No,0,No,0
10000000.0,1234.0,Kharghar,2.0,1.0,1,1,1,0,,1,1,1,Yes,1,0,1,1
16100000.0,675.0,borivali West,2.0,1.0,1,1,1,No,1,1,0,1,0,,0,1,Yes
3300000.0,590.0,Koproli,1.0,0.0,No,0,0,0,No,0,0,,0,0,No,0,0
7000000.0,710.0,Thane West,1.0,0.0,0,,0,0,0,1,0,0,0,0,,0,
7500000.0,950.0,Mira Road East,2.0,0.0,1,1,Yes,1,Yes,1,1,Yes,0,1,,1,1
70000000.0,2400.0,Andheri  West,4.0,,1,Yes,0,0,1,1,1,1,Yes,1,0,0,1
9900000.0,1150.0,Kharghar,2.0,1.0,1,1,Yes,0,Yes,0,1,1,0,0,0,1,1
8800000.0,1005.0,Panvel,2.0,,1,Yes,1,0,Yes,,1,1,1,1,0,1,1
11200000.0,542.0,Mira Road East,2.0,1.0,1,1,0,0,0,1,Yes,0,No,1,No,1,1
5500000.0,727.0,Ulwe,1.0,0.0,0,0,0,0,0,,0,0,0,No,0,No,No
7300000.0,,Thane West,1.0,0.0,,1,0,0,0,0,,1,0,No,1,0,No
6500000.0,693.0,Mira Road East,1.0,1.0,1,1,1,0,Yes,1,1,1,1,1,,Yes,1
12500000.0,,Malad West,2.0,0.0,1,,1,0,1,Yes,1,1,,1,Yes,1,1
8600000.0,865.0,Kalyan West,2.0,0.0,No,1,0,0,0,1,0,,No,0,0,No,0
72500000.0,1750.0,Bandra West,3.0,1.0,1,1,1,Yes,Yes,1,No,Yes,0,0,0,0,0
4800000.0,655.0,Kharghar,1.0,0.0,0,0,1,1,1,0,0,0,0,0,0,0,0
7800000.0,450.0,Kandivali East,1.0,0.0,1,1,1,0,1,1,1,Yes,1,0,0,1,1
31500000.0,2415.0,Kandivali East,4.0,1.0,1,1,1,0,1,0,1,0,No,0,0,1,1
2900000.0,,Malad West,1.0,0.0,0,1,No,0,0,0,0,0,0,,1,,No
4250000.0,560.0,Thane West,1.0,0.0,1,Yes,1,0,1,,1,0,1,0,0,1,1
4600000.0,680.0,Beturkar Pada,,0.0,,1,0,0,0,0,0,No,0,0,0,0,0
5097000.0,1057.0,Virar,2.0,1.0,Yes,,0,0,No,0,0,No,,0,0,1,0
2099000.0,387.0,Palghar,1.0,1.0,0,0,No,,0,1,1,0,0,No,0,0,1
6990000.0,473.0,Thane West,1.0,1.0,1,,1,1,1,1,1,1,1,1,0,1,1
8000000.0,1100.0,Ulwe,2.0,0.0,1,,0,No,Yes,,1,1,0,0,0,1,1
14500000.0,1200.0,Thane West,3.0,0.0,1,Yes,0,0,0,1,1,1,0,0,1,0,1
11100000.0,1205.0,Seawoods,1.0,0.0,0,1,No,0,0,,No,No,0,0,0,0,0
39000000.0,2150.0,Vasant Vihar,4.0,0.0,1,1,1,1,1,0,1,0,1,0,1,No,0
12000000.0,550.0,Santacruz East,1.0,0.0,0,0,0,0,0,0,0,0,0,0,0,0,0
6998999.0,550.0,Chembur,1.0,1.0,1,1,0,No,No,,1,,0,No,1,No,1
24000000.0,1000.0,Andheri ,2.0,0.0,No,0,1,1,1,0,0,0,0,0,,No,0
13100000.0,2700.0,Panvel,4.0,0.0,Yes,1,1,0,1,1,1,1,Yes,,1,1,Yes
3650000.0,830.0,Virar,2.0,1.0,1,1,,0,1,1,Yes,0,0,1,0,1,1
,1110.0,nan,2.0,0.0,0,1,1,1,1,No,0,0,0,0,0,0,
13700000.0,663.0,Thane West,2.0,1.0,1,1,1,0,0,0,1,0,No,1,0,0,1
2575000.0,505.0,Badlapur East,,,1,1,1,0,1,1,Yes,,0,1,,1,1
8000000.0,1150.0,Kamothe,2.0,1.0,1,1,1,0,1,Yes,1,1,0,0,0,,Yes
17700000.0,984.0,Thane West,3.0,1.0,1,1,1,1,1,1,,1,1,0,0,0,1
40000000.0,2000.0,Kandivali West,4.0,0.0,Yes,1,1,0,1,1,1,0,1,0,0,1,Yes
2300000.0,690.0,Ambernath East,1.0,0.0,1,1,1,1,1,1,1,No,1,0,0,,1
6000000.0,650.0,Ulwe,1.0,0.0,0,1,,0,0,No,0,1,No,0,No,0,0
7500000.0,650.0,Thane West,1.0,0.0,,0,0,0,No,0,0,No,0,0,No,0,0
,1100.0,Kharghar,2.0,1.0,1,1,0,No,0,1,1,1,0,0,No,0,1
13000000.0,,Thane West,2.0,0.0,0,1,1,Yes,1,1,1,1,No,0,No,0,1
13500000.0,1538.0,Ulwe,3.0,1.0,1,1,,0,0,1,1,1,0,0,1,0,1
2200000.0,525.0,Nala Sopara,1.0,0.0,1,1,1,0,1,1,No,,Yes,No,0,1,No
14000000.0,671.0,Deonar,1.0,1.0,1,1,1,0,,1,,0,1,1,0,1,1
26900000.0,1505.0,Powai ,3.0,0.0,Yes,1,0,0,0,1,1,1,No,0,1,0,Yes
60500000.0,1404.0,Parel,3.0,1.0,1,Yes,0,No,1,1,1,1,1,1,0,1,Yes
4140000.0,920.0,Dombivali East,2.0,1.0,No,1,No,0,0,,0,0,No,0,0,0,
33500000.0,1501.0,Goregaon West,3.0,1.0,1,1,Yes,0,,1,1,1,0,0,0,,1
6800000.0,1098.0,Dombivali,2.0,0.0,1,Yes,1,No,Yes,1,1,1,1,1,0,1,1
25000000.0,1445.0,Powai ,,0.0,1,Yes,1,1,1,1,Yes,1,Yes,,1,1,1
3250000.0,690.0,Taloja,1.0,0.0,0,0,1,1,1,0,0,0,0,0,0,0,0
,680.0,Kalwa,1.0,0.0,0,1,0,0,No,1,0,No,0,0,0,0,0
24800000.0,958.0,Wadala East Wadala,2.0,0.0,0,Yes,1,1,1,0,,0,0,0,No,0,0
5200000.0,675.0,Ulwe,1.0,0.0,,1,Yes,1,1,Yes,1,1,1,1,Yes,1,
10000000.0,610.0,Kandivali West,1.0,0.0,1,1,1,0,1,Yes,1,Yes,0,1,0,1,1
,650.0,Kharghar,1.0,0.0,1,Yes,1,0,Yes,1,1,1,No,1,No,1,
10500000.0,1165.0,Sector9 Kamothe,2.0,0.0,,1,1,1,1,0,,0,0,No,0,0,0
9500000.0,600.0,borivali West,1.0,0.0,0,1,0,0,No,0,No,0,0,No,1,No,0
17400000.0,885.0,Powai ,2.0,0.0,1,1,Yes,0,1,1,,Yes,0,0,1,1,1
15000000.0,1380.0,Kharghar,3.0,,1,Yes,1,1,1,1,Yes,1,1,0,0,1,1
12500000.0,1240.0,Kharghar,2.0,1.0,1,1,0,0,0,1,1,1,0,0,1,,1
8000000.0,,Vasai West,3.0,0.0,0,,0,0,0,0,0,0,0,,0,0,No
13500000.0,1072.0,Malad East,1.0,0.0,0,1,0,0,0,0,0,No,0,0,0,0,0
7498999.0,1010.0,Mira Road East,2.0,,1,1,1,,,1,1,Yes,1,0,0,1,1
4067000.0,830.0,nan,2.0,1.0,,1,1,No,1,Yes,1,0,0,0,0,1,
5300000.0,600.0,Thane,2.0,0.0,1,1,Yes,Yes,Yes,0,,0,0,0,No,0,0
2580000.0,645.0,Titwala,1.0,1.0,0,1,1,0,1,0,0,,0,0,0,0,0
6000000.0,1050.0,Dronagiri,2.0,1.0,1,1,0,No,0,Yes,1,1,No,0,0,No,1
85600000.0,1705.0,nan,,1.0,1,1,1,0,1,1,1,0,0,1,No,1,1
26900000.0,1545.0,nan,3.0,,Yes,,1,1,1,1,1,1,0,1,,1,1
15500000.0,900.0,Kandivali East,2.0,,1,1,0,0,0,1,1,1,,0,1,1,1
,850.0,Naigaon East,2.0,0.0,0,,0,0,,1,0,0,0,No,0,0,0
5000000.0,1017.0,Bhiwandi,2.0,0.0,1,1,1,0,,1,1,,1,1,1,Yes,
2600000.0,324.0,Thane West,1.0,0.0,1,1,1,0,1,1,1,0,1,0,No,1,Yes
,2000.0,Thane West,4.0,,1,1,0,0,0,1,1,1,0,0,1,0,Yes
9500000.0,1005.0,Chembur,2.0,1.0,1,1,Yes,,1,1,1,1,1,1,No,Yes,Yes
7900000.0,,Bhiwandi,3.0,0.0,1,1,1,0,1,1,Yes,,1,1,1,1,1
2950000.0,630.0,Virar,1.0,1.0,1,1,1,0,1,1,1,0,0,0,0,1,1
20200000.0,1252.0,Chembur,2.0,1.0,Yes,1,Yes,0,1,1,1,1,0,0,0,Yes,1
9200000.0,1500.0,Sector 21 Kharghar,3.0,0.0,0,1,0,1,1,0,0,0,0,0,0,0,0
10000000.0,600.0,Andheri  East,1.0,0.0,0,Yes,0,0,0,0,No,0,0,,Yes,No,0
2200000.0,550.0,Nala Sopara,1.0,1.0,1,1,1,,1,1,1,0,Yes,1,,1,1
,665.0,Virar,1.0,1.0,1,Yes,Yes,0,1,1,1,0,0,0,0,1,1
16500000.0,1100.0,Vikroli East,2.0,0.0,0,1,0,0,,No,0,0,0,0,0,0,0
2150000.0,425.0,Kurla West,1.0,1.0,0,1,0,0,No,1,No,0,0,0,1,0,0
32599999.0,1306.0,Mulund West,3.0,1.0,1,0,0,0,,1,0,1,0,0,0,0,0
5500000.0,450.0,Kharghar,1.0,0.0,0,0,1,1,1,0,0,0,0,0,0,0,0
2400000.0,585.0,Nala Sopara,1.0,0.0,1,1,1,0,1,1,1,0,Yes,1,0,1,1
6787000.0,850.0,Panvel,2.0,1.0,1,1,0,0,0,Yes,1,1,0,0,No,,1
2400000.0,350.0,Dombivli (West),1.0,1.0,,1,0,0,0,1,1,1,0,,0,No,No
8995000.0,630.0,Mira Road East,2.0,1.0,1,1,0,No,1,1,1,1,1,0,0,1,1
37600000.0,1630.0,Thane West,4.0,1.0,1,1,Yes,No,0,1,1,0,1,1,0,1,1
40000000.0,1820.0,Goregaon East,2.0,0.0,,1,1,No,1,,1,1,No,0,0,1,1
21500000.0,1012.0,Thane West,3.0,1.0,Yes,1,0,0,0,Yes,1,1,0,0,No,0,1
4000000.0,600.0,Bhiwandi,1.0,,1,1,1,0,1,1,,1,,,0,1,1
2150000.0,500.0,Nalasopara West,1.0,0.0,0,0,0,0,0,0,0,0,0,0,0,,0
8100000.0,710.0,nan,1.0,1.0,1,1,1,No,1,0,1,Yes,1,No,0,Yes,1
3850000.0,635.0,Karanjade,1.0,1.0,0,1,1,Yes,1,0,No,1,1,1,1,1,0
9500000.0,1100.0,Ulwe,2.0,0.0,1,1,1,1,1,Yes,1,,Yes,1,1,1,1
10500000.0,956.0,Thane West,2.0,0.0,0,0,0,0,0,0,0,0,0,0,0,0,No
,758.0,Ulwe,,0.0,1,0,1,1,1,0,0,0,0,0,0,0,
2400000.0,560.0,KASHELI,1.0,1.0,0,1,0,0,0,No,0,No,0,0,0,0,0
11000000.0,1096.0,Kharghar,,0.0,1,1,0,0,0,1,1,0,1,0,0,1,Yes
3594000.0,850.0,Nala Sopara,2.0,1.0,1,1,1,,1,1,0,1,1,1,0,1,1
,340.0,Kandivali East,1.0,,1,1,Yes,1,1,0,1,0,0,0,0,0,0
37400000.0,3400.0,Ulwe,4.0,1.0,1,1,0,0,0,,1,1,0,0,0,0,0
9000000.0,793.0,Dahisar East,2.0,1.0,,1,1,0,1,1,0,1,No,0,0,1,0
7500000.0,850.0,Kharghar,2.0,0.0,0,No,1,Yes,1,0,No,0,0,0,0,0,0
3500000.0,,Nala Sopara,1.0,0.0,0,1,Yes,0,1,1,0,1,1,0,0,1,0
9618000.0,493.0,Panvel,2.0,1.0,1,1,,0,1,1,1,1,1,1,0,1,Yes
5100000.0,690.0,Ulwe,1.0,1.0,0,0,0,0,0,0,0,0,0,,0,0,0
,786.0,Mira Road East,,1.0,1,1,Yes,0,,Yes,1,Yes,,1,0,1,Yes
,575.0,Titwala,1.0,1.0,0,1,No,0,0,1,0,1,0,0,0,0,0
39200000.0,2061.0,nan,3.0,1.0,1,1,,0,1,1,,0,1,0,0,1,
22500000.0,1250.0,nan,3.0,0.0,1,1,0,0,0,1,0,1,0,0,,No,
7950000.0,,Hiranandani Estates,1.0,0.0,0,1,0,No,0,1,1,1,,0,1,0,
4600000.0,715.0,Ulwe,1.0,1.0,0,0,,0,0,0,0,0,0,0,0,No,0
55000000.0,1125.0,Parel,2.0,0.0,1,1,1,,1,1,1,0,1,1,0,1,Yes
2750000.0,394.0,nan,1.0,1.0,0,0,0,0,0,0,0,0,No,0,0,0,0
12800000.0,1000.0,Thane West,,0.0,1,,,1,Yes,1,1,1,1,Yes,1,1,Yes
11500000.0,641.0,Thane West,2.0,1.0,1,1,1,1,1,1,1,1,1,0,0,0,1
22500000.0,768.0,Andheri  West,2.0,0.0,Yes,1,,No,0,0,,0,0,0,1,0,1
80000000.0,2475.0,Dadar East,4.0,1.0,1,Yes,0,No,1,1,,1,,,Yes,,1
24000000.0,1250.0,Mahatma Gandhi Road,3.0,0.0,0,1,1,1,Yes,No,0,0,No,0,0,,0
14500000.0,989.0,Chembur,2.0,1.0,1,1,1,0,,1,1,1,1,1,0,1,Yes
6400000.0,1550.0,Taloja,3.0,0.0,1,Yes,1,No,0,0,No,1,0,0,0,0,1
15800000.0,1325.0,Manpada,3.0,0.0,0,1,1,1,1,No,No,,0,0,0,0,0
14000000.0,1245.0,Airoli,2.0,0.0,1,1,No,0,0,1,Yes,1,0,0,No,0,1
3500000.0,450.0,Badlapur East,1.0,1.0,,1,,No,No,1,Yes,1,0,,0,0,1
6900000.0,1060.0,nan,2.0,0.0,1,1,1,0,Yes,Yes,1,1,0,1,0,1,1
26000000.0,1125.0,Sen Nagar,2.0,0.0,0,1,0,,0,0,0,0,0,0,1,0,
6542000.0,1150.0,nan,2.0,1.0,1,1,1,1,1,1,1,1,1,1,No,1,1
3500000.0,475.0,Sector 20 Kamothe,1.0,0.0,No,0,0,0,0,0,0,0,0,,0,,0
51300000.0,1096.0,nan,3.0,1.0,1,1,0,0,1,1,1,1,1,1,0,1,1
38800000.0,2160.0,Mulund West,3.0,,1,1,,0,,1,1,No,1,1,0,1,1
23200000.0,1660.0,Malad East,3.0,0.0,0,1,No,0,0,0,No,1,0,0,0,0,No
5500000.0,650.0,Kharghar,1.0,0.0,0,1,Yes,1,,No,0,1,,No,0,1,0
101800000.0,2400.0,Andheri  West,4.0,1.0,1,1,1,0,1,1,Yes,1,,1,0,,1
,580.0,Nala Sopara,1.0,0.0,0,1,0,0,0,1,0,1,0,0,0,No,0
,650.0,Pandurangwadi,1.0,0.0,0,1,1,1,1,0,0,,0,0,0,No,0
4000000.0,650.0,Ulwe,1.0,0.0,0,1,,No,0,0,0,,0,0,1,0,0
14500000.0,829.0,borivali,2.0,1.0,1,1,1,0,1,1,Yes,1,1,1,0,1,Yes
,1100.0,Kharghar,2.0,0.0,1,,1,No,1,1,0,0,0,0,,1,1
,611.0,Vikhroli,,1.0,No,1,Yes,,,,0,,0,0,0,,
3988000.0,1108.0,Boisar,3.0,1.0,1,0,1,0,1,1,1,1,,1,0,1,1
15500000.0,1300.0,Thane West,3.0,0.0,1,1,0,0,0,1,,1,0,0,Yes,,1
18900000.0,,Wadala,2.0,1.0,1,1,0,No,0,1,1,Yes,1,1,No,,
,,Sanpada,3.0,0.0,1,1,1,1,1,1,1,1,Yes,1,1,1,1
140000000.0,3168.0,Tardeo,5.0,0.0,Yes,1,1,,1,1,,Yes,1,0,1,No,
8100000.0,720.0,Kurla,1.0,0.0,,Yes,0,0,,0,0,0,0,0,0,0,0
19500000.0,1600.0,Belapur,,0.0,1,1,0,0,,1,,1,No,0,0,0,Yes
16500000.0,1200.0,Malad East,,1.0,1,1,Yes,Yes,1,1,1,1,1,Yes,No,1,1
18000000.0,980.0,Powai ,2.0,0.0,1,1,1,0,1,1,1,1,,1,1,1,1
2450000.0,560.0,Nala Sopara,1.0,,0,1,0,,No,1,0,0,0,0,0,0,No
13000000.0,,Kharghar,,0.0,1,1,1,0,Yes,1,,Yes,1,,1,,1
11000000.0,,Kharghar,3.0,0.0,0,1,1,1,1,,0,0,0,,1,0,0
15500000.0,1645.0,Kharghar,3.0,0.0,1,1,1,Yes,Yes,0,1,1,0,0,0,1,1
17000000.0,1098.0,Mira Road East,,1.0,Yes,1,Yes,,1,1,1,1,1,1,No,1,1
15500000.0,1023.0,Malad East,2.0,0.0,0,1,0,0,0,0,0,0,No,0,No,0,0
6300000.0,980.0,Sector 17 Ulwe,2.0,0.0,No,No,0,0,,0,,0,0,0,0,0,0
5250000.0,650.0,Ulwe,1.0,,1,Yes,1,,1,0,1,0,No,No,1,,1
12700000.0,,Thane West,2.0,1.0,1,No,0,0,No,0,1,Yes,1,1,0,1,1
31200000.0,1470.0,Andheri  West,3.0,0.0,No,Yes,0,Yes,1,,0,0,No,No,0,0,0
3700000.0,640.0,Karanjade,1.0,0.0,0,0,0,0,0,No,0,No,0,0,No,0,0
10500000.0,620.0,Kanjurmarg,1.0,1.0,,1,0,0,1,Yes,1,1,1,Yes,Yes,1,1
74500000.0,3582.0, WORLI,3.0,1.0,1,Yes,1,1,1,1,1,1,1,1,1,Yes,Yes
2492000.0,660.0,nan,1.0,1.0,0,1,1,0,Yes,Yes,,1,0,0,0,,0
16500000.0,1090.0,Kandivali East,2.0,0.0,1,,1,0,Yes,1,1,1,0,0,0,Yes,1
5000000.0,640.0,Ulwe,1.0,0.0,1,0,1,1,1,0,0,0,0,0,0,0,1
12900000.0,1311.0,nan,3.0,1.0,Yes,1,1,0,1,1,Yes,,1,0,0,1,1
4099000.0,565.0,Kalyan West,1.0,0.0,0,1,Yes,No,No,Yes,0,No,0,0,0,0,No
,1558.0,Ghatkopar,3.0,1.0,0,Yes,1,0,Yes,1,1,0,Yes,0,0,Yes,1
10500000.0,1120.0,Kharghar,2.0,,,1,1,0,1,1,1,0,0,1,0,1,
22000000.0,1290.0,Goregaon East,2.0,0.0,0,0,0,0,0,0,0,0,0,0,0,0,0
,560.0,nan,1.0,0.0,0,1,1,1,,0,0,1,1,0,0,0,0
5700000.0,283.0,Thane West,1.0,1.0,1,1,0,No,0,,1,Yes,1,0,0,Yes,1
3365999.0,990.0,Boisar,3.0,1.0,Yes,No,1,0,1,1,1,1,1,Yes,0,1,
11000000.0,670.0,borivali West,1.0,,0,1,Yes,No,1,0,0,,,0,,No,0
,2300.0,Chembur,3.0,0.0,Yes,1,1,1,1,0,0,0,No,0,,0,No
4300000.0,685.0,mumbai Central,,0.0,1,1,1,Yes,1,0,1,No,,0,0,No,0
,1127.0,Kalyan West,2.0,0.0,,1,Yes,0,1,1,1,1,1,1,0,Yes,Yes
8800000.0,1185.0,Ulwe,2.0,1.0,1,,,0,0,Yes,1,1,No,0,,0,No
6800000.0,,Kalyan West,2.0,0.0,1,,0,0,0,Yes,,Yes,0,,0,0,Yes
17000000.0,1000.0,Powai ,1.0,0.0,Yes,1,0,No,,,1,1,No,0,,,
4200000.0,,Mira Road and Beyond,,0.0,1,0,1,,1,0,1,0,,0,0,,0
5500000.0,1080.0,Kalyan West,2.0,0.0,1,1,0,1,1,1,1,Yes,1,1,0,No,0
16500000.0,1020.0,Andheri  East,1.0,,Yes,1,1,No,1,0,1,,1,0,,1,1
26000000.0,1200.0,Andheri  West,3.0,0.0,1,,0,0,0,1,,0,No,No,0,0,0
7500000.0,1050.0,Seawoods,2.0,0.0,0,0,0,0,0,0,No,1,0,0,Yes,0,No
18000000.0,614.0,Malad West,2.0,,0,1,0,No,0,0,0,0,0,0,,No,0
9000000.0,1100.0,Ulwe,2.0,1.0,1,Yes,0,No,0,Yes,1,1,0,0,1,0,0
9000000.0,750.0,Kurla,1.0,0.0,0,1,No,,No,0,0,0,0,0,0,No,0
8020000.0,900.0,Dombivali East,3.0,1.0,1,Yes,0,0,No,1,Yes,1,0,0,0,0,1
3500000.0,360.0,Mira Road East,1.0,0.0,0,0,0,0,0,0,0,0,0,0,0,,0
5097000.0,1057.0,Virar,2.0,1.0,Yes,,0,0,No,0,0,No,,0,0,1,0
13000000.0,1800.0,Kharghar,3.0,0.0,1,1,Yes,1,1,1,1,1,Yes,0,0,1,1
25000000.0,1600.0,borivali West,3.0,0.0,1,,0,,No,1,No,Yes,0,0,Yes,0,0
16000000.0,900.0,Goregaon East,2.0,0.0,No,1,Yes,1,1,1,0,1,0,0,0,,No
44000000.0,1721.0,Dahisar,3.0,0.0,No,1,1,1,1,0,0,0,0,0,0,0,0
28500000.0,1485.0,nan,3.0,1.0,,1,1,0,1,0,Yes,0,0,0,0,1,Yes
15000000.0,1635.0,Kharghar,,0.0,1,1,Yes,1,Yes,1,No,1,1,0,1,0,1
,685.0,Karanjade,1.0,0.0,No,1,0,,0,,0,0,0,,0,0,No
8500000.0,,gokuldham,1.0,,0,1,Yes,1,1,0,0,,0,0,No,,0
12100000.0,1240.0,Kharghar,2.0,0.0,1,1,1,0,1,,1,1,1,1,0,1,1
9000000.0,1026.0,kolshet,2.0,0.0,0,1,Yes,1,1,0,No,0,0,0,0,0,0
8000000.0,1350.0,Ulwe,,,1,0,1,1,1,0,0,0,0,0,0,No,1
6000000.0,850.0,Kharghar,2.0,0.0,Yes,,,1,1,No,1,0,0,,0,1,Yes
29000000.0,2065.0,Ghansoli,3.0,0.0,1,1,0,0,0,1,Yes,,0,0,1,0,1
46300000.0,1797.0,Kandivali East,3.0,1.0,1,1,1,0,Yes,1,,No,No,1,No,1,1
20900000.0,667.0,Andheri  West,2.0,1.0,1,1,1,0,1,1,1,1,,0,0,1,1
20299999.0,991.0,Thane West,3.0,1.0,1,1,1,No,0,0,Yes,No,0,1,No,0,1
6656000.0,488.0,Kharegaon,1.0,0.0,0,0,Yes,Yes,Yes,0,0,0,0,0,No,0,0
,1200.0,Andheri  West,2.0,0.0,1,1,1,1,1,,,Yes,0,0,,0,0
8500000.0,650.0,Dokali Pada,2.0,0.0,1,1,1,1,1,0,0,0,,,No,0,No
5000000.0,650.0,Kharghar,1.0,0.0,0,1,0,0,No,0,0,No,,0,0,0,0
10900000.0,700.0,Thane West,2.0,1.0,1,1,0,0,No,1,1,Yes,1,1,0,No,1
8500000.0,840.0,Mira Road East,,1.0,,0,0,No,0,,0,0,0,1,0,No,0
6900000.0,1287.0,Palava,3.0,0.0,1,Yes,0,No,0,1,1,1,0,0,No,0,1
11200000.0,573.0,Ulwe,2.0,1.0,1,1,1,1,1,1,1,1,1,0,0,,1
7600000.0,1000.0,Ulwe,2.0,1.0,0,1,0,0,0,,0,1,0,0,1,No,0
8064000.0,1100.0,Kalyan East,2.0,1.0,1,1,0,0,0,1,,1,0,0,,0,0
13700000.0,1380.0,Kharghar,2.0,0.0,1,1,1,1,1,1,1,1,1,0,No,1,1
36500000.0,1500.0,Chembur,2.0,0.0,0,1,1,1,1,1,1,1,0,0,,0,0
3872000.0,,Badlapur East,2.0,1.0,1,1,1,0,1,1,1,Yes,,1,,1,Yes
3925000.0,510.0,Virar,2.0,1.0,,1,,No,1,1,1,0,0,0,0,1,1
8100000.0,972.0,Mira Road East,2.0,1.0,1,0,0,1,0,1,1,1,0,1,Yes,1,1
3700000.0,440.0,Mira Road East,1.0,1.0,No,1,1,0,1,0,0,0,1,0,Yes,0,No
4500000.0,600.0,Kharghar,1.0,,1,1,1,1,1,1,,1,1,0,0,1,1
7500000.0,660.0,Kalyan West,2.0,,0,1,1,1,,0,0,,1,0,0,0,No
7300000.0,640.0,kolshet,2.0,0.0,0,1,Yes,1,1,0,0,0,0,0,No,0,0
3711999.0,910.0,Virar,2.0,1.0,1,1,1,0,Yes,1,1,Yes,1,1,0,1,1
7600000.0,,thakur village kandivali east,1.0,0.0,0,1,Yes,0,1,0,No,0,1,0,0,,1
11200000.0,725.0,Chembur,1.0,0.0,1,Yes,Yes,1,,0,No,0,0,0,,0,0
13500000.0,,Thane West,3.0,1.0,1,1,1,,Yes,1,1,1,1,0,0,1,1
4800000.0,560.0,nan,,0.0,1,1,1,1,1,1,1,1,1,,1,Yes,Yes
18100000.0,762.0,Thane West,2.0,1.0,1,,,0,1,1,1,0,1,1,0,1,1
4400000.0,610.0,nan,1.0,0.0,1,1,1,1,1,No,,0,0,0,0,0,0
