id,listing_type,title,property_name,project,location,price,price_per_sqft,area,area_unit,area_type,bhk,bathrooms,possession,highlights,nearby,description,builder,posted_by,image,url,configurations,source_page
B86278414,PROPERTY,"2 BHK Flat in Dadar West, Mumbai","2 BHK Flat in Dadar West, Mumbai",On Request,"Dadar West, Mumbai",₹3.59 Cr,"₹46,684 /sqft",769 sqft,(71 sqm),Carpet Area,2 BHK,2,Under Construction,45th out of 54 Floors | Overlooking Main Road,,"Available under construction 2 bhk in dadar west, near kabutarkhana, 769 sqft carpet, one car parking, all modern amenities like swimming pool, gym, yoga area, jogging track, kids play area etc. Price rs 3.59 cr ++ possession december 2027, for more information please call hariom estate consultant.",Hariom Estate Consultants,,,https://www.99acres.com/2-bhk-bedroom-apartment-flat-for-sale-in-dadar-west-south-mumbai-769-sqft-r1-spid-B86278414,,1
265243,PROJECT,Suraj The Palette,Suraj The Palette,,"Dadar West, Mumbai",₹6.94 Cr | ₹8.6 - 12.27 Cr,,,,,3 BHK,,,,Mahatma Jyotibaphule School3 | Dadar Beach,"Finest 2,3 BHK apartments in Dadar West available for sale in Suraj The Palette. This society offers apartments in the price range of Rs. 6.94 - 12.27 Cr. Suraj The Palette is a RERA- registered society and P51900008207 is the RERA registration number. Suraj The Palette has apartments in multiple configurations, in range of 905 - 1,466 sqft",Suraj Estate,,,https://www.99acres.com/suraj-the-palette-dadar-west-south-mumbai-npxid-r265243,2 BHK Apartment: ₹6.94 Cr | 3 BHK Apartment: ₹8.6 - 12.27 Cr,1
401924,PROJECT,Suraj Park View,Suraj Park View,,"Dadar West, Mumbai",₹2.38 - 3.22 Cr | ₹3.53 - 4.82 Cr,,,,,2 BHK,,,,Sane Guruji Vidyalaya | DG Ruparel Chemistry Wing,"Looking for your dream home? Explore 1,2 BHK apartments in Dadar West, now available in Suraj Park View. Apartments in Suraj Park View have CARPET area ranging between 370 - 750 sqft. The housing society is RERA-registered with P51900047891 registration number. Apartments in this complex are available in price range of Rs. 2.38 - 4.82 Cr",Suraj Estate,,,https://www.99acres.com/suraj-park-view-dadar-west-south-mumbai-npxid-r401924,1 BHK Apartment: ₹2.38 - 3.22 Cr | 2 BHK Apartment: ₹3.53 - 4.82 Cr,1
384303,PROJECT,Moraj Opulence,Moraj Opulence,,"Dadar West, Mumbai",₹5.01 Cr | ₹6.71 Cr,,,,,3 BHK,,,,,"Choose your dream home from the wide variety of 2,3 BHK apartments in Dadar West, available for sale in Moraj Opulence. Moraj Opulence has apartments in multiple configurations, in range of 1,077 - 1,442 sqft. Apartments in this complex are available in price range of Rs. 5.01 - 6.71 Cr. Moraj Opulence 's RERA registration number is P51900032370",Moraj AHN Developers,,,https://www.99acres.com/moraj-opulence-dadar-west-south-mumbai-npxid-r384303,2 BHK Apartment: ₹5.01 Cr | 3 BHK Apartment: ₹6.71 Cr,1
347363,PROJECT,Sigma Garnet,Sigma Garnet,,"Dadar West, Mumbai",₹3.93 - 5.95 Cr,,,,,2 BHK,,,,Dadar Railway Station | Symbiosis Speciality Hospital,"Sigma Garnet society now offers elegantly built 2 BHK apartments in Dadar West. Here units have different sizes, mostly in range of 769 - 1,163 sqft CARPET area. Prices of apartments in this project, vary between Rs. 3.93 - 5.95 Cr. Sigma Garnet 's RERA registration number is P51900023487",CCPL,,,https://www.99acres.com/sigma-garnet-dadar-west-south-mumbai-npxid-r347363,2 BHK Apartment: ₹3.93 - 5.95 Cr,1
22810,PROJECT,Bombay Realty Island City Center,Bombay Realty Island City Center,,"Dadar East, Mumbai",₹7.66 - 9.72 Cr | ₹10.6 - 12.88 Cr,,,,,4 BHK,,,,Naigaon Monorail Metro Station | Eastern Express Highway,"Looking for your dream home? Explore 3,4 BHK apartments in Dadar East, now available in Bombay Realty Island City Center. Bombay Realty Island City Center apartments are available in multiples sizes, ranging from 1,611 - 2,514 sqft CARPET area. The housing society is RERA-registered with P51900008726 registration number. Apartment prices in this housing society vary in the range of Rs. 7.66 - 12.88 Cr",Bombay Realty,,,https://www.99acres.com/bombay-realty-island-city-center-dadar-east-south-mumbai-npxid-r22810,3 BHK Apartment: ₹7.66 - 9.72 Cr | 4 BHK Apartment: ₹10.6 - 12.88 Cr,1
407822,PROJECT,Nandivardhan Monopoli,Nandivardhan Monopoli,,"Dadar East, Mumbai",₹2.19 - 3.06 Cr | ₹3.38 - 3.82 Cr | ₹4.21 - 4.71 Cr,,,,,3 BHK,,,,ITC Grand Central Hotel | Gleneagles Hospital,"Here are beautifully built 1,2,3 BHK apartments in Dadar East, available for sale at Nandivardhan Monopoli. Prices of apartments in this project, vary between Rs. 2.19 - 4.71 Cr. Apartments in Nandivardhan Monopoli have CARPET area ranging between 445 - 1,035 sqft. Nandivardhan Monopoli 's RERA registration number is P51900049902",Mathuresh Infrapro,,,https://www.99acres.com/nandivardhan-monopoli-dadar-east-south-mumbai-npxid-r407822,1 BHK Apartment: ₹2.19 - 3.06 Cr | 2 BHK Apartment: ₹3.38 - 3.82 Cr | 3 BHK Apartment: ₹4.21 - 4.71 Cr,1
Q90478694,PROPERTY,"2 BHK Flat in Dadar West, Mumbai","2 BHK Flat in Dadar West, Mumbai",Shardashram Dadar CHS,"Dadar West, Mumbai",₹4.3 Cr,"₹35,833 /sqft","1,200 sqft",(111 sqm),Super Built-up Area,2 BHK,2,Ready To Move,2nd out of 4 Floors | Overlooking Main Road,,"Spacious 2 bhk for sale in prime dadar location | redevelopment opportunity Discover this well-Designed 2 bhk apartment (1200 sq. Ft. Built-Up) located in a secure gated society with a garden, community hall, and excellent lifestyle amenities. The home is semi-Furnished, recently renovated, bright, and well-Ventilated, offering a comfortable and move-In-Ready living experience. Location advanta...",Owner,3mo ago,,https://www.99acres.com/2-bhk-bedroom-apartment-flat-for-sale-in-shardashram-dadar-chs-dadar-west-south-mumbai-1200-sqft-spid-Q90478694,,1
463610,PROJECT,SN Janai Heritage,SN Janai Heritage,,"Dadar, Mumbai",₹6.02 Cr | ₹8.77 Cr | ₹12.11 Cr,,,,,4 BHK,,,,PD Hinduja National Hospital & Medical | Bandra Worli Sea Link,"Beautiful 2,3,4 BHK apartments in Dadar, are now available in SN Janai Heritage housing project. SN Janai Heritage apartments are available in multiples sizes, ranging from 803 - 1,615 sqft CARPET area. Apartment prices in this housing society vary in the range of Rs. 6.02 - 12.11 Cr. The housing society is RERA-registered with PR1170002502830 registration number",S N Bandekar And Associates,,,https://www.99acres.com/sn-janai-heritage-dadar-mumbai-south-npxid-r463610,2 BHK Apartment: ₹6.02 Cr | 3 BHK Apartment: ₹8.77 Cr | 4 BHK Apartment: ₹12.11 Cr,1
K92985330,PROPERTY,"2 BHK Flat in Dadar West, Mumbai","2 BHK Flat in Dadar West, Mumbai",Shardashram Dadar CHS,"Dadar West, Mumbai",₹4.3 Cr,"₹35,833 /sqft","1,200 sqft",(111 sqm),Built-up Area,2 BHK,2,Ready To Move,2nd out of 4 Floors | Centrally Air Conditioned,,"The floor plan additionally contains 2 bedroom(s), 2 bathrooms and 2 balconies. All in all, the flat is spread over a built up area of 1200 sq.Ft. The property is located on the 2nd floor of a 4 floors tall building. Being a ready to move project, you can expect immediate possession of this 10+ years old property.",Owner,2w ago,,https://www.99acres.com/2-bhk-bedroom-apartment-flat-for-sale-in-dadar-west-south-mumbai-1200-sqft-spid-K92985330,,1
470862,PROJECT,Sugee Shree Krishnakunj,Sugee Shree Krishnakunj,,"Dadar West, Mumbai",₹2.8 Cr | ₹5.71 Cr,,,,,3 BHK,,,,Chhatrapati Shivaji Maharaj Park | Proposed Dadar Metro Station,"Check out 1,3 BHK apartments in Dadar West, now available for sale at Sugee Shree Krishnakunj. Prices of apartments in this project, vary between Rs. 2.8 - 5.71 Cr. Sugee Shree Krishnakunj has apartments in multiple configurations, in range of 467 - 955 sqft. The housing society is RERA-registered with PR1170002501200 registration number",Sugee Group,,,https://www.99acres.com/sugee-shree-krishnakunj-dadar-west-south-mumbai-npxid-r470862,1 BHK Apartment: ₹2.8 Cr | 3 BHK Apartment: ₹5.71 Cr,1
449854,PROJECT,Satviki Horizon,Satviki Horizon,,"Dadar East, Mumbai",₹3.25 - 3.26 Cr | ₹4.79 - 4.94 Cr,,,,,3 BHK,,,,Saint Paul High School | Parel Hospital,"Check out 2,3 BHK apartments in Dadar East, now available for sale at Satviki Horizon. Prices of apartments in this project, vary between Rs. 3.25 - 4.94 Cr. Satviki Horizon is a RERA- registered society and PM1170002500359 is the RERA registration number. Apartments in Satviki Horizon have CARPET area ranging between 696 - 1,058 sqft",Satviki Realty,,,https://www.99acres.com/satviki-horizon-dadar-east-south-mumbai-npxid-r449854,2 BHK Apartment: ₹3.25 - 3.26 Cr | 3 BHK Apartment: ₹4.79 - 4.94 Cr,1
443199,PROJECT,HRUB Avhad Oasis,HRUB Avhad Oasis,,"Dadar West, Mumbai",₹2.95 - 3.16 Cr,,,,,2 BHK,,,,Dadar Railway Station | Dadar Beach,"Finest 2 BHK apartments in Dadar West available for sale in HRUB Avhad Oasis. Apartment prices in this housing society vary in the range of Rs. 2.95 - 3.16 Cr. The housing society is RERA-registered with P51900077721 registration number. HRUB Avhad Oasis has apartments in multiple configurations, in range of 703 - 753 sqft",HRUB Builders LLP,,,https://www.99acres.com/hrub-avhad-oasis-dadar-west-south-mumbai-npxid-r443199,2 BHK Apartment: ₹2.95 - 3.16 Cr,1
Q87814410,PROPERTY,"1 BHK Flat in Dadar West, Mumbai","1 BHK Flat in Dadar West, Mumbai",Suraj Park View,"Dadar West, Mumbai",₹3 Cr,"₹66,666 /sqft",450 sqft,(42 sqm),Carpet Area,1 BHK,1,Under Construction,22nd out of 24 Floors | Overlooking Park,,"Looking for a 1 bhk property for sale in mumbai south? Buy this 1 bhk flat in suraj park view that is situated in dadar west, mumbai south. The flat occupies a carpet area of 450 sq.Ft. That consists of 1 bedroom, 1 bathroom and 2 balconies. The residential building has 24 floors in total and the flat for sale is located on the 22nd floor. This residential property is still under construction a...",MANISHA ENTERPRISES,,,https://www.99acres.com/1-bhk-bedroom-apartment-flat-for-sale-in-suraj-park-view-dadar-west-south-mumbai-450-sqft-r1-spid-Q87814410,,1
R89034368,PROPERTY,"2 BHK Flat in Dadar West, Mumbai","2 BHK Flat in Dadar West, Mumbai",Suraj Lumiere Apartments,"Dadar West, Mumbai",₹5.15 Cr,"₹69,034 /sqft",746 sqft,(69 sqm),Carpet Area,2 BHK,2,Ready To Move,18th out of 18 Floors | Overlooking Main Road,,"This residential flat is east-Facing direction. Containing 2 bedroom(s), 2 bathrooms , this flat is spread over a carpet area of 746 sq.Ft. The property is located on the top floor of a 18 floors tall building. Being a ready to move project, you can expect immediate possession of this 1-5 years old property. The well built marble flooring enhances the aesthetic appeal of this flat. This residen...",Ck Real Estate Consultant,Dealer,,https://www.99acres.com/2-bhk-bedroom-apartment-flat-for-sale-in-suraj-lumiere-apartments-dadar-west-south-mumbai-746-sqft-r1-spid-R89034368,,1
440658,PROJECT,Sugee Gaurav,Sugee Gaurav,,"Dadar West, Mumbai",₹6.65 Cr,,,,,3 BHK,,,,Dadar Beach | Worli Metro Station,"Finest 3 BHK apartments in Dadar West available for sale in Sugee Gaurav. Prices of apartments in this project, vary between Rs. 6.65 Cr. The housing society is RERA-registered with P51900078572 registration number. Here units have different sizes, mostly in range of 1,108 sqft CARPET area",Sugee Group,,,https://www.99acres.com/sugee-gaurav-dadar-west-south-mumbai-npxid-r440658,3 BHK Apartment: ₹6.65 Cr,1
J91001306,PROPERTY,"2 BHK Flat in Dadar West, Mumbai","2 BHK Flat in Dadar West, Mumbai",sai datta,"Dadar West, Mumbai",₹3.5 Cr,"₹48,611 /sqft",720 sqft,(67 sqm),Super Built-up Area,2 BHK,2,Ready To Move,15th out of 16 Floors | East Facing,,"The flat is east-Facing. The floor plan additionally contains 2 bedroom(s), 2 bathrooms . All in all, the flat is spread over a super built up area of 720 sq.Ft. This flat lies on the 15th level of a 16 storey building. Being a ready to move project, you can expect immediate possession of this 5-10 years old property. The beautifully designed vitrified flooring enhances the beauty of the flat. ...",MITESH PRAMOD ADVIRKAR,,,https://www.99acres.com/2-bhk-bedroom-apartment-flat-for-sale-in-dadar-west-south-mumbai-720-sqft-r1-spid-J91001306,,1
430404,PROJECT,Rajadhiraj Mansion 835,Rajadhiraj Mansion 835,,"Dadar West, Mumbai",₹5.18 Cr | ₹7.43 Cr,,,,,4 BHK,,,,,"Beautiful 3,4 BHK apartments in Dadar West, are now available in Rajadhiraj Mansion 835 housing project. Apartments in Rajadhiraj Mansion 835 have CARPET area ranging between 1,147 - 1,645 sqft. This society is RERA approved and P51900076770 is the RERA number. Apartments in this complex are available in price range of Rs. 5.18 - 7.43 Cr",Rajadhiraj Construction LLP,,,https://www.99acres.com/rajadhiraj-mansion-835-dadar-west-south-mumbai-npxid-r430404,3 BHK Apartment: ₹5.18 Cr | 4 BHK Apartment: ₹7.43 Cr,1
390308,PROJECT,The Baya Midtown,The Baya Midtown,,"Dadar West, Mumbai",₹1.93 Cr | ₹2.73 Cr,,,,,2 BHK,,,,Dadar Railway Station | Dadar Metro Station,"The Baya Midtown, one of the known housing societes in Mumbai South, brings classic yet modern 1,2 BHK apartments in Dadar West. Apartments in this complex are available in price range of Rs. 1.93 - 2.73 Cr. The Baya Midtown has apartments in multiple configurations, in range of 422 - 596 sqft. The Baya Midtown is a RERA- registered society and P51900035023 is the RERA registration number",The Baya Company,,,https://www.99acres.com/the-baya-midtown-dadar-west-south-mumbai-npxid-r390308,1 BHK Apartment: ₹1.93 Cr | 2 BHK Apartment: ₹2.73 Cr,1
D91990690,PROPERTY,"2 BHK Flat in Dadar West, Mumbai","2 BHK Flat in Dadar West, Mumbai",Shree Swami Samartha Darshan,"Dadar West, Mumbai",₹2.9 Cr,"₹46,180 /sqft",627.97 sqft,(58 sqm),Carpet Area,2 BHK,1,Ready To Move,5th out of 18 Floors | Overlooking Main Road,,"This property faces the east direction. The flat occupies a carpet area of 58 sq.M. That consists of 2 bedrooms, 1 bathroom and 3 balconies. The residential building has 18 floors in total and the flat for sale is located on the 5th floor. This is a ready to move project and the property is 1-5 years old. The floor of this flat is beautifully designed using ceramic flooring, giving the flat an ...",Om Properties,Dealer,,https://www.99acres.com/2-bhk-bedroom-apartment-flat-for-sale-in-shree-swami-samartha-darshan-dadar-west-south-mumbai-628-sqft-spid-D91990690,,1
X62852964,PROPERTY,"2 BHK Flat in Lokmanya Tilak Colony, Dadar","2 BHK Flat in Lokmanya Tilak Colony, Dadar",Royal Status,"Lokmanya Tilak Colony, Dadar",₹3.2 Cr,"₹49,230 /sqft",650 sqft,(60 sqm),Carpet Area,2 BHK,2,Ready To Move,4th out of 7 Floors | Overlooking Club House,,"Fully furnished apartment very close to dadar club and dadar tt with reputed schools like king george, wadia school, don bosco,bombay scottish etc and colleges like ruia college, podar college, vjti in proximity. Walking distance from dadar station, five gardens. Connectivity with express way, upcoming mthl at 5 minutes driving distance. Well maintained and peaceful society with low outgoings.",Owner,3mo ago,,https://www.99acres.com/2-bhk-bedroom-apartment-flat-for-sale-in-lokmanya-tilak-colony-mumbai-south-650-sqft-r1-spid-X62852964,,1
387854,PROJECT,Shri Ratan Address,Shri Ratan Address,,"Dadar West, Mumbai",₹3.66 Cr,,,,,2 BHK,,,,Shree Dutt Memorial Public School | Dadar Beach,"Finest 2 BHK apartments in Dadar West available for sale in Shri Ratan Address. Prices of apartments in this project, vary between Rs. 3.66 Cr. Shri Ratan Address 's RERA registration number is P51900032985. Here units have different sizes, mostly in range of 665 sqft CARPET area",Shri Nakoda Enterprises,,,https://www.99acres.com/shri-ratan-address-dadar-west-south-mumbai-npxid-r387854,2 BHK Apartment: ₹3.66 Cr,1
C80009999,PROPERTY,"2 BHK Flat in Hindu Colony, Dadar","2 BHK Flat in Hindu Colony, Dadar",Mehta Residency,"Hindu Colony, Dadar",₹3.15 Cr,"₹52,500 /sqft",600 sqft,(56 sqm),Carpet Area,2 BHK,2,Ready To Move,3rd out of 7 Floors | East Facing,,"Mehta residency is one of mumbai south's most sought after destination for apartments and this 2 bhk flat in hindu colony is your opportunity to be a part of this community. The flat is facing the east direction. The floor plan additionally contains 2 bedroom(s), 2 bathrooms . All in all, the flat is spread over a carpet area of 600 sq.Ft. This flat is situated on the 3rd floor of this 7 floors...",Matrix Realty Solutions,Dealer,,https://www.99acres.com/2-bhk-bedroom-apartment-flat-for-sale-in-mehta-residency-hindu-colony-mumbai-south-600-sqft-r8-spid-C80009999,,1
F92713768,PROPERTY,"2 BHK Flat in Dadar West, Mumbai","2 BHK Flat in Dadar West, Mumbai",GOOD HARMONY,"Dadar West, Mumbai",₹2.75 Cr,"₹50,925 /sqft",540 sqft,(50 sqm),Carpet Area,2 BHK,2,Ready To Move,9th out of 9 Floors | Overlooking Main Road,,"The flat is facing the north-East direction. Constructed on a carpet area of 540 sq.Ft., the flat comprises 2 bedroom(s), 2 bathrooms . The flat has a total of 9 floors and this property is situated on top floor. As the project is already ready to move, so you can easily move into this 1-5 years old property. The flat comes well built with vitrified flooring options. The flat will offer a moder...",Arham Real Estate Consultants,Dealer,,https://www.99acres.com/2-bhk-bedroom-apartment-flat-for-sale-in-dadar-west-south-mumbai-540-sqft-spid-F92713768,,1
G93248860,PROPERTY,"2 BHK Flat in Dadar West, Mumbai","2 BHK Flat in Dadar West, Mumbai",Shreenath Satguru Skylight,"Dadar West, Mumbai",₹2.75 Cr,"₹41,920 /sqft",656 sqft,(61 sqm),Carpet Area,2 BHK,2,Under Construction,15th out of 17 Floors,,"The floor plan additionally contains 2 bedroom(s), 2 bathrooms and 1 balcony. All in all, the flat is spread over a carpet area of 656 sq.Ft. The residential building has 17 floors in total and the flat for sale is located on the 15th floor. This residential flat is currently under construction and you can expect the possession of the same by october l. All the modern amenities such as gymnasiu...",Owner,4d ago,,https://www.99acres.com/2-bhk-bedroom-apartment-flat-for-sale-in-shreenath-satguru-skylight-dadar-west-south-mumbai-656-sqft-spid-G93248860,,1
P67581428,PROPERTY,"2 BHK Flat in Dadar East, Mumbai","2 BHK Flat in Dadar East, Mumbai","Royal Status Building, Dadar","Dadar East, Mumbai",₹3.2 Cr,"₹40,000 /sqft",800 sqft,(74 sqm),Built-up Area,2 BHK,2,Ready To Move,4th out of 7 Floors | East Facing,,Best in class property available at dadar east location in mumbai,Owner,1mo ago,,https://www.99acres.com/2-bhk-bedroom-apartment-flat-for-sale-in-dadar-east-south-mumbai-800-sqft-spid-P67581428,,1
E92012716,PROPERTY,"1 BHK Flat in Hindu Colony, Dadar","1 BHK Flat in Hindu Colony, Dadar",The Bombay Hindu CHS,"Hindu Colony, Dadar",₹2.4 Cr,"₹50,000 /sqft",480 sqft,(45 sqm),Carpet Area,1 BHK,2,Ready To Move,1st out of 3 Floors | Open Side,,"This is a east-Facing property. Containing 1 bedroom(s), 2 bathrooms and 1 balcony, this flat is spread over a carpet area of 480 sq.Ft. This flat is situated on the 1st floor of this 3 floors tall residential building. This 10+ years old property is available for immediate possession as the project is ready to move. This residential property is situated near close to metro station, close to sc...",Amit Enterprises,Dealer,,https://www.99acres.com/1-bhk-bedroom-apartment-flat-for-sale-in-the-bombay-hindu-chs-hindu-colony-mumbai-south-480-sqft-spid-E92012716,,2
425871,PROJECT,Renaissance The Baya Sunrise,Renaissance The Baya Sunrise,,"Dadar East, Mumbai",₹2.03 Cr | ₹3.55 Cr,,,,,2 BHK,,,,St Paul’s Convent High School | KEM Hospital,"Spacious 1,2 BHK apartments in Dadar East are available for sale.Check out latest property options at Renaissance The Baya Sunrise housing society. Prices of apartments in this project, vary between Rs. 2.03 - 3.55 Cr. This society is RERA approved and P51900055576 is the RERA number. Renaissance The Baya Sunrise apartments are available in multiples sizes, ranging from 484 - 844 sqft CARPET area",Renaissance Spaces,,,https://www.99acres.com/renaissance-the-baya-sunrise-dadar-east-south-mumbai-npxid-r425871,1 BHK Apartment: ₹2.03 Cr | 2 BHK Apartment: ₹3.55 Cr,2
X93025268,PROPERTY,"2 BHK Flat in Shivaji Park, Dadar","2 BHK Flat in Shivaji Park, Dadar",Sugee Hiranya,"Shivaji Park, Dadar",₹3.1 Cr,"₹56,363 /sqft",550 sqft,(51 sqm),Carpet Area,2 BHK,2,Ready To Move,20th out of 23 Floors | Overlooking Main Road,,"The flat is east-Facing. Containing 2 bedroom(s), 2 bathrooms and 2 balconies, this flat is spread over a carpet area of 550 sq.Ft. The residential building has 23 floors in total and the flat for sale is located on the 20th floor. Being a ready to move project, you can expect immediate possession of this 1-5 years old property. Another plus point for this is that it is situated near close to m...",Amit Enterprises,Dealer,,https://www.99acres.com/2-bhk-bedroom-apartment-flat-for-sale-in-sugee-hiranya-shivaji-park-south-mumbai-550-sqft-spid-X93025268,,2
S92850032,PROPERTY,"2 BHK Flat in Shivaji Park, Dadar","2 BHK Flat in Shivaji Park, Dadar",Sugee Hiranya,"Shivaji Park, Dadar",₹3.1 Cr,"₹56,363 /sqft",550 sqft,(51 sqm),Carpet Area,2 BHK,2,Ready To Move,21st out of 23 Floors | Overlooking Main Road,,"Located on the 21st floor of a high-Rise at sugee hiranya, shivaji park, this semi-Furnished 2 bhk flat offers 550 sqft of well-Planned space with 2 bathrooms and modular kitchen. Available immediately, the 5-10 year old apartment features false ceiling lighting, central a/c, and 2 covered parking spots. Enjoy connectivity via dadar railway and metro stations nearby.",Owner,2w ago,,https://www.99acres.com/2-bhk-bedroom-apartment-flat-for-sale-in-sugee-hiranya-shivaji-park-south-mumbai-550-sqft-spid-S92850032,,2
434349,PROJECT,Sugee Srushti,Sugee Srushti,,"Dadar East, Mumbai",₹4 Cr,,,,,2 BHK,,,,Dadar TT Circle | Eastern Express Highway,"Looking for your dream home? Explore 2 BHK apartments in Dadar East, now available in Sugee Srushti. Sugee Srushti apartments are available in multiples sizes, ranging from 667 sqft CARPET area. Apartments in this complex are available in price range of Rs. 4 Cr. Sugee Srushti is a RERA- registered society and P51900077195 is the RERA registration number",Sugee Group,,,https://www.99acres.com/sugee-srushti-dadar-east-south-mumbai-npxid-r434349,2 BHK Apartment: ₹4 Cr,2
A65802264,PROPERTY,"2 BHK Flat in Dadar East, Mumbai","2 BHK Flat in Dadar East, Mumbai",chaitanya niwas,"Dadar East, Mumbai",₹3 Cr,"₹35,971 /sqft",834 sqft,(77 sqm),Carpet Area,2 BHK,1,Ready To Move,3rd out of 4 Floors,,Residential apartment for sell.The property comes with a good construction quality which ages 10 years old propertylocated in dadar (East).The property has 2 bedrooms with 1 bathroom .Available at an expected price of rs 30000000.Located on 3rd floor out of the 4,Owner,2w ago,,https://www.99acres.com/2-bhk-bedroom-apartment-flat-for-sale-in-dadar-east-south-mumbai-834-sqft-r1-spid-A65802264,,2
W90498492,PROPERTY,"2 BHK Flat in Hindu Colony, Dadar","2 BHK Flat in Hindu Colony, Dadar",Avenue 14,"Hindu Colony, Dadar",₹3.45 Cr,"₹30,803 /sqft","1,120 sqft",(104 sqm),Super Built-up Area,2 BHK,2,Ready To Move,10th out of 21 Floors | Private Garden,,"The flat is facing the west direction. The flat occupies a super built up area of 1120 sq.Ft. That consists of 2 bedrooms, 2 bathrooms . The property is located on the 10th floor of a 21 floors tall building. Being a ready to move project, you can expect immediate possession of this 5-10 years old property. The beautifully designed marble flooring enhances the beauty of the flat. This flat is l...",Prospect Realty,Dealer,,https://www.99acres.com/2-bhk-bedroom-apartment-flat-for-sale-in-avenue-14-hindu-colony-mumbai-south-1120-sqft-r1-spid-W90498492,,2
420953,PROJECT,Sugee Sukrut,Sugee Sukrut,,"Dadar West, Mumbai",₹5.33 Cr,,,,,2 BHK,,,,Kirti M. Doongursee College | Dadar Beach,"Looking for your dream home? Explore 2 BHK apartments in Dadar West, now available in Sugee Sukrut. Sugee Sukrut is a RERA- registered society and P51900051181 is the RERA registration number. Here units have different sizes, mostly in range of 799 sqft CARPET area. Apartments in this complex are available in price range of Rs. 5.33 Cr",Sugee Group,,,https://www.99acres.com/sugee-sukrut-dadar-west-south-mumbai-npxid-r420953,2 BHK Apartment: ₹5.33 Cr,2
Y92130498,PROPERTY,"2 BHK Flat in Dadar West, Mumbai","2 BHK Flat in Dadar West, Mumbai",Indrayani,"Dadar West, Mumbai",₹2.5 Cr,"₹50,000 /sqft",500 sqft,(46 sqm),Carpet Area,2 BHK,2,Ready To Move,3rd out of 7 Floors | 1 Open Parking,,"Constructed on a carpet area of 500 sq.Ft., the flat comprises 2 bedroom(s), 2 bathrooms and 2 balconies. The residential building has 7 floors in total and the flat for sale is located on the 3rd floor. Being a ready to move project, you can expect immediate possession of this 10+ years old property.",Amit Enterprises,Dealer,,https://www.99acres.com/2-bhk-bedroom-apartment-flat-for-sale-in-dadar-west-south-mumbai-500-sqft-spid-Y92130498,,2
I93352664,PROPERTY,"2 BHK Flat in Dadar West, Mumbai","2 BHK Flat in Dadar West, Mumbai",Ratan Building,"Dadar West, Mumbai",₹3.75 Cr,"₹54,904 /sqft",683 sqft,(63 sqm),Carpet Area,2 BHK,2,Ready To Move,14th out of 21 Floors | Overlooking Main Road,,"The flat is facing the west direction. Constructed on a carpet area of 683 sq.Ft., the flat comprises 2 bedroom(s), 2 bathrooms . This flat is situated on the 14th floor of this 21 floors tall residential building. This residential property is still under construction and will be available for possession immediately. The beautifully designed vitrified flooring enhances the beauty of the flat. T...",Ask realtors,,,https://www.99acres.com/2-bhk-bedroom-apartment-flat-for-sale-in-ratan-building-dadar-west-south-mumbai-683-sqft-spid-I93352664,,2
P92025442,PROPERTY,"2 BHK Flat in Shivaji Park, Dadar","2 BHK Flat in Shivaji Park, Dadar",Meeraki,"Shivaji Park, Dadar",₹3.9 Cr,"₹60,000 /sqft",650 sqft,(60 sqm),Carpet Area,2 BHK,2,Ready To Move,6th out of 22 Floors | 1 Covered Parking,,"This residential flat is north-West-Facing direction. Containing 2 bedroom(s), 2 bathrooms and 2 balconies, this flat is spread over a carpet area of 650 sq.Ft. The property is located on the 6th floor of a 22 floors tall building. An added advantage of this 0-1 year old flat is that it is available for immediate possession as the project is already ready to move. This residential property is s...",Amit Enterprises,Dealer,,https://www.99acres.com/2-bhk-bedroom-apartment-flat-for-sale-in-shivaji-park-south-mumbai-650-sqft-spid-P92025442,,2
O92549132,PROPERTY,"1 BHK Flat in Dadar West, Mumbai","1 BHK Flat in Dadar West, Mumbai",SWAMI SAMARTH MAT,"Dadar West, Mumbai",₹2.3 Cr,"₹49,462 /sqft",465 sqft,(43 sqm),Carpet Area,1 BHK,2,Ready To Move,9th out of 20 Floors | Overlooking Main Road,,"This residential flat is north-East-Facing direction. Containing 1 bedroom(s), 2 bathrooms , this flat is spread over a carpet area of 465 sq.Ft. This flat lies on the 9th level of a 20 storey building. As the project is already ready to move, so you can easily move into this 5-10 years old property. The vitrified flooring of this flat is beautifully designed and helps to give it a pleasing loo...",Arham Real Estate Consultants,Dealer,,https://www.99acres.com/1-bhk-bedroom-apartment-flat-for-sale-in-dadar-west-south-mumbai-465-sqft-spid-O92549132,,2
442003,PROJECT,Promesa West End,Promesa West End,,"Dadar West, Mumbai",₹3.28 Cr,,,,,2 BHK,,,,Dadar Beach | Peninsula Corporate Park,"Looking for your dream home? Explore 2 BHK apartments in Dadar West, now available in Promesa West End. Promesa West End 's RERA registration number is P51900004931. This society offers apartments in the price range of Rs. 3.28 Cr. Here units have different sizes, mostly in range of 684 sqft CARPET area",Promesa Realty,,,https://www.99acres.com/promesa-west-end-dadar-west-south-mumbai-npxid-r442003,2 BHK Apartment: ₹3.28 Cr,2
T87756018,PROPERTY,"2 BHK Flat in Dadar West, Mumbai","2 BHK Flat in Dadar West, Mumbai",Bhavani shankar road,"Dadar West, Mumbai",₹2.5 Cr,"₹45,454 /sqft",550 sqft,(51 sqm),Carpet Area,2 BHK,2,Ready To Move,2nd out of 3 Floors | Overlooking Main Road,,"This 2 bhk apartment is available for sale in bhavani shankar road, one of the most prominent projects for flats in dadar west, mumbai south. This residential flat is north-East-Facing direction. The flat occupies a carpet area of 550 sq.Ft. That consists of 2 bedrooms, 2 bathrooms . The property is located on the 2nd floor of a 3 floors tall building. This is a ready to move project and the pr...",Arham Real Estate Consultants,Dealer,,https://www.99acres.com/2-bhk-bedroom-apartment-flat-for-sale-in-dadar-west-south-mumbai-550-sqft-r3-spid-T87756018,,2
F90831636,PROPERTY,"2 BHK Flat in Shivaji Park, Dadar","2 BHK Flat in Shivaji Park, Dadar",XYZ,"Shivaji Park, Dadar",₹3.99 Cr,"₹58,078 /sqft",687 sqft,(64 sqm),Carpet Area,2 BHK,2,Ready To Move,10th out of 19 Floors | Overlooking Main Road,,"Containing 2 bedroom(s), 2 bathrooms , this flat is spread over a carpet area of 687 sq.Ft. The property is located on the 10th floor of a 19 floors tall building. Being a ready to move project, you can expect immediate possession of this 0-1 year old property. The vitrified flooring of this flat is beautifully designed and helps to give it a pleasing look. The flat will offer a modern lifestyl...",CRAIG TERRENCE FERNANDES,Dealer,,https://www.99acres.com/2-bhk-bedroom-apartment-flat-for-sale-in-shivaji-park-south-mumbai-687-sqft-spid-F90831636,,2
D87509310,PROPERTY,"1 BHK Flat in Dadar West, Mumbai","1 BHK Flat in Dadar West, Mumbai",S K BOLE ROAD,"Dadar West, Mumbai",₹2.3 Cr,"₹51,111 /sqft",450 sqft,(42 sqm),Carpet Area,1 BHK,1,Ready To Move,10th out of 20 Floors | Overlooking Main Road,,"This property faces the north-East direction. The flat is over 420 sq.Ft. Carpet area and comes with 1 bedroom(s), 1 bathroom . The flat has a total of 20 floors and this property is situated on 10th floor. Being a ready to move project, you can expect immediate possession of this less than 2 years old property. The beautifully designed vitrified flooring enhances the beauty of the flat. Anothe...",Arham Real Estate Consultants,Dealer,,https://www.99acres.com/1-bhk-bedroom-apartment-flat-for-sale-in-dadar-west-south-mumbai-450-sqft-r2-spid-D87509310,,2
O93027348,PROPERTY,"1 BHK Flat in Dadar West, Mumbai","1 BHK Flat in Dadar West, Mumbai",Aaryavrat,"Dadar West, Mumbai",₹2.6 Cr,"₹56,521 /sqft",460 sqft,(43 sqm),Carpet Area,1 BHK,2,Ready To Move,18th out of 22 Floors | Overlooking Main Road,,"The flat is facing the south direction. Containing 1 bedroom(s), 2 bathrooms and 1 balcony, this flat is spread over a carpet area of 460 sq.Ft. The residential building has 22 floors in total and the flat for sale is located on the 18th floor. Being a ready to move project, you can expect immediate possession of this 1-5 years old property. The flat comes well built with marble flooring option...",Amit Enterprises,Dealer,,https://www.99acres.com/1-bhk-bedroom-apartment-flat-for-sale-in-dadar-west-south-mumbai-460-sqft-spid-O93027348,,2
J92004342,PROPERTY,"2 BHK Flat in Dadar, Mumbai","2 BHK Flat in Dadar, Mumbai",SUGEE SHRADDHA,"Dadar, Mumbai",₹4 Cr,"₹56,577 /sqft",707 sqft,(66 sqm),Carpet Area,2 BHK,2,Ready To Move,10th out of 20 Floors | Overlooking Main Road,,"This residential flat is east-Facing direction. The flat is over 707 sq.Ft. Carpet area and comes with 2 bedroom(s), 2 bathrooms . This flat is situated on the 10th floor of this 20 floors tall residential building. This is a ready to move project and the property is 1-5 years old. The well built vitrified flooring enhances the aesthetic appeal of this flat. Another plus point for this is that ...",Omkar Sawant,Dealer,,https://www.99acres.com/2-bhk-bedroom-apartment-flat-for-sale-in-sugee-shraddha-dadar-mumbai-south-707-sqft-spid-J92004342,,2
X93282900,PROPERTY,"1 BHK Flat in Dadar West, Mumbai","1 BHK Flat in Dadar West, Mumbai",The Baya Midtown,"Dadar West, Mumbai",₹2.2 Cr,"₹48,351 /sqft",455 sqft,(42 sqm),Carpet Area,1 BHK,2,Ready To Move,13th out of 23 Floors,,"We are the proud owners of this 1 bhk apartment available in the baya midtown, dadar west, mumbai south. This it is a and the unit is located on 13th floor and has a carpet area of 455 sq.Ft. . It has 2 bathroom(s). The ownership is freehold type.",Owner,3d ago,,https://www.99acres.com/1-bhk-bedroom-apartment-flat-for-sale-in-the-baya-midtown-dadar-west-south-mumbai-455-sqft-spid-X93282900,,2
W87147256,PROPERTY,"1 BHK Flat in Dadar West, Mumbai","1 BHK Flat in Dadar West, Mumbai",New Chs,"Dadar West, Mumbai",₹2.21 Cr,"₹48,253 /sqft",458 sqft,(43 sqm),Carpet Area,1 BHK,2,Ready To Move,7th out of 11 Floors | Overlooking Main Road,,"Check out this 1 bhk apartment for sale in new chs, a popular residential project that houses in-Demand flats in dadar west, mumbai south. The flat is north-East-Facing. The floor plan additionally contains 1 bedroom(s), 2 bathrooms . All in all, the flat is spread over a carpet area of 458 sq.Ft. The flat has a total of 11 floors and this property is situated on 7th floor. This is a ready to m...",Arham Real Estate Consultants,Dealer,,https://www.99acres.com/1-bhk-bedroom-apartment-flat-for-sale-in-dadar-west-south-mumbai-458-sqft-r2-spid-W87147256,,2
T92649420,PROPERTY,"2 BHK Flat in Dadar West, Mumbai","2 BHK Flat in Dadar West, Mumbai",Shankar Niwas,"Dadar West, Mumbai",₹4 Cr,"₹38,095 /sqft","1,050 sqft",(98 sqm),Super Built-up Area,2 BHK,2,Ready To Move,3rd out of 3 Floors | 1 Open Parking,,Quiet and good location. Easy for grocery shopping and transport,Owner,3w ago,,https://www.99acres.com/2-bhk-bedroom-apartment-flat-for-sale-in-shankar-niwas-dadar-west-south-mumbai-1050-sqft-spid-T92649420,,2
Q93248692,PROPERTY,"1 BHK Flat in Dadar West, Mumbai","1 BHK Flat in Dadar West, Mumbai",Shreenath Satguru Skylight,"Dadar West, Mumbai",₹2.25 Cr,"₹43,021 /sqft",523 sqft,(49 sqm),Carpet Area,1 BHK,1,Under Construction,15th out of 17 Floors,,"Constructed on a carpet area of 523 sq.Ft., the flat comprises 1 bedroom(s), 1 bathroom and 1 balcony. This flat lies on the 15th level of a 17 storey building. This residential flat is currently under construction and you can expect the possession of the same by october l. Many of the modern amenities being offered, like gymnasium, will provide a pleasant living experience for you.",Owner,4d ago,,https://www.99acres.com/1-bhk-bedroom-apartment-flat-for-sale-in-shreenath-satguru-skylight-dadar-west-south-mumbai-523-sqft-spid-Q93248692,,2
R93219652,PROPERTY,"1 BHK Flat in Dadar West, Mumbai","1 BHK Flat in Dadar West, Mumbai",Shreenath Satguru Skylight,"Dadar West, Mumbai",₹1.85 Cr,"₹41,111 /sqft",450 sqft,(42 sqm),Carpet Area,1 BHK,1,Under Construction,12th out of 17 Floors,,"The floor plan additionally contains 1 bedroom(s), 1 bathroom and 1 balcony. All in all, the flat is spread over a carpet area of 450 sq.Ft. The property is located on the 12th floor of a 17 floors tall building. The flat is currently under construction stage and you can expect to get the possession of the property by november l. Shreenath satguru skylight is designed very well to provide moder...",Owner,4d ago,,https://www.99acres.com/1-bhk-bedroom-apartment-flat-for-sale-in-shreenath-satguru-skylight-dadar-west-south-mumbai-450-sqft-spid-R93219652,,2
Q92814982,PROPERTY,"2 BHK Flat in Dadar TT, Mumbai","2 BHK Flat in Dadar TT, Mumbai",Sugee Preksha,"Dadar TT, Mumbai",₹3.8 Cr,"₹44,705 /sqft",850 sqft,(79 sqm),Super Built-up Area,2 BHK,2,Ready To Move,4th out of 9 Floors,,"Premium semi-Furnished 2 bhk apartment for sale in the highly sought-After dadar tt / hindu colony precinct, one of central mumbais most centrally located yet peaceful and green residential neighbourhoods. Situated on the 4th floor of a modern sugee-Developed low-Density single-Tower building approximately 45 years old, this beautifully maintained apartment offers 702 sq. Ft. Rera carpet area a...",Owner,2w ago,,https://www.99acres.com/2-bhk-bedroom-apartment-flat-for-sale-in-sugee-preksha-dadar-tt-south-mumbai-850-sqft-spid-Q92814982,,2
X92124598,PROPERTY,"2 BHK Flat in Dadar West, Mumbai","2 BHK Flat in Dadar West, Mumbai",good shraddha,"Dadar West, Mumbai",₹4.5 Cr,"₹63,649 /sqft",707 sqft,(66 sqm),Carpet Area,2 BHK,2,Ready To Move,15th out of 16 Floors | Overlooking Main Road,,"This residential flat is north-East-Facing direction. Containing 2 bedroom(s), 2 bathrooms , this flat is spread over a carpet area of 707 sq.Ft. This flat is situated on the 15th floor of this 16 floors tall residential building. As the project is already ready to move, so you can easily move into this 1-5 years old property. The floor of this flat is beautifully designed using vitrified floor...",Arham Real Estate Consultants,Dealer,,https://www.99acres.com/2-bhk-bedroom-apartment-flat-for-sale-in-dadar-west-south-mumbai-707-sqft-spid-X92124598,,2
E93131748,PROPERTY,"2 BHK Flat in Shivaji Park, Dadar","2 BHK Flat in Shivaji Park, Dadar",buliding name park 55,"Shivaji Park, Dadar",₹4.4 Cr,"₹64,046 /sqft",687 sqft,(64 sqm),Carpet Area,2 BHK,2,Under Construction,4th out of 19 Floors,,"We are the proud owners of this 2 bhk apartment available in buliding name park 55, shivaji park, mumbai south. This it is a and the unit is located on 4th floor and has a carpet area of 687 sq.Ft. . It has 2 bathroom(s).",Owner,1w ago,,https://www.99acres.com/2-bhk-bedroom-apartment-flat-for-sale-in-shivaji-park-south-mumbai-687-sqft-spid-E93131748,,3
F79176197,PROPERTY,"2 BHK Flat in Dadar West, Mumbai","2 BHK Flat in Dadar West, Mumbai",Mb Raut Marg,"Dadar West, Mumbai",₹4.5 Cr,"₹65,502 /sqft",687 sqft,(64 sqm),Carpet Area,2 BHK,2,Ready To Move,6th out of 16 Floors | Overlooking Main Road,,"Mb raut marg is one of the most popular destination for buying apartments/ flats in dadar west, mumbai south. You too can be a part of this society by purchasing this 2 bhk flat here. This residential flat is east-Facing direction. Constructed on a carpet area of 687 sq.Ft., the flat comprises 2 bedroom(s), 2 bathrooms . The property is located on the 6th floor of a 16 floors tall building. Bei...",Arham Real Estate Consultants,Dealer,,https://www.99acres.com/2-bhk-bedroom-apartment-flat-for-sale-in-dadar-west-south-mumbai-687-sqft-r4-spid-F79176197,,3
X91582688,PROPERTY,"2 BHK Flat in Dadar West, Mumbai","2 BHK Flat in Dadar West, Mumbai",Shivaji Park House,"Dadar West, Mumbai",₹4.4 Cr,"₹64,046 /sqft",687 sqft,(64 sqm),Carpet Area,2 BHK,1,Under Construction,7th out of 19 Floors,,This project is very nearing project. Metro line 3 connects colaba to seepz in just 50mins. Dadar becomes one of the only stations with east-West and north-South access - Unlocking unmatched mobility and property value.,Owner,2mo ago,,https://www.99acres.com/2-bhk-bedroom-apartment-flat-for-sale-in-shivaji-park-house-dadar-west-south-mumbai-687-sqft-spid-X91582688,,3
B93169580,PROPERTY,"3 BHK Flat in Parsi Colony, Dadar","3 BHK Flat in Parsi Colony, Dadar",On Request,"Parsi Colony, Dadar",₹4.6 Cr,"₹38,333 /sqft","1,200 sqft",(111 sqm),Super Built-up Area,3 BHK,3,Ready To Move,15th out of 21 Floors,,"The flat is west-Facing. The floor plan additionally contains 3 bedroom(s), 3 bathrooms . All in all, the flat is spread over a super built up area of 1200 sq.Ft. This flat is situated on the 15th floor of this 21 floors tall residential building. As the project is already ready to move, so you can easily move into this 0-1 year old property. The floor of this flat is beautifully designed using...",Prospect Realty,Dealer,,https://www.99acres.com/3-bhk-bedroom-apartment-flat-for-sale-in-parsi-colony-mumbai-south-1200-sqft-spid-B93169580,,3
B91175424,PROPERTY,"3 BHK Flat in Dadar East, Mumbai","3 BHK Flat in Dadar East, Mumbai",Sugee Preksha,"Dadar East, Mumbai",₹4.5 Cr,"₹37,500 /sqft","1,200 sqft",(111 sqm),Built-up Area,3 BHK,3,Ready To Move,3rd out of 15 Floors | East Facing,,"The flat is east-Facing. The floor plan additionally contains 3 bedroom(s), 3 bathrooms and 1 balcony. All in all, the flat is spread over a built up area of 1200 sq.Ft. The flat has a total of 15 floors and this property is situated on 3rd floor. Being a ready to move project, you can expect immediate possession of this 5-10 years old property. The beautifully designed marble flooring enhances...",Prospect Realty,Dealer,,https://www.99acres.com/3-bhk-bedroom-apartment-flat-for-sale-in-sugee-preksha-dadar-east-south-mumbai-1200-sqft-r1-spid-B91175424,,3
B92614018,PROPERTY,"2 BHK Flat in Dadar West, Mumbai","2 BHK Flat in Dadar West, Mumbai",Sugee Sukrut,"Dadar West, Mumbai",₹5.6 Cr,"₹72,727 /sqft",770 sqft,(72 sqm),Carpet Area,2 BHK,2,Ready To Move,14th out of 22 Floors | Overlooking Sea,,"The floor plan additionally contains 2 bedroom(s), 2 bathrooms and 1 balcony. All in all, the flat is spread over a super built up area of 772 sq.Ft. The residential building has 22 floors in total and the flat for sale is located on the 14th floor. This 0-1 year old property is available for immediate possession as the project is ready to move. The flat comes well built with vitrified flooring...",MITESH PRAMOD ADVIRKAR,,,https://www.99acres.com/2-bhk-bedroom-apartment-flat-for-sale-in-sugee-sukrut-dadar-west-south-mumbai-772-sqft-spid-B92614018,,3
R65004174,PROPERTY,"3 BHK Flat in Dadar East, Mumbai","3 BHK Flat in Dadar East, Mumbai",Landmark Towers,"Dadar East, Mumbai",₹4.2 Cr,"₹28,668 /sqft","1,465 sqft",(136 sqm),Built-up Area,3 BHK,3,Ready To Move,17th out of 19 Floors | Overlooking Park,,"Bright airy flat with cross ventilation. Excellent undisturbed view of western and eastern coast. Well established society with ample space and facilities like a gymnasium, club house, park, play area, community hall and various other services",Owner,1mo ago,,https://www.99acres.com/3-bhk-bedroom-apartment-flat-for-sale-in-dadar-east-south-mumbai-1465-sqft-r2-spid-R65004174,,3
G91672832,PROPERTY,"2 BHK Flat in Dadar West, Mumbai","2 BHK Flat in Dadar West, Mumbai",Kohinoor Jawale,"Dadar West, Mumbai",₹4 Cr,"₹47,058 /sqft",850 sqft,(79 sqm),Carpet Area,2 BHK,2,Ready To Move,3rd out of 6 Floors | East Facing,,"This is a east-Facing property. The flat is over 850 sq.Ft. Carpet area and comes with 2 bedroom(s), 2 bathrooms and 2 balconies. The property is located on the 3rd floor of a 6 floors tall building. This is a ready to move project and the property is 10+ years old. Another plus point for this is that it is situated near close to metro station, close to school, close to hospital and close to ma...",Amit Enterprises,Dealer,,https://www.99acres.com/2-bhk-bedroom-apartment-flat-for-sale-in-dadar-west-south-mumbai-850-sqft-spid-G91672832,,3
A81513901,PROPERTY,"2 BHK Flat in Hindu Colony, Dadar","2 BHK Flat in Hindu Colony, Dadar",GOOD AMRIT,"Hindu Colony, Dadar",₹5.5 Cr,"₹50,000 /sqft","1,100 sqft",(102 sqm),Carpet Area,2 BHK,2,Ready To Move,12th out of 19 Floors | Overlooking Main Road,,"This property faces the north-East direction. The flat occupies a carpet area of 1100 sq.Ft. That consists of 2 bedrooms, 2 bathrooms . The flat has a total of 19 floors and this property is situated on 12th floor. As the project is already ready to move, so you can easily move into this 1-5 years old property. The floor of this flat is beautifully designed using vitrified flooring, giving the ...",Arham Real Estate Consultants,Dealer,,https://www.99acres.com/2-bhk-bedroom-apartment-flat-for-sale-in-hindu-colony-mumbai-south-1100-sqft-r3-spid-A81513901,,3
J90400098,PROPERTY,"3 BHK Flat in Hindu Colony, Dadar","3 BHK Flat in Hindu Colony, Dadar",Avenue 14,"Hindu Colony, Dadar",₹4.9 Cr,"₹44,545 /sqft","1,100 sqft",(102 sqm),Built-up Area,3 BHK,3,Ready To Move,13th out of 21 Floors | Overlooking Main Road,,"Situated on the 13th floor of a 21-Story high-Rise in avenue 14, hindu colony, this 3 bhk flat offers 902 sq.Ft. Of semi-Furnished living space. With 3 bedrooms and 3 bathrooms, modular kitchen, power backup, lift, and gym access, the 5-10 year old apartment is available for immediate sale in a location near key healthcare facilities and an indian bank atm. Residential apartment This is your ch...",Owner,3mo ago,,https://www.99acres.com/3-bhk-bedroom-apartment-flat-for-sale-in-avenue-14-hindu-colony-mumbai-south-1100-sqft-spid-J90400098,,3
E89657262,PROPERTY,"2 BHK Flat in Dadar West, Mumbai","2 BHK Flat in Dadar West, Mumbai",dadar manish market society,"Dadar West, Mumbai",₹5 Cr,"₹47,619 /sqft","1,050 sqft",(98 sqm),Super Built-up Area,2 BHK,2,Ready To Move,7th out of 9 Floors,,"We are the proud owners of this 2 bhk apartment available in dadar manish market society, dadar west, mumbai south. This it is a and the unit is located on 7th floor and has a super built-Up area of 1050 sq.Ft. . It has 2 bathroom(s). The ownership is freehold type.",Owner,4mo ago,,https://www.99acres.com/2-bhk-bedroom-apartment-flat-for-sale-in-dadar-west-south-mumbai-1050-sqft-spid-E89657262,,3
D77930685,PROPERTY,"3 BHK Flat in Dadar East, Mumbai","3 BHK Flat in Dadar East, Mumbai",Garden Court,"Dadar East, Mumbai",₹5.25 Cr,"₹45,851 /sqft","1,145 sqft",(106 sqm),Carpet Area,3 BHK,3,Ready To Move,15th out of 32 Floors | 1 Covered Parking,,"Discover luxurious living in dadar east with this spacious 3bhk apartment on the 15th floor, spanning 1100 sqft. Enjoy the stunning open views from six balconies, and bask in the morning sunlight with east-Facing rooms. This apartment offers top-Notch amenities including a gym, table tennis court, banquet hall, lift, car parking, and 24/7 security. Conveniently located near the station and main...",Owner,1w ago,,https://www.99acres.com/3-bhk-bedroom-apartment-flat-for-sale-in-garden-court-dadar-east-south-mumbai-1145-sqft-r1-spid-D77930685,,3
V93352848,PROPERTY,"3 BHK Flat in Dadar East, Mumbai","3 BHK Flat in Dadar East, Mumbai",Raj Navin Asha CHS,"Dadar East, Mumbai",₹4.5 Cr,"₹51,724 /sqft",870 sqft,(81 sqm),Carpet Area,3 BHK,3,Ready To Move,2nd out of 12 Floors | Overlooking Main Road,,"This is a west-Facing property. The floor plan additionally contains 3 bedroom(s), 3 bathrooms and 2 balconies. All in all, the flat is spread over a carpet area of 870 sq.Ft. This flat lies on the 2nd level of a 12 storey building. This residential flat is currently under construction and you can expect the possession of the same immediately. The floor of this flat is beautifully designed usin...",Ask realtors,,,https://www.99acres.com/3-bhk-bedroom-apartment-flat-for-sale-in-raj-navin-asha-chs-dadar-east-south-mumbai-870-sqft-spid-V93352848,,3
Z91075376,PROPERTY,"3 BHK Flat in Hindu Colony, Dadar","3 BHK Flat in Hindu Colony, Dadar",Pashmina Serene,"Hindu Colony, Dadar",₹5.2 Cr,"₹41,600 /sqft","1,250 sqft",(116 sqm),Built-up Area,3 BHK,3,Ready To Move,17th out of 20 Floors | 2 Covered Parking,,"This is a south-Facing property. The flat occupies a built up area of 1250 sq.Ft. That consists of 3 bedrooms, 3 bathrooms . The residential building has 20 floors in total and the flat for sale is located on the 17th floor. As the project is already ready to move, so you can easily move into this 10+ years old property. The flat comes well built with marble flooring options. This residential p...",Owner,2mo ago,,https://www.99acres.com/3-bhk-bedroom-apartment-flat-for-sale-in-pashmina-serene-hindu-colony-mumbai-south-1250-sqft-spid-Z91075376,,3
K92624960,PROPERTY,"2 BHK Flat in Dadar West, Mumbai","2 BHK Flat in Dadar West, Mumbai",N/A,"Dadar West, Mumbai",₹4 Cr,"₹43,956 /sqft",910 sqft,(85 sqm),Built-up Area,2 BHK,2,Ready To Move,GF out of 1 Floors | Furnished,,"Constructed on a built up area of 910 sq.Ft., the flat comprises 2 bedroom(s), 2 bathrooms . The residential building has 1 floor in total and the flat for sale is located on the ground floor. Being a ready to move project, you can expect immediate possession of this 0-1 year old property.",Owner,3w ago,,https://www.99acres.com/2-bhk-bedroom-apartment-flat-for-sale-in-dadar-west-south-mumbai-910-sqft-spid-K92624960,,3
M92201738,PROPERTY,"3 BHK Flat in Dadar East, Mumbai","3 BHK Flat in Dadar East, Mumbai",The Bombay ICC,"Dadar East, Mumbai",₹8.25 Cr,"₹35,869 /sqft","2,300 sqft",(214 sqm),Super Built-up Area,3 BHK,3,Ready To Move,60th out of 63 Floors | Overlooking Park,,"The flat is facing the south-East direction. Constructed on a super built up area of 2300 sq.Ft., the flat comprises 3 bedroom(s), 3 bathrooms . The property is located on the 60th floor of a 63 floors tall building. As the project is already ready to move, so you can easily move into this 1-5 years old property. The well built marble flooring enhances the aesthetic appeal of this flat. The bom...",Singh Realty,Dealer,,https://www.99acres.com/3-bhk-bedroom-apartment-flat-for-sale-in-the-bombay-icc-dadar-east-south-mumbai-2300-sqft-spid-M92201738,,3
F90674046,PROPERTY,"3 BHK Flat in Dadar East, Mumbai","3 BHK Flat in Dadar East, Mumbai",Kesar Aquinex,"Dadar East, Mumbai",₹5.15 Cr,"₹36,421 /sqft","1,414 sqft",(131 sqm),Super Built-up Area,3 BHK,3,Ready To Move,6th out of 20 Floors | Overlooking Main Road,,"The flat is facing the west direction. The flat is over 1414 sq.Ft. Super built up area and comes with 3 bedroom(s), 3 bathrooms . The property is located on the 6th floor of a 20 floors tall building. As the project is already ready to move, so you can easily move into this 1-5 years old property. The well built ceramic flooring enhances the aesthetic appeal of this flat. This flat is located ...",Archana Payal,Dealer,,https://www.99acres.com/3-bhk-bedroom-apartment-flat-for-sale-in-kesar-aquinex-dadar-east-south-mumbai-1414-sqft-spid-F90674046,,3
R91358116,PROPERTY,"3 BHK Flat in Shivaji Park, Dadar","3 BHK Flat in Shivaji Park, Dadar",AAKASA SHIVAJI PARK,"Shivaji Park, Dadar",₹5.21 Cr,"₹58,539 /sqft",890 sqft,(83 sqm),Carpet Area,3 BHK,3,Under Construction,13th out of 22 Floors | 2 Covered Parking,,"Aakasa shivaji park project is exclusive 3bhk residence tower with low density . There are 02 flat per floor, spacious 3bhk carpet 890 sq.Ft. This project has located on late dlip gupte road, 05 mins walkable distance from shivaji park and mahim west, has good connectivity, school- Bombay scottish school, mahim west, is one of mumbais most prestigious, co-Educational day schools. Located on vee...",Owner,2mo ago,,https://www.99acres.com/3-bhk-bedroom-apartment-flat-for-sale-in-shivaji-park-south-mumbai-890-sqft-spid-R91358116,,3
Y87756962,PROPERTY,"3 BHK Flat in Dadar East, Mumbai","3 BHK Flat in Dadar East, Mumbai",Dadar TT,"Dadar East, Mumbai",₹4.5 Cr,"₹47,872 /sqft",940 sqft,(87 sqm),Carpet Area,3 BHK,3,Ready To Move,5th out of 10 Floors | Overlooking Main Road,,"Looking for a 3 bhk property for sale in mumbai south? Buy this 3 bhk flat in dadar tt that is situated in dadar east, mumbai south. The flat is north-East-Facing. Constructed on a carpet area of 940 sq.Ft., the flat comprises 3 bedroom(s), 3 bathrooms . The property is located on the 5th floor of a 10 floors tall building. This is a ready to move project and the property is 1-5 years old. The ...",Arham Real Estate Consultants,Dealer,,https://www.99acres.com/3-bhk-bedroom-apartment-flat-for-sale-in-dadar-east-south-mumbai-940-sqft-r2-spid-Y87756962,,3
A93250576,PROPERTY,"3 BHK Flat in Dadar East, Mumbai","3 BHK Flat in Dadar East, Mumbai",Sugee Preksha,"Dadar East, Mumbai",₹4.6 Cr,"₹48,421 /sqft",950 sqft,(88 sqm),Carpet Area,3 BHK,3,Ready To Move,3rd out of 10 Floors | Overlooking Main Road,,"With three bedrooms and 3 bathrooms, its a 5 year old property available immediately.",Owner,4d ago,,https://www.99acres.com/3-bhk-bedroom-apartment-flat-for-sale-in-sugee-preksha-dadar-east-south-mumbai-950-sqft-spid-A93250576,,3
M93353842,PROPERTY,"3 BHK Flat in Dadar West, Mumbai","3 BHK Flat in Dadar West, Mumbai",Ratan Building,"Dadar West, Mumbai",₹5.25 Cr,"₹54,744 /sqft",959 sqft,(89 sqm),Carpet Area,3 BHK,3,Ready To Move,19th out of 21 Floors | Overlooking Main Road,,"The flat is facing the west direction. The flat occupies a carpet area of 959 sq.Ft. That consists of 3 bedrooms, 3 bathrooms . The residential building has 21 floors in total and the flat for sale is located on the 19th floor. Moreover, the flat is currently under construction and possession is expected immediately. The vitrified flooring of this flat is beautifully designed and helps to give ...",Ask realtors,,,https://www.99acres.com/3-bhk-bedroom-apartment-flat-for-sale-in-ratan-building-dadar-west-south-mumbai-959-sqft-spid-M93353842,,3
Q90419970,PROPERTY,"3 BHK Flat in Dadar East, Mumbai","3 BHK Flat in Dadar East, Mumbai",good chs,"Dadar East, Mumbai",₹5.9 Cr,"₹55,765 /sqft","1,058 sqft",(98 sqm),Carpet Area,3 BHK,3,Ready To Move,16th out of 25 Floors | Overlooking Main Road,,"The flat is facing the north-East direction. Containing 3 bedroom(s), 3 bathrooms , this flat is spread over a carpet area of 1058 sq.Ft. The residential building has 25 floors in total and the flat for sale is located on the 16th floor. Being a ready to move project, you can expect immediate possession of this 1-5 years old property. The beautifully designed vitrified flooring enhances the bea...",Arham Real Estate Consultants,Dealer,,https://www.99acres.com/3-bhk-bedroom-apartment-flat-for-sale-in-dadar-east-south-mumbai-1058-sqft-r1-spid-Q90419970,,3
K87851258,PROPERTY,"4 BHK Flat in Bhawani Sankar, Dadar","4 BHK Flat in Bhawani Sankar, Dadar",The Sigma Garnet,"Bhawani Sankar, Dadar",₹8 Cr,"₹50,409 /sqft","1,587 sqft",(147 sqm),Carpet Area,4 BHK,4,Under Construction,50th out of 54 Floors | Overlooking Main Road,,"This beautiful 4 bhk flat in bhawani sankar, mumbai south is situated in the sigma garnet, one of the popular residential society in mumbai south. The flat is facing the north-East direction. Containing 4 bedroom(s), 4 bathrooms , this flat is spread over a carpet area of 1587 sq.Ft. This flat is situated on the 50th floor of this 54 floors tall residential building. The flat is currently under...",MANISHA ENTERPRISES,,,https://www.99acres.com/4-bhk-bedroom-apartment-flat-for-sale-in-bhawani-sankar-mumbai-south-1587-sqft-r1-spid-K87851258,,3
V93079274,PROPERTY,"3 BHK Flat in Shivaji Park, Dadar","3 BHK Flat in Shivaji Park, Dadar",The Moraj Shivaji Park,"Shivaji Park, Dadar",₹7.7 Cr,"₹53,398 /sqft","1,442 sqft",(134 sqm),Carpet Area,3 BHK,3,Ready To Move,30th out of 41 Floors | Overlooking Sea,,"Constructed on a carpet area of 1442 sq.Ft., the flat comprises 3 bedroom(s), 3 bathrooms and 1 balcony. The residential building has 41 floors in total and the flat for sale is located on the 30th floor. This is a ready to move project and the property is 0-1 year old.",Resipro,Dealer,,https://www.99acres.com/3-bhk-bedroom-apartment-flat-for-sale-in-shivaji-park-south-mumbai-1442-sqft-spid-V93079274,,3
O87931716,PROPERTY,"4 BHK Flat in Dadar, Mumbai","4 BHK Flat in Dadar, Mumbai",Sigma garnet,"Dadar, Mumbai",₹8 Cr,"₹50,409 /sqft","1,587 sqft",(147 sqm),Carpet Area,4 BHK,4,Under Construction,50th out of 54 Floors | Overlooking Park,,"This beautiful 4 bhk flat in dadar, mumbai south is situated in sigma garnet, one of the popular residential society in mumbai south. The flat is north-Facing. Containing 4 bedroom(s), 4 bathrooms and 2 balconies, this flat is spread over a carpet area of 1587 sq.Ft. The residential building has 54 floors in total and the flat for sale is located on the 50th floor. Moreover, the flat is current...",MANISHA ENTERPRISES,,,https://www.99acres.com/4-bhk-bedroom-apartment-flat-for-sale-in-dadar-mumbai-south-1587-sqft-r1-spid-O87931716,,3
G90831854,PROPERTY,"3 BHK Flat in Shivaji Park, Dadar","3 BHK Flat in Shivaji Park, Dadar",XYZ 2,"Shivaji Park, Dadar",₹6 Cr,"₹61,728 /sqft",972 sqft,(90 sqm),Carpet Area,3 BHK,3,Ready To Move,18th out of 19 Floors | Overlooking Main Road,,"Constructed on a carpet area of 972 sq.Ft., the flat comprises 3 bedroom(s), 3 bathrooms . The property is located on the 18th floor of a 19 floors tall building. This 0-1 year old property is available for immediate possession as the project is ready to move. The floor of this flat is beautifully designed using vitrified flooring, giving the flat an alluring look. Xyz 2 is designed very well t...",CRAIG TERRENCE FERNANDES,Dealer,,https://www.99acres.com/3-bhk-bedroom-apartment-flat-for-sale-in-shivaji-park-south-mumbai-972-sqft-spid-G90831854,,4
T90903512,PROPERTY,"2 BHK Flat in Dadar West, Mumbai","2 BHK Flat in Dadar West, Mumbai",Suraj The Palette,"Dadar West, Mumbai",₹5.99 Cr,"₹60,800 /sqft",986 sqft,(92 sqm),Carpet Area,2 BHK,3,Ready To Move,34th out of 50 Floors | Overlooking Main Road,,"This residential flat is east-Facing direction. The flat is over 986 sq.Ft. Carpet area and comes with 2 bedroom(s), 3 bathrooms and 1 balcony. This flat lies on the 34th level of a 50 storey building. As the project is already ready to move, so you can easily move into this 0-1 year old property. The flat comes well built with marble flooring options. The society complex is in the close vicini...",PRAMOD GAIKAR,Dealer,,https://www.99acres.com/2-bhk-bedroom-apartment-flat-for-sale-in-suraj-the-palette-dadar-west-south-mumbai-986-sqft-spid-T90903512,,4
T92896196,PROPERTY,"2 BHK Flat in Dadar West, Mumbai","2 BHK Flat in Dadar West, Mumbai",Suraj The Palette,"Dadar West, Mumbai",₹6 Cr,"₹66,298 /sqft",905 sqft,(84 sqm),Carpet Area,2 BHK,2,Ready To Move,36th out of 49 Floors | Overlooking Main Road,,"This residential flat is west-Facing direction. Constructed on a carpet area of 905 sq.Ft., the flat comprises 2 bedroom(s), 2 bathrooms and 1 balcony. This flat is situated on the 36th floor of this 49 floors tall residential building. This is a ready to move project and the property is 0-1 year old. The vitrified flooring of this flat is beautifully designed and helps to give it a pleasing lo...",Ask realtors,,,https://www.99acres.com/2-bhk-bedroom-apartment-flat-for-sale-in-suraj-the-palette-dadar-west-south-mumbai-905-sqft-spid-T92896196,,4
N91005320,PROPERTY,"3 BHK Flat in Hindu Colony, Dadar","3 BHK Flat in Hindu Colony, Dadar",GOOD CHS,"Hindu Colony, Dadar",₹6.25 Cr,"₹52,083 /sqft","1,200 sqft",(111 sqm),Carpet Area,3 BHK,3,Ready To Move,10th out of 15 Floors | Overlooking Main Road,,"This is a north-East-Facing property. The flat is over 1200 sq.Ft. Carpet area and comes with 3 bedroom(s), 3 bathrooms and 2 balconies. This flat is situated on the 10th floor of this 15 floors tall residential building. This 1-5 years old property is available for immediate possession as the project is ready to move. The beautifully designed vitrified flooring enhances the beauty of the flat....",Arham Real Estate Consultants,Dealer,,https://www.99acres.com/3-bhk-bedroom-apartment-flat-for-sale-in-hindu-colony-mumbai-south-1200-sqft-spid-N91005320,,4
P91359486,PROPERTY,"3 BHK Flat in Shivaji Park, Dadar","3 BHK Flat in Shivaji Park, Dadar",Aakasa Shivaji Park,"Shivaji Park, Dadar",₹6.72 Cr,"₹58,434 /sqft","1,150 sqft",(107 sqm),Carpet Area,3 BHK,4,Under Construction,10th out of 22 Floors | Overlooking Park,,"Aakasa shivaji park is located very close to shivaji park and near goa portuguese restaurant. Its has preimum 3bhk residence tower only. Its very spacious 3bhk-1150 sq.Ft. Including balcony n dry area. With open 3 side view , east n west exit, with amenities like swimming pool, gym, cabna, yoga area, fitness centre, open sun deck as well. Its very close to shivaji park, school like- Bombay scot...",Owner,2mo ago,,https://www.99acres.com/3-bhk-bedroom-apartment-flat-for-sale-in-shivaji-park-south-mumbai-1150-sqft-spid-P91359486,,4
N91901894,PROPERTY,"3 BHK Flat in Dadar West, Mumbai","3 BHK Flat in Dadar West, Mumbai",On Request,"Dadar West, Mumbai",₹7 Cr,"₹63,636 /sqft","1,100 sqft",(102 sqm),Carpet Area,3 BHK,3,Ready To Move,10th out of 21 Floors | Overlooking Swimming Pool,,"Ready to move 3bhk with two balcony Well maintained buding, prime and peaceful location, 2 minute walking distance shivaji park ground, 1100 carpet,",VITTHAL PROPERTIES,Dealer,,https://www.99acres.com/3-bhk-bedroom-apartment-flat-for-sale-in-dadar-west-south-mumbai-1100-sqft-spid-N91901894,,4
J80012665,PROPERTY,"3 BHK Flat in Hindu Colony, Dadar","3 BHK Flat in Hindu Colony, Dadar",UCT Unique Exotica,"Hindu Colony, Dadar",₹6.5 Cr,"₹54,257 /sqft","1,198 sqft",(111 sqm),Carpet Area,3 BHK,3,Ready To Move,14th out of 20 Floors | North-East Facing,,"This 3 bhk flat is located in uct unique exotica, which houses some of the most spacious flats in hindu colony, mumbai south. This residential flat is north-East-Facing direction. Containing 3 bedroom(s), 3 bathrooms, this flat is spread over a carpet area of 1198 sq.Ft. The flat has a total of 20 floors and this property is situated on 14th floor. The flat is currently under construction stage...",Matrix Realty Solutions,Dealer,,https://www.99acres.com/3-bhk-bedroom-apartment-flat-for-sale-in-uct-unique-exotica-hindu-colony-mumbai-south-1198-sqft-r8-spid-J80012665,,4
F87912810,PROPERTY,"3 BHK Flat in Shivaji Park, Dadar","3 BHK Flat in Shivaji Park, Dadar",Nishigandha Tower,"Shivaji Park, Dadar",₹6.5 Cr,"₹52,000 /sqft","1,250 sqft",(116 sqm),Carpet Area,3 BHK,4,Ready To Move,18th out of 21 Floors | Overlooking Park,,"Situated in shivaji maharaj park, mumbai south, nishigandha tower is a well planned society that offers a pleasant living experience to its residents. This 3 bhk flat in mumbai south is your opportunity to be a part of this community. Constructed on a carpet area of 1250 sq.Ft., the flat comprises 3 bedroom(s), 4 bathrooms and 2 balconies. The flat has a total of 21 floors and this property is ...",Owner,1w ago,,https://www.99acres.com/3-bhk-bedroom-apartment-flat-for-sale-in-shivaji-park-south-mumbai-1250-sqft-r5-spid-F87912810,,4
F91695204,PROPERTY,"3 BHK Flat in Hindu Colony, Dadar","3 BHK Flat in Hindu Colony, Dadar",UCT Unique Exotica,"Hindu Colony, Dadar",₹6.3 Cr,"₹46,666 /sqft","1,350 sqft",(125 sqm),Super Built-up Area,3 BHK,4,Ready To Move,15th out of 16 Floors | Overlooking Main Road,,That is 3 bhk apartment colony with 4 washrooms 2 car parking very prime location,Prospect Realty,Dealer,,https://www.99acres.com/3-bhk-bedroom-apartment-flat-for-sale-in-uct-unique-exotica-hindu-colony-mumbai-south-1350-sqft-spid-F91695204,,4
F92387330,PROPERTY,"3 BHK Flat in Dadar, Mumbai","3 BHK Flat in Dadar, Mumbai",the bombay icc.,"Dadar, Mumbai",₹6.5 Cr,"₹51,669 /sqft","1,258 sqft",(117 sqm),Super Built-up Area,3 BHK,3,Ready To Move,14th out of 44 Floors | East Facing,,"Spread over expansive acres of bespoke tranquility, an oasis of luxury stands tall in the heart of mumbai. Surrounded by acres of open green space, icc brings to mumbai a new way of living with luxury residencies and carefully planned amenities. The island city center (Icc) introduces luxury 3, 4 and 5 bhk flats in dadar, mumbai, redefining sophistication and setting new benchmarks for modern l...",JAI AMBE ADVISORY,Dealer,,https://www.99acres.com/3-bhk-bedroom-apartment-flat-for-sale-in-dadar-mumbai-south-1258-sqft-spid-F92387330,,4
F92609156,PROPERTY,"3 BHK Flat in Shivaji Park, Dadar","3 BHK Flat in Shivaji Park, Dadar",Shree Siddhi Tower,"Shivaji Park, Dadar",₹7.5 Cr,"₹55,555 /sqft","1,350 sqft",(125 sqm),Carpet Area,3 BHK,4,Ready To Move,20th out of 22 Floors | 3 Covered Parking,,"Constructed on a carpet area of 1350 sq.Ft., the flat comprises 3 bedroom(s), 4 bathrooms and 2 balconies. The residential building has 22 floors in total and the flat for sale is located on the 20th floor. Being a ready to move project, you can expect immediate possession of this 1-5 years old property. Many of the modern amenities being offered, like gymnasium, swimming pool, visitor parking,...",Owner,4w ago,,https://www.99acres.com/3-bhk-bedroom-apartment-flat-for-sale-in-shivaji-park-south-mumbai-1350-sqft-spid-F92609156,,4
Q92073630,PROPERTY,"2 BHK Flat in Shivaji Park, Dadar","2 BHK Flat in Shivaji Park, Dadar",UCT Unique Serenity,"Shivaji Park, Dadar",₹6.5 Cr,"₹72,302 /sqft",899 sqft,(84 sqm),Carpet Area,2 BHK,2,Ready To Move,11th out of 20 Floors | Overlooking Park,,"This is a east-Facing property. The flat is over 899 sq.Ft. Carpet area and comes with 2 bedroom(s), 2 bathrooms . The residential building has 20 floors in total and the flat for sale is located on the 11th floor. Being a ready to move project, you can expect immediate possession of this 0-1 year old property. This flat is located near close to metro station, close to hospital, close to railwa...",Omprakash Dubey,Dealer,,https://www.99acres.com/2-bhk-bedroom-apartment-flat-for-sale-in-uct-unique-serenity-shivaji-park-south-mumbai-899-sqft-spid-Q92073630,,4
O91922862,PROPERTY,"3 BHK Flat in Dadar West, Mumbai","3 BHK Flat in Dadar West, Mumbai",Sugee Shraddha,"Dadar West, Mumbai",₹6.25 Cr,"₹66,137 /sqft",945 sqft,(88 sqm),Carpet Area,3 BHK,3,Ready To Move,8th out of 20 Floors | Overlooking Park,,"Key highlights: Configuration: Spacious & premium 3 bhk residences Status: Ready to move in (Immediate possession | no gst) Location: Dadar west, near portuguese church Pricing: 6.25 cr (All-Inclusive) Structure: Magnificent 20-Story tower Amenities: State-Of-The-Art modern lifestyle features Why choose sugee shraddha 3 bhk? Finding a spacious, brand-New 3 bhk with immediate possession in dadar...",M S Property Solution,Dealer,,https://www.99acres.com/3-bhk-bedroom-apartment-flat-for-sale-in-dadar-west-south-mumbai-945-sqft-spid-O91922862,,4
E92124922,PROPERTY,"3 BHK Flat in Dadar West, Mumbai","3 BHK Flat in Dadar West, Mumbai",good shraddha,"Dadar West, Mumbai",₹6.25 Cr,"₹66,137 /sqft",945 sqft,(88 sqm),Carpet Area,3 BHK,3,Ready To Move,9th out of 16 Floors | Overlooking Main Road,,"This is a north-East-Facing property. The floor plan additionally contains 3 bedroom(s), 3 bathrooms . All in all, the flat is spread over a carpet area of 945 sq.Ft. The residential building has 16 floors in total and the flat for sale is located on the 9th floor. This is a ready to move project and the property is 1-5 years old. The beautifully designed vitrified flooring enhances the beauty ...",Arham Real Estate Consultants,Dealer,,https://www.99acres.com/3-bhk-bedroom-apartment-flat-for-sale-in-dadar-west-south-mumbai-945-sqft-spid-E92124922,,4
D93270692,PROPERTY,"3 BHK Flat in Shivaji Park, Dadar","3 BHK Flat in Shivaji Park, Dadar",Park 55,"Shivaji Park, Dadar",₹6.5 Cr,"₹66,872 /sqft",972 sqft,(90 sqm),Carpet Area,3 BHK,3,Under Construction,17th out of 19 Floors | Overlooking Main Road,,Metro line 3 connects colaba to seepz in 50mins.Dadar becomes one of the only stations with east-West and north-South access - Unlocking unmatched mobility and property value.,Owner,3d ago,,https://www.99acres.com/3-bhk-bedroom-apartment-flat-for-sale-in-shivaji-park-south-mumbai-972-sqft-spid-D93270692,,4
N92613814,PROPERTY,"2 BHK Flat in Shivaji Park, Dadar","2 BHK Flat in Shivaji Park, Dadar",UCT Unique Serenity,"Shivaji Park, Dadar",₹6.5 Cr,"₹71,193 /sqft",913 sqft,(85 sqm),Super Built-up Area,2 BHK,2,Ready To Move,10th out of 21 Floors | Overlooking Sea,,"The flat is facing the east direction. Constructed on a super built up area of 913 sq.Ft., the flat comprises 2 bedroom(s), 2 bathrooms . The property is located on the 10th floor of a 21 floors tall building. Being a ready to move project, you can expect immediate possession of this 0-1 year old property. The floor of this flat is beautifully designed using vitrified flooring, giving the flat ...",MITESH PRAMOD ADVIRKAR,,,https://www.99acres.com/2-bhk-bedroom-apartment-flat-for-sale-in-uct-unique-serenity-shivaji-park-south-mumbai-913-sqft-spid-N92613814,,4
Q90903722,PROPERTY,"2 BHK Flat in Dadar West, Mumbai","2 BHK Flat in Dadar West, Mumbai",Suraj The Palette,"Dadar West, Mumbai",₹6.39 Cr,"₹64,807 /sqft",986 sqft,(92 sqm),Carpet Area,2 BHK,2,Ready To Move,30th out of 49 Floors | Overlooking Sea,,"This property faces the west direction. The flat occupies a carpet area of 986 sq.Ft. That consists of 2 bedrooms, 2 bathrooms and 1 balcony. The property is located on the 30th floor of a 49 floors tall building. Being a ready to move project, you can expect immediate possession of this 0-1 year old property. The marble flooring of this flat is beautifully designed and helps to give it a pleas...",PRAMOD GAIKAR,Dealer,,https://www.99acres.com/2-bhk-bedroom-apartment-flat-for-sale-in-suraj-the-palette-dadar-west-south-mumbai-986-sqft-spid-Q90903722,,4
R92069910,PROPERTY,"4 BHK Flat in Dadar East, Mumbai","4 BHK Flat in Dadar East, Mumbai",Bombay Realty Island City Center,"Dadar East, Mumbai",₹11.25 Cr,"₹44,749 /sqft","2,514 sqft",(297 sqm),Carpet Area,4 BHK,4,Ready To Move,8th out of 55 Floors | Overlooking Park,,"Bombay realty island city center in dadar east, mumbai is a ready-To-Move housing society. It offers apartments in varied budget range. These units are a perfect combination of comfort and style, specifically designed to suit your requirements and conveniences. There are 3bhk and 4bhk apartments available in this project. This housing society is now ready to be called home as families have star...",Vaibhav Realty,Dealer,,https://www.99acres.com/4-bhk-bedroom-apartment-flat-for-sale-in-bombay-realty-island-city-center-dadar-east-south-mumbai-3200-sqft-spid-R92069910,,4
C91773088,PROPERTY,"4 BHK Flat in Shivaji Park, Dadar","4 BHK Flat in Shivaji Park, Dadar",Shivaji Park apartment,"Shivaji Park, Dadar",₹13.5 Cr,"₹51,923 /sqft","2,600 sqft",(242 sqm),Super Built-up Area,4 BHK,4,Ready To Move,9th out of 20 Floors | Overlooking Park,,"A nicely done spacious 4 bhk, with sea view at a prime location, shivaji park. For more details please get in touch.",Vivek Corporation,Dealer,,https://www.99acres.com/4-bhk-bedroom-apartment-flat-for-sale-in-shivaji-park-south-mumbai-2600-sqft-spid-C91773088,,4
F92388940,PROPERTY,"4 BHK Flat in Dadar East, Mumbai","4 BHK Flat in Dadar East, Mumbai",the bombay icc.,"Dadar East, Mumbai",₹13 Cr,"₹49,980 /sqft","2,601 sqft",(242 sqm),Super Built-up Area,4 BHK,4,Ready To Move,33rd out of 66 Floors | Overlooking Park,,"Spread over expansive acres of bespoke tranquility, an oasis of luxury stands tall in the heart of mumbai. Surrounded by acres of open green space, icc brings to mumbai a new way of living with luxury residencies and carefully planned amenities. The island city center (Icc) introduces luxury 3, 4 and 5 bhk flats in dadar, mumbai, redefining sophistication and setting new benchmarks for modern l...",JAI AMBE ADVISORY PVT LTD,,,https://www.99acres.com/4-bhk-bedroom-apartment-flat-for-sale-in-dadar-east-south-mumbai-2601-sqft-spid-F92388940,,4
I92388058,PROPERTY,"4 BHK Flat in Dadar East, Mumbai","4 BHK Flat in Dadar East, Mumbai",the bombay icc,"Dadar East, Mumbai",₹13 Cr,"₹49,980 /sqft","2,601 sqft",(242 sqm),Super Built-up Area,4 BHK,4,Ready To Move,28th out of 44 Floors | Overlooking Park,,"Spread over expansive acres of bespoke tranquility, an oasis of luxury stands tall in the heart of mumbai. Surrounded by acres of open green space, icc brings to mumbai a new way of living with luxury residencies and carefully planned amenities. The island city center (Icc) introduces luxury 3, 4 and 5 bhk flats in dadar, mumbai, redefining sophistication and setting new benchmarks for modern l...",JAI AMBE ADVISORY,Dealer,,https://www.99acres.com/4-bhk-bedroom-apartment-flat-for-sale-in-dadar-east-south-mumbai-2601-sqft-spid-I92388058,,4
D83823540,PROPERTY,"6 BHK Flat in Dadar West, Mumbai","6 BHK Flat in Dadar West, Mumbai",Suraj Ocean Star,"Dadar West, Mumbai",₹25 Cr,"₹95,419 /sqft","2,620 sqft",(243 sqm),Carpet Area,6 BHK,6,Under Construction,22nd out of 30 Floors | Private Garden,,"I am excited to present an exclusive opportunity to own a luxurious apartment at suraj oceanstar, located in the serene and prestigious locale of prabhadevi, mumbai. This is a rare chance to acquire the only apartment on the entire 22nd floor, offering unmatched privacy, breathtaking panoramic sea views with no obstructions, and a lifestyle of elegance and tranquility. The unit is designed with...",Owner,5d ago,,https://www.99acres.com/6-bhk-bedroom-apartment-flat-for-sale-in-dadar-west-south-mumbai-2620-sqft-r1-spid-D83823540,,4
Z92389008,PROPERTY,"4 BHK Flat in Dadar East, Mumbai","4 BHK Flat in Dadar East, Mumbai",the bombay icc.,"Dadar East, Mumbai",₹15 Cr,"₹50,369 /sqft","2,978 sqft",(277 sqm),Super Built-up Area,4 BHK,4,Ready To Move,39th out of 66 Floors | Overlooking Park,,"Spread over expansive acres of bespoke tranquility, an oasis of luxury stands tall in the heart of mumbai. Surrounded by acres of open green space, icc brings to mumbai a new way of living with luxury residencies and carefully planned amenities. The island city center (Icc) introduces luxury 3, 4 and 5 bhk flats in dadar, mumbai, redefining sophistication and setting new benchmarks for modern l...",JAI AMBE ADVISORY PVT LTD,,,https://www.99acres.com/4-bhk-bedroom-apartment-flat-for-sale-in-dadar-east-south-mumbai-2978-sqft-spid-Z92389008,,4
I92388166,PROPERTY,"4 BHK Flat in Dadar East, Mumbai","4 BHK Flat in Dadar East, Mumbai",the bombay icc.,"Dadar East, Mumbai",₹15 Cr,"₹50,369 /sqft","2,978 sqft",(277 sqm),Super Built-up Area,4 BHK,4,Ready To Move,33rd out of 44 Floors | Overlooking Park,,"Spread over expansive acres of bespoke tranquility, an oasis of luxury stands tall in the heart of mumbai. Surrounded by acres of open green space, icc brings to mumbai a new way of living with luxury residencies and carefully planned amenities. The island city center (Icc) introduces luxury 3, 4 and 5 bhk flats in dadar, mumbai, redefining sophistication and setting new benchmarks for modern l...",JAI AMBE ADVISORY,Dealer,,https://www.99acres.com/4-bhk-bedroom-apartment-flat-for-sale-in-dadar-east-south-mumbai-2978-sqft-spid-I92388166,,4
K90962042,PROPERTY,"4 BHK Flat in Dadar West, Mumbai","4 BHK Flat in Dadar West, Mumbai",Unispace Samruddhi CHS,"Dadar West, Mumbai",₹16 Cr,"₹53,333 /sqft","3,000 sqft",(279 sqm),Carpet Area,4 BHK,4,Ready To Move,22nd out of 23 Floors | 3 Covered Parking,,"Located in unispace samruddhi chs, dadar west, this 4 bhk flat spans 3000 sqft on the 22nd floor of a high-Rise, offering immediate availability. With 4 bedrooms, 4 bathrooms, and close proximity to lifts, the 1-5 year old apartment combines comfort with convenience. Nearby amenities include gajanan maharaj temple, indian bank atm, and nerkar surgical clinic.",Owner,3mo ago,,https://www.99acres.com/4-bhk-bedroom-apartment-flat-for-sale-in-unispace-samruddhi-chs-dadar-west-south-mumbai-3000-sqft-spid-K90962042,,4
A92182862,PROPERTY,"3 BHK Flat in Shivaji Park, Dadar","3 BHK Flat in Shivaji Park, Dadar",Sanghvi Morya,"Shivaji Park, Dadar",₹5.32 Cr,"₹58,654 /sqft",907 sqft,(84 sqm),Carpet Area,3 BHK,3,Under Construction,16th out of 21 Floors | North-East Facing,,"This residential flat is north-East-Facing direction. Containing 3 bedroom(s), 3 bathrooms , this flat is spread over a carpet area of 907 sq.Ft. The residential building has 21 floors in total and the flat for sale is located on the 16th floor. This residential property is still under construction and will be available for possession by december 2028. The beautifully designed vitrified floorin...",MANISHA ENTERPRISES,,,https://www.99acres.com/3-bhk-bedroom-apartment-flat-for-sale-in-shivaji-park-south-mumbai-907-sqft-spid-A92182862,,5
J92427996,PROPERTY,"2 BHK Flat in Dadar West, Mumbai","2 BHK Flat in Dadar West, Mumbai",Shri Sai Vismay,"Dadar West, Mumbai",₹4.8 Cr,"₹68,571 /sqft",700 sqft,(65 sqm),Carpet Area,2 BHK,2,Ready To Move,9th out of 22 Floors | Centrally Air Conditioned,,"This is a west-Facing property. The floor plan additionally contains 2 bedroom(s), 2 bathrooms . All in all, the flat is spread over a carpet area of 700 sq.Ft. The residential building has 22 floors in total and the flat for sale is located on the 9th floor. This is a ready to move project and the property is 10+ years old. The floor of this flat is beautifully designed using vitrified floorin...",K.Hemandas real estate,Dealer,,https://www.99acres.com/2-bhk-bedroom-apartment-flat-for-sale-in-shri-sai-vismay-dadar-west-south-mumbai-700-sqft-spid-J92427996,,5
H93357078,PROPERTY,"4 BHK Flat in Dadar West, Mumbai","4 BHK Flat in Dadar West, Mumbai",Dwarkamai tower,"Dadar West, Mumbai",₹8.3 Cr,"₹45,957 /sqft","1,806 sqft",(168 sqm),Carpet Area,4 BHK,3,Ready To Move,15th out of 18 Floors | Vaastu Compliant,,"The flat is facing the west direction. The flat occupies a carpet area of 1806 sq.Ft. That consists of 4 bedrooms, 3 bathrooms and more than 3 balconies. The residential building has 18 floors in total and the flat for sale is located on the 15th floor. This is a ready to move project and the property is 10+ years old. The vitrified flooring of this flat is beautifully designed and helps to giv...",Ishaan Estate,Dealer,,https://www.99acres.com/4-bhk-bedroom-apartment-flat-for-sale-in-dadar-west-south-mumbai-1806-sqft-spid-H93357078,,5
Z90329064,PROPERTY,"2 BHK Flat in Dadar West, Mumbai","2 BHK Flat in Dadar West, Mumbai",Preeti Kanha,"Dadar West, Mumbai",₹2.8 Cr,"₹44,444 /sqft",630 sqft,(59 sqm),Carpet Area,2 BHK,2,Ready To Move,1st out of 3 Floors | Recently Renovated,,"This property faces the south direction. Constructed on a carpet area of 630 sq.Ft., the flat comprises 2 bedroom(s), 2 bathrooms . This flat is situated on the 1st floor of this 3 floors tall residential building. As the project is already ready to move, so you can easily move into this 10+ years old property. The flat comes well built with marble flooring options.",GEFONA ENTERPRISE,Dealer,,https://www.99acres.com/2-bhk-bedroom-apartment-flat-for-sale-in-dadar-west-south-mumbai-630-sqft-spid-Z90329064,,5
U89455938,PROPERTY,"2 BHK Flat in Dadar, Mumbai","2 BHK Flat in Dadar, Mumbai",Sigma garnet,"Dadar, Mumbai",₹3.54 Cr,"₹46,033 /sqft",769 sqft,(71 sqm),Carpet Area,2 BHK,2,Under Construction,24th out of 52 Floors | Overlooking Sea,,"The flat is over 769 sq.Ft. Carpet area and comes with 2 bedroom(s), 2 bathrooms . The property is located on the 24th floor of a 52 floors tall building. Moreover, the flat is currently under construction and possession is expected by december 2027. Many of the modern amenities being offered, like lift(s), will provide a pleasant living experience for you.",Ck Real Estate Consultant,Dealer,,https://www.99acres.com/2-bhk-bedroom-apartment-flat-for-sale-in-dadar-mumbai-south-769-sqft-r1-spid-U89455938,,5
H91441138,PROPERTY,"2 BHK Flat in Dadar West, Mumbai","2 BHK Flat in Dadar West, Mumbai",On Request,"Dadar West, Mumbai",₹2.99 Cr,"₹43,713 /sqft",684 sqft,(64 sqm),Carpet Area,2 BHK,2,Ready To Move,18th out of 23 Floors | East Facing,,"Oc received 2 bhk available in gokhale road, dadar west,684 sqft carpet flat on higher floor, one car parking, amenities like open air lounge/party area, amphitheatre, jacuzzi etc., price rs. 2.99 cr + govt taxes possession ready to move, for more information please call hariom estate consultant.",Hariom Estate Consultants,,,https://www.99acres.com/2-bhk-bedroom-apartment-flat-for-sale-in-dadar-west-south-mumbai-684-sqft-spid-H91441138,,5
B91189822,PROPERTY,"2 BHK Flat in Dadar East, Mumbai","2 BHK Flat in Dadar East, Mumbai",Anchor Polestar,"Dadar East, Mumbai",₹3.33 Cr,"₹47,614 /sqft",700 sqft,(65 sqm),Carpet Area,2 BHK,2,Ready To Move,16th out of 21 Floors | Overlooking Main Road,,"This property faces the east direction. The floor plan additionally contains 2 bedroom(s), 2 bathrooms . All in all, the flat is spread over a carpet area of 700 sq.Ft. The flat has a total of 21 floors and this property is situated on 16th floor. Being a ready to move project, you can expect immediate possession of this 0-1 year old property. The ceramic flooring of this flat is beautifully de...",PRAMOD GAIKAR,Dealer,,https://www.99acres.com/2-bhk-bedroom-apartment-flat-for-sale-in-dadar-east-south-mumbai-700-sqft-spid-B91189822,,5
Y90196436,PROPERTY,"2 BHK Flat in Naigaon, Dadar","2 BHK Flat in Naigaon, Dadar",Landmark Tower,"Naigaon, Dadar",₹2.95 Cr,"₹39,864 /sqft",740 sqft,(69 sqm),Carpet Area,2 BHK,2,Ready To Move,6th out of 23 Floors | Overlooking Park,,"Good building with podium parking, though the flat is on 6th floor the actual habitual floor is 9th. Clear view of garden and no obstruction for future also. Surface car park with balcony. Good connectivity to railway stations, schools, collages and markets, kids play, guest parking with big area dedicated for gymnasium and party hall.",D A Ventures,Dealer,,https://www.99acres.com/2-bhk-bedroom-apartment-flat-for-sale-in-landmark-tower-naigaon-mumbai-south-740-sqft-r1-spid-Y90196436,,5
V93000916,PROPERTY,"2 BHK Flat in Dadar West, Mumbai","2 BHK Flat in Dadar West, Mumbai",On Request,"Dadar West, Mumbai",₹3.07 Cr,"₹43,732 /sqft",702 sqft,(65 sqm),Carpet Area,2 BHK,2,Ready To Move,23rd out of 24 Floors | Overlooking Main Road,,"Oc received 2 bhk available in gokhale road, dadar west,702 sqft carpet flat on higher floor, one car parking, amenities like open air lounge/party area, amphitheatre, jacuzzi etc., price rs. 3.07 cr + govt taxes possession ready to move, for more information please call hariom estate consultant.",Hariom Estate Consultants,,,https://www.99acres.com/2-bhk-bedroom-apartment-flat-for-sale-in-dadar-west-south-mumbai-702-sqft-spid-V93000916,,5
D93049480,PROPERTY,"2 BHK Flat in Shivaji Park, Dadar","2 BHK Flat in Shivaji Park, Dadar",Hiranya CHS,"Shivaji Park, Dadar",₹3.1 Cr,"₹53,448 /sqft",580 sqft,(54 sqm),Carpet Area,2 BHK,2,Ready To Move,20th out of 23 Floors | Overlooking Park,,"This is a north-East-Facing property. The floor plan additionally contains 2 bedroom(s), 2 bathrooms . All in all, the flat is spread over a carpet area of 580 sq.Ft. The flat has a total of 23 floors and this property is situated on 20th floor. As the property is currently under construction , you can expect to get the possession immediately. The floor of this flat is beautifully designed usin...",CHETAN Y BHATT,Dealer,,https://www.99acres.com/2-bhk-bedroom-apartment-flat-for-sale-in-shivaji-park-south-mumbai-580-sqft-spid-D93049480,,5
P87351448,PROPERTY,"2 BHK Flat in Naigaon, Dadar","2 BHK Flat in Naigaon, Dadar",The Shreeji Serenity,"Naigaon, Dadar",₹2.55 Cr,"₹38,812 /sqft",657 sqft,(61 sqm),Carpet Area,2 BHK,2,Under Construction,12th out of 20 Floors | North-East Facing,,"This lovely 2 bhk apartment/flat in naigaon is available for sale in one of mumbai south's most popular projects, the shreeji serenity. The flat is north-East-Facing. The flat is over 657 sq.Ft. Carpet area and comes with 2 bedroom(s), 2 bathrooms and 1 balcony. The property is located on the 12th floor of a 20 floors tall building. This residential flat is currently under construction and you ...",MANISHA ENTERPRISES,,,https://www.99acres.com/2-bhk-bedroom-apartment-flat-for-sale-in-naigaon-mumbai-south-657-sqft-r2-spid-P87351448,,5
G92275906,PROPERTY,"1 BHK Flat in Dadar West, Mumbai","1 BHK Flat in Dadar West, Mumbai",New Building Chs,"Dadar West, Mumbai",₹2.6 Cr,"₹43,333 /sqft",600 sqft,(56 sqm),Super Built-up Area,1 BHK,1,Ready To Move,19th out of 22 Floors | East Facing,,"A spacious 1bhk apartment is available on sale in premium tower of dadar west. This apartment offers good ventilation & lots of natural sunlight and comes in semi furnished condition. It is centrally located and access to dadar aqualine metro station, dadar railway station, hospitals, markets and colleges is at convenience. Connect for more details and schedule at inspection at earliest.",Jalaram Real Estate,,,https://www.99acres.com/1-bhk-bedroom-apartment-flat-for-sale-in-dadar-west-south-mumbai-600-sqft-spid-G92275906,,5
A92066268,PROPERTY,"2 BHK Flat in Dadar West, Mumbai","2 BHK Flat in Dadar West, Mumbai",Promesa West,"Dadar West, Mumbai",₹3.3 Cr,"₹47,142 /sqft",700 sqft,(65 sqm),Carpet Area,2 BHK,2,Ready To Move,21st out of 22 Floors | Overlooking Main Road,,"This residential flat is west-Facing direction. The flat occupies a carpet area of 700 sq.Ft. That consists of 2 bedrooms, 2 bathrooms . The property is located on the 21st floor of a 22 floors tall building. This 0-1 year old property is available for immediate possession as the project is ready to move. The floor of this flat is beautifully designed using vitrified flooring, giving the flat a...",Omkar Sawant,Dealer,,https://www.99acres.com/2-bhk-bedroom-apartment-flat-for-sale-in-dadar-west-south-mumbai-700-sqft-spid-A92066268,,5
X93334874,PROPERTY,"1 BHK Flat in Dadar, Mumbai","1 BHK Flat in Dadar, Mumbai",Earth Vintage,"Dadar, Mumbai",₹2.36 Cr,"₹48,659 /sqft",485 sqft,(45 sqm),Carpet Area,1 BHK,1,Ready To Move,16th out of 19 Floors | Overlooking Main Road,,"The flat is over 485 sq.Ft. Carpet area and comes with 1 bedroom(s), 1 bathroom . The flat has a total of 19 floors and this property is situated on 16th floor. This residential property is available for possession immediately.Spacious homes with 10 ft floor-To-Floor height.Rooftop amenities with breathtaking city views.Grand double height entrance lobby.The flat serves you with 1 car parking a...",CHETAN Y BHATT,Dealer,,https://www.99acres.com/1-bhk-bedroom-apartment-flat-for-sale-in-earth-vintage-dadar-mumbai-south-485-sqft-spid-X93334874,,5
W90813280,PROPERTY,"2 BHK Flat in Dadar East, Mumbai","2 BHK Flat in Dadar East, Mumbai",Abhinandan CHS,"Dadar East, Mumbai",₹2.9 Cr,"₹34,117 /sqft",850 sqft,(79 sqm),Carpet Area,2 BHK,2,Ready To Move,6th out of 7 Floors | North-East Facing,,"Spacious 2 bhk fully furnished flat available on sale at dadar east, near hindmata. Very well done up furnished flat. Spacious bedrooms and kitchen with newly renovated interiors. Markets, schools, stations are in close proximity.",D A Ventures,Dealer,,https://www.99acres.com/2-bhk-bedroom-apartment-flat-for-sale-in-abhinandan-chs-dadar-east-south-mumbai-850-sqft-r1-spid-W90813280,,5
B88665826,PROPERTY,"1 BHK Flat in Dadar West, Mumbai","1 BHK Flat in Dadar West, Mumbai",Avershekhar Residency,"Dadar West, Mumbai",₹2.2 Cr,"₹43,737 /sqft",503 sqft,(47 sqm),Carpet Area,1 BHK,2,Ready To Move,3rd out of 8 Floors | Overlooking Main Road,,"This is a north-East-Facing property. Constructed on a carpet area of 503 sq.Ft., the flat comprises 1 bedroom(s), 2 bathrooms . The residential building has 8 floors in total and the flat for sale is located on the 3rd floor. This is a ready to move project and the property is 10+ years old. The beautifully designed vitrified flooring enhances the beauty of the flat. All the modern amenities s...",MANISHA ENTERPRISES,,,https://www.99acres.com/1-bhk-bedroom-apartment-flat-for-sale-in-dadar-west-south-mumbai-503-sqft-r1-spid-B88665826,,5
C90988234,PROPERTY,"2 BHK Flat in Hindu Colony, Dadar","2 BHK Flat in Hindu Colony, Dadar",Avenue 14,"Hindu Colony, Dadar",₹3.45 Cr,"₹30,803 /sqft","1,120 sqft",(104 sqm),Super Built-up Area,2 BHK,2,Ready To Move,10th out of 21 Floors | 1 Covered Parking,,"This property faces the north-East direction. Constructed on a super built up area of 1120 sq.Ft., the flat comprises 2 bedroom(s), 2 bathrooms . The residential building has 21 floors in total and the flat for sale is located on the 10th floor. This is a ready to move project and the property is 5-10 years old. The flat comes well built with vitrified flooring options. This flat is located nea...",MANISHA ENTERPRISES,,,https://www.99acres.com/2-bhk-bedroom-apartment-flat-for-sale-in-avenue-14-hindu-colony-mumbai-south-1120-sqft-spid-C90988234,,5
A92298940,PROPERTY,"2 BHK Flat in Dadar West, Mumbai","2 BHK Flat in Dadar West, Mumbai",Shri Ratan Address,"Dadar West, Mumbai",₹3.75 Cr,"₹54,904 /sqft",683 sqft,(63 sqm),Carpet Area,2 BHK,2,Ready To Move,12th out of 23 Floors | Overlooking Main Road,,"The flat is north-East-Facing. Constructed on a carpet area of 683 sq.Ft., the flat comprises 2 bedroom(s), 2 bathrooms . The flat has a total of 23 floors and this property is situated on 12th floor. This 1-5 years old property is available for immediate possession as the project is ready to move. The flat comes well built with vitrified flooring options. This flat is located near close to met...",MANISHA ENTERPRISES,,,https://www.99acres.com/2-bhk-bedroom-apartment-flat-for-sale-in-shri-ratan-address-dadar-west-south-mumbai-683-sqft-spid-A92298940,,5
G93248330,PROPERTY,"2 BHK Flat in Shivaji Park, Dadar","2 BHK Flat in Shivaji Park, Dadar",Meraki,"Shivaji Park, Dadar",₹3.25 Cr,"₹61,904 /sqft",525 sqft,(49 sqm),Carpet Area,2 BHK,2,Ready To Move,10th out of 21 Floors | Overlooking Main Road,,"The flat is facing the east direction. Containing 2 bedroom(s), 2 bathrooms , this flat is spread over a carpet area of 525 sq.Ft. The flat has a total of 21 floors and this property is situated on 10th floor. An added advantage of this 1-5 years old flat is that it is available for immediate possession as the project is already ready to move. The vitrified flooring of this flat is beautifully ...",Omkar Sawant,Dealer,,https://www.99acres.com/2-bhk-bedroom-apartment-flat-for-sale-in-shivaji-park-south-mumbai-525-sqft-spid-G93248330,,5
S87815268,PROPERTY,"1 BHK Flat in Dadar West, Mumbai","1 BHK Flat in Dadar West, Mumbai",Suraj Park View Phase 2,"Dadar West, Mumbai",₹3 Cr,"₹59,288 /sqft",506 sqft,(47 sqm),Carpet Area,1 BHK,1,Under Construction,20th out of 29 Floors | 1 Covered Parking,,"This 1 bhk apartment is available for sale in suraj park view phase 2, one of the most prominent projects for flats in dadar west, mumbai south. Containing 1 bedroom(s), 1 bathroom and 1 balcony, this flat is spread over a carpet area of 506 sq.Ft. The flat has a total of 29 floors and this property is situated on 20th floor. Moreover, the flat is currently under construction and possession is ...",MANISHA ENTERPRISES,,,https://www.99acres.com/1-bhk-bedroom-apartment-flat-for-sale-in-dadar-west-south-mumbai-506-sqft-r1-spid-S87815268,,5
F92650734,PROPERTY,"1 BHK Flat in Dadar West, Mumbai","1 BHK Flat in Dadar West, Mumbai",New tower,"Dadar West, Mumbai",₹2.1 Cr,"₹42,857 /sqft",490 sqft,(46 sqm),Super Built-up Area,1 BHK,1,Ready To Move,9th out of 21 Floors | Overlooking Main Road,,"Available 1 bhk for sale in dadar west near dadar west station new tower ready possession, price 2.10 cr negotiable ,area 425 rera carpet rera registered property only genuine buyers",Padmavati Estate Agency,Dealer,,https://www.99acres.com/1-bhk-bedroom-apartment-flat-for-sale-in-dadar-west-south-mumbai-490-sqft-spid-F92650734,,5
F90408528,PROPERTY,"1 BHK Flat in Dadar East, Mumbai","1 BHK Flat in Dadar East, Mumbai",Monalisa,"Dadar East, Mumbai",₹2.1 Cr,"₹42,857 /sqft",490 sqft,(46 sqm),Carpet Area,1 BHK,1,Ready To Move,20th out of 22 Floors | Overlooking Park,,"This is a north-East-Facing property. The flat occupies a carpet area of 490 sq.Ft. That consists of 1 bedroom, 1 bathroom . The flat has a total of 22 floors and this property is situated on 20th floor. This 1-5 years old property is available for immediate possession as the project is ready to move. The society complex is in the close vicinity of close to school, close to market and close to ...",D A Ventures,Dealer,,https://www.99acres.com/1-bhk-bedroom-apartment-flat-for-sale-in-dadar-east-south-mumbai-490-sqft-r1-spid-F90408528,,5
M92573788,PROPERTY,"2 BHK Flat in Dadar West, Mumbai","2 BHK Flat in Dadar West, Mumbai",Guru kripa,"Dadar West, Mumbai",₹2.3 Cr,"₹51,111 /sqft",450 sqft,(42 sqm),Carpet Area,2 BHK,2,Ready To Move,4th out of 7 Floors | 1 Covered Parking,,"Centrally located near dadar shivaji park, walking to shivaji park and dadar west metro station and 10 mns walk to dadar railway station. Old building and calm location with covered car park.",D A Ventures,Dealer,,https://www.99acres.com/2-bhk-bedroom-apartment-flat-for-sale-in-dadar-west-south-mumbai-450-sqft-spid-M92573788,,5
R90302280,PROPERTY,"1 BHK Flat in Dadar East, Mumbai","1 BHK Flat in Dadar East, Mumbai",Monalisa,"Dadar East, Mumbai",₹2.05 Cr,"₹47,674 /sqft",430 sqft,(40 sqm),Carpet Area,1 BHK,1,Ready To Move,18th out of 20 Floors | Overlooking Park,,"New building with podium covered car park. Flat available on higher floor, building located closed to dadar station and dadar highway. Close on schools, collages, market.",D A Ventures,Dealer,,https://www.99acres.com/1-bhk-bedroom-apartment-flat-for-sale-in-dadar-east-south-mumbai-430-sqft-r1-spid-R90302280,,5
T89456670,PROPERTY,"2 BHK Flat in Dadar West, Mumbai","2 BHK Flat in Dadar West, Mumbai",sigma garnet,"Dadar West, Mumbai",₹3.75 Cr,"₹45,843 /sqft",818 sqft,(76 sqm),Carpet Area,2 BHK,2,Under Construction,33rd out of 52 Floors | East Facing,,"The floor plan additionally contains 2 bedroom(s), 2 bathrooms . All in all, the flat is spread over a carpet area of 818 sq.Ft. This flat is situated on the 33rd floor of this 52 floors tall residential building. As the property is currently under construction , you can expect to get the possession by december 2027.",Ck Real Estate Consultant,Dealer,,https://www.99acres.com/2-bhk-bedroom-apartment-flat-for-sale-in-dadar-west-south-mumbai-818-sqft-r1-spid-T89456670,,6
A87815342,PROPERTY,"2 BHK Flat in Dadar West, Mumbai","2 BHK Flat in Dadar West, Mumbai",Suraj Park View Phase 2,"Dadar West, Mumbai",₹3.85 Cr,"₹57,462 /sqft",670 sqft,(62 sqm),Carpet Area,2 BHK,2,Under Construction,18th out of 29 Floors | 1 Covered Parking,,"Suraj park view phase 2 is one of the most popular destination for buying apartments/ flats in dadar west, mumbai south. You too can be a part of this society by purchasing this 2 bhk flat here. Containing 2 bedroom(s), 2 bathrooms and 1 balcony, this flat is spread over a carpet area of 670 sq.Ft. The residential building has 29 floors in total and the flat for sale is located on the 18th floo...",MANISHA ENTERPRISES,,,https://www.99acres.com/2-bhk-bedroom-apartment-flat-for-sale-in-dadar-west-south-mumbai-670-sqft-r1-spid-A87815342,,6
V90814092,PROPERTY,"2 BHK Flat in Parsi Colony, Dadar","2 BHK Flat in Parsi Colony, Dadar",Pearl Auralia,"Parsi Colony, Dadar",₹4 Cr,"₹55,944 /sqft",715 sqft,(66 sqm),Carpet Area,2 BHK,2,Ready To Move,9th out of 20 Floors | Overlooking Park,,"Fully furnished flat with great views of 5 gardens, walking distance to 5 gardens. Scholls like jb wacha and shishu van are close by. East facing flat vastu complaint. Natural sunlight and airy flat.",D A Ventures,Dealer,,https://www.99acres.com/2-bhk-bedroom-apartment-flat-for-sale-in-parsi-colony-mumbai-south-715-sqft-r1-spid-V90814092,,6
G90620636,PROPERTY,"1 BHK Flat in Dadar West, Mumbai","1 BHK Flat in Dadar West, Mumbai",Samartha Raghukul,"Dadar West, Mumbai",₹2.1 Cr,"₹51,219 /sqft",410 sqft,(38 sqm),Carpet Area,1 BHK,1,Ready To Move,1st out of 17 Floors | Overlooking Main Road,,"The flat is north-East-Facing. The flat occupies a carpet area of 410 sq.Ft. That consists of 1 bedroom, 1 bathroom . The residential building has 17 floors in total and the flat for sale is located on the 1st floor. An added advantage of this 5-10 years old flat is that it is available for immediate possession as the project is already ready to move. The floor of this flat is beautifully desig...",CHETAN Y BHATT,Dealer,,https://www.99acres.com/1-bhk-bedroom-apartment-flat-for-sale-in-samartha-raghukul-dadar-west-south-mumbai-410-sqft-r1-spid-G90620636,,6
Y89780738,PROPERTY,"2 BHK Flat in Dadar West, Mumbai","2 BHK Flat in Dadar West, Mumbai",Suraj Lumiere Apartments,"Dadar West, Mumbai",₹4.25 Cr,"₹40,476 /sqft","1,050 sqft",(98 sqm),Super Built-up Area,2 BHK,2,Ready To Move,10th out of 21 Floors | East Facing,,This spacious 2bhk apartment is available for sale to prospective buyers who likes large 2bhk with superb floor to ceiling height and lots of sunlight in the apartment. It offers excellent cross ventilation throughout the flat which makes it more cool and pleasant. Come and schedule the inspection now. Connect for more details now,Jalaram Real Estate,,,https://www.99acres.com/2-bhk-bedroom-apartment-flat-for-sale-in-suraj-lumiere-apartments-dadar-west-south-mumbai-1050-sqft-r2-spid-Y89780738,,6
H92178760,PROPERTY,"3 BHK Flat in Hindu Colony, Dadar","3 BHK Flat in Hindu Colony, Dadar",ON Request,"Hindu Colony, Dadar",₹5.2 Cr,"₹38,518 /sqft","1,350 sqft",(125 sqm),Super Built-up Area,3 BHK,3,Ready To Move,17th out of 20 Floors | Overlooking Main Road,,"The flat is facing the west direction. The floor plan additionally contains 3 bedroom(s), 3 bathrooms . All in all, the flat is spread over a super built up area of 1350 sq.Ft. The residential building has 20 floors in total and the flat for sale is located on the 17th floor. This is a ready to move project and the property is 5-10 years old. The well built marble flooring enhances the aestheti...",Prospect Realty,Dealer,,https://www.99acres.com/3-bhk-bedroom-apartment-flat-for-sale-in-hindu-colony-mumbai-south-1350-sqft-spid-H92178760,,6
V87815192,PROPERTY,"1 BHK Flat in Dadar West, Mumbai","1 BHK Flat in Dadar West, Mumbai",Suraj Park View Phase 2,"Dadar West, Mumbai",₹2.81 Cr,"₹59,914 /sqft",469 sqft,(44 sqm),Carpet Area,1 BHK,1,Under Construction,20th out of 29 Floors | 1 Covered Parking,,"This beautiful 1 bhk flat in dadar west, mumbai south is situated in suraj park view phase 2, one of the popular residential society in mumbai south. Constructed on a carpet area of 469 sq.Ft., the flat comprises 1 bedroom(s), 1 bathroom and 1 balcony. The residential building has 29 floors in total and the flat for sale is located on the 20th floor. This residential flat is currently under con...",MANISHA ENTERPRISES,,,https://www.99acres.com/1-bhk-bedroom-apartment-flat-for-sale-in-dadar-west-south-mumbai-469-sqft-r1-spid-V87815192,,6
T87815094,PROPERTY,"1 BHK Flat in Dadar West, Mumbai","1 BHK Flat in Dadar West, Mumbai",Suraj Park View Phase 2,"Dadar West, Mumbai",₹2.78 Cr,"₹59,913 /sqft",464 sqft,(43 sqm),Carpet Area,1 BHK,1,Under Construction,22nd out of 29 Floors | Open Side,,"Suraj park view phase 2 is one of the most popular destination for buying apartments/ flats in dadar west, mumbai south. You too can be a part of this society by purchasing this 1 bhk flat here. The flat occupies a carpet area of 464 sq.Ft. That consists of 1 bedroom, 1 bathroom and 1 balcony. This flat is situated on the 22nd floor of this 29 floors tall residential building. Moreover, the fla...",MANISHA ENTERPRISES,,,https://www.99acres.com/1-bhk-bedroom-apartment-flat-for-sale-in-dadar-west-south-mumbai-464-sqft-r1-spid-T87815094,,6
U85674442,PROPERTY,"3 BHK Flat in Dadar West, Mumbai","3 BHK Flat in Dadar West, Mumbai",The Casa Maria,"Dadar West, Mumbai",₹4 Cr,"₹40,000 /sqft","1,000 sqft",(93 sqm),Built-up Area,3 BHK,3,Ready To Move,3rd out of 6 Floors | Overlooking Main Road,,"Looking for a 3 bhk property for sale in mumbai south? Buy this 3 bhk flat in the casa maria that is situated in dadar west, mumbai south. This is a north-East-Facing property. The flat is over 1000 sq.Ft. Built up area and comes with 3 bedroom(s), 3 bathrooms . The flat has a total of 6 floors and this property is situated on 3rd floor. This 10+ years old property is available for immediate po...",MANISHA ENTERPRISES,,,https://www.99acres.com/3-bhk-bedroom-apartment-flat-for-sale-in-dadar-west-south-mumbai-1000-sqft-r3-spid-U85674442,,6
W91922620,PROPERTY,"2 BHK Flat in Dadar West, Mumbai","2 BHK Flat in Dadar West, Mumbai",Sugee Shraddha,"Dadar West, Mumbai",₹4.5 Cr,"₹63,649 /sqft",707 sqft,(66 sqm),Carpet Area,2 BHK,2,Ready To Move,15th out of 20 Floors | Overlooking Park,,"Key highlights: Configuration: Spacious 2 bhk residences Status: Ready to move in (Immediate possession) Location: Dadar west, near portuguese church Pricing: 4.50 cr (All-Inclusive) Structure: Magnificent 20-Story tower Amenities: State-Of-The-Art modern lifestyle features Why choose sugee shraddha? Experience the perfect blend of dadars cultural heritage and modern luxury. With seamless conne...",M S Property Solution,Dealer,,https://www.99acres.com/2-bhk-bedroom-apartment-flat-for-sale-in-dadar-west-south-mumbai-707-sqft-spid-W91922620,,6
L87851108,PROPERTY,"2 BHK Flat in Bhawani Sankar, Dadar","2 BHK Flat in Bhawani Sankar, Dadar",The Sigma Garnet,"Bhawani Sankar, Dadar",₹4.1 Cr,"₹50,122 /sqft",818 sqft,(76 sqm),Carpet Area,2 BHK,2,Under Construction,45th out of 54 Floors | Overlooking Main Road,,"Situated in bhawani sankar, mumbai south, the sigma garnet is a well planned society that offers a pleasant living experience to its residents. This 2 bhk flat in mumbai south is your opportunity to be a part of this community. This residential flat is north-East-Facing direction. The flat is over 818 sq.Ft. Carpet area and comes with 2 bedroom(s), 2 bathrooms . This flat lies on the 45th level...",MANISHA ENTERPRISES,,,https://www.99acres.com/2-bhk-bedroom-apartment-flat-for-sale-in-bhawani-sankar-mumbai-south-818-sqft-r1-spid-L87851108,,6
P91321382,PROPERTY,"3 BHK Flat in Dadar West, Mumbai","3 BHK Flat in Dadar West, Mumbai",On Request,"Dadar West, Mumbai",₹5.5 Cr,"₹39,855 /sqft","1,380 sqft",(128 sqm),Carpet Area,3 BHK,3,Under Construction,18th out of 21 Floors | Overlooking Main Road,,"Available for sell 3 bhk in vipin residency, dadar west, 1380 sqft carpet include 50 sq ft balcony, property available on higher floor, 1 covered car parking, prime location, main road touch, price rs 5.50 cr, possession june, 2026, for more information please call hariom estate consultant.",Hariom Estate Consultants,,,https://www.99acres.com/3-bhk-bedroom-apartment-flat-for-sale-in-dadar-west-south-mumbai-1380-sqft-spid-P91321382,,6
Y91089368,PROPERTY,"1 BHK Flat in Dadar West, Mumbai","1 BHK Flat in Dadar West, Mumbai",Suraj Ave Maria,"Dadar West, Mumbai",₹2.6 Cr,"₹62,953 /sqft",413 sqft,(38 sqm),Carpet Area,1 BHK,1,Ready To Move,21st out of 22 Floors | North-East Facing,,"This is a north-East-Facing property. The floor plan additionally contains 1 bedroom(s), 1 bathroom . All in all, the flat is spread over a carpet area of 413 sq.Ft. The property is located on the 21st floor of a 22 floors tall building. As the project is already ready to move, so you can easily move into this 0-1 year old property. The well built vitrified flooring enhances the aesthetic appea...",CHETAN Y BHATT,Dealer,,https://www.99acres.com/1-bhk-bedroom-apartment-flat-for-sale-in-suraj-ave-maria-dadar-west-south-mumbai-413-sqft-r1-spid-Y91089368,,6
G93113070,PROPERTY,"2 BHK Flat in Dadar West, Mumbai","2 BHK Flat in Dadar West, Mumbai",Bhavani Complex,"Dadar West, Mumbai",₹3.95 Cr,"₹52,666 /sqft",750 sqft,(70 sqm),Carpet Area,2 BHK,2,Ready To Move,5th out of 10 Floors | 3 side open,,"The floor plan additionally contains 2 bedroom(s), 2 bathrooms . All in all, the flat is spread over a carpet area of 750 sq.Ft. The residential building has 10 floors in total and the flat for sale is located on the 5th floor. You can expect to get the possession immediately.",CHETAN Y BHATT,Dealer,,https://www.99acres.com/2-bhk-bedroom-apartment-flat-for-sale-in-bhavani-complex-dadar-west-south-mumbai-750-sqft-spid-G93113070,,6
T87057606,PROPERTY,"2 BHK Flat in Dadar West, Mumbai","2 BHK Flat in Dadar West, Mumbai",Suraj Lumiere Apartments,"Dadar West, Mumbai",₹5.1 Cr,"₹34,000 /sqft","1,500 sqft",(139 sqm),Built-up Area,2 BHK,2,Ready To Move,17th out of 18 Floors | Overlooking Main Road,,"Located in the popular residential address of dadar west, mumbai south, suraj lumiere apartments is one of the most preferred destination for apartments in mumbai south. This 2 bhk flat is your ticket to be a part of this community. The flat is facing the north-East direction. The floor plan additionally contains 2 bedroom(s), 2 bathrooms . All in all, the flat is spread over a built up area of...",MANISHA ENTERPRISES,,,https://www.99acres.com/2-bhk-bedroom-apartment-flat-for-sale-in-suraj-lumiere-apartments-dadar-west-south-mumbai-1500-sqft-r2-spid-T87057606,,6
M90980698,PROPERTY,"3 BHK Flat in Dadar East, Mumbai","3 BHK Flat in Dadar East, Mumbai",Nettheim Chirag Heights,"Dadar East, Mumbai",₹4.35 Cr,"₹47,282 /sqft",920 sqft,(85 sqm),Carpet Area,3 BHK,2,Ready To Move,19th out of 20 Floors | Overlooking Park,,"Ready building near 5 gardens, having podium car park with lift. Having open views of best work shop and kohinoor mills. 2 flats per floor with low density project. Walking distance to 5 gardens and dadar tt. Spacious 3 bhk with all 3 bedrooms very spacious and airy. Natural sunlight and vastu complaint.",D A Ventures,Dealer,,https://www.99acres.com/3-bhk-bedroom-apartment-flat-for-sale-in-nettheim-chirag-heights-dadar-east-south-mumbai-920-sqft-r1-spid-M90980698,,6
W92041718,PROPERTY,"3 BHK Flat in Dadar West, Mumbai","3 BHK Flat in Dadar West, Mumbai",PadmaPrabhu,"Dadar West, Mumbai",₹5 Cr,"₹29,411 /sqft","1,700 sqft",(158 sqm),Built-up Area,3 BHK,3,Ready To Move,1st out of 7 Floors | North Facing,,Stand alone building in a quiet lane towards the beach but close to the main road as well. One flat per floor. The flat is very spacious with a huge drawing room with an adjoining flower bed. There are 3 large bedrooms with attached bathrooms.There is a small pooja room as well. The kitchen is nicely done up with ample storage space. There is a large balcony with a beautiful flower bed.,Global Realtors,,,https://www.99acres.com/3-bhk-bedroom-apartment-flat-for-sale-in-dadar-west-south-mumbai-1700-sqft-spid-W92041718,,6
W92011474,PROPERTY,"3 BHK Flat in Dadar West, Mumbai","3 BHK Flat in Dadar West, Mumbai",Samruddhi Height,"Dadar West, Mumbai",₹5.5 Cr,"₹52,380 /sqft","1,050 sqft",(98 sqm),Carpet Area,3 BHK,3,Ready To Move,7th out of 12 Floors | East Facing,,"Come & explore this well doneup & furnished apartment located in prime location of mumbai ie dadar west. Flat is available on higher floor and it offers lot of natural light and ventilation. It is centrally connected and access to dadar aqualine metro, dadar station, market, commercial hub, hospitals are all nearby. Connect for more details and schedule the inspection at earliest.",Jalaram Real Estate,,,https://www.99acres.com/3-bhk-bedroom-apartment-flat-for-sale-in-dadar-west-south-mumbai-1050-sqft-spid-W92011474,,6
Q89291143,PROPERTY,"3 BHK Flat in Dadar East, Mumbai","3 BHK Flat in Dadar East, Mumbai",Sugee Om Sat,"Dadar East, Mumbai",₹4.65 Cr,"₹34,317 /sqft","1,355 sqft",(126 sqm),Super Built-up Area,3 BHK,4,Ready To Move,5th out of 7 Floors | North-East Facing,,"This residential flat is north-East-Facing direction. The floor plan additionally contains 3 bedroom(s), 4 bathrooms . All in all, the flat is spread over a super built up area of 1355 sq.Ft. This flat is situated on the 5th floor of this 7 floors tall residential building. An added advantage of this 5-10 years old flat is that it is available for immediate possession as the project is already ...",Archana Payal,Dealer,,https://www.99acres.com/3-bhk-bedroom-apartment-flat-for-sale-in-sugee-om-sat-dadar-east-south-mumbai-1355-sqft-spid-Q89291143,,6
Z83384388,PROPERTY,"2 BHK Flat in Dadar East, Mumbai","2 BHK Flat in Dadar East, Mumbai",XYZ,"Dadar East, Mumbai",₹4.5 Cr,"₹53,699 /sqft",838 sqft,(78 sqm),Carpet Area,2 BHK,2,Ready To Move,14th out of 22 Floors | Overlooking Main Road,,"Located in the popular residential address of dadar east, mumbai south, hindu colony good chs is one of the most preferred destination for apartments in mumbai south. This 2 bhk flat is your ticket to be a part of this community. This property faces the north-East direction. The floor plan additionally contains 2 bedroom(s), 2 bathrooms . All in all, the flat is spread over a carpet area of 811...",Arham Real Estate Consultants,Dealer,,https://www.99acres.com/2-bhk-bedroom-apartment-flat-for-sale-in-dadar-east-south-mumbai-838-sqft-r3-spid-Z83384388,,6
O87815372,PROPERTY,"2 BHK Flat in Dadar West, Mumbai","2 BHK Flat in Dadar West, Mumbai",Suraj Park View Phase 2,"Dadar West, Mumbai",₹4.45 Cr,"₹51,624 /sqft",862 sqft,(80 sqm),Carpet Area,2 BHK,2,Under Construction,24th out of 29 Floors | 2 Covered Parking,,"Suraj park view phase 2 is one of the most popular destination for buying apartments/ flats in dadar west, mumbai south. You too can be a part of this society by purchasing this 2 bhk flat here. The floor plan additionally contains 2 bedroom(s), 2 bathrooms and 1 balcony. All in all, the flat is spread over a carpet area of 862 sq.Ft. This flat is situated on the 24th floor of this 29 floors ta...",MANISHA ENTERPRISES,,,https://www.99acres.com/2-bhk-bedroom-apartment-flat-for-sale-in-dadar-west-south-mumbai-862-sqft-r1-spid-O87815372,,6
K93334670,PROPERTY,"3 BHK Flat in Dadar East, Mumbai","3 BHK Flat in Dadar East, Mumbai",Five gardens,"Dadar East, Mumbai",₹5.5 Cr,"₹30,555 /sqft","1,800 sqft",(167 sqm),Super Built-up Area,3 BHK,3,Ready To Move,1st out of 15 Floors | Overlooking Park,,"This property faces the north direction. Constructed on a super built up area of 1800 sq.Ft., the flat comprises 3 bedroom(s), 3 bathrooms . This flat is situated on the 1st floor of this 15 floors tall residential building. An added advantage of this 1-5 years old flat is that it is available for immediate possession as the project is already ready to move. The well built marble flooring enhan...",Vivek Corporation,Dealer,,https://www.99acres.com/3-bhk-bedroom-apartment-flat-for-sale-in-dadar-east-south-mumbai-1800-sqft-spid-K93334670,,6
I93009326,PROPERTY,"3 BHK Flat in Shivaji Park, Dadar","3 BHK Flat in Shivaji Park, Dadar",dipati building,"Shivaji Park, Dadar",₹4.6 Cr,"₹41,818 /sqft","1,100 sqft",(102 sqm),Carpet Area,3 BHK,3,Ready To Move,11th out of 21 Floors | Overlooking Park,,This property has clear sea view with view o shivaji park . Its a new building flat is unused and owner is selling way less than market rate,SQFT Realtors,Dealer,,https://www.99acres.com/3-bhk-bedroom-apartment-flat-for-sale-in-shivaji-park-south-mumbai-1100-sqft-spid-I93009326,,6
R91807304,PROPERTY,"3 BHK Flat in Hindu Colony, Dadar","3 BHK Flat in Hindu Colony, Dadar",Gokul Chs.,"Hindu Colony, Dadar",₹5.5 Cr,"₹40,293 /sqft","1,365 sqft",(127 sqm),Super Built-up Area,3 BHK,3,Ready To Move,5th out of 12 Floors | Overlooking Main Road,,"The flat is north-East-Facing. The flat occupies a super built up area of 1365 sq.Ft. That consists of 3 bedrooms, 3 bathrooms and 2 balconies. The flat has a total of 12 floors and this property is situated on 5th floor. An added advantage of this 1-5 years old flat is that it is available for immediate possession as the project is already ready to move. The well built ceramic flooring enhance...",Archana Payal,Dealer,,https://www.99acres.com/3-bhk-bedroom-apartment-flat-for-sale-in-hindu-colony-mumbai-south-1365-sqft-spid-R91807304,,6
A87815446,PROPERTY,"3 BHK Flat in Dadar West, Mumbai","3 BHK Flat in Dadar West, Mumbai",Suraj Park View Phase 2,"Dadar West, Mumbai",₹5 Cr,"₹56,306 /sqft",888 sqft,(83 sqm),Carpet Area,3 BHK,3,Under Construction,24th out of 29 Floors | 2 Covered Parking,,"This lovely 3 bhk apartment/flat in dadar west is available for sale in one of mumbai south's most popular projects, suraj park view phase 2. The flat occupies a carpet area of 888 sq.Ft. That consists of 3 bedrooms, 3 bathrooms and 2 balconies. The property is located on the 24th floor of a 29 floors tall building. This residential property is still under construction and will be available for...",MANISHA ENTERPRISES,,,https://www.99acres.com/3-bhk-bedroom-apartment-flat-for-sale-in-dadar-west-south-mumbai-888-sqft-r1-spid-A87815446,,6
C92573414,PROPERTY,"3 BHK Flat in Hindu Colony, Dadar","3 BHK Flat in Hindu Colony, Dadar",Avenue 14,"Hindu Colony, Dadar",₹4.9 Cr,"₹54,444 /sqft",900 sqft,(84 sqm),Carpet Area,3 BHK,3,Ready To Move,13th out of 21 Floors | Overlooking Main Road,,"Fully furnished flat with 2 car parks, located at dr. Road, higher floor with fully done up apartment with all white goods. Surface car park is there with lift.",D A Ventures,Dealer,,https://www.99acres.com/3-bhk-bedroom-apartment-flat-for-sale-in-avenue-14-hindu-colony-mumbai-south-900-sqft-spid-C92573414,,7
Y92377268,PROPERTY,"3 BHK Flat in Dadar West, Mumbai","3 BHK Flat in Dadar West, Mumbai",AAKASA SHIVAJI PARK,"Dadar West, Mumbai",₹5.98 Cr,"₹52,000 /sqft","1,150 sqft",(107 sqm),Carpet Area,3 BHK,4,Ready To Move,20th out of 22 Floors | Overlooking Park,,"Luxury 3 bhk apartments at dadar-(w) aakasa shivaji park Experience absolute exclusivity in a premium 22-Story tower, located in mumbai's most elite neighborhood. Construction in full swing | possession in 1.5 years Key highlights: Prime location: 5 mins walk to shivaji park Pure privacy: Only 2 apartments per floor (Limited units) Grand spaces: 10.5 ft. Clear floor-To-Ceiling height Vastu comp...",M S Property Solution,Dealer,,https://www.99acres.com/3-bhk-bedroom-apartment-flat-for-sale-in-dadar-west-south-mumbai-1150-sqft-spid-Y92377268,,7
M92317054,PROPERTY,"3 BHK Flat in Dadar West, Mumbai","3 BHK Flat in Dadar West, Mumbai",Shri Ratan Address,"Dadar West, Mumbai",₹5.8 Cr,"₹58,058 /sqft",999 sqft,(93 sqm),Carpet Area,3 BHK,3,Ready To Move,18th out of 23 Floors | North-East Facing,,"This is a north-East-Facing property. Containing 3 bedroom(s), 3 bathrooms and 1 balcony, this flat is spread over a carpet area of 999 sq.Ft. This flat is situated on the 18th floor of this 23 floors tall residential building. As the project is already ready to move, so you can easily move into this 1-5 years old property. The well built vitrified flooring enhances the aesthetic appeal of this...",MANISHA ENTERPRISES,,,https://www.99acres.com/3-bhk-bedroom-apartment-flat-for-sale-in-shri-ratan-address-dadar-west-south-mumbai-999-sqft-spid-M92317054,,7
O91458528,PROPERTY,"3 BHK Flat in Shivaji Park, Dadar","3 BHK Flat in Shivaji Park, Dadar",On Request,"Shivaji Park, Dadar",₹7.6 Cr,"₹52,704 /sqft","1,442 sqft",(134 sqm),Carpet Area,3 BHK,3,Under Construction,25th out of 41 Floors | Overlooking Main Road,,"Available for sell sea view 3 bhk in moraj opulence, shivaji park, 1442 sqft carpet flat on higher floor, all modern amenities, 2 covered car parking, possession december 2028, price rs 7.60 cr + govt taxes for more information please call hariom estate consultant.",Hariom Estate Consultants,,,https://www.99acres.com/3-bhk-bedroom-apartment-flat-for-sale-in-shivaji-park-south-mumbai-1442-sqft-spid-O91458528,,7
X93111302,PROPERTY,"3 BHK Flat in Shivaji Park, Dadar","3 BHK Flat in Shivaji Park, Dadar",Siddhi Chs,"Shivaji Park, Dadar",₹8.13 Cr,"₹54,200 /sqft","1,500 sqft",(139 sqm),Built-up Area,3 BHK,3,Ready To Move,19th out of 22 Floors | East Facing,,"Experience elevated urban living in this spacious 1,250 sq. Ft. 3 bhk residence, thoughtfully positioned on a higher floor to offer superb views. Wake up to the lush greenery of shivaji park on one side and enjoy stunning skyline and city views on the other, creating a perfect blend of serenity and vibrant city life. Designed for comfort and functionality, this well-Planned home features genero...",Jalaram Real Estate,,,https://www.99acres.com/3-bhk-bedroom-apartment-flat-for-sale-in-shivaji-park-south-mumbai-1500-sqft-spid-X93111302,,7
V92238918,PROPERTY,"3 BHK Flat in Dadar West, Mumbai","3 BHK Flat in Dadar West, Mumbai",Kalaya Tower,"Dadar West, Mumbai",₹6.2 Cr,"₹54,006 /sqft","1,148 sqft",(107 sqm),Carpet Area,3 BHK,4,Ready To Move,9th out of 19 Floors | Overlooking Park,,"Features:- * prime location & siddhivinayak metro station proposed within two minutes * siddhivinayak temple in 5 min * located in best part of prabhadevi, lowe parel, dadar, parel, worli * low density project (16 flats)",M S Property Solution,Dealer,,https://www.99acres.com/3-bhk-bedroom-apartment-flat-for-sale-in-dadar-west-south-mumbai-1148-sqft-spid-V92238918,,7
T90382960,PROPERTY,"3 BHK Flat in Hindu Colony, Dadar","3 BHK Flat in Hindu Colony, Dadar",UCT Unique Exotica,"Hindu Colony, Dadar",₹6.25 Cr,"₹52,170 /sqft","1,198 sqft",(111 sqm),Carpet Area,3 BHK,3,Ready To Move,22nd out of 22 Floors | Overlooking Park,,"This residential flat is north-East-Facing direction. Constructed on a carpet area of 1198 sq.Ft., the flat comprises 3 bedroom(s), 3 bathrooms . This flat is situated on the top floor of this 22 floors tall residential building. Being a ready to move project, you can expect immediate possession of this 1-5 years old property. The well built vitrified flooring enhances the aesthetic appeal of t...",D A Ventures,Dealer,,https://www.99acres.com/3-bhk-bedroom-apartment-flat-for-sale-in-uct-unique-exotica-hindu-colony-mumbai-south-1198-sqft-r1-spid-T90382960,,7
D83694784,PROPERTY,"3 BHK Flat in Dadar West, Mumbai","3 BHK Flat in Dadar West, Mumbai",shivaji Park road no 2 Good Chs,"Dadar West, Mumbai",₹7 Cr,"₹63,063 /sqft","1,110 sqft",(103 sqm),Carpet Area,3 BHK,3,Ready To Move,12th out of 21 Floors | Overlooking Main Road,,"Shivaji park road no 2 good chs is one of mumbai south's most sought after destination for apartments and this 3 bhk flat in dadar west is your opportunity to be a part of this community. The flat is north-East-Facing. The floor plan additionally contains 3 bedroom(s), 3 bathrooms and 2 balconies. All in all, the flat is spread over a carpet area of 1110 sq.Ft. This flat is situated on the 12th...",Arham Real Estate Consultants,Dealer,,https://www.99acres.com/3-bhk-bedroom-apartment-flat-for-sale-in-dadar-west-south-mumbai-1110-sqft-r4-spid-D83694784,,7
A92874976,PROPERTY,"3 BHK Flat in Shivaji Park, Dadar","3 BHK Flat in Shivaji Park, Dadar","Sanghvi Morya , Shivaji Park","Shivaji Park, Dadar",₹7.09 Cr,"₹55,555 /sqft","1,277 sqft",(119 sqm),Carpet Area,3 BHK,3,Under Construction,21st out of 22 Floors | Overlooking Park,,"Welcome to sanghvi morya A boutique address reserved for the few At the heart of shivaji park, dadar west, discover a refined lifestyle where elegance, privacy, and prestige come together crafted by sanghvi realty. The residences Thoughtfully designed homes that reflect understated luxury 2 bhk residences 613 681 sq. Ft. 3 bhk residences 907 sq. Ft. 1277sq.Ft. Elevated rooftop living Unwind abo...",Vivek Dadhe,Dealer,,https://www.99acres.com/3-bhk-bedroom-apartment-flat-for-sale-in-shivaji-park-south-mumbai-1277-sqft-spid-A92874976,,7
L89121141,PROPERTY,"3 BHK Flat in Dadar West, Mumbai","3 BHK Flat in Dadar West, Mumbai",Ramswaroop Palai Tower,"Dadar West, Mumbai",₹5.5 Cr,"₹32,069 /sqft","1,715 sqft",(159 sqm),Built-up Area,3 BHK,3,Ready To Move,16th out of 17 Floors | North-East Facing,,"This residential flat is north-East-Facing direction. The flat occupies a carpet area of 1215 sq.Ft. That consists of 3 bedrooms, 3 bathrooms and 1 balcony. The flat has a total of 17 floors and this property is situated on 16th floor. This 5-10 years old property is available for immediate possession as the project is ready to move. The beautifully designed others flooring enhances the beauty ...",CHETAN Y BHATT,Dealer,,https://www.99acres.com/3-bhk-bedroom-apartment-flat-for-sale-in-dadar-west-south-mumbai-1715-sqft-r2-spid-L89121141,,7
R91641532,PROPERTY,"3 BHK Flat in Dadar West, Mumbai","3 BHK Flat in Dadar West, Mumbai",On Request,"Dadar West, Mumbai",₹7.5 Cr,"₹70,555 /sqft","1,063 sqft",(99 sqm),Carpet Area,3 BHK,3,Under Construction,10th out of 19 Floors | East Facing,,"Available for sell unrestricted sea view 3 bhk near kirti collage, dadar west, 1063 sqft carpet, bare-Shell apartment with 2 covered car parking, two flats per floor, amenities like swimming pool and gym etc., price rs 7.50 cr + govt tax, possession december, 2027, for more information please call hariom estate consultant, prabhadevi.",Hariom Estate Consultants,,,https://www.99acres.com/3-bhk-bedroom-apartment-flat-for-sale-in-dadar-west-south-mumbai-1063-sqft-spid-R91641532,,7
F92596638,PROPERTY,"3 BHK Flat in Shivaji Park, Dadar","3 BHK Flat in Shivaji Park, Dadar",Meraki,"Shivaji Park, Dadar",₹7 Cr,"₹58,333 /sqft","1,200 sqft",(111 sqm),Carpet Area,3 BHK,3,Ready To Move,20th out of 22 Floors | Overlooking Park,,"This residential flat is east-Facing direction. The flat is over 1200 sq.Ft. Carpet area and comes with 3 bedroom(s), 3 bathrooms . The residential building has 22 floors in total and the flat for sale is located on the 20th floor. An added advantage of this 0-1 year old flat is that it is available for immediate possession as the project is already ready to move. The floor of this flat is beau...",Omprakash Dubey,Dealer,,https://www.99acres.com/3-bhk-bedroom-apartment-flat-for-sale-in-shivaji-park-south-mumbai-1200-sqft-spid-F92596638,,7
O91107996,PROPERTY,"4 BHK Flat in Dadar East, Mumbai","4 BHK Flat in Dadar East, Mumbai",Bombay Realty Island City Center,"Dadar East, Mumbai",₹11 Cr,"₹37,931 /sqft","2,900 sqft",(269 sqm),Built-up Area,4 BHK,4,Ready To Move,10th out of 67 Floors | Gated Society,,"This expansive 2,900+ sq.Ft. Builtup 4bed, 4bath residence is situated on the 10th floor of a 67storey landmark tower within the prestigious island city center (Icc), dadar east, an ultraluxury 23acre freehold gated community by bombay realty. Ready for immediate possession, the 15yearold home offers refined interiors with ensuite bathrooms, premium finishes, and doubleglazed glass faades, comp...",Cordeiro Real Estate,,,https://www.99acres.com/4-bhk-bedroom-apartment-flat-for-sale-in-bombay-realty-island-city-center-dadar-east-south-mumbai-2900-sqft-r1-spid-O91107996,,7
O90260838,PROPERTY,"3 BHK Flat in Dadar West, Mumbai","3 BHK Flat in Dadar West, Mumbai",Kapil Tirth,"Dadar West, Mumbai",₹8 Cr,"₹64,000 /sqft","1,250 sqft",(116 sqm),Carpet Area,3 BHK,3,Under Construction,8th out of 65 Floors | Overlooking Park,,"This residential flat is north-East-Facing direction. The floor plan additionally contains 3 bedroom(s), 3 bathrooms . All in all, the flat is spread over a carpet area of 1250 sq.Ft. The flat has a total of 65 floors and this property is situated on 8th floor. The flat is currently under construction stage and you can expect to get the possession of the property within 6 months. The beautifull...",Roshan Real Estate,,,https://www.99acres.com/3-bhk-bedroom-apartment-flat-for-sale-in-dadar-west-south-mumbai-1250-sqft-r1-spid-O90260838,,7
B92073954,PROPERTY,"2 BHK Flat in Shivaji Park, Dadar","2 BHK Flat in Shivaji Park, Dadar",shreenety,"Shivaji Park, Dadar",₹6.21 Cr,"₹71,875 /sqft",864 sqft,(80 sqm),Carpet Area,2 BHK,2,Ready To Move,12th out of 22 Floors | East Facing,,"This is a east-Facing property. The floor plan additionally contains 2 bedroom(s), 2 bathrooms . All in all, the flat is spread over a carpet area of 864 sq.Ft. The flat has a total of 22 floors and this property is situated on 12th floor. This is a ready to move project and the property is 0-1 year old. The ceramic flooring of this flat is beautifully designed and helps to give it a pleasing l...",Omprakash Dubey,Dealer,,https://www.99acres.com/2-bhk-bedroom-apartment-flat-for-sale-in-shivaji-park-south-mumbai-864-sqft-spid-B92073954,,7
U92835578,PROPERTY,"3 BHK Flat in Shivaji Park, Dadar","3 BHK Flat in Shivaji Park, Dadar",Standalone building,"Shivaji Park, Dadar",₹7.5 Cr,"₹57,692 /sqft","1,300 sqft",(121 sqm),Super Built-up Area,3 BHK,4,Ready To Move,15th out of 21 Floors | Overlooking Main Road,,Available 3 bhk for sale in shivaji park near sena bavan standalone building,Padmavati Estate Agency,Dealer,,https://www.99acres.com/3-bhk-bedroom-apartment-flat-for-sale-in-shivaji-park-south-mumbai-1300-sqft-spid-U92835578,,7
T87400498,PROPERTY,"3 BHK Flat in Dadar East, Mumbai","3 BHK Flat in Dadar East, Mumbai",Bombay Realty Island City Center,"Dadar East, Mumbai",₹10.25 Cr,"₹37,962 /sqft","2,700 sqft",(251 sqm),Built-up Area,3 BHK,3,Ready To Move,5th out of 67 Floors | 1 Covered Parking & 1 Open Parking,,"Situated in dadar east, mumbai south, bombay realty island city center is a well planned society that offers a pleasant living experience to its residents. This 3 bhk flat in mumbai south is your opportunity to be a part of this community. The flat is over 2700 sq.Ft. Built up area and comes with 3 bedroom(s), 3 bathrooms . The residential building has 67 floors in total and the flat for sale i...",Cordeiro Real Estate,,,https://www.99acres.com/3-bhk-bedroom-apartment-flat-for-sale-in-bombay-realty-island-city-center-dadar-east-south-mumbai-2700-sqft-r3-spid-T87400498,,7
B86791432,PROPERTY,"3 BHK Flat in Dadar East, Mumbai","3 BHK Flat in Dadar East, Mumbai",Bombay Realty Island City Center,"Dadar East, Mumbai",₹10 Cr,"₹37,593 /sqft","2,660 sqft",(247 sqm),Built-up Area,3 BHK,3,Ready To Move,4th out of 56 Floors | 1 Covered Parking & 1 Open Parking,,"Discover the epitome of luxury living with this ready-To-Move 3 bhk apartment at bombay realty island city center, one of the most sought-After destinations in dadar east, mumbai south; Spanning an impressive 2660 sq.Ft. Of built-Up area with three spacious bedrooms and three bathrooms, this elegant home is located on the 4th floor of a 56-Storey tower in a modern 15 year old development; Desig...",Cordeiro Real Estate,,,https://www.99acres.com/3-bhk-bedroom-apartment-flat-for-sale-in-bombay-realty-island-city-center-dadar-east-south-mumbai-2660-sqft-r3-spid-B86791432,,7
M90180266,PROPERTY,"3 BHK Flat in Shivaji Park, Dadar","3 BHK Flat in Shivaji Park, Dadar",Shree Siddhi,"Shivaji Park, Dadar",₹8 Cr,"₹64,000 /sqft","1,250 sqft",(116 sqm),Carpet Area,3 BHK,3,Ready To Move,21st out of 21 Floors | North-East Facing,,"This property faces the north-East direction. The flat is over 1250 sq.Ft. Carpet area and comes with 3 bedroom(s), 3 bathrooms and 1 balcony. This flat is situated on the top floor of this 21 floors tall residential building. This 1-5 years old property is available for immediate possession as the project is ready to move. The floor of this flat is beautifully designed using vitrified flooring...",MANISHA ENTERPRISES,,,https://www.99acres.com/3-bhk-bedroom-apartment-flat-for-sale-in-shree-siddhi-shivaji-park-south-mumbai-1250-sqft-spid-M90180266,,7
U92896290,PROPERTY,"3 BHK Flat in Dadar West, Mumbai","3 BHK Flat in Dadar West, Mumbai",Suraj The Palette,"Dadar West, Mumbai",₹8.5 Cr,"₹76,853 /sqft","1,106 sqft",(103 sqm),Carpet Area,3 BHK,3,Ready To Move,12th out of 49 Floors | Overlooking Main Road,,"This residential flat is east-Facing direction. The flat occupies a carpet area of 1106 sq.Ft. That consists of 3 bedrooms, 3 bathrooms and 1 balcony. The residential building has 49 floors in total and the flat for sale is located on the 12th floor. An added advantage of this 0-1 year old flat is that it is available for immediate possession as the project is already ready to move. The well bu...",Ask realtors,,,https://www.99acres.com/3-bhk-bedroom-apartment-flat-for-sale-in-suraj-the-palette-dadar-west-south-mumbai-1106-sqft-spid-U92896290,,7
W91759930,PROPERTY,"4 BHK Flat in Dadar East, Mumbai","4 BHK Flat in Dadar East, Mumbai",The Bombay ICC,"Dadar East, Mumbai",₹11.25 Cr,"₹45,000 /sqft","2,500 sqft",(232 sqm),Carpet Area,4 BHK,4,Ready To Move,11th out of 60 Floors | Overlooking Swimming Pool,,"Ombay realty island city center in dadar east, mumbai is a ready-To-Move housing society. It offers apartments in varied budget range. These units are a perfect combination of comfort and style, specifically designed to suit your requirements and conveniences. There are 3bhk and 4bhk apartments available in this project. This housing society is now ready to be called home as families have start...",Vaibhav Realty,Dealer,,https://www.99acres.com/4-bhk-bedroom-apartment-flat-for-sale-in-the-bombay-icc-dadar-east-south-mumbai-2500-sqft-spid-W91759930,,7
G87813830,PROPERTY,"3 BHK Flat in Shivaji Park, Dadar","3 BHK Flat in Shivaji Park, Dadar",Kapil Tirth,"Shivaji Park, Dadar",₹9.03 Cr,"₹72,297 /sqft","1,249 sqft",(116 sqm),Carpet Area,3 BHK,3,Under Construction,16th out of 19 Floors | 2 Covered Parking,,"This 3 bhk flat is located in kapil tirth, which houses some of the most spacious flats in shivaji park, mumbai south. The flat occupies a carpet area of 1249 sq.Ft. That consists of 3 bedrooms, 3 bathrooms and 2 balconies. The flat has a total of 19 floors and this property is situated on 16th floor. As the property is currently under construction , you can expect to get the possession by june...",MANISHA ENTERPRISES,,,https://www.99acres.com/3-bhk-bedroom-apartment-flat-for-sale-in-shivaji-park-south-mumbai-1249-sqft-r1-spid-G87813830,,7
J87880072,PROPERTY,"4 BHK Flat in Dadar East, Mumbai","4 BHK Flat in Dadar East, Mumbai",Bombay Realty Island City Center,"Dadar East, Mumbai",₹11 Cr,"₹52,206 /sqft","2,107 sqft",(196 sqm),Carpet Area,4 BHK,4,Ready To Move,22nd out of 54 Floors | 1 Covered Parking & 1 Open Parking,,"This 4 bhk apartment is available for sale in bombay realty island city center, one of the most prominent projects for flats in dadar east, mumbai south. Containing 4 bedroom(s), 4 bathrooms , this flat is spread over a carpet area of 2107 sq.Ft. The residential building has 54 floors in total and the flat for sale is located on the 22nd floor. As the project is already ready to move, so you ca...",Cordeiro Real Estate,,,https://www.99acres.com/4-bhk-bedroom-apartment-flat-for-sale-in-bombay-realty-island-city-center-dadar-east-south-mumbai-2107-sqft-r3-spid-J87880072,,7
F92118066,PROPERTY,"3 BHK Flat in Dadar East, Mumbai","3 BHK Flat in Dadar East, Mumbai",Bombay Realty Island City Center,"Dadar East, Mumbai",₹9.5 Cr,"₹58,969 /sqft","1,611 sqft",(150 sqm),Carpet Area,3 BHK,3,Ready To Move,33rd out of 67 Floors | 1 Covered Parking & 1 Open Parking,,"Luxuriously furnished and vaastu compliant, this ultrapremium 3-Bedroom, 3-Bathroom residence at bombay realtys island city center (Icc), dadar east spans an expansive 1,611 sq.Ft. Carpet area and is positioned on the 33rd floor of a landmark 67storey tower, capturing sweeping arabian sea views along with tranquil vistas of the townships beautifully landscaped open greens. Set within an exclusi...",Cordeiro Real Estate,,,https://www.99acres.com/3-bhk-bedroom-apartment-flat-for-sale-in-bombay-realty-island-city-center-dadar-east-south-mumbai-1611-sqft-spid-F92118066,,7
N89829560,PROPERTY,"3 BHK Flat in Shivaji Park, Dadar","3 BHK Flat in Shivaji Park, Dadar",sea facing,"Shivaji Park, Dadar",₹10.5 Cr,"₹56,756 /sqft","1,850 sqft",(172 sqm),Super Built-up Area,3 BHK,3,Ready To Move,17th out of 23 Floors | Overlooking Sea,,3 bhk residential flat with complete sea view available for sale in shivaji park for more details and queries please do contact brokers please do not response,Poonam Realtors,Dealer,,https://www.99acres.com/3-bhk-bedroom-apartment-flat-for-sale-in-shivaji-park-south-mumbai-1850-sqft-r1-spid-N89829560,,7
C88216662,PROPERTY,"3 BHK Flat in Dadar East, Mumbai","3 BHK Flat in Dadar East, Mumbai",The Bombay ICC,"Dadar East, Mumbai",₹9 Cr,"₹54,878 /sqft","1,640 sqft",(152 sqm),Carpet Area,3 BHK,4,Ready To Move,29th out of 65 Floors | North-East Facing,,"Located in the popular residential address of dadar east, mumbai south, the bombay icc is one of the most preferred destination for apartments in mumbai south. This 3 bhk flat is your ticket to be a part of this community. The flat occupies a carpet area of 1640 sq.Ft. That consists of 3 bedrooms, 4 bathrooms . As the project is already ready to move, so you can easily move into this 5-10 years...",CAVELLE LANGWYN PRIVATE LIMITED,Dealer,,https://www.99acres.com/3-bhk-bedroom-apartment-flat-for-sale-in-the-bombay-icc-dadar-east-south-mumbai-1640-sqft-r3-spid-C88216662,,8
C79949987,PROPERTY,"3 BHK Flat in Dadar East, Mumbai","3 BHK Flat in Dadar East, Mumbai",Bombay Realty Island City Center,"Dadar East, Mumbai",₹10.5 Cr,"₹52,212 /sqft","2,011 sqft",(187 sqm),Carpet Area,3 BHK,3,Ready To Move,1st out of 63 Floors | East Facing,,"Indulge in ultimate luxury at this 3 bedroom flat with spacious terrace in dadar east, mumbai south is situated in bombay realty island city center, one of the popular residential society in mumbai south. The floor plan additionally contains 3 bedroom consist 1611 area and large terrace of 400 sqft. All in all, the flat is spread over a carpet area of 2011 sq.Ft. The residential building has 67...",Cordeiro Real Estate,,,https://www.99acres.com/3-bhk-bedroom-apartment-flat-for-sale-in-bombay-realty-island-city-center-dadar-east-south-mumbai-2011-sqft-r8-spid-C79949987,,8
L91641896,PROPERTY,"6 BHK Flat in Dadar West, Mumbai","6 BHK Flat in Dadar West, Mumbai",On Request,"Dadar West, Mumbai",₹15.9 Cr,"₹69,982 /sqft","2,272 sqft",(211 sqm),Carpet Area,6 BHK,6,Under Construction,10th out of 19 Floors | Overlooking Main Road,,"Available for sell unrestricted sea view 6 bhk near kirti collage, dadar west, 2272 sqft carpet, bare-Shell apartment with 4 covered car parking, one flat per floor, amenities like swimming pool and gym etc., price rs 15.90 cr + govt tax, possession december, 2027, for more information please call hariom estate consultant, prabhadevi.",Hariom Estate Consultants,,,https://www.99acres.com/6-bhk-bedroom-apartment-flat-for-sale-in-dadar-west-south-mumbai-2272-sqft-spid-L91641896,,8
L83298898,PROPERTY,"4 BHK Flat in Dadar East, Mumbai","4 BHK Flat in Dadar East, Mumbai",Bombay Realty Island City Center,"Dadar East, Mumbai",₹10 Cr,"₹47,460 /sqft","2,107 sqft",(196 sqm),Carpet Area,4 BHK,4,Ready To Move,4th out of 63 Floors | Vaastu Compliant,,"This elegant 4 bhk apartment is available for sale in the acclaimed bombay realty island city center, located in dadar eastone of south mumbais most vibrant locales. Spanning 2107 sq.Ft.. Of carpet area, this well-Designed residence is positioned on the 4th floor of a towering 63-Storey building. With four spacious bedrooms and an equal number of bathrooms, its perfect for families looking to m...",Cordeiro Real Estate,,,https://www.99acres.com/4-bhk-bedroom-apartment-flat-for-sale-in-bombay-realty-island-city-center-dadar-east-south-mumbai-2107-sqft-r5-spid-L83298898,,8
N86889926,PROPERTY,"4 BHK Flat in Dadar East, Mumbai","4 BHK Flat in Dadar East, Mumbai",Bombay Realty Island City Center,"Dadar East, Mumbai",₹10.75 Cr,"₹51,020 /sqft","2,107 sqft",(196 sqm),Carpet Area,4 BHK,4,Ready To Move,25th out of 63 Floors,,"Situated in dadar east, mumbai south, bombay realty island city center is a well planned society that offers a pleasant living experience to its residents. This 4 bhk flat in mumbai south is your opportunity to be a part of this community. The flat is over 2107 sq.Ft. Carpet area and comes with 4 bedroom(s), 4 bathrooms . The flat has a total of 63 floors and this property is situated on 25th f...",Cordeiro Real Estate,,,https://www.99acres.com/4-bhk-bedroom-apartment-flat-for-sale-in-bombay-realty-island-city-center-dadar-east-south-mumbai-2107-sqft-r3-spid-N86889926,,8
I93326266,PROPERTY,"3 BHK Flat in Dadar West, Mumbai","3 BHK Flat in Dadar West, Mumbai",Suraj Ocean Star,"Dadar West, Mumbai",₹12 Cr,"₹91,675 /sqft","1,308.97 sqft",(122 sqm),Carpet Area,3 BHK,3,Ready To Move,28th out of 45 Floors,,"The flat occupies a carpet area of 1309 sq.Ft. That consists of 3 bedrooms, 3 bathrooms and 1 balcony. This flat lies on the 28th level of a 45 storey building. This residential property is still under construction and will be available for possession immediately. The flat will offer a modern lifestyle as it is presented with many of the amenities such as lift(s), security guard, swimming pool,...",Terraa Propex LLP,,,https://www.99acres.com/3-bhk-bedroom-apartment-flat-for-sale-in-suraj-ocean-star-dadar-west-south-mumbai-1309-sqft-spid-I93326266,,8
S89605056,PROPERTY,"3 BHK Flat in Dadar East, Mumbai","3 BHK Flat in Dadar East, Mumbai",The Bombay ICC,"Dadar East, Mumbai",₹9 Cr,"₹42,857 /sqft","2,100 sqft",(195 sqm),Built-up Area,3 BHK,3,Ready To Move,21st out of 54 Floors | 1 Covered Parking & 1 Open Parking,,"Step into a world where luxury meets convenience at island city center (Icc) in dadar, mumbaian address that redefines sophistication and elevates everyday living. This ready-To-Move 3-Bedroom, 3-Bathroom residence spans an impressive 2,100 sq.Ft. On the 21st floor of a 54-Story tower, offering panoramic views and unmatched privacy. With modern amenities like a swimming pool, fitness centre, cl...",Cordeiro Real Estate,,,https://www.99acres.com/3-bhk-bedroom-apartment-flat-for-sale-in-the-bombay-icc-dadar-east-south-mumbai-2100-sqft-r2-spid-S89605056,,8
M89148525,PROPERTY,"3 BHK Flat in Dadar East, Mumbai","3 BHK Flat in Dadar East, Mumbai",Bombay Realty Island City Center,"Dadar East, Mumbai",₹12 Cr,"₹50,000 /sqft","2,400 sqft",(223 sqm),Built-up Area,3 BHK,3,Ready To Move,42nd out of 64 Floors | Vaastu Compliant,,"This exquisite 3-Bedroom, 3-Bathroom residence at bombay realtys island city center in dadar east, mumbai, spans 2400 sq.Ft. Of built-Up area and is perched on the 42nd floor of a 64-Storey tower, offering an unparalleled vantage point over the city and sea. A ready-To-Move property aged 15 years, it combines modern sophistication with timeless elegance, featuring expansive layouts, air-Conditi...",Cordeiro Real Estate,,,https://www.99acres.com/3-bhk-bedroom-apartment-flat-for-sale-in-bombay-realty-island-city-center-dadar-east-south-mumbai-2400-sqft-r2-spid-M89148525,,8
L92386416,PROPERTY,"3 BHK Flat in Dadar East, Mumbai","3 BHK Flat in Dadar East, Mumbai",Bombay Springs,"Dadar East, Mumbai",₹12.5 Cr,"₹56,689 /sqft","2,205 sqft",(205 sqm),Built-up Area,3 BHK,3,Ready To Move,33rd out of 40 Floors | 1 Covered Parking & 1 Open Parking,,"Situated on the 33rd floor of the impeccably crafted 40storey bombay springs tower, this premium 3 bhk residence with a private terrace for panoramic views offers an expansive 2,205 sq.Ft. Builtup area, featuring three contemporary bathrooms and a private balcony within a 15 year old, readytomovein luxury development by bombay realty. The home showcases superior planning with spacious, wellvent...",Cordeiro Real Estate,,,https://www.99acres.com/3-bhk-bedroom-apartment-flat-for-sale-in-bombay-springs-dadar-east-south-mumbai-2205-sqft-spid-L92386416,,8
O93111246,PROPERTY,"3 BHK Flat in Dadar East, Mumbai","3 BHK Flat in Dadar East, Mumbai",Bombay Springs,"Dadar East, Mumbai",₹12.5 Cr,"₹56,689 /sqft","2,205 sqft",(205 sqm),Super Built-up Area,3 BHK,3,Ready To Move,33rd out of 40 Floors | Overlooking Park,,"The flat is over 2205 sq.Ft. Super built up area and comes with 3 bedroom(s), 3 bathrooms and more than 2 balconies. The flat has a total of 40 floors and this property is situated on 33rd floor. This residential flat is ready to move in and you can expect the possession of the same immediately. Bombay springs is designed very well to provide modern facilities such as swimming pool, gymnasium, ...",CHETAN Y BHATT,Dealer,,https://www.99acres.com/3-bhk-bedroom-apartment-flat-for-sale-in-bombay-springs-dadar-east-south-mumbai-2205-sqft-spid-O93111246,,8
K89852370,PROPERTY,"3 BHK Flat in Dadar East, Mumbai","3 BHK Flat in Dadar East, Mumbai",Raj EL Prado,"Dadar East, Mumbai",₹11 Cr,"₹53,658 /sqft","2,050 sqft",(190 sqm),Carpet Area,3 BHK,3,Ready To Move,13th out of 25 Floors | North-East Facing,,"This is a north-East-Facing property. The floor plan additionally contains 3 bedroom(s), 3 bathrooms . All in all, the flat is spread over a carpet area of 2050 sq.Ft. The property is located on the 13th floor of a 25 floors tall building. Being a ready to move project, you can expect immediate possession of this 10+ years old property. The floor of this flat is beautifully designed using vitri...",K.Hemandas real estate,Dealer,,https://www.99acres.com/3-bhk-bedroom-apartment-flat-for-sale-in-raj-el-prado-dadar-east-south-mumbai-2050-sqft-spid-K89852370,,8
Z87893830,PROPERTY,"4 BHK Flat in Dadar East, Mumbai","4 BHK Flat in Dadar East, Mumbai",Bombay Realty Island City Center,"Dadar East, Mumbai",₹16 Cr,"₹64,000 /sqft","2,500 sqft",(232 sqm),Carpet Area,4 BHK,4,Ready To Move,47th out of 56 Floors | 1 Covered Parking & 1 Open Parking,,"This ready-To-Move 4 bhk residence at bombay realty island city center, dadar east, mumbai south, offers a spacious carpet area of approximately 2,500 sq.Ft. And is situated on the 47th floor of a 56-Storey tower. Designed for modern living, the property features four bedrooms and four bathrooms, complemented by premium amenities including a swimming pool, fitness centre, clubhouse, landscaped ...",Cordeiro Real Estate,,,https://www.99acres.com/4-bhk-bedroom-apartment-flat-for-sale-in-bombay-realty-island-city-center-dadar-east-south-mumbai-2500-sqft-r3-spid-Z87893830,,8
Q91856110,PROPERTY,"4 BHK Flat in Dadar East, Mumbai","4 BHK Flat in Dadar East, Mumbai",Bombay Realty Island City Center,"Dadar East, Mumbai",₹13 Cr,"₹52,000 /sqft","2,500 sqft",(232 sqm),Carpet Area,4 BHK,4,Ready To Move,14th out of 67 Floors | 1 Covered Parking & 1 Open Parking,,"This expansive 2,500 sq.Ft. Carpet residence on the 14th floor of a 67storey tower features a welldesigned 4bedroom, 4bathroom layout and is offered in a 15yearold, readytomove condition with immediate possession. The home is complemented by premium lifestyle amenities including a swimming pool, fitness centre/gym, clubhouse, landscaped park, cctv surveillance, and multiple highspeed lifts, ens...",Cordeiro Real Estate,,,https://www.99acres.com/4-bhk-bedroom-apartment-flat-for-sale-in-bombay-realty-island-city-center-dadar-east-south-mumbai-2500-sqft-spid-Q91856110,,8
A82745450,PROPERTY,"3 BHK Flat in Chandrakant Dhuru Wadi, Dadar","3 BHK Flat in Chandrakant Dhuru Wadi, Dadar",Vision Crest,"Chandrakant Dhuru Wadi, Dadar",₹14 Cr,"₹87,500 /sqft","1,600 sqft",(149 sqm),Carpet Area,3 BHK,3,Ready To Move,9th out of 30 Floors | Overlooking Main Road,,"Located in the popular residential address of chandrakant dhuru wadi, mumbai south, vision crest is one of the most preferred destination for apartments in mumbai south. This 3 bhk flat is your ticket to be a part of this community. The flat is facing the east direction. Containing 3 bedroom(s), 3 bathrooms and 2 balconies, this flat is spread over a super built up area of 2450 sq.Ft. The resid...",K.Hemandas real estate,Dealer,,https://www.99acres.com/3-bhk-bedroom-apartment-flat-for-sale-in-vision-crest-chandrakant-dhuru-wadi-mumbai-south-1600-sqft-r1-spid-A82745450,,8
L81585495,PROPERTY,"4 BHK Flat in Dadar East, Mumbai","4 BHK Flat in Dadar East, Mumbai",Bombay Realty Island City Center,"Dadar East, Mumbai",₹11.5 Cr,"₹41,071 /sqft","2,800 sqft",(260 sqm),Built-up Area,4 BHK,4,Ready To Move,50th out of 67 Floors | 1 Covered Parking & 1 Open Parking,,"Bombay icc Gd ambekar marg, spring mill complex, wadala, mumbai, 400014 Island city center Built on the heritage of trust and quality of the wadia group, bombay realty presents island city center, an iconic development redefining spacious living in mumbai. Hosting luxury residences with large carpet areas, the island city center spreads across acres of undisputed land in dadar, mumbai. A city w...",Cordeiro Real Estate,,,https://www.99acres.com/4-bhk-bedroom-apartment-flat-for-sale-in-bombay-realty-island-city-center-dadar-east-south-mumbai-2800-sqft-r6-spid-L81585495,,8
P90229070,PROPERTY,"3 BHK Flat in Dadar West, Mumbai","3 BHK Flat in Dadar West, Mumbai",Kohinoor Altissimo,"Dadar West, Mumbai",₹13.9 Cr,"₹69,954 /sqft","1,987 sqft",(185 sqm),Carpet Area,3 BHK,3,Ready To Move,26th out of 32 Floors | Overlooking Main Road,,"Available for sell 3 bhk in kohinoor altissimo, near shiv sena bhavan, dadar (West), 1987 sqft usable carpet (228 sqft terrace), fully furnished well done up flat, good sun light in flat, higher floor available, 2 covered car parking, premises have all amenities, prime location, price rs 13.90 cr ready to move in for more information please call hariom estate consultant.",Hariom Estate Consultants,,,https://www.99acres.com/3-bhk-bedroom-apartment-flat-for-sale-in-kohinoor-altissimo-dadar-west-south-mumbai-1987-sqft-r1-spid-P90229070,,8
O93085550,PROPERTY,"4 BHK Flat in Shivaji Park, Dadar","4 BHK Flat in Shivaji Park, Dadar",New Building Chs,"Shivaji Park, Dadar",₹12.25 Cr,"₹68,055 /sqft","1,800 sqft",(167 sqm),Built-up Area,4 BHK,4,Ready To Move,13th out of 19 Floors | Overlooking Park,,"Presenting an exceptional 4 bhk residence in the heart of shivaji park, offering spectacular views of the iconic shivaji park and the arabian sea. Combining luxury, space, and one of mumbai's most prestigious addresses, this home is designed for families seeking an unparalleled lifestyle. The apartment features a generously proportioned living and dining area that opens to mesmerizing park and ...",Jalaram Real Estate,,,https://www.99acres.com/4-bhk-bedroom-apartment-flat-for-sale-in-shivaji-park-south-mumbai-1800-sqft-spid-O93085550,,8
J92204504,PROPERTY,"4 BHK Flat in Dadar East, Mumbai","4 BHK Flat in Dadar East, Mumbai",Bombay Realty Island City Center,"Dadar East, Mumbai",₹12 Cr,"₹56,953 /sqft","2,107 sqft",(196 sqm),Carpet Area,4 BHK,4,Ready To Move,42nd out of 64 Floors | 1 Covered Parking & 1 Open Parking,,"This elegant 4-Bedroom, 4-Bathroom residence spans a generous 2,107 sq.Ft. Of carpet area and is positioned on the 42nd floor of a 64storey tower at island city center (Icc), bombay realtys landmark luxury development in dadar east. The apartment, 15 years old and ready for immediate possession, offers refined living with modern comforts and expansive views. Icc is an iconic gated township by t...",Cordeiro Real Estate,,,https://www.99acres.com/4-bhk-bedroom-apartment-flat-for-sale-in-bombay-realty-island-city-center-dadar-east-south-mumbai-2107-sqft-spid-J92204504,,8
C91885318,PROPERTY,"3 BHK Flat in Shivaji Park, Dadar","3 BHK Flat in Shivaji Park, Dadar",Sea Esta,"Shivaji Park, Dadar",₹11.75 Cr,"₹81,034 /sqft","1,450 sqft",(135 sqm),Built-up Area,3 BHK,3,Ready To Move,7th out of 19 Floors | 1 Covered Parking,,"A premium 3 bhk abode is available on sale in this iconic tower. This single-Wing boutique development stands 20 storeys tall and ensures complete residential exclusivity with exactly 1 flat per floor. The apartment features a sprawling layout with well done up interiors. Enjoy maximum cross-Ventilation, abundant natural daylight, and sprawling, uninterrupted sea views from your abode. Connect ...",Jalaram Real Estate,,,https://www.99acres.com/3-bhk-bedroom-apartment-flat-for-sale-in-shivaji-park-south-mumbai-1450-sqft-spid-C91885318,,8
P88172646,PROPERTY,"3 BHK Flat in Dadar, Mumbai","3 BHK Flat in Dadar, Mumbai",West Vision Crest,"Dadar, Mumbai",₹13 Cr,"₹81,250 /sqft","1,600 sqft",(149 sqm),Carpet Area,3 BHK,3,Ready To Move,14th out of 25 Floors | Overlooking Main Road,,"West vision crest is one of mumbai south's most sought after destination for apartments and this 3 bhk flat in dadar is your opportunity to be a part of this community. This residential flat is west-Facing direction. The floor plan additionally contains 3 bedroom(s), 3 bathrooms and 2 balconies. All in all, the flat is spread over a carpet area of 1600 sq.Ft. The flat has a total of 25 floors a...",K.Hemandas real estate,Dealer,,https://www.99acres.com/3-bhk-bedroom-apartment-flat-for-sale-in-west-vision-crest-dadar-mumbai-south-1600-sqft-r1-spid-P88172646,,8
K92340616,PROPERTY,"4 BHK Flat in Dadar East, Mumbai","4 BHK Flat in Dadar East, Mumbai",Bombay Realty Island City Center,"Dadar East, Mumbai",₹13.75 Cr,"₹41,666 /sqft","3,300 sqft",(307 sqm),Built-up Area,4 BHK,4,Ready To Move,2nd out of 64 Floors | 1 Covered Parking & 1 Open Parking,,"This distinguished 4bhk residence spans over 3300 sq.Ft. Of builtup area and is positioned on the 2nd floor of a 64storey tower within bombay realtys island city center (Icc), dadar east, an ultraluxury, 29acre gold leedcertified township. Offering grand, crossventilated interiors with exceptional ceiling heights, the home is part of a 15yearold readytomove development renowned for its expansiv...",Cordeiro Real Estate,,,https://www.99acres.com/4-bhk-bedroom-apartment-flat-for-sale-in-bombay-realty-island-city-center-dadar-east-south-mumbai-3300-sqft-spid-K92340616,,8
Z90167202,PROPERTY,"3 BHK Flat in Shivaji Park, Dadar","3 BHK Flat in Shivaji Park, Dadar",The Shree Udyan,"Shivaji Park, Dadar",₹11.5 Cr,"₹62,229 /sqft","1,848 sqft",(172 sqm),Carpet Area,3 BHK,3,Ready To Move,16th out of 19 Floors | North-East Facing,,"This residential flat is north-East-Facing direction. Containing 3 bedroom(s), 3 bathrooms and 1 balcony, this flat is spread over a carpet area of 1848 sq.Ft. The property is located on the 16th floor of a 19 floors tall building. Being a ready to move project, you can expect immediate possession of this 1-5 years old property. The flat comes well built with vitrified flooring options. The shr...",MANISHA ENTERPRISES,,,https://www.99acres.com/3-bhk-bedroom-apartment-flat-for-sale-in-shivaji-park-south-mumbai-1848-sqft-spid-Z90167202,,8
E89709800,PROPERTY,"4 BHK Flat in Dadar East, Mumbai","4 BHK Flat in Dadar East, Mumbai",Bombay Realty Island City Center,"Dadar East, Mumbai",₹13.5 Cr,"₹46,551 /sqft","2,900 sqft",(269 sqm),Built-up Area,4 BHK,4,Ready To Move,56th out of 67 Floors | Vaastu Compliant,,"This exclusive 4 bhk residence at bombay realtys island city center (Icc), dadar east, is a rare opportunity to secure an expat-Quality home that perfectly blends luxury, convenience, and prestige. Spanning 2,900 sq.Ft. On the 56th floor of a 67-Storey tower, this ready-To-Move apartment offers immediate possession, making it ideal for corporate lease requirements. With 4 spacious bedrooms and ...",Cordeiro Real Estate,,,https://www.99acres.com/4-bhk-bedroom-apartment-flat-for-sale-in-bombay-realty-island-city-center-dadar-east-south-mumbai-2900-sqft-r2-spid-E89709800,,8
S83729554,PROPERTY,"4 BHK Flat in Dadar East, Mumbai","4 BHK Flat in Dadar East, Mumbai",The Bombay ICC,"Dadar East, Mumbai",₹12.5 Cr,"₹43,103 /sqft","2,900 sqft",(269 sqm),Built-up Area,4 BHK,4,Ready To Move,57th out of 63 Floors | 1 Covered Parking & 1 Open Parking,,"Experience elevated living in this opulent 4 bhk haven nestled on the 57th floor of the prestigious 63-Storey bombay icc tower, dadar eastwhere sophistication meets sky-High serenity. Spanning an expansive 2900 sq.Ft.. Of built-Up area, this ready-To-Move-In masterpiece offers four elegantly designed bedrooms and bathrooms, ideal for families seeking space, style, and stature. Within a prime so...",Cordeiro Real Estate,,,https://www.99acres.com/4-bhk-bedroom-apartment-flat-for-sale-in-the-bombay-icc-dadar-east-south-mumbai-2900-sqft-r5-spid-S83729554,,8
J93270224,PROPERTY,"4 BHK Flat in Dadar East, Mumbai","4 BHK Flat in Dadar East, Mumbai",Bombay Realty Island City Center,"Dadar East, Mumbai",₹15.25 Cr,"₹43,571 /sqft","3,500 sqft",(325 sqm),Built-up Area,4 BHK,4,Ready To Move,43rd out of 64 Floors | Vaastu Compliant,,"Developed by bombay realty, island city center (Icc) in dadar east stands as an ultraluxury gated enclave spread across acres of serene open greens, offering grand readytomove 3 and 4 bhk residences enhanced by over 40 elite lifestyle amenities including multiple swimming pools, a modern gymnasium, sports courts, landscaped gardens, and an exclusive clubhouseall in a prime central mumbai locati...",Cordeiro Real Estate,,,https://www.99acres.com/4-bhk-bedroom-apartment-flat-for-sale-in-bombay-realty-island-city-center-dadar-east-south-mumbai-3500-sqft-spid-J93270224,,8
Q87276314,PROPERTY,"2 BHK Flat in Dadar West, Mumbai","2 BHK Flat in Dadar West, Mumbai",Crest,"Dadar West, Mumbai",₹3.25 Cr,"₹40,625 /sqft",800 sqft,(74 sqm),Carpet Area,2 BHK,2,Under Construction,19th out of 22 Floors | Overlooking Main Road,,"Available for sell 2 bhk in bhavani shankar road, dadar west, near shardashram school, 800 sqft carpet, property available on higher floor, 1 covered car parking, prime location, main road touch, possession march, 2026, price rs 3.25 cr + govt taxes for more information please call hariom estate consultant.",Hariom Estate Consultants,,,https://www.99acres.com/2-bhk-bedroom-apartment-flat-for-sale-in-dadar-west-south-mumbai-800-sqft-r1-spid-Q87276314,,9
B91693892,PROPERTY,"2 BHK Flat in Dadar West, Mumbai","2 BHK Flat in Dadar West, Mumbai",On Request,"Dadar West, Mumbai",₹3 Cr,"₹38,809 /sqft",773 sqft,(72 sqm),Carpet Area,2 BHK,2,Under Construction,10th out of 18 Floors | Overlooking Main Road,,"New construction 2 bhk behind plaza cinema, 773 sqft carpet flat, two flats per floor, one car parking, all modern amenities, price rs 3 cr + govt tax possession march, 2027, for more information please call hariom estate consultant, prabhadevi.",Hariom Estate Consultants,,,https://www.99acres.com/2-bhk-bedroom-apartment-flat-for-sale-in-dadar-west-south-mumbai-773-sqft-spid-B91693892,,9
P92235010,PROPERTY,"2 BHK Flat in Dadar East, Mumbai","2 BHK Flat in Dadar East, Mumbai",On Request,"Dadar East, Mumbai",₹3.21 Cr,"₹41,312 /sqft",777 sqft,(72 sqm),Carpet Area,2 BHK,2,Under Construction,15th out of 20 Floors | Overlooking Main Road,,"New construction 2 bhk with balcony in dadar east, near best depot, 777 sqft carpet flat, four flats per floor, one car parking, amenities like terrace garden, jogging track, yoga lawn, vertical garden, gym etc. , price rs 3.21 cr + govt tax possession june, 2027, for more information please call hariom estate consultant, prabhadevi.",Hariom Estate Consultants,,,https://www.99acres.com/2-bhk-bedroom-apartment-flat-for-sale-in-dadar-east-south-mumbai-777-sqft-spid-P92235010,,9
D93000654,PROPERTY,"2 BHK Flat in Dadar West, Mumbai","2 BHK Flat in Dadar West, Mumbai",On Request,"Dadar West, Mumbai",₹3.03 Cr,"₹43,722 /sqft",693 sqft,(64 sqm),Carpet Area,2 BHK,2,Ready To Move,23rd out of 24 Floors | Overlooking Main Road,,"Oc received 2 bhk available in gokhale road, dadar west,693 sqft carpet flat on higher floor, one car parking, amenities like open air lounge/party area, amphitheatre, jacuzzi etc., price rs. 3.03 cr + govt taxes possession ready to move, for more information please call hariom estate consultant.",Hariom Estate Consultants,,,https://www.99acres.com/2-bhk-bedroom-apartment-flat-for-sale-in-dadar-west-south-mumbai-693-sqft-spid-D93000654,,9
H77407169,PROPERTY,"2 BHK Flat in Hindu Colony, Dadar","2 BHK Flat in Hindu Colony, Dadar",Sugee Shrusti,"Hindu Colony, Dadar",₹3.38 Cr,"₹48,285 /sqft",700 sqft,(65 sqm),Built-up Area,2 BHK,2,Under Construction,19th out of 22 Floors | Overlooking Main Road,,"Situated in colony, mumbai south, sugee shrusti is a well planned society that offers a pleasant living experience to its residents. This 2 bhk flat in mumbai south is your opportunity to be a part of this community. Containing 2 bedroom(s), 2 bathrooms, this flat is spread over a built up area of 700 sq.Ft. The flat has a total of 22 floors and this property is situated on 19th floor. As the p...",Dream Properties,,,https://www.99acres.com/2-bhk-bedroom-apartment-flat-for-sale-in-hindu-colony-mumbai-south-700-sqft-r9-spid-H77407169,,9
L78767961,PROPERTY,"2 BHK Flat in Dadar TT, Mumbai","2 BHK Flat in Dadar TT, Mumbai","Nandivardhan Monopoli , Dadar east","Dadar TT, Mumbai",₹3.3 Cr,"₹41,250 /sqft",800 sqft,(74 sqm),Built-up Area,2 BHK,2,Under Construction,25th out of 41 Floors | Overlooking Main Road,,"Nandivardhan monopoli is one of the most popular destination for buying apartments/ flats in dadar tt, mumbai south. You too can be a part of this society by purchasing this 2 bhk flat here. Containing 2 bedroom(s), 2 bathrooms and 1 balcony, this flat is spread over a built up area of 800 sq.Ft. The property is located on the 25th floor of a 41 floors tall building. Moreover, the flat is curre...",Dream Properties,,,https://www.99acres.com/2-bhk-bedroom-apartment-flat-for-sale-in-dadar-tt-south-mumbai-800-sqft-r9-spid-L78767961,,9
L86617464,PROPERTY,"1 BHK Flat in Dadar West, Mumbai","1 BHK Flat in Dadar West, Mumbai",Promesa West End,"Dadar West, Mumbai",₹2.99 Cr,"₹25,665 /sqft","1,165 sqft",(108 sqm),Super Built-up Area,1 BHK,2,Under Construction,12th out of 22 Floors | North-East Facing,,"This 1 bhk flat is located in promesa west end, which houses some of the most spacious flats in dadar west, mumbai south. The flat is north-East-Facing. Containing 1 bedroom(s), 2 bathrooms and 1 balcony, this flat is spread over a super built up area of 700 sq.Ft. The residential building has 22 floors in total and the flat for sale is located on the 12th floor. This residential property is st...",Parmar Properties and Infrastructure Pvt. Ltd.,Dealer,,https://www.99acres.com/1-bhk-bedroom-apartment-flat-for-sale-in-promesa-west-end-dadar-west-south-mumbai-1165-sqft-r2-spid-L86617464,,9
F92533770,PROPERTY,"2 BHK Flat in Naigaon, Dadar","2 BHK Flat in Naigaon, Dadar",Nine Reflex,"Naigaon, Dadar",₹2.25 Cr,"₹50,000 /sqft",450 sqft,(42 sqm),Carpet Area,2 BHK,2,Under Construction,17th out of 22 Floors | Overlooking Park,,"This property faces the north-East direction. Constructed on a carpet area of 450 sq.Ft., the flat comprises 2 bedroom(s), 2 bathrooms . The flat has a total of 22 floors and this property is situated on 17th floor. Moreover, the flat is currently under construction and possession is expected within 3 months. The flat comes well built with vitrified flooring options. This residential property i...",HomeONE,Dealer,,https://www.99acres.com/2-bhk-bedroom-apartment-flat-for-sale-in-naigaon-mumbai-south-450-sqft-spid-F92533770,,9
A91824322,PROPERTY,"2 BHK Flat in Naigaon, Dadar","2 BHK Flat in Naigaon, Dadar",Landmark Tower,"Naigaon, Dadar",₹3.1 Cr,"₹41,333 /sqft",750 sqft,(70 sqm),Carpet Area,2 BHK,2,Ready To Move,6th out of 23 Floors | 1 Covered Parking,,Lifetime open view.Ramp podium parking and garden facing.Five walking from dadar station,D A Ventures,Dealer,,https://www.99acres.com/2-bhk-bedroom-apartment-flat-for-sale-in-landmark-tower-naigaon-mumbai-south-750-sqft-spid-A91824322,,9
P87183010,PROPERTY,"2 BHK Flat in Dadar East, Mumbai","2 BHK Flat in Dadar East, Mumbai",Anchor Polyster,"Dadar East, Mumbai",₹3 Cr,"₹41,095 /sqft",730 sqft,(68 sqm),Built-up Area,2 BHK,2,Under Construction,4th out of 21 Floors | Overlooking Main Road,,"Anchor polyster is one of mumbai south's most sought after destination for apartments and this 2 bhk flat in dadar east is your opportunity to be a part of this community. Containing 2 bedroom(s), 2 bathrooms , this flat is spread over a built up area of 730 sq.Ft. The residential building has 21 floors in total and the flat for sale is located on the 4th floor. This residential flat is current...",Dream Properties,,,https://www.99acres.com/2-bhk-bedroom-apartment-flat-for-sale-in-dadar-east-south-mumbai-730-sqft-r3-spid-P87183010,,9
E92872386,PROPERTY,"2 BHK Flat in Dadar West, Mumbai","2 BHK Flat in Dadar West, Mumbai",Promesa West End,"Dadar West, Mumbai",₹3.5 Cr,"₹52,552 /sqft",666 sqft,(62 sqm),Carpet Area,2 BHK,2,Under Construction,17th out of 22 Floors | Overlooking Main Road,,"The flat occupies a carpet area of 666 sq.Ft. That consists of 2 bedrooms, 2 bathrooms . The property is located on the 17th floor of a 22 floors tall building. This residential property is still under construction and will be available for possession within 3 months. All the modern amenities such as swimming pool, gymnasium, grade a building, lift(s) and water softening plant will make life ea...",Dream Properties,,,https://www.99acres.com/2-bhk-bedroom-apartment-flat-for-sale-in-promesa-west-end-dadar-west-south-mumbai-666-sqft-spid-E92872386,,9
C93239956,PROPERTY,"2 BHK Flat in Dadar West, Mumbai","2 BHK Flat in Dadar West, Mumbai",sigma garnet,"Dadar West, Mumbai",₹3.2 Cr,"₹41,025 /sqft",780 sqft,(72 sqm),Carpet Area,2 BHK,2,Under Construction,45th out of 50 Floors | Overlooking Main Road,,"The flat is north-West-Facing. Constructed on a carpet area of 780 sq.Ft., the flat comprises 2 bedroom(s), 2 bathrooms and 1 balcony. The flat has a total of 50 floors and this property is situated on 45th floor. As the property is currently under construction , you can expect to get the possession by june 2028. The well built vitrified flooring enhances the aesthetic appeal of this flat. All ...",Shyambachchan Property Consultant,Dealer,,https://www.99acres.com/2-bhk-bedroom-apartment-flat-for-sale-in-dadar-west-south-mumbai-780-sqft-spid-C93239956,,9
V92618574,PROPERTY,"2 BHK Flat in Dadar East, Mumbai","2 BHK Flat in Dadar East, Mumbai",Anchor Polestar,"Dadar East, Mumbai",₹3.1 Cr,"₹44,927 /sqft",690 sqft,(64 sqm),Carpet Area,2 BHK,2,Ready To Move,12th out of 22 Floors,,"This is a north-Facing property. Constructed on a carpet area of 690 sq.Ft., the flat comprises 2 bedroom(s), 2 bathrooms . The property is located on the 12th floor of a 22 floors tall building. This residential property is still under construction and will be available for possession immediately. The floor of this flat is beautifully designed using vitrified flooring, giving the flat an allur...",Parmar Properties and Infrastructure Pvt. Ltd.,Dealer,,https://www.99acres.com/2-bhk-bedroom-apartment-flat-for-sale-in-dadar-east-south-mumbai-690-sqft-spid-V92618574,,9
Y91797912,PROPERTY,"2 BHK Flat in Bhawani Sankar, Dadar","2 BHK Flat in Bhawani Sankar, Dadar",shree mauli co op,"Bhawani Sankar, Dadar",₹2.75 Cr,"₹48,245 /sqft",570 sqft,(53 sqm),Carpet Area,2 BHK,2,Ready To Move,6th out of 20 Floors | East Facing,,In the heart of dadar Close to dadar railway station It had one car park,GEFONA ENTERPRISE,Dealer,,https://www.99acres.com/2-bhk-bedroom-apartment-flat-for-sale-in-bhawani-sankar-mumbai-south-570-sqft-spid-Y91797912,,9
P92020534,PROPERTY,"2 BHK Flat in Dadar East, Mumbai","2 BHK Flat in Dadar East, Mumbai",The Baya Sunrise,"Dadar East, Mumbai",₹3.04 Cr,"₹47,204 /sqft",644 sqft,(60 sqm),Carpet Area,2 BHK,2,Under Construction,12th out of 38 Floors | East Facing,,"This property faces the east direction. Constructed on a carpet area of 644 sq.Ft., the flat comprises 2 bedroom(s), 2 bathrooms and 1 balcony. The residential building has 38 floors in total and the flat for sale is located on the 12th floor. Moreover, the flat is currently under construction and possession is expected by december 2029. The well built vitrified flooring enhances the aesthetic ...",Parmar Properties and Infrastructure Pvt. Ltd.,Dealer,,https://www.99acres.com/2-bhk-bedroom-apartment-flat-for-sale-in-dadar-east-south-mumbai-644-sqft-spid-P92020534,,9
G79564091,PROPERTY,"2 BHK Flat in Kasaravadi, Dadar","2 BHK Flat in Kasaravadi, Dadar",Mahim West,"Kasaravadi, Dadar",₹2.9 Cr,"₹27,619 /sqft","1,050 sqft",(98 sqm),Super Built-up Area,2 BHK,2,Under Construction,12th out of 22 Floors | Overlooking Park,,"This lovely 2 bhk apartment/flat in avhad oasis is available for sale in one of central mumbai's most popular projects, mahim west. This residential flat is north-East-Facing direction. The floor plan additionally contains 2 bedroom(s), 2 bathrooms . All in all, the flat is spread over a built up area of 941 sq.Ft. The residential building has 22 floors in total and the flat for sale is located...",Parmar Properties and Infrastructure Pvt. Ltd.,Dealer,,https://www.99acres.com/2-bhk-bedroom-apartment-flat-for-sale-in-kasaravadi-mumbai-south-1050-sqft-r5-spid-G79564091,,9
S92571204,PROPERTY,"2 BHK Flat in Shivaji Park, Dadar","2 BHK Flat in Shivaji Park, Dadar",Sugee Hiranya,"Shivaji Park, Dadar",₹3.15 Cr,"₹55,263 /sqft",570 sqft,(53 sqm),Carpet Area,2 BHK,2,Ready To Move,20th out of 23 Floors | Overlooking Main Road,,"This residential flat is east-Facing direction. The flat occupies a carpet area of 570 sq.Ft. That consists of 2 bedrooms, 2 bathrooms . The property is located on the 20th floor of a 23 floors tall building. An added advantage of this 1-5 years old flat is that it is available for immediate possession as the project is already ready to move. The vitrified flooring of this flat is beautifully d...",Omkar Sawant,Dealer,,https://www.99acres.com/2-bhk-bedroom-apartment-flat-for-sale-in-sugee-hiranya-shivaji-park-south-mumbai-570-sqft-spid-S92571204,,9
L90711368,PROPERTY,"2 BHK Flat in Dadar East, Mumbai","2 BHK Flat in Dadar East, Mumbai",Anchor Polestar,"Dadar East, Mumbai",₹3.3 Cr,"₹47,826 /sqft",690 sqft,(64 sqm),Carpet Area,2 BHK,2,Under Construction,12th out of 20 Floors | Overlooking Main Road,,"Anchor polestar is located bank on dr. Ambedkar road at dadar east, freehold land parcel and no old tanents. Structure is ready oc expected in september 2026. Only 2 flats per floor and only 38 apartments in building. Amenities like swimming pool, gym and roof top lounge is there in the building.",D A Ventures,Dealer,,https://www.99acres.com/2-bhk-bedroom-apartment-flat-for-sale-in-dadar-east-south-mumbai-690-sqft-r1-spid-L90711368,,9
A92672784,PROPERTY,"2 BHK Flat in Dadar West, Mumbai","2 BHK Flat in Dadar West, Mumbai",Promesa West End,"Dadar West, Mumbai",₹2.25 Cr,"₹44,642 /sqft",504 sqft,(47 sqm),Carpet Area,2 BHK,2,Ready To Move,18th out of 22 Floors | Overlooking Main Road,,"The flat is facing the east direction. Constructed on a carpet area of 504 sq.Ft., the flat comprises 2 bedroom(s), 2 bathrooms . The flat has a total of 22 floors and this property is situated on 18th floor. An added advantage of this 0-1 year old flat is that it is available for immediate possession as the project is already ready to move. The vitrified flooring of this flat is beautifully de...",Omkar Sawant,Dealer,,https://www.99acres.com/2-bhk-bedroom-apartment-flat-for-sale-in-promesa-west-end-dadar-west-south-mumbai-504-sqft-spid-A92672784,,9
E93029354,PROPERTY,"1 BHK Flat in Shivaji Park, Dadar","1 BHK Flat in Shivaji Park, Dadar",Siddhivinayak Habitat,"Shivaji Park, Dadar",₹2.85 Cr,"₹52,973 /sqft",538 sqft,(50 sqm),Carpet Area,1 BHK,2,Ready To Move,15th out of 23 Floors | 3 side open,,"Constructed on a carpet area of 538 sq.Ft., the flat comprises 1 bedroom(s), 2 bathrooms and 1 balcony. The flat has a total of 23 floors and this property is situated on 15th floor. This residential flat is ready to move in property",CHETAN Y BHATT,Dealer,,https://www.99acres.com/1-bhk-bedroom-apartment-flat-for-sale-in-siddhivinayak-habitat-shivaji-park-south-mumbai-538-sqft-spid-E93029354,,9
M92763266,PROPERTY,"2 BHK Flat in Hindu Colony, Dadar","2 BHK Flat in Hindu Colony, Dadar",Tulsi Heritage,"Hindu Colony, Dadar",₹3.55 Cr,"₹47,000 /sqft",756 sqft,(70 sqm),Carpet Area,2 BHK,2,Under Construction,21st out of 23 Floors | Overlooking Main Road,,Welcome to tulsi heritage Where comfort meets elegance your new home awaits Tulsi heritage offers you spacious 2bhk and 3bhk 2bhk 723 and 756 sqt carpet area 3bhk 1203 carpet area Price starts from 47k Only 2 apartments per floor G plus 23 storey tower Our 1st floor starts from 8th floor View of uninterrupted clear city view Common amenities Rr parkon automated Mechanical car parking Rooftop te...,Vivek Dadhe,Dealer,,https://www.99acres.com/2-bhk-bedroom-apartment-flat-for-sale-in-hindu-colony-mumbai-south-756-sqft-spid-M92763266,,9
K88112962,PROPERTY,"2 BHK Flat in Dadar West, Mumbai","2 BHK Flat in Dadar West, Mumbai",Suraj Vista,"Dadar West, Mumbai",₹2.75 Cr,"₹51,594 /sqft",533 sqft,(50 sqm),Carpet Area,2 BHK,2,Ready To Move,3rd out of 7 Floors | North-East Facing,,"Looking for a 2 bhk property for sale in mumbai south? Buy this 2 bhk flat in suraj vista that is situated in dadar west, mumbai south. The flat is north-East-Facing. The flat is over 533 sq.Ft. Carpet area and comes with 2 bedroom(s), 2 bathrooms . The residential building has 7 floors in total and the flat for sale is located on the 3rd floor. Being a ready to move project, you can expect imm...",MANISHA ENTERPRISES,,,https://www.99acres.com/2-bhk-bedroom-apartment-flat-for-sale-in-dadar-west-south-mumbai-533-sqft-r1-spid-K88112962,,9
V92205774,PROPERTY,"2 BHK Flat in Dadar West, Mumbai","2 BHK Flat in Dadar West, Mumbai",Westend,"Dadar West, Mumbai",₹2.4 Cr,"₹47,524 /sqft",505 sqft,(47 sqm),Carpet Area,2 BHK,2,Ready To Move,10th out of 20 Floors | Overlooking Park,,"The flat is facing the west direction. Containing 2 bedroom(s), 2 bathrooms , this flat is spread over a carpet area of 505 sq.Ft. The residential building has 20 floors in total and the flat for sale is located on the 10th floor. This is a ready to move project and the property is 0-1 year old. The beautifully designed vitrified flooring enhances the beauty of the flat. Proximity to landmarks ...",Omkar Sawant,Dealer,,https://www.99acres.com/2-bhk-bedroom-apartment-flat-for-sale-in-dadar-west-south-mumbai-505-sqft-spid-V92205774,,9
E93289252,PROPERTY,"1 BHK Flat in Dadar, Mumbai","1 BHK Flat in Dadar, Mumbai",Sugee Shraddha,"Dadar, Mumbai",₹2.6 Cr,"₹52,525 /sqft",495 sqft,(46 sqm),Carpet Area,1 BHK,2,Under Construction,11th out of 16 Floors | Overlooking Main Road,,"This is a north-East-Facing property. The flat is over 495 sq.Ft. Carpet area and comes with 1 bedroom(s), 2 bathrooms and 1 balcony. The property is located on the 11th floor of a 16 floors tall building. As the property is currently under construction , you can expect to get the possession within 6 months. The flat comes well built with vitrified flooring options. The society is well equipped...",Shyambachchan Property Consultant,Dealer,,https://www.99acres.com/1-bhk-bedroom-apartment-flat-for-sale-in-dadar-mumbai-south-495-sqft-spid-E93289252,,9
Z91244184,PROPERTY,"2 BHK Flat in Dadar West, Mumbai","2 BHK Flat in Dadar West, Mumbai",The Baya Midtown,"Dadar West, Mumbai",₹3.5 Cr,"₹47,233 /sqft",741 sqft,(69 sqm),Carpet Area,2 BHK,2,Ready To Move,5th out of 23 Floors | Overlooking Main Road,,"The flat is over 741 sq.Ft. Built up area and comes with 2 bedroom(s), 2 bathrooms . The flat has a total of 23 floors and this property is situated on 5th floor. As the project is already ready to move, so you can easily move into this 0-1 year old property. All the modern amenities such as swimming pool, fitness centre / gym, park, cctv surveillance and lift(s) will make life easier for you.C...",Dream Properties,,,https://www.99acres.com/2-bhk-bedroom-apartment-flat-for-sale-in-the-baya-midtown-dadar-west-south-mumbai-741-sqft-r1-spid-Z91244184,,9
H79564363,PROPERTY,"2 BHK Flat in Shivaji Park, Dadar","2 BHK Flat in Shivaji Park, Dadar",Sigma Codename Above All,"Shivaji Park, Dadar",₹3.59 Cr,"₹25,642 /sqft","1,400 sqft",(130 sqm),Super Built-up Area,2 BHK,2,Under Construction,25th out of 55 Floors | Overlooking Main Road,,"This beautiful 2 bhk flat in shivaji park, mumbai south is situated in sigma codename above all, one of the popular residential society in mumbai south. This property faces the north-East direction. The floor plan additionally contains 2 bedroom(s), 2 bathrooms . All in all, the flat is spread over a built up area of 961 sq.Ft. The flat has a total of 55 floors and this property is situated on ...",Parmar Properties and Infrastructure Pvt. Ltd.,Dealer,,https://www.99acres.com/2-bhk-bedroom-apartment-flat-for-sale-in-shivaji-park-south-mumbai-1400-sqft-r5-spid-H79564363,,10
Y89668826,PROPERTY,"2 BHK Flat in Dadar East, Mumbai","2 BHK Flat in Dadar East, Mumbai",GBD Ram Setu Bhavan,"Dadar East, Mumbai",₹3.3 Cr,"₹41,250 /sqft",800 sqft,(74 sqm),Built-up Area,2 BHK,2,Under Construction,20th out of 22 Floors | Overlooking Main Road,,"The flat occupies a built up area of 800 sq.Ft. That consists of 2 bedrooms, 2 bathrooms . This flat is situated on the 19th floor of this 22 floors tall residential building. This residential property is still under construction and will be available for possession by march 2027.Call us for more info and site visit.",Dream Properties,,,https://www.99acres.com/2-bhk-bedroom-apartment-flat-for-sale-in-gbd-ram-setu-bhavan-dadar-east-south-mumbai-800-sqft-r2-spid-Y89668826,,10
D85478630,PROPERTY,"2 BHK Flat in Dadar West, Mumbai","2 BHK Flat in Dadar West, Mumbai",DSK Trilok,"Dadar West, Mumbai",₹3.15 Cr,"₹34,054 /sqft",925 sqft,(86 sqm),Super Built-up Area,2 BHK,2,Ready To Move,8th out of 8 Floors | North-East Facing,,"Situated in dadar west, mumbai south, dsk trilok is a well planned society that offers a pleasant living experience to its residents. This 2 bhk flat in mumbai south is your opportunity to be a part of this community. The flat is north-East-Facing. Constructed on a super built up area of 925 sq.Ft., the flat comprises 2 bedroom(s), 2 bathrooms . The flat has a total of 8 floors and this propert...",MANISHA ENTERPRISES,,,https://www.99acres.com/2-bhk-bedroom-apartment-flat-for-sale-in-dsk-trilok-dadar-west-south-mumbai-925-sqft-r3-spid-D85478630,,10
L89306907,PROPERTY,"2 BHK Flat in Dadar West, Mumbai","2 BHK Flat in Dadar West, Mumbai",Shri Ratan Address,"Dadar West, Mumbai",₹3.75 Cr,"₹53,571 /sqft",700 sqft,(65 sqm),Built-up Area,2 BHK,2,Under Construction,14th out of 21 Floors | Overlooking Main Road,,"The floor plan additionally contains 2 bedroom(s), 2 bathrooms . All in all, the flat is spread over a carpet area of 683 sq.Ft. This flat lies on the 14th level of a 21 storey building. Moreover, the flat is currently under construction and possession is expected within 3 months. Many of the modern amenities being offered, like swimming pool, fitness centre / gym and cctv surveillance, will pr...",Dream Properties,,,https://www.99acres.com/2-bhk-bedroom-apartment-flat-for-sale-in-shri-ratan-address-dadar-west-south-mumbai-700-sqft-r2-spid-L89306907,,10
A88241136,PROPERTY,"2 BHK Flat in Dadar East, Mumbai","2 BHK Flat in Dadar East, Mumbai",Om Sheth Niwas,"Dadar East, Mumbai",₹3.6 Cr,"₹49,655 /sqft",725 sqft,(67 sqm),Carpet Area,2 BHK,2,Ready To Move,7th out of 7 Floors | North-East Facing,,"This residential flat is north-East-Facing direction. Constructed on a carpet area of 725 sq.Ft., the flat comprises 2 bedroom(s), 2 bathrooms . The property is located on the top floor of a 7 floors tall building. Being a ready to move project, you can expect immediate possession of this 5-10 years old property. The well built vitrified flooring enhances the aesthetic appeal of this flat. The ...",MANISHA ENTERPRISES,,,https://www.99acres.com/2-bhk-bedroom-apartment-flat-for-sale-in-dadar-east-south-mumbai-725-sqft-r1-spid-A88241136,,10
X89716320,PROPERTY,"1 BHK Flat in Dadar West, Mumbai","1 BHK Flat in Dadar West, Mumbai",Suraj Park View,"Dadar West, Mumbai",₹2.57 Cr,"₹43,856 /sqft",586 sqft,(54 sqm),Built-up Area,1 BHK,1,Under Construction,12th out of 24 Floors | East Facing,,"The flat is east-Facing. Constructed on a built up area of 586 sq.Ft., the flat comprises 1 bedroom(s), 1 bathroom and 1 balcony. The flat has a total of 24 floors and this property is situated on 12th floor. The flat is currently under construction stage and you can expect to get the possession of the property by december 2026. The beautifully designed vitrified flooring enhances the beauty of...",Parmar Properties and Infrastructure Pvt. Ltd.,Dealer,,https://www.99acres.com/1-bhk-bedroom-apartment-flat-for-sale-in-suraj-park-view-dadar-west-south-mumbai-586-sqft-r1-spid-X89716320,,10
O92672618,PROPERTY,"2 BHK Flat in Dadar West, Mumbai","2 BHK Flat in Dadar West, Mumbai",Promesa West End,"Dadar West, Mumbai",₹2.35 Cr,"₹45,105 /sqft",521 sqft,(48 sqm),Carpet Area,2 BHK,2,Ready To Move,18th out of 22 Floors | Overlooking Main Road,,"This residential flat is north-Facing direction. The flat is over 521 sq.Ft. Carpet area and comes with 2 bedroom(s), 2 bathrooms . The residential building has 22 floors in total and the flat for sale is located on the 18th floor. Being a ready to move project, you can expect immediate possession of this 1-5 years old property. The beautifully designed vitrified flooring enhances the beauty of...",Omkar Sawant,Dealer,,https://www.99acres.com/2-bhk-bedroom-apartment-flat-for-sale-in-promesa-west-end-dadar-west-south-mumbai-521-sqft-spid-O92672618,,10
U93213496,PROPERTY,"1 BHK Flat in Dadar West, Mumbai","1 BHK Flat in Dadar West, Mumbai",Suraj Park View,"Dadar West, Mumbai",₹2.45 Cr,"₹52,238 /sqft",469 sqft,(44 sqm),Carpet Area,1 BHK,2,Under Construction,15th out of 24 Floors | Overlooking Park,,"The flat is facing the west direction. The floor plan additionally contains 1 bedroom(s), 2 bathrooms . All in all, the flat is spread over a carpet area of 469 sq.Ft. The residential building has 24 floors in total and the flat for sale is located on the 15th floor. As the property is currently under construction , you can expect to get the possession by december 2030. The beautifully designed...",CUSHMAN AND WAKEFIELD INDIA PRIVATE LIMITED,Dealer,,https://www.99acres.com/1-bhk-bedroom-apartment-flat-for-sale-in-suraj-park-view-dadar-west-south-mumbai-469-sqft-spid-U93213496,,10
E79204591,PROPERTY,"2 BHK Flat in Dadar West, Mumbai","2 BHK Flat in Dadar West, Mumbai",Shri Ratan Address,"Dadar West, Mumbai",₹3.66 Cr,"₹55,037 /sqft",665 sqft,(77 sqm),Carpet Area,2 BHK,2,Under Construction,12th out of 21 Floors | East Facing,,"This lovely 2 bhk apartment/flat in dadar west is available for sale in one of mumbai south's most popular projects, shri ratan address. This property faces the east direction. The flat occupies a built up area of 831 sq.Ft. That consists of 2 bedrooms, 2 bathrooms . The residential building has 21 floors in total and the flat for sale is located on the 12th floor. This residential property is ...",Parmar Properties and Infrastructure Pvt. Ltd.,Dealer,,https://www.99acres.com/2-bhk-bedroom-apartment-flat-for-sale-in-shri-ratan-address-dadar-west-south-mumbai-831-sqft-r5-spid-E79204591,,10
H80673629,PROPERTY,"2 BHK Flat in Bhawani Sankar, Dadar","2 BHK Flat in Bhawani Sankar, Dadar","Sigma Colo Rise, Dadar west","Bhawani Sankar, Dadar",₹3.4 Cr,"₹42,500 /sqft",800 sqft,(74 sqm),Built-up Area,2 BHK,2,Under Construction,30th out of 54 Floors | Overlooking Main Road,,"Check out this 2 bhk apartment for sale in sigma colo rise, a popular residential project that houses in-Demand flats in bhawani sankar, mumbai south. The flat is over 800 sq.Ft. Built up area and comes with 2 bedroom(s), 2 bathrooms . The residential building has 54 floors in total and the flat for sale is located on the 30th floor. As the property is currently under construction , you can exp...",Dream Properties,,,https://www.99acres.com/2-bhk-bedroom-apartment-flat-for-sale-in-bhawani-sankar-mumbai-south-800-sqft-r7-spid-H80673629,,10
O88495872,PROPERTY,"2 BHK Flat in Dadar West, Mumbai","2 BHK Flat in Dadar West, Mumbai",The Sigma Garnet,"Dadar West, Mumbai",₹3.59 Cr,"₹43,887 /sqft",818 sqft,(76 sqm),Carpet Area,2 BHK,2,Ready To Move,48th out of 54 Floors | North Facing,,"This residential flat is north-Facing direction. Containing 2 bedroom(s), 2 bathrooms , this flat is spread over a carpet area of 818 sq.Ft. This flat lies on the 48th level of a 54 storey building. This is a ready to move project and the property is 0-1 year old. Moreover, this property offers close proximity to important landmarks such as close to railway station and close to market. The soci...",Resipro,Dealer,,https://www.99acres.com/2-bhk-bedroom-apartment-flat-for-sale-in-dadar-west-south-mumbai-818-sqft-r1-spid-O88495872,,10
I93218752,PROPERTY,"1 BHK Flat in Dadar West, Mumbai","1 BHK Flat in Dadar West, Mumbai",Suraj Emmanuel,"Dadar West, Mumbai",₹2.65 Cr,"₹62,060 /sqft",427 sqft,(40 sqm),Carpet Area,1 BHK,2,Under Construction,16th out of 20 Floors | Overlooking Park,,"The flat is west-Facing. Constructed on a carpet area of 427 sq.Ft., the flat comprises 1 bedroom(s), 2 bathrooms . The flat has a total of 20 floors and this property is situated on 16th floor. The flat is currently under construction stage and you can expect to get the possession of the property within 6 months. The vitrified flooring of this flat is beautifully designed and helps to give it ...",CUSHMAN AND WAKEFIELD INDIA PRIVATE LIMITED,Dealer,,https://www.99acres.com/1-bhk-bedroom-apartment-flat-for-sale-in-suraj-emmanuel-dadar-west-south-mumbai-427-sqft-spid-I93218752,,10
C89246995,PROPERTY,"2 BHK Flat in Shivaji Park, Dadar","2 BHK Flat in Shivaji Park, Dadar","PARK 55, SHIVAJI PARK","Shivaji Park, Dadar",₹3.8 Cr,"₹54,285 /sqft",700 sqft,(65 sqm),Super Built-up Area,2 BHK,2,Under Construction,13th out of 19 Floors | Overlooking Main Road,,"Containing 2 bedroom(s), 2 bathrooms , this flat is spread over a super built up area of 700 sq.Ft. The residential building has 19 floors in total and the flat for sale is located on the 13th floor. This residential property is still under construction and will be available for possession by december 2026. Call us for more info and site visit",Dream Properties,,,https://www.99acres.com/2-bhk-bedroom-apartment-flat-for-sale-in-shivaji-park-south-mumbai-700-sqft-r1-spid-C89246995,,10
I78593431,PROPERTY,"1 BHK Flat in Dadar West, Mumbai","1 BHK Flat in Dadar West, Mumbai",Suraj Ave Maria,"Dadar West, Mumbai",₹2.35 Cr,"₹53,530 /sqft",439 sqft,(41 sqm),Carpet Area,1 BHK,1,Ready To Move,21st out of 22 Floors | Overlooking Main Road,,"The project is perfectly located at the prime location of dadar, which is one of the most coveted neighborhoods of mumbai!",K.Hemandas real estate,Dealer,,https://www.99acres.com/1-bhk-bedroom-apartment-flat-for-sale-in-suraj-ave-maria-dadar-west-south-mumbai-439-sqft-r2-spid-I78593431,,10
C91075180,PROPERTY,"1 BHK Flat in Dadar West, Mumbai","1 BHK Flat in Dadar West, Mumbai",Suraj Park View,"Dadar West, Mumbai",₹2.1 Cr,"₹46,666 /sqft",450 sqft,(42 sqm),Carpet Area,1 BHK,1,Ready To Move,23rd out of 24 Floors | East Facing,,"The flat is facing the east direction. Containing 1 bedroom(s), 1 bathroom , this flat is spread over a carpet area of 450 sq.Ft. This flat is situated on the 23rd floor of this 24 floors tall residential building. As the project is already ready to move, so you can easily move into this 1-5 years old property. The beautifully designed marble flooring enhances the beauty of the flat. The societ...",Ishaan Estate,Dealer,,https://www.99acres.com/1-bhk-bedroom-apartment-flat-for-sale-in-suraj-park-view-dadar-west-south-mumbai-450-sqft-r1-spid-C91075180,,10
J92031144,PROPERTY,"2 BHK Flat in Hindu Colony, Dadar","2 BHK Flat in Hindu Colony, Dadar",Bluestone Tulsi Heritage,"Hindu Colony, Dadar",₹3.78 Cr,"₹50,000 /sqft",756 sqft,(70 sqm),Carpet Area,2 BHK,2,Under Construction,12th out of 23 Floors | East Facing,,"This residential flat is east-Facing direction. Constructed on a carpet area of 756 sq.Ft., the flat comprises 2 bedroom(s), 2 bathrooms . This flat is situated on the 12th floor of this 23 floors tall residential building. This residential property is still under construction and will be available for possession by september 2028. The vitrified flooring of this flat is beautifully designed and...",Parmar Properties and Infrastructure Pvt. Ltd.,Dealer,,https://www.99acres.com/2-bhk-bedroom-apartment-flat-for-sale-in-hindu-colony-mumbai-south-756-sqft-spid-J92031144,,10
O89783950,PROPERTY,"2 BHK Flat in Dadar East, Mumbai","2 BHK Flat in Dadar East, Mumbai",Baya Sky Crest,"Dadar East, Mumbai",₹3.75 Cr,"₹62,919 /sqft",596 sqft,(55 sqm),Built-up Area,2 BHK,2,Under Construction,26th out of 38 Floors | East Facing,,"This residential flat is east-Facing direction. Constructed on a built up area of 596 sq.Ft., the flat comprises 2 bedroom(s), 2 bathrooms and 1 balcony. This flat is situated on the 26th floor of this 38 floors tall residential building. This residential flat is currently under construction and you can expect the possession of the same by december 2027. The vitrified flooring of this flat is b...",Parmar Properties and Infrastructure Pvt. Ltd.,Dealer,,https://www.99acres.com/2-bhk-bedroom-apartment-flat-for-sale-in-dadar-east-south-mumbai-596-sqft-r1-spid-O89783950,,10
I92874662,PROPERTY,"2 BHK Flat in Shivaji Park, Dadar","2 BHK Flat in Shivaji Park, Dadar","Sanghvi MORYA , Shivaji Park","Shivaji Park, Dadar",₹3.78 Cr,"₹55,555 /sqft",681 sqft,(63 sqm),Carpet Area,2 BHK,2,Under Construction,16th out of 22 Floors | Overlooking Park,,"Welcome to sanghvi morya A boutique address reserved for the few At the heart of shivaji park, dadar west, discover a refined lifestyle where elegance, privacy, and prestige come together crafted by sanghvi realty. The residences Thoughtfully designed homes that reflect understated luxury 2 bhk residences 613 681 sq. Ft. 3 bhk residences 907 sq. Ft. 1277sq.Ft. Elevated rooftop living Unwind abo...",Vivek Dadhe,Dealer,,https://www.99acres.com/2-bhk-bedroom-apartment-flat-for-sale-in-shivaji-park-south-mumbai-681-sqft-spid-I92874662,,10
L86376124,PROPERTY,"3 BHK Flat in Dadar West, Mumbai","3 BHK Flat in Dadar West, Mumbai",On Request,"Dadar West, Mumbai",₹4.25 Cr,"₹39,682 /sqft","1,071 sqft",(100 sqm),Carpet Area,3 BHK,3,Under Construction,13th out of 22 Floors | Overlooking Main Road,,"Available for sell 2.5 bhk in dadar west, 1071 sqft carpet include 53 sq ft balcony, property available on higher floor, 1 covered car parking, prime location, main road touch, march, 2026, price rs 4.25 cr + taxes for more information please call hariom estate consultant.",Hariom Estate Consultants,,,https://www.99acres.com/3-bhk-bedroom-apartment-flat-for-sale-in-dadar-west-south-mumbai-1071-sqft-r1-spid-L86376124,,10
H92900106,PROPERTY,"2 BHK Flat in Dadar, Mumbai","2 BHK Flat in Dadar, Mumbai",SUGEE SHRADDHA,"Dadar, Mumbai",₹3.8 Cr,"₹52,054 /sqft",730 sqft,(68 sqm),Built-up Area,2 BHK,2,Ready To Move,15th out of 16 Floors | Overlooking Main Road,,"The flat occupies a built up area of 730 sq.Ft. That consists of 2 bedrooms, 2 bathrooms . The flat has a total of 16 floors and this property is situated on 15th floor. This residential property is still under construction and will be available for possession immediately. All the modern amenities such as gymnasium and lift(s) will make life easier for you. Call us for more info and site visit.",Dream Properties,,,https://www.99acres.com/2-bhk-bedroom-apartment-flat-for-sale-in-sugee-shraddha-dadar-mumbai-south-730-sqft-spid-H92900106,,10
L85602324,PROPERTY,"2 BHK Flat in Dadar West, Mumbai","2 BHK Flat in Dadar West, Mumbai",Suraj Park View,"Dadar West, Mumbai",₹3.68 Cr,"₹31,399 /sqft","1,172 sqft",(109 sqm),Super Built-up Area,2 BHK,2,Under Construction,18th out of 29 Floors | Overlooking Park,,"Looking for a 2 bhk property for sale in mumbai south? Buy this 2 bhk flat in suraj park view that is situated in dadar west, mumbai south. This is a east-Facing property. Containing 2 bedroom(s), 2 bathrooms , this flat is spread over a built up area of 943 sq.Ft. The residential building has 29 floors in total and the flat for sale is located on the 18th floor. This residential flat is curren...",Parmar Properties and Infrastructure Pvt. Ltd.,Dealer,,https://www.99acres.com/2-bhk-bedroom-apartment-flat-for-sale-in-suraj-park-view-dadar-west-south-mumbai-1172-sqft-r3-spid-L85602324,,10
F88990074,PROPERTY,"3 BHK Flat in Dadar West, Mumbai","3 BHK Flat in Dadar West, Mumbai",On Request,"Dadar West, Mumbai",₹4.24 Cr,"₹38,405 /sqft","1,104 sqft",(103 sqm),Carpet Area,3 BHK,3,Under Construction,18th out of 22 Floors | Overlooking Main Road,,"Available for sell 3 bhk in bhavani shankar road, dadar west, near shardashram school, 1104 sqft carpet, property available on higher floor, 1 covered car parking, prime location, main road touch, possession june, 2026, price rs 4.24 cr for more information please call hariom estate consultant.",Hariom Estate Consultants,,,https://www.99acres.com/3-bhk-bedroom-apartment-flat-for-sale-in-dadar-west-south-mumbai-1104-sqft-spid-F88990074,,10
V93169916,PROPERTY,"2 BHK Flat in Parsi Colony, Dadar","2 BHK Flat in Parsi Colony, Dadar",ON Request,"Parsi Colony, Dadar",₹3.85 Cr,"₹38,500 /sqft","1,000 sqft",(93 sqm),Super Built-up Area,2 BHK,2,Ready To Move,15th out of 21 Floors | Overlooking Main Road,,"The flat is east-Facing. Containing 2 bedroom(s), 2 bathrooms , this flat is spread over a super built up area of 1000 sq.Ft. This flat is situated on the 15th floor of this 21 floors tall residential building. This is a ready to move project and the property is 0-1 year old. The well built marble flooring enhances the aesthetic appeal of this flat. Another plus point for this is that it is sit...",Prospect Realty,Dealer,,https://www.99acres.com/2-bhk-bedroom-apartment-flat-for-sale-in-parsi-colony-mumbai-south-1000-sqft-spid-V93169916,,10
W88546204,PROPERTY,"2 BHK Flat in Hindu Colony, Dadar","2 BHK Flat in Hindu Colony, Dadar",On request,"Hindu Colony, Dadar",₹3.9 Cr,"₹50,322 /sqft",775 sqft,(72 sqm),Carpet Area,2 BHK,2,Ready To Move,19th out of 21 Floors | 1 Covered Parking,,"This property faces the south-West direction. Constructed on a carpet area of 775 sq.Ft., the flat comprises 2 bedroom(s), 2 bathrooms . The flat has a total of 21 floors and this property is situated on 19th floor. Being a ready to move project, you can expect immediate possession of this 0-1 year old property. The floor of this flat is beautifully designed using vitrified flooring, giving the...",Cozy Homes,Dealer,,https://www.99acres.com/2-bhk-bedroom-apartment-flat-for-sale-in-hindu-colony-mumbai-south-775-sqft-r2-spid-W88546204,,10
A85521896,PROPERTY,"2 BHK Flat in Shivaji Park, Dadar","2 BHK Flat in Shivaji Park, Dadar",Divine Park 55,"Shivaji Park, Dadar",₹3.78 Cr,"₹34,363 /sqft","1,100 sqft",(102 sqm),Super Built-up Area,2 BHK,2,Under Construction,12th out of 18 Floors | Overlooking Park,,"This 2 bhk apartment is available for sale in divine park 55, one of the most prominent projects for flats in shivaji park, mumbai south. The flat is facing the north-East direction. Containing 2 bedroom(s), 2 bathrooms , this flat is spread over a built up area of 570 sq.Ft. This flat is situated on the 12th floor of this 18 floors tall residential building. The flat is currently under constru...",Parmar Properties and Infrastructure Pvt. Ltd.,Dealer,,https://www.99acres.com/2-bhk-bedroom-apartment-flat-for-sale-in-shivaji-park-south-mumbai-1100-sqft-r2-spid-A85521896,,10
U89119245,PROPERTY,"2 BHK Flat in Dadar West, Mumbai","2 BHK Flat in Dadar West, Mumbai",Siddhi Darshan,"Dadar West, Mumbai",₹4.29 Cr,"₹37,271 /sqft","1,151 sqft",(107 sqm),Built-up Area,2 BHK,2,Under Construction,18th out of 30 Floors | East Facing,,"This is a east-Facing property. The floor plan additionally contains 2 bedroom(s), 2 bathrooms and 1 balcony. All in all, the flat is spread over a built up area of 1151 sq.Ft. This flat is situated on the 18th floor of this 30 floors tall residential building. The flat is currently under construction stage and you can expect to get the possession of the property by december 2029. The floor of ...",Parmar Properties and Infrastructure Pvt. Ltd.,Dealer,,https://www.99acres.com/2-bhk-bedroom-apartment-flat-for-sale-in-dadar-west-south-mumbai-1151-sqft-r1-spid-U89119245,,11
V92900918,PROPERTY,"2 BHK Flat in Dadar, Mumbai","2 BHK Flat in Dadar, Mumbai",Rustomjee Yazarina,"Dadar, Mumbai",₹4.4 Cr,"₹38,260 /sqft","1,150 sqft",(107 sqm),Super Built-up Area,2 BHK,2,Ready To Move,3rd out of 14 Floors | Overlooking Park,,"This is a south-East-Facing property. Containing 2 bedroom(s), 2 bathrooms , this flat is spread over a super built up area of 1150 sq.Ft. The property is located on the 3rd floor of a 14 floors tall building. An added advantage of this 5-10 years old flat is that it is available for immediate possession as the project is already ready to move. The well built marble flooring enhances the aesthe...",Prospect Realty,Dealer,,https://www.99acres.com/2-bhk-bedroom-apartment-flat-for-sale-in-rustomjee-yazarina-dadar-mumbai-south-1150-sqft-spid-V92900918,,11
F93081900,PROPERTY,"2 BHK Flat in Dadar West, Mumbai","2 BHK Flat in Dadar West, Mumbai",The Siddhi Darshan,"Dadar West, Mumbai",₹4.1 Cr,"₹41,000 /sqft","1,000 sqft",(93 sqm),Built-up Area,2 BHK,2,Under Construction,25th out of 31 Floors | Overlooking Main Road,,"The flat is over 1000 sq.Ft. Built up area and comes with 2 bedroom(s), 2 bathrooms and 2 balconies. This flat is situated on the 25th floor of this 31 floors tall residential building. This residential flat is currently under construction and you can expect the possession of the same by december 2028. Call us for more info and site visit.",Dream Properties,,,https://www.99acres.com/2-bhk-bedroom-apartment-flat-for-sale-in-dadar-west-south-mumbai-1000-sqft-spid-F93081900,,11
J92235250,PROPERTY,"3 BHK Flat in Dadar East, Mumbai","3 BHK Flat in Dadar East, Mumbai",On Request,"Dadar East, Mumbai",₹4.72 Cr,"₹40,972 /sqft","1,152 sqft",(107 sqm),Carpet Area,3 BHK,3,Under Construction,15th out of 20 Floors | Overlooking Main Road,,"New construction 3 bhk with balcony in dadar east, near best depot, 1152 sqft carpet flat, four flats per floor, two car parking, amenities like terrace garden, jogging track, yoga lawn, vertical garden, gym etc. , price rs 4.72 cr + govt tax possession june, 2027, for more information please call hariom estate consultant, prabhadevi.",Hariom Estate Consultants,,,https://www.99acres.com/3-bhk-bedroom-apartment-flat-for-sale-in-dadar-east-south-mumbai-1152-sqft-spid-J92235250,,11
T92815274,PROPERTY,"2 BHK Flat in Shivaji Park, Dadar","2 BHK Flat in Shivaji Park, Dadar",Sughi Cadel View,"Shivaji Park, Dadar",₹5.35 Cr,"₹70,394 /sqft",760 sqft,(71 sqm),Carpet Area,2 BHK,2,Ready To Move,15th out of 20 Floors | Overlooking Park,,Just check this unrestricted seafacing 2bhk located off old cadel road in a new standalone tower at a price of 5.60cr negotiable.,Ameya Digambar Nar Real Estate Advisor And Cons,Dealer,,https://www.99acres.com/2-bhk-bedroom-apartment-flat-for-sale-in-shivaji-park-south-mumbai-760-sqft-spid-T92815274,,11
M86803174,PROPERTY,"2 BHK Flat in Dadar West, Mumbai","2 BHK Flat in Dadar West, Mumbai",Uttung CHS,"Dadar West, Mumbai",₹4.25 Cr,"₹50,000 /sqft",850 sqft,(79 sqm),Carpet Area,2 BHK,2,Ready To Move,6th out of 15 Floors | North-East Facing,,"Located in the popular residential address of dadar west, mumbai south, uttung chs is one of the most preferred destination for apartments in mumbai south. This 2 bhk flat is your ticket to be a part of this community. The flat is facing the north-East direction. Containing 2 bedroom(s), 2 bathrooms and 1 balcony, this flat is spread over a carpet area of 850 sq.Ft. The residential building has...",MANISHA ENTERPRISES,,,https://www.99acres.com/2-bhk-bedroom-apartment-flat-for-sale-in-uttung-chs-dadar-west-south-mumbai-850-sqft-r2-spid-M86803174,,11
P91775144,PROPERTY,"2 BHK Flat in Dadar West, Mumbai","2 BHK Flat in Dadar West, Mumbai",The siddhi Darshan,"Dadar West, Mumbai",₹4.3 Cr,"₹46,688 /sqft",921 sqft,(86 sqm),Carpet Area,2 BHK,2,Under Construction,25th out of 31 Floors | Overlooking Main Road,,"Containing 2 bedroom(s), 2 bathrooms and 2 balconies, this flat is spread over a carpet area of 921 sq.Ft. The property is located on the 25th floor of a 31 floors tall building. Moreover, the flat is currently under construction and possession is expected by december 2028. Call us for more info & site visits.",Dream Properties,,,https://www.99acres.com/2-bhk-bedroom-apartment-flat-for-sale-in-dadar-west-south-mumbai-921-sqft-spid-P91775144,,11
R91458088,PROPERTY,"3 BHK Flat in Shivaji Park, Dadar","3 BHK Flat in Shivaji Park, Dadar",On Request,"Shivaji Park, Dadar",₹5 Cr,"₹46,425 /sqft","1,077 sqft",(100 sqm),Carpet Area,3 BHK,3,Under Construction,25th out of 41 Floors | Overlooking Main Road,,"Available for sell sea view 3 bhk in moraj opulence, shivaji park, 1077 sqft carpet flat on higher floor, all modern amenities, 2 covered car parking, possession december 2028, price rs 5 cr + govt taxes for more information please call hariom estate consultant.",Hariom Estate Consultants,,,https://www.99acres.com/3-bhk-bedroom-apartment-flat-for-sale-in-shivaji-park-south-mumbai-1077-sqft-spid-R91458088,,11
T90519394,PROPERTY,"2 BHK Flat in Dadar West, Mumbai","2 BHK Flat in Dadar West, Mumbai",Kohinoor Altissimo,"Dadar West, Mumbai",₹6 Cr,"₹39,344 /sqft","1,525 sqft",(142 sqm),Carpet Area,2 BHK,2,Ready To Move,30th out of 32 Floors | Fitness Center/ Gym,,"Containing 2 bedroom(s), 2 bathrooms , this flat is spread over a carpet area of 1525 sq.Ft. The residential building has 32 floors in total and the flat for sale is located on the 30th floor. This 5-10 years old property is available for immediate possession as the project is ready to move. The society is well equipped with many modern amenities, including swimming pool, fitness centre / gym, ...",Ishaan Estate,Dealer,,https://www.99acres.com/2-bhk-bedroom-apartment-flat-for-sale-in-kohinoor-altissimo-dadar-west-south-mumbai-1525-sqft-r1-spid-T90519394,,11
O86699916,PROPERTY,"3 BHK Flat in Hindu Colony, Dadar","3 BHK Flat in Hindu Colony, Dadar",Kesar Equinox,"Hindu Colony, Dadar",₹5.45 Cr,"₹52,758 /sqft","1,033 sqft",(96 sqm),Carpet Area,3 BHK,3,Ready To Move,6th out of 19 Floors | Overlooking Main Road,,"This lovely 3 bhk apartment/flat in hindu colony is available for sale in one of mumbai south's most popular projects, kesar equinox. The flat occupies a carpet area of 1033 sq.Ft. That consists of 3 bedrooms, 3 bathrooms . The flat has a total of 19 floors and this property is situated on 6th floor. An added advantage of this 1-5 years old flat is that it is available for immediate possession ...",Dream Properties,,,https://www.99acres.com/3-bhk-bedroom-apartment-flat-for-sale-in-kesar-equinox-hindu-colony-mumbai-south-1033-sqft-r3-spid-O86699916,,11
R91647132,PROPERTY,"3 BHK Flat in Dadar West, Mumbai","3 BHK Flat in Dadar West, Mumbai","The Moraj Opulence, Dadar west","Dadar West, Mumbai",₹5.25 Cr,"₹48,746 /sqft","1,077 sqft",(100 sqm),Carpet Area,3 BHK,3,Under Construction,38th out of 42 Floors | Overlooking Main Road,,"The flat is over 1077 sq.Ft. Carpet area and comes with 3 bedroom(s), 3 bathrooms and 1 balcony. This flat is situated on the 38th floor of this 42 floors tall residential building. As the property is currently under construction , you can expect to get the possession by december 2028. Call us for more info and site visits.",Dream Properties,,,https://www.99acres.com/3-bhk-bedroom-apartment-flat-for-sale-in-dadar-west-south-mumbai-1077-sqft-spid-R91647132,,11
P90611970,PROPERTY,"3 BHK Flat in Dadar East, Mumbai","3 BHK Flat in Dadar East, Mumbai",Passcode Sarvottam,"Dadar East, Mumbai",₹5.33 Cr,"₹47,845 /sqft","1,114 sqft",(103 sqm),Carpet Area,3 BHK,3,Under Construction,32nd out of 33 Floors | Overlooking Park,,"Spacious 3bhk flat available for sale in the prime residential area of dadar east. Well-Designed layout with ample living space, good natural light, and excellent ventilation. Located in a well-Maintained building with easy access to schools, hospitals, markets, and daily essentials. Excellent connectivity to railway station, eastern express highway, and major parts of mumbai. Ideal for familie...",Jugyah,Dealer,,https://www.99acres.com/3-bhk-bedroom-apartment-flat-for-sale-in-dadar-east-south-mumbai-1114-sqft-spid-P90611970,,11
T91827196,PROPERTY,"3 BHK Flat in Shivaji Park, Dadar","3 BHK Flat in Shivaji Park, Dadar",Code name Shivaji park chs,"Shivaji Park, Dadar",₹5.19 Cr,"₹48,189 /sqft","1,077 sqft",(100 sqm),Carpet Area,3 BHK,3,Under Construction,7th out of 42 Floors | Overlooking Park,,"Spacious 3bhk unfurnished flat for sale in the prime locality of shivaji park, offering a perfect opportunity to design your dream home. Well-Planned layout with generous living spaces, natural light, and excellent ventilation. Located in one of mumbais most sought-After residential neighborhoods with easy access to schools, parks, markets, and transport facilities. Ideal for families seeking a...",Jugyah,Dealer,,https://www.99acres.com/3-bhk-bedroom-apartment-flat-for-sale-in-shivaji-park-south-mumbai-1077-sqft-spid-T91827196,,11
S91905188,PROPERTY,"3 BHK Flat in Shivaji Park, Dadar","3 BHK Flat in Shivaji Park, Dadar",Akasa Shivaji Park,"Shivaji Park, Dadar",₹4.39 Cr,"₹49,325 /sqft",890 sqft,(83 sqm),Carpet Area,3 BHK,3,Under Construction,20th out of 21 Floors | Overlooking Park,,"This property faces the east direction. The flat occupies a carpet area of 890 sq.Ft. That consists of 3 bedrooms, 3 bathrooms and 3 balconies. The property is located on the 20th floor of a 21 floors tall building. This residential flat is currently under construction and you can expect the possession of the same by june 2028. The vitrified flooring of this flat is beautifully designed and hel...",AAKANSHA NAIK,Dealer,,https://www.99acres.com/3-bhk-bedroom-apartment-flat-for-sale-in-shivaji-park-south-mumbai-890-sqft-spid-S91905188,,11
J87699358,PROPERTY,"3 BHK Flat in Dadar West, Mumbai","3 BHK Flat in Dadar West, Mumbai","MANGESH RESIDENCY , DADAR WEST","Dadar West, Mumbai",₹4.2 Cr,"₹42,000 /sqft","1,000 sqft",(93 sqm),Built-up Area,3 BHK,3,Under Construction,18th out of 22 Floors | Overlooking Main Road,,"This 3 bhk flat is located in mangesh residency, which houses some of the most spacious flats in dadar west, mumbai south. Constructed on a built up area of 1000 sq.Ft., the flat comprises 3 bedroom(s), 3 bathrooms . The residential building has 22 floors in total and the flat for sale is located on the 18th floor. Moreover, the flat is currently under construction and possession is expected by...",Dream Properties,,,https://www.99acres.com/3-bhk-bedroom-apartment-flat-for-sale-in-dadar-west-south-mumbai-1000-sqft-r3-spid-J87699358,,11
J92824224,PROPERTY,"3 BHK Flat in Shivaji Park, Dadar","3 BHK Flat in Shivaji Park, Dadar",Aakasa Shivaji Park,"Shivaji Park, Dadar",₹4.63 Cr,"₹52,022 /sqft",890 sqft,(83 sqm),Carpet Area,3 BHK,3,Under Construction,20th out of 22 Floors | Overlooking Park,,"Aakasa shivaji park Landmark near goa portuguese restaurant, Late dilip gupte road, Mahim west Highlights of project Ground plus 22 storied Land : 557.57 sq.Mtrs free hold land parcel Structure : Gr to 6 level mechanism car parking 16th floors Exclusive 3 bhk unit building 5 mins walkable distance from shivaji park. Construction in full swing. East and west flat exit. Per floor only 02 units Li...",Vivek Dadhe,Dealer,,https://www.99acres.com/3-bhk-bedroom-apartment-flat-for-sale-in-shivaji-park-south-mumbai-890-sqft-spid-J92824224,,11
U90427900,PROPERTY,"2 BHK Flat in Shivaji Park, Dadar","2 BHK Flat in Shivaji Park, Dadar",Unique Serenity,"Shivaji Park, Dadar",₹5.25 Cr,"₹53,846 /sqft",975 sqft,(91 sqm),Built-up Area,2 BHK,3,Ready To Move,16th out of 20 Floors | Overlooking Main Road,,It's a limited edition 2bhk large 865 carpet having an unrestricted seaview available for purchase in shivaji park nearby cadel road.,Ameya Digambar Nar Real Estate Advisor And Cons,Dealer,,https://www.99acres.com/2-bhk-bedroom-apartment-flat-for-sale-in-shivaji-park-south-mumbai-975-sqft-r1-spid-U90427900,,11
N93022436,PROPERTY,"3 BHK Flat in Dadar West, Mumbai","3 BHK Flat in Dadar West, Mumbai",Vaastu Jagmani Niwas,"Dadar West, Mumbai",₹5.5 Cr,"₹57,232 /sqft",961 sqft,(89 sqm),Carpet Area,3 BHK,3,Ready To Move,15th out of 21 Floors,,"Experience premium living at vaastu jagmani niwas, an exclusive residential address in the heart of dadar west, mumbai. Thoughtfully designed with spacious layouts, modern architecture, and premium finishes, this residence offers the perfect blend of luxury, comfort, and convenience. Located in one of mumbai's most sought-After neighborhoods, the property enjoys seamless connectivity to busines...",Indiassetz Infra Services Pvt Ltd,,,https://www.99acres.com/3-bhk-bedroom-apartment-flat-for-sale-in-dadar-west-south-mumbai-961-sqft-spid-N93022436,,11
K89617474,PROPERTY,"3 BHK Flat in Shivaji Park, Dadar","3 BHK Flat in Shivaji Park, Dadar",Krishna Kunj,"Shivaji Park, Dadar",₹5.6 Cr,"₹57,435 /sqft",975 sqft,(91 sqm),Built-up Area,3 BHK,3,Under Construction,19th out of 21 Floors | East Facing,,"The floor plan additionally contains 3 bedroom(s), 3 bathrooms . All in all, the flat is spread over a built up area of 975 sq.Ft. This flat is situated on the 19th floor of this 21 floors tall residential building. The flat is currently under construction stage and you can expect to get the possession of the property by november 2028.Call us for more info and site visit.",Dream Properties,,,https://www.99acres.com/3-bhk-bedroom-apartment-flat-for-sale-in-krishna-kunj-shivaji-park-south-mumbai-975-sqft-r2-spid-K89617474,,11
K91844164,PROPERTY,"3 BHK Flat in Dadar West, Mumbai","3 BHK Flat in Dadar West, Mumbai",Shri Ratan Address,"Dadar West, Mumbai",₹5.55 Cr,"₹57,872 /sqft",959 sqft,(89 sqm),Carpet Area,3 BHK,3,Ready To Move,5th out of 23 Floors | Overlooking Sea,,One of the best almost ready to move property of 3 bhk with two covered car parking at very affordable .This property comes up with good construction quality. From this property shree siddhivinayak ganesh tempel is 1 min walking distance and icici lombard metro station is also 2 min away. Dadar & prabhadevi beach is also 5 min away. All daily to daily needs shops are nearby. We had appiled for ...,Dream Properties,,,https://www.99acres.com/3-bhk-bedroom-apartment-flat-for-sale-in-shri-ratan-address-dadar-west-south-mumbai-959-sqft-spid-K91844164,,11
D89997490,PROPERTY,"3 BHK Flat in Shivaji Park, Dadar","3 BHK Flat in Shivaji Park, Dadar",Aakasa Shivaji Park,"Shivaji Park, Dadar",₹4.63 Cr,"₹41,636 /sqft","1,112 sqft",(103 sqm),Built-up Area,3 BHK,3,Under Construction,12th out of 19 Floors | Overlooking Swimming Pool,,"This is a east-Facing property. Constructed on a built up area of 1112 sq.Ft., the flat comprises 3 bedroom(s), 3 bathrooms and 1 balcony. The property is located on the 12th floor of a 19 floors tall building. Moreover, the flat is currently under construction and possession is expected by december 2029. The beautifully designed vitrified flooring enhances the beauty of the flat. Many of the m...",Parmar Properties and Infrastructure Pvt. Ltd.,Dealer,,https://www.99acres.com/3-bhk-bedroom-apartment-flat-for-sale-in-shivaji-park-south-mumbai-1112-sqft-r1-spid-D89997490,,11
E92765254,PROPERTY,"3 BHK Flat in Shivaji Park, Dadar","3 BHK Flat in Shivaji Park, Dadar",Sugee Shree Krishna Kunj,"Shivaji Park, Dadar",₹5.35 Cr,"₹56,000 /sqft",955 sqft,(89 sqm),Carpet Area,3 BHK,3,Under Construction,19th out of 21 Floors | Overlooking Main Road,,Sugee shree krishna kunj Own a rare address at chhatrapati shivaji maharaj park dadar west. Introducing sugee shree krishna kunj premium 3 bhk residences crafted for those who value privacy connectivity and timeless living Project highlights Only 2 apartments per floor Centrally located Fitness centre Car tower High-Speed elevators vastu compliant Book your dream home at sugee shree krishna kun...,Vivek Dadhe,Dealer,,https://www.99acres.com/3-bhk-bedroom-apartment-flat-for-sale-in-shivaji-park-south-mumbai-955-sqft-spid-E92765254,,11
M92766104,PROPERTY,"3 BHK Flat in Shivaji Park, Dadar","3 BHK Flat in Shivaji Park, Dadar",Sugee Shree Krishna Kunj,"Shivaji Park, Dadar",₹5.19 Cr,"₹55,926 /sqft",928 sqft,(86 sqm),Carpet Area,3 BHK,3,Under Construction,12th out of 21 Floors | Overlooking Park,,Sugee shree krishna kunj Own a rare address at chhatrapati shivaji maharaj park dadar west. Introducing sugee shree krishna kunj premium 3 bhk residences crafted for those who value privacy connectivity and timeless living Project highlights Only 2 apartments per floor Centrally located Fitness centre Car tower High-Speed elevators vastu compliant Book your dream home at sugee shree krishna kun...,Vivek Dadhe,Dealer,,https://www.99acres.com/3-bhk-bedroom-apartment-flat-for-sale-in-shivaji-park-south-mumbai-928-sqft-spid-M92766104,,11
L73735765,PROPERTY,"3 BHK Flat in Dadar West, Mumbai","3 BHK Flat in Dadar West, Mumbai",Suraj Palette,"Dadar West, Mumbai",₹5.99 Cr,"₹37,839 /sqft","1,583 sqft",(147 sqm),Super Built-up Area,3 BHK,3,Under Construction,28th out of 43 Floors | Overlooking Park,,"Suraj palette is one of central mumbai suburbs's most sought after destination for apartments and this 3 bhk flat in dadar west is your opportunity to be a part of this community. The flat is facing the west direction. Constructed on a super built up area of 2418 sq.Ft., the flat comprises 3 bedroom(s), 3 bathrooms and 1 balcony. The property is located on the 28th floor of a 43 floors tall bui...",Parmar Properties and Infrastructure Pvt. Ltd.,Dealer,,https://www.99acres.com/3-bhk-bedroom-apartment-flat-for-sale-in-dadar-west-south-mumbai-1583-sqft-r4-spid-L73735765,,11
B90000726,PROPERTY,"3 BHK Flat in Shivaji Park, Dadar","3 BHK Flat in Shivaji Park, Dadar",Aakasa Shivaji Park,"Shivaji Park, Dadar",₹5.98 Cr,"₹41,614 /sqft","1,437 sqft",(134 sqm),Built-up Area,3 BHK,3,Under Construction,14th out of 19 Floors | East Facing,,"This residential flat is east-Facing direction. The flat is over 1437 sq.Ft. Built up area and comes with 3 bedroom(s), 3 bathrooms and 1 balcony. This flat is situated on the 14th floor of this 19 floors tall residential building. Moreover, the flat is currently under construction and possession is expected by december 2029. The vitrified flooring of this flat is beautifully designed and helps...",Parmar Properties and Infrastructure Pvt. Ltd.,Dealer,,https://www.99acres.com/3-bhk-bedroom-apartment-flat-for-sale-in-shivaji-park-south-mumbai-1437-sqft-r1-spid-B90000726,,11
D90705280,PROPERTY,"3 BHK Flat in Hindu Colony, Dadar","3 BHK Flat in Hindu Colony, Dadar",Rain Tree,"Hindu Colony, Dadar",₹5.75 Cr,"₹42,592 /sqft","1,350 sqft",(125 sqm),Carpet Area,3 BHK,4,Ready To Move,8th out of 12 Floors | Overlooking Park,,"Sapcious fully furnished flat at hindu colony, clear and unobstructed view of west. One flat per floor with lobby also usable. Taste fully made with 2 covered car park. Interior cost close to 75 lakhs. Usable area 1350 sq ft. Close to proximities like dadar station, ies school, eastern exp highway.",D A Ventures,Dealer,,https://www.99acres.com/3-bhk-bedroom-apartment-flat-for-sale-in-hindu-colony-mumbai-south-1350-sqft-r1-spid-D90705280,,12
M93081978,PROPERTY,"3 BHK Flat in Dadar West, Mumbai","3 BHK Flat in Dadar West, Mumbai",The Siddhi Darshan,"Dadar West, Mumbai",₹5.75 Cr,"₹42,592 /sqft","1,350 sqft",(125 sqm),Built-up Area,3 BHK,4,Under Construction,30th out of 31 Floors | Overlooking Main Road,,"Constructed on a built up area of 1350 sq.Ft., the flat comprises 3 bedroom(s), 4 bathrooms and 3 balconies. The residential building has 31 floors in total and the flat for sale is located on the 30th floor. This residential flat is currently under construction and you can expect the possession of the same by december 2028. Call us for more imfo and site visit.",Dream Properties,,,https://www.99acres.com/3-bhk-bedroom-apartment-flat-for-sale-in-dadar-west-south-mumbai-1350-sqft-spid-M93081978,,12
P92031380,PROPERTY,"3 BHK Flat in Hindu Colony, Dadar","3 BHK Flat in Hindu Colony, Dadar",Bluestone Tulsi Heritage,"Hindu Colony, Dadar",₹6.07 Cr,"₹50,000 /sqft","1,214 sqft",(113 sqm),Carpet Area,3 BHK,3,Under Construction,16th out of 23 Floors | East Facing,,"This residential flat is east-Facing direction. The flat is over 1214 sq.Ft. Carpet area and comes with 3 bedroom(s), 3 bathrooms . This flat lies on the 16th level of a 23 storey building. Moreover, the flat is currently under construction and possession is expected by september 2028. The floor of this flat is beautifully designed using vitrified flooring, giving the flat an alluring look. Blu...",Parmar Properties and Infrastructure Pvt. Ltd.,Dealer,,https://www.99acres.com/3-bhk-bedroom-apartment-flat-for-sale-in-hindu-colony-mumbai-south-1214-sqft-spid-P92031380,,12
V89694264,PROPERTY,"2 BHK Flat in Dadar, Mumbai","2 BHK Flat in Dadar, Mumbai","JANAI HERITAGE,DADAR,MUMBAI","Dadar, Mumbai",₹6 Cr,"₹70,588 /sqft",850 sqft,(79 sqm),Built-up Area,2 BHK,2,Under Construction,30th out of 35 Floors | Overlooking Main Road,,"The floor plan additionally contains 2 bedroom(s), 2 bathrooms and 1 balcony. All in all, the flat is spread over a built up area of 850 sq.Ft. The property is located on the 30th floor of a 35 floors tall building. Moreover, the flat is currently under construction and possession is expected by june 2029. Call us for more info and site visit.",Dream Properties,,,https://www.99acres.com/2-bhk-bedroom-apartment-flat-for-sale-in-dadar-mumbai-south-850-sqft-r2-spid-V89694264,,12
U91061106,PROPERTY,"2 BHK Flat in Dadar West, Mumbai","2 BHK Flat in Dadar West, Mumbai",Suraj The Palette,"Dadar West, Mumbai",₹5.99 Cr,"₹66,187 /sqft",905 sqft,(84 sqm),Carpet Area,2 BHK,2,Under Construction,40th out of 50 Floors | Overlooking Main Road,,"Containing 2 bedroom(s), 2 bathrooms and 1 balcony, this flat is spread over a carpet area of 905 sq.Ft. This flat lies on the 40th level of a 50 storey building. Moreover, the flat is currently under construction and possession is expected by september 2026. The flat will offer a modern lifestyle as it is presented with many of the amenities such as swimming pool, fitness centre / gym, club ho...",Dream Properties,,,https://www.99acres.com/2-bhk-bedroom-apartment-flat-for-sale-in-suraj-the-palette-dadar-west-south-mumbai-905-sqft-r1-spid-U91061106,,12
L92900372,PROPERTY,"3 BHK Flat in Dadar, Mumbai","3 BHK Flat in Dadar, Mumbai",SUGEE SHRADDHA,"Dadar, Mumbai",₹5.75 Cr,"₹57,500 /sqft","1,000 sqft",(93 sqm),Built-up Area,3 BHK,3,Ready To Move,9th out of 16 Floors | Overlooking Main Road,,"The flat is over 1000 sq.Ft. Built up area and comes with 3 bedroom(s), 3 bathrooms . This flat lies on the 9th level of a 16 storey building. As the property is currently under construction , you can expect to get the possession immediately. Sugee shraddha is designed very well to provide modern facilities such as gymnasium and lift(s). Call us for more info and site visit.",Dream Properties,,,https://www.99acres.com/3-bhk-bedroom-apartment-flat-for-sale-in-sugee-shraddha-dadar-mumbai-south-1000-sqft-spid-L92900372,,12
A89616090,PROPERTY,"3 BHK Flat in Dadar East, Mumbai","3 BHK Flat in Dadar East, Mumbai",Arth El Mejor,"Dadar East, Mumbai",₹6.11 Cr,"₹44,275 /sqft","1,380 sqft",(128 sqm),Built-up Area,3 BHK,2,Under Construction,22nd out of 22 Floors | Overlooking Main Road,,"The floor plan additionally contains 3 bedroom(s), 2 bathrooms . All in all, the flat is spread over a built up area of 1380 sq.Ft. This flat lies on the top level of a 22 storey building. This residential property is still under construction and will be available for possession within 3 months. Many of the modern amenities being offered, like fitness centre / gym, park, club house and lift(s),...",Dream Properties,,,https://www.99acres.com/3-bhk-bedroom-apartment-flat-for-sale-in-arth-el-mejor-dadar-east-south-mumbai-1380-sqft-r2-spid-A89616090,,12
G89854394,PROPERTY,"3 BHK Flat in Shivaji Park, Dadar","3 BHK Flat in Shivaji Park, Dadar",Dipti Royal Arc,"Shivaji Park, Dadar",₹6.99 Cr,"₹58,250 /sqft","1,200 sqft",(111 sqm),Built-up Area,3 BHK,3,Ready To Move,10th out of 21 Floors | East Facing,,"Containing 3 bedroom(s), 3 bathrooms , this flat is spread over a built up area of 1200 sq.Ft. The residential building has 21 floors in total and the flat for sale is located on the 10th floor. Being a ready to move project, you can expect immediate possession of this 0-1 year old property. Call us for more and site visit",Dream Properties,,,https://www.99acres.com/3-bhk-bedroom-apartment-flat-for-sale-in-dipti-royal-arc-shivaji-park-south-mumbai-1200-sqft-r2-spid-G89854394,,12
G90941872,PROPERTY,"3 BHK Flat in Shivaji Park, Dadar","3 BHK Flat in Shivaji Park, Dadar",Ready to move,"Shivaji Park, Dadar",₹8.02 Cr,"₹62,951 /sqft","1,274 sqft",(118 sqm),Carpet Area,3 BHK,3,Ready To Move,18th out of 21 Floors | Overlooking Park,,"Perched on the 18th floor of a 21-Storey tower, this lavish 3bhk offers rare, sweeping views - A quiet escape above the city in one of mumbai's most iconic neighbourhoods. Spread across a 1,274 sq.Ft. Carpet area, the home features 3 bedrooms and 3 bathrooms, all in pristine 01 year old condition. Ready to move, with shivaji park's promenade, schools, and connectivity right at your doorstep.",Gryphon Realty,,,https://www.99acres.com/3-bhk-bedroom-apartment-flat-for-sale-in-shivaji-park-south-mumbai-1274-sqft-spid-G90941872,,12
D93288474,PROPERTY,"3 BHK Flat in Dadar, Mumbai","3 BHK Flat in Dadar, Mumbai",Sugee Shree Krishna Kunj,"Dadar, Mumbai",₹6.45 Cr,"₹67,539 /sqft",955 sqft,(89 sqm),Carpet Area,3 BHK,3,Under Construction,17th out of 21 Floors | Overlooking Main Road,,"The flat is north-East-Facing. Containing 3 bedroom(s), 3 bathrooms and 1 balcony, this flat is spread over a carpet area of 955 sq.Ft. This flat is situated on the 17th floor of this 21 floors tall residential building. The flat is currently under construction stage and you can expect to get the possession of the property by november 2028. The flat comes well built with vitrified flooring opti...",Shyambachchan Property Consultant,Dealer,,https://www.99acres.com/3-bhk-bedroom-apartment-flat-for-sale-in-dadar-mumbai-south-955-sqft-spid-D93288474,,12
I92921656,PROPERTY,"3 BHK Flat in Chandrakant Dhuru Wadi, Dadar","3 BHK Flat in Chandrakant Dhuru Wadi, Dadar",Raheja Princess,"Chandrakant Dhuru Wadi, Dadar",₹9.5 Cr,"₹61,290 /sqft","1,550 sqft",(144 sqm),Carpet Area,3 BHK,3,Ready To Move,2nd out of 22 Floors | Overlooking Park,,"Raheja princess is a premium ready-To-Move residential development by raheja universal pvt. Ltd., located in the prestigious chandrakant dhuru wadi, dadar west (Prabhadevi), mumbai. Spread across approximately 1 acre, the project comprises a single 22-Storey tower with only 44 exclusive residences, offering spacious 3 bhk and 5 bhk apartments ranging from approximately 1,850 to 3,900 sq. Ft. De...","Bhavesh Kothari, Property First",,,https://www.99acres.com/3-bhk-bedroom-apartment-flat-for-sale-in-raheja-princess-chandrakant-dhuru-wadi-mumbai-south-1550-sqft-spid-I92921656,,12
J89694570,PROPERTY,"3 BHK Flat in Dadar, Mumbai","3 BHK Flat in Dadar, Mumbai","JANAI HERITAGE,DADAR,MUMBAI","Dadar, Mumbai",₹8.8 Cr,"₹73,333 /sqft","1,200 sqft",(111 sqm),Built-up Area,3 BHK,3,Under Construction,30th out of 35 Floors | Overlooking Main Road,,"The flat is over 1200 sq.Ft. Built up area and comes with 3 bedroom(s), 3 bathrooms and 1 balcony. This flat lies on the 30th level of a 35 storey building. The flat is currently under construction stage and you can expect to get the possession of the property by june 2029. Call us for more info and site visit.",Dream Properties,,,https://www.99acres.com/3-bhk-bedroom-apartment-flat-for-sale-in-dadar-mumbai-south-1200-sqft-r2-spid-J89694570,,12
I86797538,PROPERTY,"4 BHK Flat in Dadar West, Mumbai","4 BHK Flat in Dadar West, Mumbai",Uttung CHS,"Dadar West, Mumbai",₹8.5 Cr,"₹50,295 /sqft","1,690 sqft",(157 sqm),Carpet Area,4 BHK,4,Ready To Move,7th out of 16 Floors | Overlooking Main Road,,"Situated in dadar west, mumbai south, uttung chs is a well planned society that offers a pleasant living experience to its residents. This 4 bhk flat in mumbai south is your opportunity to be a part of this community. The flat is facing the north-East direction. Containing 4 bedroom(s), 4 bathrooms and 3 balconies, this flat is spread over a carpet area of 1690 sq.Ft. The residential building h...",MANISHA ENTERPRISES,,,https://www.99acres.com/4-bhk-bedroom-apartment-flat-for-sale-in-uttung-chs-dadar-west-south-mumbai-1690-sqft-r2-spid-I86797538,,12
Z89829210,PROPERTY,"3 BHK Flat in Shivaji Park, Dadar","3 BHK Flat in Shivaji Park, Dadar",shivaji park sea face,"Shivaji Park, Dadar",₹10.5 Cr,"₹52,500 /sqft","2,000 sqft",(186 sqm),Super Built-up Area,3 BHK,3,Ready To Move,18th out of 23 Floors | Overlooking Sea,,3bhk residential flat for in shivaji park sea facing flat .,S P Realtors,Dealer,,https://www.99acres.com/3-bhk-bedroom-apartment-flat-for-sale-in-shivaji-park-south-mumbai-2000-sqft-r1-spid-Z89829210,,12
C92066224,PROPERTY,"3 BHK Flat in Dadar West, Mumbai","3 BHK Flat in Dadar West, Mumbai",Richa Horizon,"Dadar West, Mumbai",₹10 Cr,"₹52,631 /sqft","1,900 sqft",(177 sqm),Carpet Area,3 BHK,3,Ready To Move,15th out of 20 Floors | Overlooking Main Road,,"The flat is east-Facing. Constructed on a carpet area of 1900 sq.Ft., the flat comprises 3 bedroom(s), 3 bathrooms and more than 3 balconies. This flat lies on the 15th level of a 20 storey building. This is a ready to move project and the property is 5-10 years old. The floor of this flat is beautifully designed using vitrified flooring, giving the flat an alluring look. This flat is located n...",Omkar Sawant,Dealer,,https://www.99acres.com/3-bhk-bedroom-apartment-flat-for-sale-in-richa-horizon-dadar-west-south-mumbai-1900-sqft-spid-C92066224,,12
M89829260,PROPERTY,"4 BHK Flat in Shivaji Park, Dadar","4 BHK Flat in Shivaji Park, Dadar",Dadar,"Shivaji Park, Dadar",₹13 Cr,"₹50,000 /sqft","2,600 sqft",(242 sqm),Super Built-up Area,4 BHK,4,Ready To Move,28th out of 32 Floors | Overlooking Sea,,4bhk residential flat for sale in shivaji park with complete view of sea .,S P Realtors,Dealer,,https://www.99acres.com/4-bhk-bedroom-apartment-flat-for-sale-in-shivaji-park-south-mumbai-2600-sqft-r1-spid-M89829260,,12
I92337400,PROPERTY,"3 BHK Flat in Dadar West, Mumbai","3 BHK Flat in Dadar West, Mumbai",Shivneri Heights,"Dadar West, Mumbai",₹18 Cr,"₹69,230 /sqft","2,600 sqft",(242 sqm),Built-up Area,3 BHK,3,Ready To Move,4th out of 15 Floors,,"Spacious 5bhk converted into a luxurious 3bhk furnished flat available for sale in the prestigious locality of shivaji park. Thoughtfully redesigned to offer expansive living spaces, premium interiors, abundant natural light, and excellent ventilation. Fully furnished with high-End fittings, modular kitchen, wardrobes, and elegant furnishings, ready to move in. Located in a prime residential ne...",Jugyah,Dealer,,https://www.99acres.com/3-bhk-bedroom-apartment-flat-for-sale-in-shivneri-heights-dadar-west-south-mumbai-2600-sqft-spid-I92337400,,12
F93087744,PROPERTY,"4 BHK Flat in Dadar East, Mumbai","4 BHK Flat in Dadar East, Mumbai",The Bombay ICC,"Dadar East, Mumbai",₹12.88 Cr,"₹51,233 /sqft","2,514 sqft",(234 sqm),Carpet Area,4 BHK,4,Ready To Move,3rd out of 70 Floors | Overlooking Park,,"Bombay realty island city center, dadar east is a premium residential development offering an exceptional blend of luxury, sustainability, and urban convenience in the heart of south mumbai. The project comprises 3 iconic towers, each rising 67 floors, with 645 thoughtfully designed residences spread across 0.76 acres. Designed to achieve gold leed certification, the development promotes eco-Fr...","Bhavesh Kothari, Property First",,,https://www.99acres.com/4-bhk-bedroom-apartment-flat-for-sale-in-the-bombay-icc-dadar-east-south-mumbai-2514-sqft-spid-F93087744,,12
U91061688,PROPERTY,"3 BHK Flat in Dadar West, Mumbai","3 BHK Flat in Dadar West, Mumbai",Suraj Ocean Star,"Dadar West, Mumbai",₹13.5 Cr,₹1 L /sqft,"1,350 sqft",(125 sqm),Built-up Area,3 BHK,3,Under Construction,25th out of 43 Floors | Overlooking Main Road,,"The floor plan additionally contains 3 bedroom(s), 3 bathrooms and 1 balcony. All in all, the flat is spread over a built up area of 1350 sq.Ft. The flat has a total of 43 floors and this property is situated on 25th floor. Moreover, the flat is currently under construction and possession is expected by july 2027. Call us for more info nad site visit.",Dream Properties,,,https://www.99acres.com/3-bhk-bedroom-apartment-flat-for-sale-in-suraj-ocean-star-dadar-west-south-mumbai-1350-sqft-r1-spid-U91061688,,12
R92985452,PROPERTY,"3 BHK Flat in Dadar West, Mumbai","3 BHK Flat in Dadar West, Mumbai",Suraj Ocean Star,"Dadar West, Mumbai",₹15 Cr,₹1.09 L /sqft,"1,380 sqft",(128 sqm),Carpet Area,3 BHK,3,Ready To Move,27th out of 30 Floors | Overlooking Park,,"The flat is west-Facing. Constructed on a carpet area of 1380 sq.Ft., the flat comprises 3 bedroom(s), 3 bathrooms and 3 balconies. The property is located on the 27th floor of a 30 floors tall building. Being a ready to move project, you can expect immediate possession of this 5-10 years old property. The floor of this flat is beautifully designed using ceramic flooring, giving the flat an all...",LAXMI PROPERTY,,,https://www.99acres.com/3-bhk-bedroom-apartment-flat-for-sale-in-suraj-ocean-star-dadar-west-south-mumbai-1380-sqft-spid-R92985452,,12
L92026666,PROPERTY,"3 BHK Flat in Babasaheb Ambedkar Nagar, Dadar","3 BHK Flat in Babasaheb Ambedkar Nagar, Dadar",Sugee Sadan,"Babasaheb Ambedkar Nagar, Dadar",₹13 Cr,"₹83,870 /sqft","1,550 sqft",(144 sqm),Built-up Area,3 BHK,3,Ready To Move,20th out of 20 Floors | Overlooking Main Road,,"The floor plan additionally contains 3 bedroom(s), 3 bathrooms . All in all, the flat is spread over a built up area of 1550 sq.Ft with 1368 sqft terrace. The flat has a total of 20 floors and this property is situated on top floor. This 1-5 years old property is available for immediate possession as the project is ready to move. Call us for more info and site visit",Dream Properties,,,https://www.99acres.com/3-bhk-bedroom-apartment-flat-for-sale-in-sugee-sadan-babasaheb-ambedkar-nagar-mumbai-south-1550-sqft-spid-L92026666,,12
U91848702,PROPERTY,"3 BHK Flat in Dadar East, Mumbai","3 BHK Flat in Dadar East, Mumbai",Bombay Springs,"Dadar East, Mumbai",₹12.5 Cr,"₹59,523 /sqft","2,100 sqft",(195 sqm),Carpet Area,3 BHK,3,Ready To Move,38th out of 40 Floors | Overlooking Park,,"The flat is facing the west direction. Containing 3 bedroom(s), 3 bathrooms and more than 3 balconies, this flat is spread over a carpet area of 2100 sq.Ft. This flat is situated on the 38th floor of this 40 floors tall residential building. An added advantage of this 5-10 years old flat is that it is available for immediate possession as the project is already ready to move. This residential p...",Good Token,,,https://www.99acres.com/3-bhk-bedroom-apartment-flat-for-sale-in-bombay-springs-dadar-east-south-mumbai-2100-sqft-spid-U91848702,,12
B92868474,PROPERTY,"4 BHK Flat in Shivaji Park, Dadar","4 BHK Flat in Shivaji Park, Dadar","sugee Samruddhi,Shivaji Park, Dadar West","Shivaji Park, Dadar",₹12.99 Cr,"₹76,411 /sqft","1,700 sqft",(158 sqm),Built-up Area,4 BHK,5,Under Construction,12th out of 21 Floors | Overlooking Park,,"A premium luxury residential project located at chhatrapati shivaji maharaj park in dadar west, mumbai. Developed by sugee group, this exclusive, single-Tower high-Rise offers low-Density living with palatial 3 and 4-Bedroom apartments and world-Class rooftop amenities The flat occupies a built up area of 1700 sq.Ft. That consists of 4 bedrooms, 5 bathrooms and 2 balconies. The flat has a total...",Dream Properties,,,https://www.99acres.com/4-bhk-bedroom-apartment-flat-for-sale-in-shivaji-park-south-mumbai-1700-sqft-spid-B92868474,,12
Y85779282,PROPERTY,"3 BHK Flat in Shivaji Park, Dadar","3 BHK Flat in Shivaji Park, Dadar",seaesta,"Shivaji Park, Dadar",₹13 Cr,"₹65,000 /sqft","2,000 sqft",(186 sqm),Built-up Area,3 BHK,4,Ready To Move,10th out of 15 Floors | Overlooking Park,,Residential flat available for sale in shivaji park near to sea face. This is fully furnish apartment white goods and has a complete view of sea from each and every corner of the flat for more details and queries please contact brokers please do not respond,S P Realtors,Dealer,,https://www.99acres.com/3-bhk-bedroom-apartment-flat-for-sale-in-shivaji-park-south-mumbai-2000-sqft-r3-spid-Y85779282,,12
C93288160,PROPERTY,"4 BHK Flat in Shivaji Park, Dadar","4 BHK Flat in Shivaji Park, Dadar",Sugee Samruddhi,"Shivaji Park, Dadar",₹14.15 Cr,"₹86,809 /sqft","1,630 sqft",(151 sqm),Carpet Area,4 BHK,3,Under Construction,12th out of 21 Floors | Overlooking Main Road,,"The flat is facing the north-East direction. Containing 4 bedroom(s), 3 bathrooms and 2 balconies, this flat is spread over a carpet area of 1630 sq.Ft. The residential building has 21 floors in total and the flat for sale is located on the 12th floor. The flat is currently under construction stage and you can expect to get the possession of the property by august 2027. The flat comes well buil...",Shyambachchan Property Consultant,Dealer,,https://www.99acres.com/4-bhk-bedroom-apartment-flat-for-sale-in-shivaji-park-south-mumbai-1630-sqft-spid-C93288160,,12
I93321494,PROPERTY,"1 BHK Flat in Dadar TT, Mumbai","1 BHK Flat in Dadar TT, Mumbai",dadar,"Dadar TT, Mumbai",₹2.35 Cr,"₹47,000 /sqft",500 sqft,(46 sqm),Carpet Area,1 BHK,2,Ready To Move,5th out of 7 Floors | North Facing,,"The flat is facing the north direction. The floor plan additionally contains 1 bedroom(s), 2 bathrooms and 1 balcony. All in all, the flat is spread over a carpet area of 500 sq.Ft. This flat lies on the 5th level of a 7 storey building. This residential property is still under construction and will be available for possession immediately. Dadar is designed very well to provide modern facilitie...",Atul Savla Estate Agency,Dealer,,https://www.99acres.com/1-bhk-bedroom-apartment-flat-for-sale-in-dadar-tt-south-mumbai-500-sqft-spid-I93321494,,13
U91608466,PROPERTY,"2 BHK Flat in Dadar West, Mumbai","2 BHK Flat in Dadar West, Mumbai",Good Tower Chs,"Dadar West, Mumbai",₹2.75 Cr,"₹39,285 /sqft",700 sqft,(65 sqm),Super Built-up Area,2 BHK,2,Ready To Move,13th out of 22 Floors | East Facing,,"A compact 2bhk flat is available for sale in dadar west it is centrally located with access to aqualine metro, dadar station, markets and commercial hubs like lower parel & bkc is easy. Towers comes with good amenities like gym, car parking and other things which enhances the value of towers and offers comfort lifestlyle. Connect for more details and schedule the inspection at earliest.",Jalaram Real Estate,,,https://www.99acres.com/2-bhk-bedroom-apartment-flat-for-sale-in-dadar-west-south-mumbai-700-sqft-r1-spid-U91608466,,13
Y92328862,PROPERTY,"2 BHK Flat in Dadar East, Mumbai","2 BHK Flat in Dadar East, Mumbai",dadar,"Dadar East, Mumbai",₹3.25 Cr,"₹47,445 /sqft",685 sqft,(64 sqm),Carpet Area,2 BHK,2,Ready To Move,3rd out of 15 Floors | East Facing,,"The flat is facing the east direction. The floor plan additionally contains 2 bedroom(s), 2 bathrooms . All in all, the flat is spread over a carpet area of 685 sq.Ft. The flat has a total of 15 floors and this property is situated on 3rd floor. Being a ready to move project, you can expect immediate possession of this 10+ years old property. The society complex is in the close vicinity of clos...",Atul Savla Estate Agency,Dealer,,https://www.99acres.com/2-bhk-bedroom-apartment-flat-for-sale-in-dadar-east-south-mumbai-685-sqft-spid-Y92328862,,13
V92025636,PROPERTY,"1 BHK Flat in Dadar East, Mumbai","1 BHK Flat in Dadar East, Mumbai",Nandivardan monoppoli,"Dadar East, Mumbai",₹2.74 Cr,"₹48,841 /sqft",561 sqft,(52 sqm),Super Built-up Area,1 BHK,1,Under Construction,13th out of 41 Floors | Overlooking Park,,"Nandivardhan 1, 2,3 & 4 bhk flats with the availability of jodi apartments. Also get floor plan, price sheet, rera id, reviews, possession timeline, construction status, location advantages, address, amenities & specifications. Nandivardhan monopoli dadar east has an exclusive tower of 41 storeys. Nandivardhan group dadar east property features amenities like music room & dance studio, indoor g...",JAI AMBE ADVISORY PVT LTD,,,https://www.99acres.com/1-bhk-bedroom-apartment-flat-for-sale-in-dadar-east-south-mumbai-561-sqft-spid-V92025636,,13
I79766659,PROPERTY,"2 BHK Flat in Dadar West, Mumbai","2 BHK Flat in Dadar West, Mumbai",Suraj Park View,"Dadar West, Mumbai",₹3.49 Cr,"₹52,089 /sqft",670 sqft,(62 sqm),Carpet Area,2 BHK,2,Under Construction,13th out of 29 Floors | Overlooking Park,,"Introducing suraj park view by suraj estate Experience luxury living in dadar west, mumbai, with suraj park view, an upcoming under-Construction project. This exclusive address offers elegantly designed residences, prioritizing comfort and well-Being. Key highlights: - Scheduled possession: 2028 - Expansive apartments in various configurations - Unique floor plans and layouts for ease and conve...",K.Hemandas real estate,Dealer,,https://www.99acres.com/2-bhk-bedroom-apartment-flat-for-sale-in-suraj-park-view-dadar-west-south-mumbai-670-sqft-r1-spid-I79766659,,13
L93113784,PROPERTY,"1 BHK Flat in Dadar East, Mumbai","1 BHK Flat in Dadar East, Mumbai",Nandivardhan Monopoli,"Dadar East, Mumbai",₹2.6 Cr,"₹46,511 /sqft",559 sqft,(52 sqm),Carpet Area,1 BHK,2,Under Construction,16th out of 44 Floors | Overlooking Main Road,,"This is a west-Facing property. Containing 1 bedroom(s), 2 bathrooms and 1 balcony, this flat is spread over a carpet area of 559 sq.Ft. The flat has a total of 44 floors and this property is situated on 16th floor. The flat is currently under construction stage and you can expect to get the possession of the property by december 2027. The flat comes well built with vitrified flooring options. ...",Ask realtors,,,https://www.99acres.com/1-bhk-bedroom-apartment-flat-for-sale-in-dadar-east-south-mumbai-559-sqft-spid-L93113784,,13
X91309314,PROPERTY,"1 BHK Flat in Dadar West, Mumbai","1 BHK Flat in Dadar West, Mumbai",dadar,"Dadar West, Mumbai",₹2.2 Cr,"₹36,666 /sqft",600 sqft,(56 sqm),Built-up Area,1 BHK,2,Ready To Move,2nd out of 7 Floors | East Facing,,"The flat is facing the east direction. The flat occupies a built up area of 600 sq.Ft. That consists of 1 bedroom, 2 bathrooms . The property is located on the 2nd floor of a 7 floors tall building. As the project is already ready to move, so you can easily move into this 10+ years old property. The flat will offer a modern lifestyle as it is presented with many of the amenities such as lift(s).",Atul Savla Estate Agency,Dealer,,https://www.99acres.com/1-bhk-bedroom-apartment-flat-for-sale-in-dadar-west-south-mumbai-600-sqft-spid-X91309314,,13
D92673418,PROPERTY,"2 BHK Flat in Dadar TT, Mumbai","2 BHK Flat in Dadar TT, Mumbai",dadar,"Dadar TT, Mumbai",₹3.4 Cr,"₹50,370 /sqft",675 sqft,(63 sqm),Carpet Area,2 BHK,2,Ready To Move,15th out of 18 Floors | East Facing,,"The flat is east-Facing. Containing 2 bedroom(s), 2 bathrooms , this flat is spread over a carpet area of 675 sq.Ft. The residential building has 18 floors in total and the flat for sale is located on the 15th floor. Being a ready to move project, you can expect immediate possession of this 5-10 years old property. All the modern amenities such as lift(s) will make life easier for you.",Atul Savla Estate Agency,Dealer,,https://www.99acres.com/2-bhk-bedroom-apartment-flat-for-sale-in-dadar-tt-south-mumbai-675-sqft-spid-D92673418,,13
D89971420,PROPERTY,"1 BHK Flat in Shivaji Park, Dadar","1 BHK Flat in Shivaji Park, Dadar",Siddhivinayak Habitat,"Shivaji Park, Dadar",₹2.65 Cr,"₹40,769 /sqft",650 sqft,(60 sqm),Super Built-up Area,1 BHK,2,Ready To Move,15th out of 18 Floors | East Facing,,"A spacious 1bhk apartment with decent size balcony is up for sale at shivaji park. It offers superb view of city skyline and lots of sunlight throught out the day with excellent ventilation. It is centrally located and access to aqualine dadar metro station is just 2-3 mins away alongwith prominent places like kohinoor commercial square, dadar markets, shivaji park and etc all in the vicnity. C...",Jalaram Real Estate,,,https://www.99acres.com/1-bhk-bedroom-apartment-flat-for-sale-in-siddhivinayak-habitat-shivaji-park-south-mumbai-650-sqft-r1-spid-D89971420,,13
I92419112,PROPERTY,"1 BHK Flat in Dadar West, Mumbai","1 BHK Flat in Dadar West, Mumbai",New Bldg OC CHS,"Dadar West, Mumbai",₹3 Cr,"₹60,000 /sqft",500 sqft,(46 sqm),Carpet Area,1 BHK,2,Ready To Move,12th out of 21 Floors | Overlooking Main Road,,"This is a north-West-Facing property. Constructed on a carpet area of 500 sq.Ft., the flat comprises 1 bedroom(s), 2 bathrooms and 1 balcony. The flat has a total of 21 floors and this property is situated on 12th floor. An added advantage of this 0-1 year old flat is that it is available for immediate possession as the project is already ready to move. The beautifully designed vitrified floori...",Jalaram Real Estate,,,https://www.99acres.com/1-bhk-bedroom-apartment-flat-for-sale-in-dadar-west-south-mumbai-500-sqft-spid-I92419112,,13
B93084630,PROPERTY,"2 BHK Flat in Shivaji Park, Dadar","2 BHK Flat in Shivaji Park, Dadar",Sugee Hiranya,"Shivaji Park, Dadar",₹3.1 Cr,"₹56,363 /sqft",550 sqft,(51 sqm),Carpet Area,2 BHK,2,Ready To Move,20th out of 23 Floors | East Facing,,"Sugee hiranya dadarsugee hiranya is a standalone, premium residential tower developed by the sugee group located in the highly affluent neighborhood of dadar west (Near shivaji park), south mumbai.",KAILASH GUL RAJANI,,,https://www.99acres.com/2-bhk-bedroom-apartment-flat-for-sale-in-sugee-hiranya-shivaji-park-south-mumbai-550-sqft-spid-B93084630,,13
Z92130796,PROPERTY,"2 BHK Flat in Dadar West, Mumbai","2 BHK Flat in Dadar West, Mumbai",Gokhale Road,"Dadar West, Mumbai",₹3.29 Cr,"₹48,099 /sqft",684 sqft,(64 sqm),Carpet Area,2 BHK,2,Ready To Move,16th out of 21 Floors | 1 Covered Parking,,Rooftop amenities that redefine living:,Coinage Venture Capital,Dealer,,https://www.99acres.com/2-bhk-bedroom-apartment-flat-for-sale-in-dadar-west-south-mumbai-684-sqft-spid-Z92130796,,13
F91795964,PROPERTY,"2 BHK Flat in Dadar West, Mumbai","2 BHK Flat in Dadar West, Mumbai",Chitrakut,"Dadar West, Mumbai",₹2.85 Cr,"₹40,714 /sqft",700 sqft,(65 sqm),Carpet Area,2 BHK,2,Ready To Move,2nd out of 10 Floors | East Facing,,"This property faces the east direction. The floor plan additionally contains 2 bedroom(s), 2 bathrooms . All in all, the flat is spread over a carpet area of 700 sq.Ft. The property is located on the 2nd floor of a 10 floors tall building. Being a ready to move project, you can expect immediate possession of this 10+ years old property. The vitrified flooring of this flat is beautifully designe...",Cozy Homes,Dealer,,https://www.99acres.com/2-bhk-bedroom-apartment-flat-for-sale-in-dadar-west-south-mumbai-700-sqft-spid-F91795964,,13
R91076594,PROPERTY,"2 BHK Flat in Dadar East, Mumbai","2 BHK Flat in Dadar East, Mumbai",dadar,"Dadar East, Mumbai",₹3.25 Cr,"₹43,333 /sqft",750 sqft,(70 sqm),Built-up Area,2 BHK,2,Ready To Move,3rd out of 7 Floors | North Facing,,"This property faces the north direction. The floor plan additionally contains 2 bedroom(s), 2 bathrooms . All in all, the flat is spread over a built up area of 750 sq.Ft. The flat has a total of 7 floors and this property is situated on 3rd floor. This 1-5 years old property is available for immediate possession as the project is ready to move. Dadar is designed very well to provide modern fac...",Atul Savla Estate Agency,Dealer,,https://www.99acres.com/2-bhk-bedroom-apartment-flat-for-sale-in-dadar-east-south-mumbai-750-sqft-r1-spid-R91076594,,13
J91640690,PROPERTY,"2 BHK Flat in Dadar West, Mumbai","2 BHK Flat in Dadar West, Mumbai",Good Tower Chs,"Dadar West, Mumbai",₹3.5 Cr,"₹41,176 /sqft",850 sqft,(79 sqm),Super Built-up Area,2 BHK,2,Ready To Move,12th out of 22 Floors | East Facing,,"An excellent 2bhk flat is available for sale in dadar west it is centrally located with access to aqualine metro, dadar station, markets and commercial hubs like lower parel & bkc is easy. Towers comes with good amenities like gym, car parking and other things which enhances the value of towers and offers comfort lifestlyle. Connect for more details and schedule the inspection at earliest.",Jalaram Real Estate,,,https://www.99acres.com/2-bhk-bedroom-apartment-flat-for-sale-in-dadar-west-south-mumbai-850-sqft-r1-spid-J91640690,,13
P93113944,PROPERTY,"2 BHK Flat in Dadar East, Mumbai","2 BHK Flat in Dadar East, Mumbai",Nandivardhan Monopoli,"Dadar East, Mumbai",₹3.55 Cr,"₹46,957 /sqft",756 sqft,(70 sqm),Carpet Area,2 BHK,2,Under Construction,12th out of 44 Floors | Overlooking Main Road,,"The flat is west-Facing. The flat occupies a carpet area of 756 sq.Ft. That consists of 2 bedrooms, 2 bathrooms and 1 balcony. The property is located on the 12th floor of a 44 floors tall building. As the property is currently under construction , you can expect to get the possession by december 2027. The flat comes well built with vitrified flooring options. Many of the modern amenities being...",Ask realtors,,,https://www.99acres.com/2-bhk-bedroom-apartment-flat-for-sale-in-dadar-east-south-mumbai-756-sqft-spid-P93113944,,13
H86960620,PROPERTY,"2 BHK Flat in Dadar East, Mumbai","2 BHK Flat in Dadar East, Mumbai",On Request,"Dadar East, Mumbai",₹3.56 Cr,"₹47,089 /sqft",756 sqft,(70 sqm),Carpet Area,2 BHK,2,Under Construction,25th out of 41 Floors | Overlooking Main Road,,"Available for sell under construction 2 bhk in nandivardhan monopoli, dadar east, 756 sqft carpet, g+41 stored tower, one car parking, amenities like swimming pool, gym, jogging track, senior seating area, kid play area etc., price rs 3.56 cr ++ possession sept, 2027, for more information please call hariom estate consultant, prabhadevi.",Hariom Estate Consultants,,,https://www.99acres.com/2-bhk-bedroom-apartment-flat-for-sale-in-dadar-east-south-mumbai-756-sqft-r3-spid-H86960620,,13
W92130260,PROPERTY,"2 BHK Flat in Dadar West, Mumbai","2 BHK Flat in Dadar West, Mumbai",Dadar West,"Dadar West, Mumbai",₹2.42 Cr,"₹48,015 /sqft",504 sqft,(47 sqm),Carpet Area,2 BHK,2,Ready To Move,16th out of 21 Floors | Overlooking Park,,Rooftop amenities that redefine living:,Coinage Venture Capital,Dealer,,https://www.99acres.com/2-bhk-bedroom-apartment-flat-for-sale-in-dadar-west-south-mumbai-504-sqft-spid-W92130260,,13
F90326524,PROPERTY,"1 BHK Flat in Dadar West, Mumbai","1 BHK Flat in Dadar West, Mumbai",shree sai arti,"Dadar West, Mumbai",₹3 Cr,"₹58,365 /sqft",514 sqft,(48 sqm),Carpet Area,1 BHK,1,Under Construction,14th out of 21 Floors | 1 Covered Parking,,"V k shree sai arti is an under-Construction residential project in dadar west, mumbai, by v k developers. Scheduled for delivery by december 2025, it offers 17 units of 2 bhk apartments. The project is rera-Registered (Pphone_number) and features modern amenities like closed car parking, fire safety, and landscaping in a prime, central location.",KAILASH GUL RAJANI,,,https://www.99acres.com/1-bhk-bedroom-apartment-flat-for-sale-in-dadar-west-south-mumbai-514-sqft-spid-F90326524,,13
O92617518,PROPERTY,"2 BHK Flat in Dadar West, Mumbai","2 BHK Flat in Dadar West, Mumbai",Shri Ratan Address,"Dadar West, Mumbai",₹3.75 Cr,"₹54,744 /sqft",685 sqft,(64 sqm),Carpet Area,2 BHK,2,Ready To Move,17th out of 23 Floors | Overlooking Park,,"This is a east-Facing property. The flat occupies a carpet area of 685 sq.Ft. That consists of 2 bedrooms, 2 bathrooms . This flat lies on the 17th level of a 23 storey building. This 0-1 year old property is available for immediate possession as the project is ready to move. The concrete flooring of this flat is beautifully designed and helps to give it a pleasing look. The flat will offer a m...",Real Estate Master,Dealer,,https://www.99acres.com/2-bhk-bedroom-apartment-flat-for-sale-in-shri-ratan-address-dadar-west-south-mumbai-685-sqft-spid-O92617518,,13
G92025796,PROPERTY,"2 BHK Flat in Dadar East, Mumbai","2 BHK Flat in Dadar East, Mumbai",Nandivardan monopoli,"Dadar East, Mumbai",₹3.54 Cr,"₹46,701 /sqft",758 sqft,(70 sqm),Super Built-up Area,2 BHK,2,Under Construction,19th out of 41 Floors | Overlooking Park,,"Nandivardhan 1, 2,3 & 4 bhk flats with the availability of jodi apartments. Also get floor plan, price sheet, rera id, reviews, possession timeline, construction status, location advantages, address, amenities & specifications. Nandivardhan monopoli dadar east has an exclusive tower of 41 storeys. Nandivardhan group dadar east property features amenities like music room & dance studio, indoor g...",JAI AMBE ADVISORY PVT LTD,,,https://www.99acres.com/2-bhk-bedroom-apartment-flat-for-sale-in-dadar-east-south-mumbai-758-sqft-spid-G92025796,,13
V79837915,PROPERTY,"2 BHK Flat in Dadar West, Mumbai","2 BHK Flat in Dadar West, Mumbai",Eirene,"Dadar West, Mumbai",₹3.57 Cr,"₹44,962 /sqft",794 sqft,(74 sqm),Carpet Area,2 BHK,2,Under Construction,11th out of 18 Floors | Close to School,,"Introducing eirene Experience the epitome of luxurious living at eirene, a stunning residential project in dadar. This beautifully crafted haven offers thoughtfully designed apartments at unbeatable prices. Eirene presents a regal lifestyle, replete with: - Luxurious apartments in the heart of dadar - Tranquil retreat from the city's chaos - Unmatched connectivity to key landmarks and utilities...",K.Hemandas real estate,Dealer,,https://www.99acres.com/2-bhk-bedroom-apartment-flat-for-sale-in-dadar-west-south-mumbai-794-sqft-r3-spid-V79837915,,13
S91140602,PROPERTY,"2 BHK Flat in Dadar East, Mumbai","2 BHK Flat in Dadar East, Mumbai",Parasmani complex,"Dadar East, Mumbai",₹3.5 Cr,"₹50,000 /sqft",700 sqft,(65 sqm),Carpet Area,2 BHK,2,Ready To Move,10th out of 17 Floors | Centrally Air Conditioned,,"This residential flat is west-Facing direction. The floor plan additionally contains 2 bedroom(s), 2 bathrooms . All in all, the flat is spread over a carpet area of 700 sq.Ft. The property is located on the 10th floor of a 17 floors tall building. This is a ready to move project and the property is 5-10 years old. The well built vitrified flooring enhances the aesthetic appeal of this flat. Mo...",K.Hemandas real estate,Dealer,,https://www.99acres.com/2-bhk-bedroom-apartment-flat-for-sale-in-parasmani-complex-dadar-east-south-mumbai-700-sqft-spid-S91140602,,13
X91349272,PROPERTY,"1 BHK Flat in Dadar East, Mumbai","1 BHK Flat in Dadar East, Mumbai",Anchor Polestar,"Dadar East, Mumbai",₹1.81 Cr,"₹31,978 /sqft",566 sqft,(53 sqm),Built-up Area,1 BHK,1,Under Construction,12th out of 22 Floors | North Facing,,"The flat is north-Facing. Containing 1 bedroom(s), 1 bathroom , this flat is spread over a built up area of 566 sq.Ft. The flat has a total of 22 floors and this property is situated on 12th floor. As the property is currently under construction , you can expect to get the possession by december 2027. The flat comes well built with vitrified flooring options. All the modern amenities such as pa...",Parmar Properties and Infrastructure Pvt. Ltd.,Dealer,,https://www.99acres.com/1-bhk-bedroom-apartment-flat-for-sale-in-dadar-east-south-mumbai-566-sqft-spid-X91349272,,13
P89997368,PROPERTY,"2 BHK Flat in Naigaon, Dadar","2 BHK Flat in Naigaon, Dadar","Nandivardhan Monopoli, Dadar East","Naigaon, Dadar",₹3.44 Cr,"₹42,839 /sqft",803 sqft,(75 sqm),Carpet Area,2 BHK,2,Under Construction,18th out of 44 Floors | East Facing,,"The flat is facing the east direction. The flat occupies a carpet area of 803 sq.Ft. That consists of 2 bedrooms, 2 bathrooms and 2 balconies. This flat lies on the 18th level of a 44 storey building. This residential property is still under construction and will be available for possession by december 2027. The well built vitrified flooring enhances the aesthetic appeal of this flat. This flat...",Abodes India Properties,Dealer,,https://www.99acres.com/2-bhk-bedroom-apartment-flat-for-sale-in-naigaon-mumbai-south-803-sqft-r1-spid-P89997368,,13
U90883112,PROPERTY,"1 BHK Flat in Dadar West, Mumbai","1 BHK Flat in Dadar West, Mumbai",Suraj Emmanuel,"Dadar West, Mumbai",₹2.9 Cr,"₹62,634 /sqft",463 sqft,(43 sqm),Carpet Area,1 BHK,1,Under Construction,18th out of 22 Floors | Overlooking Main Road,,"This is a west-Facing property. The flat occupies a carpet area of 463 sq.Ft. That consists of 1 bedroom, 1 bathroom . This flat is situated on the 18th floor of this 22 floors tall residential building. As the property is currently under construction , you can expect to get the possession within 6 months. The floor of this flat is beautifully designed using vitrified flooring, giving the flat ...",K.Hemandas real estate,Dealer,,https://www.99acres.com/1-bhk-bedroom-apartment-flat-for-sale-in-suraj-emmanuel-dadar-west-south-mumbai-463-sqft-spid-U90883112,,14
C85981132,PROPERTY,"1 BHK Flat in Dadar West, Mumbai","1 BHK Flat in Dadar West, Mumbai",Aryavart Dadar,"Dadar West, Mumbai",₹2.7 Cr,"₹58,695 /sqft",460 sqft,(43 sqm),Carpet Area,1 BHK,2,Ready To Move,20th out of 30 Floors | Overlooking Main Road,,"Located in the popular residential address of dadar west, mumbai south, aryavart dadar is one of the most preferred destination for apartments in mumbai south. This 1 bhk flat is your ticket to be a part of this community. This is a east-Facing property. The flat occupies a carpet area of 460 sq.Ft. That consists of 1 bedroom, 2 bathrooms . The property is located on the 20th floor of a 30 floo...",K.Hemandas real estate,Dealer,,https://www.99acres.com/1-bhk-bedroom-apartment-flat-for-sale-in-dadar-west-south-mumbai-460-sqft-r1-spid-C85981132,,14
S90454304,PROPERTY,"2 BHK Flat in Dadar East, Mumbai","2 BHK Flat in Dadar East, Mumbai",Arth El Mejor,"Dadar East, Mumbai",₹3.5 Cr,"₹41,176 /sqft",850 sqft,(79 sqm),Super Built-up Area,2 BHK,2,Ready To Move,19th out of 20 Floors | 1 Covered Parking,,"Come and explore this spacious 2bhk apartment for sale located in hindu colony dadar east. Flat is situated on higher floor offering city view and lots of sunlight. It is centrally located and access to educational instituions, corporate hubs, atal setu is all at nearby. This premium tower offers good amenities and caters to need of everyone. Connect for more details and schedule site inspectio...",Jalaram Real Estate,,,https://www.99acres.com/2-bhk-bedroom-apartment-flat-for-sale-in-arth-el-mejor-dadar-east-south-mumbai-850-sqft-r2-spid-S90454304,,14
L93114032,PROPERTY,"2 BHK Flat in Dadar East, Mumbai","2 BHK Flat in Dadar East, Mumbai",Nandivardhan Monopoli,"Dadar East, Mumbai",₹3.75 Cr,"₹48,764 /sqft",769 sqft,(71 sqm),Carpet Area,2 BHK,2,Under Construction,22nd out of 44 Floors | Overlooking Main Road,,"This property faces the west direction. Containing 2 bedroom(s), 2 bathrooms and 1 balcony, this flat is spread over a carpet area of 769 sq.Ft. The flat has a total of 44 floors and this property is situated on 22nd floor. This residential property is still under construction and will be available for possession by december 2027. The vitrified flooring of this flat is beautifully designed and ...",Ask realtors,,,https://www.99acres.com/2-bhk-bedroom-apartment-flat-for-sale-in-dadar-east-south-mumbai-769-sqft-spid-L93114032,,14
M91176098,PROPERTY,"2 BHK Flat in Dadar West, Mumbai","2 BHK Flat in Dadar West, Mumbai",Shantinath Jain Mandir,"Dadar West, Mumbai",₹3.59 Cr,"₹43,887 /sqft",818 sqft,(76 sqm),Carpet Area,2 BHK,2,Under Construction,10th out of 54 Floors,,Discover luxury living in the heart of dadar Garnet brings: Exclusive 2-Bed luxury residences to Sizes: 769 & 818 sq. Ft. (Jodi options available) Starting @ 3.59 cr.* Why choose sigma garnet? Iconic g+54 storey tower Stunning sea & cityscape views Podium & rooftop amenities Prime connectivity: 200m to dadar station 1.2 km to eastern express hwy 3.8 km to bandra-Worli sea link Live in a vastu-C...,High Street Realtors,Dealer,,https://www.99acres.com/2-bhk-bedroom-apartment-flat-for-sale-in-dadar-west-south-mumbai-818-sqft-spid-M91176098,,14
I92329168,PROPERTY,"1 BHK Flat in Dadar West, Mumbai","1 BHK Flat in Dadar West, Mumbai",dadar,"Dadar West, Mumbai",₹2.6 Cr,"₹56,521 /sqft",460 sqft,(43 sqm),Carpet Area,1 BHK,2,Ready To Move,17th out of 21 Floors | 1 Covered Parking,,"This is a west-Facing property. The flat occupies a carpet area of 460 sq.Ft. That consists of 1 bedroom, 2 bathrooms . This flat lies on the 17th level of a 21 storey building. An added advantage of this 0-1 year old flat is that it is available for immediate possession as the project is already ready to move. The flat will offer a modern lifestyle as it is presented with many of the amenities...",Atul Savla Estate Agency,Dealer,,https://www.99acres.com/1-bhk-bedroom-apartment-flat-for-sale-in-dadar-west-south-mumbai-460-sqft-spid-I92329168,,14
V89407709,PROPERTY,"2 BHK Flat in Shivaji Park, Dadar","2 BHK Flat in Shivaji Park, Dadar",NEW BLDG CHS,"Shivaji Park, Dadar",₹3.75 Cr,"₹57,692 /sqft",650 sqft,(60 sqm),Carpet Area,2 BHK,2,Ready To Move,4th out of 19 Floors | 1 Open Parking,,"Come & explore this elegant 2bhk flat which located in the heart of city ie shivaji park, mumbai. It is centrally located and have good accessibility like metro station, malls, market, hospitals & educational institutions in the vicnity. It offers superb view of city skyline with lots of natural light and breeze. Connect for more details and site inspection.",Jalaram Real Estate,,,https://www.99acres.com/2-bhk-bedroom-apartment-flat-for-sale-in-shivaji-park-south-mumbai-650-sqft-r2-spid-V89407709,,14
I92686074,PROPERTY,"1 BHK Flat in Dadar West, Mumbai","1 BHK Flat in Dadar West, Mumbai",On request,"Dadar West, Mumbai",₹2.6 Cr,"₹57,777 /sqft",450 sqft,(42 sqm),Carpet Area,1 BHK,2,Ready To Move,6th out of 7 Floors | East Facing,,"This residential flat is east-Facing direction. Containing 1 bedroom(s), 2 bathrooms , this flat is spread over a carpet area of 450 sq.Ft. This flat lies on the 6th level of a 7 storey building. An added advantage of this 10+ years old flat is that it is available for immediate possession as the project is already ready to move. The well built vitrified flooring enhances the aesthetic appeal o...",Roshan Real Estate,,,https://www.99acres.com/1-bhk-bedroom-apartment-flat-for-sale-in-dadar-west-south-mumbai-450-sqft-spid-I92686074,,14
P79766027,PROPERTY,"1 BHK Flat in Dadar West, Mumbai","1 BHK Flat in Dadar West, Mumbai",Suraj Park View,"Dadar West, Mumbai",₹2.49 Cr,"₹52,978 /sqft",470 sqft,(44 sqm),Carpet Area,1 BHK,2,Under Construction,7th out of 29 Floors | Close to School,,"Introducing suraj park view by suraj estate Experience luxury living in dadar west, mumbai, with suraj park view, an upcoming under-Construction project. This exclusive address offers elegantly designed residences, prioritizing comfort and well-Being. Key highlights: - Scheduled possession: 2028 - Expansive apartments in various configurations - Unique floor plans and layouts for ease and conve...",K.Hemandas real estate,Dealer,,https://www.99acres.com/1-bhk-bedroom-apartment-flat-for-sale-in-suraj-park-view-dadar-west-south-mumbai-470-sqft-r2-spid-P79766027,,14
K90558588,PROPERTY,"2 BHK Flat in Dadar East, Mumbai","2 BHK Flat in Dadar East, Mumbai",Nandhivardhan Monopoli,"Dadar East, Mumbai",₹3.6 Cr,"₹45,000 /sqft",800 sqft,(74 sqm),Carpet Area,2 BHK,2,Under Construction,20th out of 44 Floors | Overlooking Park,,"This property faces the north-West direction. The floor plan additionally contains 2 bedroom(s), 2 bathrooms and 1 balcony. All in all, the flat is spread over a carpet area of 800 sq.Ft. The flat has a total of 44 floors and this property is situated on 20th floor. As the property is currently under construction , you can expect to get the possession by december 2027. The well built vitrified ...",HomeONE,Dealer,,https://www.99acres.com/2-bhk-bedroom-apartment-flat-for-sale-in-dadar-east-south-mumbai-800-sqft-spid-K90558588,,14
E92123650,PROPERTY,"1 BHK Flat in Dadar West, Mumbai","1 BHK Flat in Dadar West, Mumbai",Dadar west Gokhale road,"Dadar West, Mumbai",₹2.4 Cr,"₹53,333 /sqft",450 sqft,(42 sqm),Carpet Area,1 BHK,2,Ready To Move,14th out of 21 Floors | Overlooking Park,,Rooftop amenities that redefine living:,Coinage Venture Capital,Dealer,,https://www.99acres.com/1-bhk-bedroom-apartment-flat-for-sale-in-dadar-west-south-mumbai-450-sqft-spid-E92123650,,14
T90327572,PROPERTY,"2 BHK Flat in Dadar West, Mumbai","2 BHK Flat in Dadar West, Mumbai",shree sai arti,"Dadar West, Mumbai",₹3.8 Cr,"₹57,057 /sqft",666 sqft,(62 sqm),Carpet Area,2 BHK,2,Under Construction,15th out of 21 Floors | 1 Covered Parking,,"V k shree sai arti is an under-Construction residential project in dadar west, mumbai, by v k developers. Scheduled for delivery by december 2025, it offers 17 units of 2 bhk apartments. The project is rera-Registered (Pphone_number) and features modern amenities like closed car parking, fire safety, and landscaping in a prime, central location.",KAILASH GUL RAJANI,,,https://www.99acres.com/2-bhk-bedroom-apartment-flat-for-sale-in-dadar-west-south-mumbai-666-sqft-spid-T90327572,,14
C90327262,PROPERTY,"2 BHK Flat in Dadar West, Mumbai","2 BHK Flat in Dadar West, Mumbai",shree sai arti,"Dadar West, Mumbai",₹3.8 Cr,"₹56,463 /sqft",673 sqft,(63 sqm),Carpet Area,2 BHK,2,Under Construction,18th out of 21 Floors | 1 Covered Parking,,"V k shree sai arti is an under-Construction residential project in dadar west, mumbai, by v k developers. Scheduled for delivery by december 2025, it offers 17 units of 2 bhk apartments. The project is rera-Registered (Pphone_number) and features modern amenities like closed car parking, fire safety, and landscaping in a prime, central location.",KAILASH GUL RAJANI,,,https://www.99acres.com/2-bhk-bedroom-apartment-flat-for-sale-in-dadar-west-south-mumbai-673-sqft-spid-C90327262,,14
E90641778,PROPERTY,"2 BHK Flat in Shivaji Park, Dadar","2 BHK Flat in Shivaji Park, Dadar",Sugee,"Shivaji Park, Dadar",₹4.49 Cr,"₹63,687 /sqft",705 sqft,(66 sqm),Carpet Area,2 BHK,2,Ready To Move,15th out of 21 Floors | Overlooking Park,,"Fully furnished flat with sea and shivaji park view, furnished flat with nicely done up. 5 mns walk-In to shivaji park and dadar west metro station.",D A Ventures,Dealer,,https://www.99acres.com/2-bhk-bedroom-apartment-flat-for-sale-in-shivaji-park-south-mumbai-705-sqft-r1-spid-E90641778,,14
O89133299,PROPERTY,"1 BHK Flat in Dadar West, Mumbai","1 BHK Flat in Dadar West, Mumbai",Suraj Emmanuel,"Dadar West, Mumbai",₹2.5 Cr,"₹56,179 /sqft",445 sqft,(41 sqm),Carpet Area,1 BHK,2,Under Construction,8th out of 20 Floors | Overlooking Sea,,"This is brand new tower getting ready in december 2026 , with a nearing pocession 1bhk 465 carpet flat available for purchase.",Ameya Digambar Nar Real Estate Advisor And Cons,Dealer,,https://www.99acres.com/1-bhk-bedroom-apartment-flat-for-sale-in-suraj-emmanuel-dadar-west-south-mumbai-445-sqft-r1-spid-O89133299,,14
K90882268,PROPERTY,"2 BHK Flat in Dadar West, Mumbai","2 BHK Flat in Dadar West, Mumbai",Suraj Park View,"Dadar West, Mumbai",₹4.4 Cr,"₹58,278 /sqft",755 sqft,(70 sqm),Carpet Area,2 BHK,2,Under Construction,14th out of 38 Floors | Overlooking Park,,"This property faces the west direction. Containing 2 bedroom(s), 2 bathrooms , this flat is spread over a carpet area of 755 sq.Ft. The property is located on the 14th floor of a 38 floors tall building. Moreover, the flat is currently under construction and possession is expected by december 2030. The floor of this flat is beautifully designed using vitrified flooring, giving the flat an allur...",K.Hemandas real estate,Dealer,,https://www.99acres.com/2-bhk-bedroom-apartment-flat-for-sale-in-suraj-park-view-dadar-west-south-mumbai-755-sqft-spid-K90882268,,14
B93059298,PROPERTY,"1 BHK Flat in Dadar, Mumbai","1 BHK Flat in Dadar, Mumbai",Earth Vintage,"Dadar, Mumbai",₹1.79 Cr,"₹42,619 /sqft",420 sqft,(39 sqm),Carpet Area,1 BHK,2,Ready To Move,15th out of 19 Floors | Overlooking Main Road,,"Containing 1 bedroom(s), 2 bathrooms , this flat is spread over a carpet area of 420 sq.Ft. This flat is situated on the 15th floor of this 19 floors tall residential building. Moreover, the flat is currently under construction and possession is expected immediately. Call us for more info and site visit.",Dream Properties,,,https://www.99acres.com/1-bhk-bedroom-apartment-flat-for-sale-in-earth-vintage-dadar-mumbai-south-420-sqft-spid-B93059298,,14
N91257896,PROPERTY,"2 BHK Flat in Dadar West, Mumbai","2 BHK Flat in Dadar West, Mumbai",Shri Ratan Address,"Dadar West, Mumbai",₹4.17 Cr,"₹61,054 /sqft",683 sqft,(63 sqm),Carpet Area,2 BHK,2,Ready To Move,14th out of 23 Floors | Overlooking Club House,,"This residential flat is north-East-Facing direction. The floor plan additionally contains 2 bedroom(s), 2 bathrooms . All in all, the flat is spread over a carpet area of 683 sq.Ft. This flat is situated on the 14th floor of this 23 floors tall residential building. This 0-1 year old property is available for immediate possession as the project is ready to move. The beautifully designed vitrif...",CHETAN Y BHATT,Dealer,,https://www.99acres.com/2-bhk-bedroom-apartment-flat-for-sale-in-shri-ratan-address-dadar-west-south-mumbai-683-sqft-r1-spid-N91257896,,14
D91077430,PROPERTY,"3 BHK Flat in Hindu Colony, Dadar","3 BHK Flat in Hindu Colony, Dadar",dadar,"Hindu Colony, Dadar",₹5.25 Cr,"₹40,384 /sqft","1,300 sqft",(121 sqm),Built-up Area,3 BHK,3,Ready To Move,3rd out of 21 Floors | North Facing,,"This residential flat is north-Facing direction. The flat is over 1300 sq.Ft. Built up area and comes with 3 bedroom(s), 3 bathrooms and 1 balcony. This flat lies on the 3rd level of a 21 storey building. As the project is already ready to move, so you can easily move into this 1-5 years old property. This residential property is situated near close to railway station. Many of the modern amenit...",Atul Savla Estate Agency,Dealer,,https://www.99acres.com/3-bhk-bedroom-apartment-flat-for-sale-in-hindu-colony-mumbai-south-1300-sqft-r1-spid-D91077430,,14
P91785116,PROPERTY,"2 BHK Flat in Dadar, Mumbai","2 BHK Flat in Dadar, Mumbai",SUGEE SHRADDHA,"Dadar, Mumbai",₹4.5 Cr,"₹63,649 /sqft",707 sqft,(66 sqm),Carpet Area,2 BHK,2,Ready To Move,10th out of 16 Floors | Vaastu Compliant,,"This residential flat is west-Facing direction. Constructed on a carpet area of 707 sq.Ft., the flat comprises 2 bedroom(s), 2 bathrooms . The flat has a total of 16 floors and this property is situated on 10th floor. Being a ready to move project, you can expect immediate possession of this 1-5 years old property. The floor of this flat is beautifully designed using vitrified flooring, giving ...",K.Hemandas real estate,Dealer,,https://www.99acres.com/2-bhk-bedroom-apartment-flat-for-sale-in-sugee-shraddha-dadar-mumbai-south-707-sqft-spid-P91785116,,14
F92025978,PROPERTY,"2 BHK Flat in Dadar East, Mumbai","2 BHK Flat in Dadar East, Mumbai",Nandivardan monopoli,"Dadar East, Mumbai",₹4.12 Cr,"₹51,371 /sqft",802 sqft,(75 sqm),Super Built-up Area,2 BHK,2,Under Construction,27th out of 41 Floors | Overlooking Park,,"Nandivardhan 1, 2,3 & 4 bhk flats with the availability of jodi apartments. Also get floor plan, price sheet, rera id, reviews, possession timeline, construction status, location advantages, address, amenities & specifications. Nandivardhan monopoli dadar east has an exclusive tower of 41 storeys. Nandivardhan group dadar east property features amenities like music room & dance studio, indoor g...",JAI AMBE ADVISORY PVT LTD,,,https://www.99acres.com/2-bhk-bedroom-apartment-flat-for-sale-in-dadar-east-south-mumbai-802-sqft-spid-F92025978,,14
E93087280,PROPERTY,"2 BHK Flat in Dadar West, Mumbai","2 BHK Flat in Dadar West, Mumbai",Matoshree Heights,"Dadar West, Mumbai",₹3.99 Cr,"₹46,941 /sqft",850 sqft,(79 sqm),Built-up Area,2 BHK,2,Ready To Move,17th out of 22 Floors | East Facing,,"Own a beautifully maintained 2 bhk apartment in the matoshree heights, one of dadar west's most sought-After residential addresses. Located on a higher floor, this home offers stunning open city views, abundant natural light, and excellent cross ventilation, creating a bright and comfortable living environment. Connect for more details and schedule inspection.",Jalaram Real Estate,,,https://www.99acres.com/2-bhk-bedroom-apartment-flat-for-sale-in-matoshree-heights-dadar-west-south-mumbai-850-sqft-spid-E93087280,,14
E85901326,PROPERTY,"2 BHK Flat in Hindu Colony, Dadar","2 BHK Flat in Hindu Colony, Dadar",Sugee Mahalaxmi,"Hindu Colony, Dadar",₹4 Cr,"₹57,053 /sqft",701.1 sqft,(82 sqm),Carpet Area,2 BHK,2,Ready To Move,12th out of 20 Floors | Overlooking Main Road,,"New property of 2bhk in the hindu colony s internal lane no.2 , having 700+ carpet, higher floor with 1 balcony and 1 carpark.",Ameya Digambar Nar Real Estate Advisor And Cons,Dealer,,https://www.99acres.com/2-bhk-bedroom-apartment-flat-for-sale-in-sugee-mahalaxmi-hindu-colony-mumbai-south-885-sqft-r1-spid-E85901326,,14
C92985704,PROPERTY,"2 BHK Flat in Dadar West, Mumbai","2 BHK Flat in Dadar West, Mumbai",Shri Sai Vismay,"Dadar West, Mumbai",₹4.8 Cr,"₹68,571 /sqft",700 sqft,(65 sqm),Carpet Area,2 BHK,2,Ready To Move,9th out of 21 Floors | Centrally Air Conditioned,,"The flat is west-Facing. The floor plan additionally contains 2 bedroom(s), 2 bathrooms . All in all, the flat is spread over a carpet area of 700 sq.Ft. This flat lies on the 9th level of a 21 storey building. As the property is currently under construction , you can expect to get the possession immediately. The well built vitrified flooring enhances the aesthetic appeal of this flat. This fla...",Fravashi Real Estate,Dealer,,https://www.99acres.com/2-bhk-bedroom-apartment-flat-for-sale-in-shri-sai-vismay-dadar-west-south-mumbai-700-sqft-spid-C92985704,,14
U92507784,PROPERTY,"2 BHK Flat in Dadar West, Mumbai","2 BHK Flat in Dadar West, Mumbai",sigma garnet,"Dadar West, Mumbai",₹4.1 Cr,"₹50,122 /sqft",818 sqft,(76 sqm),Carpet Area,2 BHK,2,Under Construction,45th out of 54 Floors | North-East Facing,,"This is a north-East-Facing property. The flat is over 818 sq.Ft. Carpet area and comes with 2 bedroom(s), 2 bathrooms . This flat is situated on the 45th floor of this 54 floors tall residential building. This residential property is still under construction and will be available for possession by june 2029. The well built marble flooring enhances the aesthetic appeal of this flat. This reside...",Matrix Realty Solutions,Dealer,,https://www.99acres.com/2-bhk-bedroom-apartment-flat-for-sale-in-dadar-west-south-mumbai-818-sqft-spid-U92507784,,14
R91437812,PROPERTY,"2 BHK Flat in Shivaji Park, Dadar","2 BHK Flat in Shivaji Park, Dadar",GOOD VIEW CHS,"Shivaji Park, Dadar",₹5.4 Cr,"₹51,428 /sqft","1,050 sqft",(98 sqm),Super Built-up Area,2 BHK,3,Ready To Move,14th out of 20 Floors | East Facing,,Come & explore this spacious 2bhk with excellent panoramic sea view from the hall & one bedroom whereas other bedroom offers clear view of the shivaji park ground. It is located in the heart of the city ie shivaji park. Shivaji park is one of the most best location to live in mumbai. This apartment offers lots of natural light and ventilation in the flat. It comes with one car parking. This tow...,Jalaram Real Estate,,,https://www.99acres.com/2-bhk-bedroom-apartment-flat-for-sale-in-shivaji-park-south-mumbai-1050-sqft-r1-spid-R91437812,,15
V92950208,PROPERTY,"3 BHK Flat in Hindu Colony, Dadar","3 BHK Flat in Hindu Colony, Dadar",dadar,"Hindu Colony, Dadar",₹5.5 Cr,"₹53,398 /sqft","1,030 sqft",(96 sqm),Carpet Area,3 BHK,3,Ready To Move,3rd out of 15 Floors | East Facing,,"This residential flat is east-Facing direction. Containing 3 bedroom(s), 3 bathrooms and 1 balcony, this flat is spread over a carpet area of 1030 sq.Ft. The residential building has 15 floors in total and the flat for sale is located on the 3rd floor. This residential flat is currently under construction and you can expect the possession of the same immediately. The flat will offer a modern li...",Atul Savla Estate Agency,Dealer,,https://www.99acres.com/3-bhk-bedroom-apartment-flat-for-sale-in-hindu-colony-mumbai-south-1030-sqft-spid-V92950208,,15
X91973842,PROPERTY,"3 BHK Flat in Hindu Colony, Dadar","3 BHK Flat in Hindu Colony, Dadar",dadar,"Hindu Colony, Dadar",₹5.3 Cr,"₹50,000 /sqft","1,060 sqft",(98 sqm),Carpet Area,3 BHK,3,Ready To Move,17th out of 20 Floors | 2 Covered Parking,,"The flat is west-Facing. Constructed on a carpet area of 1060 sq.Ft., the flat comprises 3 bedroom(s), 3 bathrooms . The property is located on the 17th floor of a 20 floors tall building. This is a ready to move project and the property is 5-10 years old. The society is well equipped with many modern amenities, including lift(s).",Atul Savla Estate Agency,Dealer,,https://www.99acres.com/3-bhk-bedroom-apartment-flat-for-sale-in-hindu-colony-mumbai-south-1060-sqft-spid-X91973842,,15
L92927602,PROPERTY,"3 BHK Flat in Dadar West, Mumbai","3 BHK Flat in Dadar West, Mumbai",Shivaji Park House,"Dadar West, Mumbai",₹5.19 Cr,"₹48,189 /sqft","1,077 sqft",(100 sqm),Carpet Area,3 BHK,3,Under Construction,25th out of 41 Floors | High Ceiling height,,"Panoramic sea views from every residence Triple- Height entrance lobby Exclusive 2 residences per floor 12 ft floor-To-Ceiling height 10,000+ sq.Ft curated lifestyle amenities Amenities spread across 3 levels 1:9 amenities to residence ratio",Blue point realty,Dealer,,https://www.99acres.com/3-bhk-bedroom-apartment-flat-for-sale-in-shivaji-park-house-dadar-west-south-mumbai-1077-sqft-spid-L92927602,,15
I92059310,PROPERTY,"2 BHK Flat in Shivaji Park, Dadar","2 BHK Flat in Shivaji Park, Dadar",Mamta Building,"Shivaji Park, Dadar",₹6 Cr,"₹31,578 /sqft","1,900 sqft",(177 sqm),Carpet Area,2 BHK,2,Ready To Move,1st out of 7 Floors | Overlooking Park,,"Mamta building (Also known as mamata apartments) is a well-Known residential development located on appasaheb marathe marg in prabhadevi, mumbai (Pin code: 400025)",KAILASH GUL RAJANI,,,https://www.99acres.com/2-bhk-bedroom-apartment-flat-for-sale-in-mamta-building-shivaji-park-south-mumbai-1900-sqft-spid-I92059310,,15
C89132291,PROPERTY,"2 BHK Flat in Dadar West, Mumbai","2 BHK Flat in Dadar West, Mumbai",Sugee Sukrut,"Dadar West, Mumbai",₹5.45 Cr,"₹68,210 /sqft",799 sqft,(74 sqm),Carpet Area,2 BHK,2,Under Construction,20th out of 22 Floors | Parking Available,,"This property faces the east direction. Constructed on a carpet area of 799 sq.Ft., the flat comprises 2 bedroom(s), 2 bathrooms . This flat lies on the 20th level of a 22 storey building. The flat is currently under construction stage and you can expect to get the possession of the property by october 2026. The flat comes well built with vitrified flooring options. This residential property is...",K.Hemandas real estate,Dealer,,https://www.99acres.com/2-bhk-bedroom-apartment-flat-for-sale-in-sugee-sukrut-dadar-west-south-mumbai-799-sqft-r1-spid-C89132291,,15
Y92617408,PROPERTY,"3 BHK Flat in Dadar West, Mumbai","3 BHK Flat in Dadar West, Mumbai",Shri Ratan Address,"Dadar West, Mumbai",₹5.4 Cr,"₹54,271 /sqft",995 sqft,(92 sqm),Carpet Area,3 BHK,3,Ready To Move,19th out of 23 Floors | Overlooking Park,,"This property faces the east direction. The floor plan additionally contains 3 bedroom(s), 3 bathrooms . All in all, the flat is spread over a carpet area of 995 sq.Ft. The residential building has 23 floors in total and the flat for sale is located on the 19th floor. This 0-1 year old property is available for immediate possession as the project is ready to move. The floor of this flat is beau...",Real Estate Master,Dealer,,https://www.99acres.com/3-bhk-bedroom-apartment-flat-for-sale-in-shri-ratan-address-dadar-west-south-mumbai-995-sqft-spid-Y92617408,,15
L92892854,PROPERTY,"3 BHK Flat in Hindu Colony, Dadar","3 BHK Flat in Hindu Colony, Dadar",Avenue 14,"Hindu Colony, Dadar",₹4.9 Cr,"₹50,256 /sqft",975 sqft,(91 sqm),Carpet Area,3 BHK,3,Ready To Move,15th out of 20 Floors | Overlooking Main Road,,"The flat is facing the west direction. The flat is over 975 sq.Ft. Carpet area and comes with 3 bedroom(s), 3 bathrooms and 1 balcony. The flat has a total of 20 floors and this property is situated on 15th floor. An added advantage of this 0-1 year old flat is that it is available for immediate possession as the project is already ready to move. The floor of this flat is beautifully designed u...",Ask realtors,,,https://www.99acres.com/3-bhk-bedroom-apartment-flat-for-sale-in-avenue-14-hindu-colony-mumbai-south-975-sqft-spid-L92892854,,15
I91826888,PROPERTY,"2 BHK Flat in Dadar West, Mumbai","2 BHK Flat in Dadar West, Mumbai",Richa Horizon,"Dadar West, Mumbai",₹5.5 Cr,"₹64,705 /sqft",850 sqft,(79 sqm),Carpet Area,2 BHK,2,Ready To Move,15th out of 24 Floors | Overlooking Main Road,,"Prime dadar west location , spacious layouts,sea breeze living excellent connectivity.Heart of dadar west.Excellent rail & road connectivity",D A Ventures,Dealer,,https://www.99acres.com/2-bhk-bedroom-apartment-flat-for-sale-in-richa-horizon-dadar-west-south-mumbai-850-sqft-spid-I91826888,,15
L91534156,PROPERTY,"3 BHK Flat in Shivaji Park, Dadar","3 BHK Flat in Shivaji Park, Dadar","Aakasa Shivaji Park, Dadar West, Luxury Apartments","Shivaji Park, Dadar",₹5.98 Cr,"₹52,000 /sqft","1,150 sqft",(107 sqm),Carpet Area,3 BHK,4,Under Construction,20th out of 22 Floors | Overlooking Park,,"Luxury 3 bhk apartments near shivaji park, dadar west | rooftop pool | maharera approved Aakasa shivaji park presents an exclusive collection of premium 3 bhk residences in the prestigious shivaji park-Mahim micro-Market of mumbai. Strategically located near goa portuguesa restaurant on late dilip gupte road, this boutique residential tower offers a rare combination of luxury, privacy, connecti...",High Street Realtors,Dealer,,https://www.99acres.com/3-bhk-bedroom-apartment-flat-for-sale-in-shivaji-park-south-mumbai-1150-sqft-spid-L91534156,,15
K93353910,PROPERTY,"3 BHK Flat in Dadar West, Mumbai","3 BHK Flat in Dadar West, Mumbai",Ratan Building,"Dadar West, Mumbai",₹5.79 Cr,"₹57,957 /sqft",999 sqft,(93 sqm),Carpet Area,3 BHK,3,Ready To Move,20th out of 21 Floors | Overlooking Main Road,,"The flat is west-Facing. The floor plan additionally contains 3 bedroom(s), 3 bathrooms . All in all, the flat is spread over a carpet area of 999 sq.Ft. This flat is situated on the 20th floor of this 21 floors tall residential building. The flat is currently under construction stage and you can expect to get the possession of the property immediately. The vitrified flooring of this flat is be...",Ask realtors,,,https://www.99acres.com/3-bhk-bedroom-apartment-flat-for-sale-in-ratan-building-dadar-west-south-mumbai-999-sqft-spid-K93353910,,15
E91491630,PROPERTY,"2 BHK Flat in Shivaji Park, Dadar","2 BHK Flat in Shivaji Park, Dadar",Mamta Building,"Shivaji Park, Dadar",₹6 Cr,"₹46,153 /sqft","1,300 sqft",(121 sqm),Carpet Area,2 BHK,2,Ready To Move,2nd out of 7 Floors | Overlooking Main Road,,"Mamta building (Also referred to as mamata apartments) is an established residential development located in the premium locality of prabhadevi, south mumbai",KAILASH GUL RAJANI,,,https://www.99acres.com/2-bhk-bedroom-apartment-flat-for-sale-in-mamta-building-shivaji-park-south-mumbai-1300-sqft-spid-E91491630,,15
Q93358504,PROPERTY,"2 BHK Flat in Dadar West, Mumbai","2 BHK Flat in Dadar West, Mumbai",The Baya Midtown,"Dadar West, Mumbai",₹6 Cr,"₹80,971 /sqft",741 sqft,(69 sqm),Carpet Area,2 BHK,2,Ready To Move,16th out of 23 Floors | Vaastu Compliant,,"The flat is south-Facing. The floor plan additionally contains 2 bedroom(s), 2 bathrooms and 1 balcony. All in all, the flat is spread over a carpet area of 741 sq.Ft. This flat is situated on the 16th floor of this 23 floors tall residential building. As the project is already ready to move, so you can easily move into this 0-1 year old property. The well built vitrified flooring enhances the ...",VASTUSHILPA REALTY AND SALES LLP,Dealer,,https://www.99acres.com/2-bhk-bedroom-apartment-flat-for-sale-in-the-baya-midtown-dadar-west-south-mumbai-741-sqft-spid-Q93358504,,15
N91258548,PROPERTY,"3 BHK Flat in Dadar West, Mumbai","3 BHK Flat in Dadar West, Mumbai",Shri Ratan Address,"Dadar West, Mumbai",₹5.85 Cr,"₹61,001 /sqft",959 sqft,(89 sqm),Carpet Area,3 BHK,3,Ready To Move,14th out of 23 Floors | 1 Covered Parking,,"The flat is west-Facing. Constructed on a carpet area of 959 sq.Ft., the flat comprises 3 bedroom(s), 3 bathrooms . The flat has a total of 23 floors and this property is situated on 14th floor. This 0-1 year old property is available for immediate possession as the project is ready to move. The flat comes well built with vitrified flooring options. Proximity to landmarks like close to market, ...",CHETAN Y BHATT,Dealer,,https://www.99acres.com/3-bhk-bedroom-apartment-flat-for-sale-in-shri-ratan-address-dadar-west-south-mumbai-959-sqft-r1-spid-N91258548,,15
W92034646,PROPERTY,"4 BHK Flat in Dadar East, Mumbai","4 BHK Flat in Dadar East, Mumbai",Nandivardan monopoli,"Dadar East, Mumbai",₹7.75 Cr,"₹49,300 /sqft","1,572 sqft",(146 sqm),Super Built-up Area,4 BHK,4,Under Construction,33rd out of 41 Floors | Overlooking Park,,"Nandivardhan 1, 2,3 & 4 bhk flats with the availability of jodi apartments. Also get floor plan, price sheet, rera id, reviews, possession timeline, construction status, location advantages, address, amenities & specifications. Nandivardhan monopoli dadar east has an exclusive tower of 41 storeys. Nandivardhan group dadar east property features amenities like music room & dance studio, indoor g...",JAI AMBE ADVISORY PVT LTD,,,https://www.99acres.com/4-bhk-bedroom-apartment-flat-for-sale-in-dadar-east-south-mumbai-1572-sqft-spid-W92034646,,15
V85825264,PROPERTY,"3 BHK Flat in Shivaji Park, Dadar","3 BHK Flat in Shivaji Park, Dadar",Shree Siddhi,"Shivaji Park, Dadar",₹6.2 Cr,"₹53,000 /sqft","1,169 sqft",(109 sqm),Carpet Area,3 BHK,3,Under Construction,11th out of 21 Floors | East Facing,,"Shree siddhi (Under construction) Shivaji park, dadar west, mumbai Vca shree siddhi, plot 49, dr. Mb raut road Leasehold | 464.89 sqmt | g+21+t | standalone | 3 bhk 3 bhk details: 1169 sqft, 1250 sqft Possession: Dec 2025 | parking: Tower parking Rera: Pphone_number | status: Internal finishing Usp: Vastu-Compliant, lifetime sea view, 1 apartment/floor, exclusive lobby & security, centrally loc...",K.Hemandas real estate,Dealer,,https://www.99acres.com/3-bhk-bedroom-apartment-flat-for-sale-in-shree-siddhi-shivaji-park-south-mumbai-1169-sqft-r2-spid-V85825264,,15
S92896108,PROPERTY,"2 BHK Flat in Dadar West, Mumbai","2 BHK Flat in Dadar West, Mumbai",Suraj The Palette,"Dadar West, Mumbai",₹5.99 Cr,"₹66,407 /sqft",902 sqft,(84 sqm),Carpet Area,2 BHK,2,Ready To Move,35th out of 49 Floors | Overlooking Main Road,,"The flat is facing the west direction. The flat is over 902 sq.Ft. Carpet area and comes with 2 bedroom(s), 2 bathrooms and 1 balcony. This flat lies on the 35th level of a 49 storey building. As the project is already ready to move, so you can easily move into this 0-1 year old property. The floor of this flat is beautifully designed using vitrified flooring, giving the flat an alluring look. ...",Ask realtors,,,https://www.99acres.com/2-bhk-bedroom-apartment-flat-for-sale-in-suraj-the-palette-dadar-west-south-mumbai-902-sqft-spid-S92896108,,15
B92038384,PROPERTY,"4 BHK Flat in Dadar East, Mumbai","4 BHK Flat in Dadar East, Mumbai",Nandivardan monopoli,"Dadar East, Mumbai",₹8.25 Cr,"₹62,642 /sqft","1,317 sqft",(122 sqm),Super Built-up Area,4 BHK,4,Under Construction,35th out of 41 Floors | Overlooking Park,,"Nandivardhan 1, 2,3 & 4 bhk flats with the availability of jodi apartments. Also get floor plan, price sheet, rera id, reviews, possession timeline, construction status, location advantages, address, amenities & specifications. Nandivardhan monopoli dadar east has an exclusive tower of 41 storeys. Nandivardhan group dadar east property features amenities like music room & dance studio, indoor g...",JAI AMBE ADVISORY PVT LTD,,,https://www.99acres.com/4-bhk-bedroom-apartment-flat-for-sale-in-dadar-east-south-mumbai-1317-sqft-spid-B92038384,,15
A89357879,PROPERTY,"3 BHK Flat in Dadar West, Mumbai","3 BHK Flat in Dadar West, Mumbai",Park Residency,"Dadar West, Mumbai",₹7 Cr,"₹66,603 /sqft","1,051 sqft",(98 sqm),Carpet Area,3 BHK,3,Ready To Move,25th out of 37 Floors | East Facing,,"This residential flat is east-Facing direction. Containing 3 bedroom(s), 3 bathrooms , this flat is spread over a carpet area of 1051 sq.Ft. The residential building has 37 floors in total and the flat for sale is located on the 25th floor. Being a ready to move project, you can expect immediate possession of this 0-1 year old property. The vitrified flooring of this flat is beautifully designe...",K.Hemandas real estate,Dealer,,https://www.99acres.com/3-bhk-bedroom-apartment-flat-for-sale-in-dadar-west-south-mumbai-1051-sqft-r1-spid-A89357879,,15
M90434836,PROPERTY,"3 BHK Flat in Dadar West, Mumbai","3 BHK Flat in Dadar West, Mumbai",moraj opulence,"Dadar West, Mumbai",₹7 Cr,"₹64,995 /sqft","1,077 sqft",(100 sqm),Carpet Area,3 BHK,3,Under Construction,30th out of 42 Floors | East Facing,,"Moraj opulence in mahim (Near shivaji park), mumbai, is a luxurious, under-Construction, 42-Storey residential tower by moraj infratech set for 2027 possession. Featuring panoramic sea views from offering premium amenities like a clubhouse, gym, and poolprivate decks.",KAILASH GUL RAJANI,,,https://www.99acres.com/3-bhk-bedroom-apartment-flat-for-sale-in-dadar-west-south-mumbai-1077-sqft-spid-M90434836,,15
A74716009,PROPERTY,"3 BHK Flat in Shivaji Park, Dadar","3 BHK Flat in Shivaji Park, Dadar",Park Residences,"Shivaji Park, Dadar",₹7 Cr,"₹53,846 /sqft","1,300 sqft",(121 sqm),Super Built-up Area,3 BHK,3,Ready To Move,19th out of 23 Floors | North-East Facing,,New building under construction near shivaji park with deck area.Artistic entrance lobby Oc received. Higher floor Very good layout.,Jalaram Real Estate,,,https://www.99acres.com/3-bhk-bedroom-apartment-flat-for-sale-in-shivaji-park-south-mumbai-1300-sqft-r4-spid-A74716009,,15
M91113496,PROPERTY,"3 BHK Flat in Dadar West, Mumbai","3 BHK Flat in Dadar West, Mumbai",Omkar Woodside,"Dadar West, Mumbai",₹6.3 Cr,"₹46,289 /sqft","1,361 sqft",(126 sqm),Carpet Area,3 BHK,2,Ready To Move,15th out of 21 Floors | North-East Facing,,"The flat is north-East-Facing. The floor plan additionally contains 3 bedroom(s), 2 bathrooms . All in all, the flat is spread over a carpet area of 1361 sq.Ft. The residential building has 21 floors in total and the flat for sale is located on the 15th floor. An added advantage of this 10+ years old flat is that it is available for immediate possession as the project is already ready to move. ...",ACCURATE DEALS,Dealer,,https://www.99acres.com/3-bhk-bedroom-apartment-flat-for-sale-in-omkar-woodside-dadar-west-south-mumbai-1361-sqft-r1-spid-M91113496,,15
B92026186,PROPERTY,"3 BHK Flat in Dadar East, Mumbai","3 BHK Flat in Dadar East, Mumbai",Nandivardan monopoli,"Dadar East, Mumbai",₹6.6 Cr,"₹50,113 /sqft","1,317 sqft",(122 sqm),Super Built-up Area,3 BHK,3,Under Construction,29th out of 41 Floors | Overlooking Park,,"Nandivardhan 1, 2,3 & 4 bhk flats with the availability of jodi apartments. Also get floor plan, price sheet, rera id, reviews, possession timeline, construction status, location advantages, address, amenities & specifications. Nandivardhan monopoli dadar east has an exclusive tower of 41 storeys. Nandivardhan group dadar east property features amenities like music room & dance studio, indoor g...",JAI AMBE ADVISORY PVT LTD,,,https://www.99acres.com/3-bhk-bedroom-apartment-flat-for-sale-in-dadar-east-south-mumbai-1317-sqft-spid-B92026186,,15
M93359386,PROPERTY,"3 BHK Flat in Dadar West, Mumbai","3 BHK Flat in Dadar West, Mumbai",kapiltirth,"Dadar West, Mumbai",₹8 Cr,"₹69,565 /sqft","1,150 sqft",(107 sqm),Carpet Area,3 BHK,3,Under Construction,9th out of 22 Floors | Overlooking Sea,,"The flat is west-Facing. The floor plan additionally contains 3 bedroom(s), 3 bathrooms . All in all, the flat is spread over a carpet area of 1150 sq.Ft. The residential building has 22 floors in total and the flat for sale is located on the 9th floor. This residential flat is currently under construction and you can expect the possession of the same within 6 months. The flat comes well built ...",VASTUSHILPA REALTY AND SALES LLP,Dealer,,https://www.99acres.com/3-bhk-bedroom-apartment-flat-for-sale-in-dadar-west-south-mumbai-1150-sqft-spid-M93359386,,15
H90649030,PROPERTY,"3 BHK Flat in Dadar West, Mumbai","3 BHK Flat in Dadar West, Mumbai",Omkar Woodside,"Dadar West, Mumbai",₹6.3 Cr,"₹46,289 /sqft","1,361 sqft",(126 sqm),Carpet Area,3 BHK,3,Ready To Move,16th out of 21 Floors | Centrally Air Conditioned,,"This residential flat is west-Facing direction. Containing 3 bedroom(s), 3 bathrooms , this flat is spread over a carpet area of 1361 sq.Ft. This flat is situated on the 16th floor of this 21 floors tall residential building. This is a ready to move project and the property is 10+ years old. The beautifully designed vitrified flooring enhances the beauty of the flat. The society complex is in t...",K.Hemandas real estate,Dealer,,https://www.99acres.com/3-bhk-bedroom-apartment-flat-for-sale-in-omkar-woodside-dadar-west-south-mumbai-1361-sqft-r1-spid-H90649030,,15
V41282337,PROPERTY,"4 BHK Flat in Dadar, Mumbai","4 BHK Flat in Dadar, Mumbai",Ekta Invictus,"Dadar, Mumbai",₹9.5 Cr,"₹41,304 /sqft","2,300 sqft",(214 sqm),Carpet Area,4 BHK,4,Ready To Move,11th out of 25 Floors | Overlooking Park,,Ekta invictus is a residential development of ekta world. It offers spacious and skillfully designed residential apartments. The project is well equipped with all the basic amenities to facilitate the needs of the residents. The site is in close proximity to various civic utilities. Dadar is a densely populated residential and shopping neighborhood in mumbai and a prominent transit hub with loc...,Jai Ambe Real estate,Dealer,,https://www.99acres.com/4-bhk-bedroom-apartment-flat-for-sale-in-ekta-invictus-dadar-mumbai-south-2300-sqft-r28-spid-V41282337,,16
I89132493,PROPERTY,"3 BHK Flat in Shivaji Park, Dadar","3 BHK Flat in Shivaji Park, Dadar",Krishna Kunj,"Shivaji Park, Dadar",₹6.35 Cr,"₹66,492 /sqft",955 sqft,(89 sqm),Carpet Area,3 BHK,3,Under Construction,16th out of 21 Floors | Vaastu Compliant,,"Containing 3 bedroom(s), 3 bathrooms , this flat is spread over a carpet area of 955 sq.Ft. This flat is situated on the 16th floor of this 21 floors tall residential building. The flat is currently under construction stage and you can expect to get the possession of the property by november 2028. All the modern amenities such as maintenance staff, lift(s) and security guard will make life easi...",K.Hemandas real estate,Dealer,,https://www.99acres.com/3-bhk-bedroom-apartment-flat-for-sale-in-krishna-kunj-shivaji-park-south-mumbai-955-sqft-r1-spid-I89132493,,16
T91785984,PROPERTY,"3 BHK Flat in Dadar, Mumbai","3 BHK Flat in Dadar, Mumbai",SUGEE SHRADDHA,"Dadar, Mumbai",₹6.25 Cr,"₹66,137 /sqft",945 sqft,(88 sqm),Carpet Area,3 BHK,3,Ready To Move,11th out of 16 Floors | Vaastu Compliant,,"This property faces the west direction. The flat occupies a carpet area of 945 sq.Ft. That consists of 3 bedrooms, 3 bathrooms . This flat is situated on the 11th floor of this 16 floors tall residential building. As the project is already ready to move, so you can easily move into this 1-5 years old property. The vitrified flooring of this flat is beautifully designed and helps to give it a pl...",K.Hemandas real estate,Dealer,,https://www.99acres.com/3-bhk-bedroom-apartment-flat-for-sale-in-sugee-shraddha-dadar-mumbai-south-945-sqft-spid-T91785984,,16
N92701126,PROPERTY,"4 BHK Flat in Dadar East, Mumbai","4 BHK Flat in Dadar East, Mumbai",Bombay Realty Island City Center,"Dadar East, Mumbai",₹13 Cr,"₹39,393 /sqft","3,300 sqft",(307 sqm),Built-up Area,4 BHK,4,Ready To Move,3rd out of 67 Floors | Vaastu Compliant,,"Island city center (Icc) by bombay realty is an ultraluxury, gold leeddesigned gated township in dadar east, offering a grand 4bedroom, 4bath residence with a spacious 3,300 sq.Ft. Builtup area on the 3rd floor of a 67storey tower. Set within a 25acre ecofriendly estate comprising one icc, two icc and the newly launched three icc, this readytomove home features expansive layouts, crossventilate...",Cordeiro Real Estate,,,https://www.99acres.com/4-bhk-bedroom-apartment-flat-for-sale-in-bombay-realty-island-city-center-dadar-east-south-mumbai-3300-sqft-spid-N92701126,,16
O92388848,PROPERTY,"4 BHK Flat in Dadar East, Mumbai","4 BHK Flat in Dadar East, Mumbai",the bombay icc.,"Dadar East, Mumbai",₹10.9 Cr,"₹50,815 /sqft","2,145 sqft",(199 sqm),Super Built-up Area,4 BHK,4,Ready To Move,31st out of 66 Floors | East Facing,,"Spread over expansive acres of bespoke tranquility, an oasis of luxury stands tall in the heart of mumbai. Surrounded by acres of open green space, icc brings to mumbai a new way of living with luxury residencies and carefully planned amenities. The island city center (Icc) introduces luxury 3, 4 and 5 bhk flats in dadar, mumbai, redefining sophistication and setting new benchmarks for modern l...",JAI AMBE ADVISORY PVT LTD,,,https://www.99acres.com/4-bhk-bedroom-apartment-flat-for-sale-in-dadar-east-south-mumbai-2145-sqft-spid-O92388848,,16
F90435000,PROPERTY,"3 BHK Flat in Dadar West, Mumbai","3 BHK Flat in Dadar West, Mumbai",moraj opulence,"Dadar West, Mumbai",₹9.37 Cr,"₹64,979 /sqft","1,442 sqft",(134 sqm),Carpet Area,3 BHK,3,Under Construction,28th out of 42 Floors | East Facing,,"Moraj opulence in mahim (Near shivaji park), mumbai, is a luxurious, under-Construction, 42-Storey residential tower by moraj infratech set for 2027 possession. Featuring panoramic sea views from offering premium amenities like a clubhouse, gym, and poolprivate decks.",KAILASH GUL RAJANI,,,https://www.99acres.com/3-bhk-bedroom-apartment-flat-for-sale-in-dadar-west-south-mumbai-1442-sqft-spid-F90435000,,16
E86912498,PROPERTY,"4 BHK Flat in Dadar East, Mumbai","4 BHK Flat in Dadar East, Mumbai",Bombay Realty Island City Center,"Dadar East, Mumbai",₹11 Cr,"₹52,380 /sqft","2,100 sqft",(195 sqm),Carpet Area,4 BHK,4,Ready To Move,18th out of 63 Floors | Vaastu Compliant,,"Located in **bombay realty island city center, dadar eastone of south mumbais most prestigious residential addresses**this spacious 4 bhk apartment offers a well-Designed 2,100 sq.Ft. Carpet area with four bedrooms and four bathrooms, positioned on the 18th floor of a 63-Storey tower. The property, aged 15 years, is ready-To-Move and available for immediate possession, making it an attractive o...",Cordeiro Real Estate,,,https://www.99acres.com/4-bhk-bedroom-apartment-flat-for-sale-in-bombay-realty-island-city-center-dadar-east-south-mumbai-2100-sqft-r2-spid-E86912498,,16
H93087874,PROPERTY,"3 BHK Flat in Dadar East, Mumbai","3 BHK Flat in Dadar East, Mumbai",Bombay Realty Island City Center,"Dadar East, Mumbai",₹8.75 Cr,"₹54,314 /sqft","1,611 sqft",(150 sqm),Carpet Area,3 BHK,3,Ready To Move,11th out of 64 Floors | Vaastu Compliant,,"Constructed on a generous 1,611 sq.Ft. Carpet area, this underconstruction 3bedroom, 3bathroom residence is positioned on the 11th floor of a landmark 64storey tower and offers immediate possession for discerning buyers. The layout is designed for contemporary living and is complemented by premium lifestyle amenities including a swimming pool, gymnasium, clubhouse, landscaped park, cctv surveil...",Cordeiro Real Estate,,,https://www.99acres.com/3-bhk-bedroom-apartment-flat-for-sale-in-bombay-realty-island-city-center-dadar-east-south-mumbai-1611-sqft-spid-H93087874,,16
W92986018,PROPERTY,"3 BHK Flat in Dadar West, Mumbai","3 BHK Flat in Dadar West, Mumbai",Suraj Ocean Star,"Dadar West, Mumbai",₹15 Cr,₹1.15 L /sqft,"1,309 sqft",(122 sqm),Carpet Area,3 BHK,3,Ready To Move,25th out of 43 Floors | Overlooking Park,,"This is a west-Facing property. The flat is over 1309 sq.Ft. Carpet area and comes with 3 bedroom(s), 3 bathrooms . This flat lies on the 25th level of a 43 storey building. Moreover, the flat is currently under construction and possession is expected immediately. The vitrified flooring of this flat is beautifully designed and helps to give it a pleasing look. This residential property is situa...",Fravashi Real Estate,Dealer,,https://www.99acres.com/3-bhk-bedroom-apartment-flat-for-sale-in-suraj-ocean-star-dadar-west-south-mumbai-1309-sqft-spid-W92986018,,16
B90600422,PROPERTY,"3 BHK Flat in Dadar West, Mumbai","3 BHK Flat in Dadar West, Mumbai",Sea Esta,"Dadar West, Mumbai",₹12 Cr,"₹97,087 /sqft","1,236 sqft",(115 sqm),Carpet Area,3 BHK,3,Ready To Move,14th out of 20 Floors | North-East Facing,,"This residential flat is north-East-Facing direction. The flat occupies a carpet area of 1236 sq.Ft. That consists of 3 bedrooms, 3 bathrooms . This flat lies on the 14th level of a 20 storey building. An added advantage of this 5-10 years old flat is that it is available for immediate possession as the project is already ready to move. The flat comes well built with vitrified flooring options....",Roshan Real Estate,,,https://www.99acres.com/3-bhk-bedroom-apartment-flat-for-sale-in-dadar-west-south-mumbai-1236-sqft-r1-spid-B90600422,,16
W89865012,PROPERTY,"3 BHK Flat in Dadar East, Mumbai","3 BHK Flat in Dadar East, Mumbai",The Bombay ICC,"Dadar East, Mumbai",₹9 Cr,"₹54,545 /sqft","1,650 sqft",(153 sqm),Carpet Area,3 BHK,3,Ready To Move,45th out of 68 Floors | East Facing,,"This residential flat is east-Facing direction. The flat is over 1650 sq.Ft. Carpet area and comes with 3 bedroom(s), 3 bathrooms . This flat lies on the 45th level of a 68 storey building. As the project is already ready to move, so you can easily move into this 1-5 years old property. The well built vitrified flooring enhances the aesthetic appeal of this flat. This residential property is si...",K.Hemandas real estate,Dealer,,https://www.99acres.com/3-bhk-bedroom-apartment-flat-for-sale-in-the-bombay-icc-dadar-east-south-mumbai-1650-sqft-spid-W89865012,,16
S88871920,PROPERTY,"3 BHK Flat in Dadar East, Mumbai","3 BHK Flat in Dadar East, Mumbai",The Bombay ICC,"Dadar East, Mumbai",₹8.5 Cr,"₹51,235 /sqft","1,659 sqft",(154 sqm),Carpet Area,3 BHK,3,Ready To Move,34th out of 67 Floors | Overlooking Park,,3bhk< 1650 sq.Ft perched on 33rd floor offering open views.,Naman Reality,Dealer,,https://www.99acres.com/3-bhk-bedroom-apartment-flat-for-sale-in-the-bombay-icc-dadar-east-south-mumbai-1659-sqft-spid-S88871920,,16
W92921788,PROPERTY,"3 BHK Flat in Dadar West, Mumbai","3 BHK Flat in Dadar West, Mumbai",Suraj The Palette,"Dadar West, Mumbai",₹11.5 Cr,"₹78,444 /sqft","1,466 sqft",(136 sqm),Carpet Area,3 BHK,3,Ready To Move,42nd out of 49 Floors | Overlooking Park,,"This property faces the west direction. Constructed on a carpet area of 1466 sq.Ft., the flat comprises 3 bedroom(s), 3 bathrooms and 3 balconies. The property is located on the 42nd floor of a 49 floors tall building. As the project is already ready to move, so you can easily move into this 1-5 years old property. The beautifully designed ceramic flooring enhances the beauty of the flat. The f...",LAXMI PROPERTY,,,https://www.99acres.com/3-bhk-bedroom-apartment-flat-for-sale-in-suraj-the-palette-dadar-west-south-mumbai-1466-sqft-spid-W92921788,,16
W88871874,PROPERTY,"3 BHK Flat in Dadar East, Mumbai","3 BHK Flat in Dadar East, Mumbai",Bombay Realty Island City Center,"Dadar East, Mumbai",₹8.5 Cr,"₹51,515 /sqft","1,650 sqft",(153 sqm),Carpet Area,3 BHK,3,Ready To Move,26th out of 67 Floors | Overlooking Park,,"3bhk, 1650 sq.Ft carpet perched on 32nd floor offering open view. Highlights: Iconic 12-Acre gated community | 2 premium towers Full modern amenities | high-End living Connectivity: Minutes of reaching kem & tata hospitals, top schools, dining",Naman Reality,Dealer,,https://www.99acres.com/3-bhk-bedroom-apartment-flat-for-sale-in-bombay-realty-island-city-center-dadar-east-south-mumbai-1650-sqft-spid-W88871874,,16
J87477568,PROPERTY,"4 BHK Flat in Dadar East, Mumbai","4 BHK Flat in Dadar East, Mumbai",Bombay Realty Island City Center,"Dadar East, Mumbai",₹10.25 Cr,"₹48,809 /sqft","2,100 sqft",(195 sqm),Carpet Area,4 BHK,5,Ready To Move,29th out of 63 Floors | Overlooking Main Road,,"Bombay realty island city center is one of mumbai south's most sought after destination for apartments and this 4 bhk flat in dadar east is your opportunity to be a part of this community. The flat is facing the east direction. The flat is over 2100 sq.Ft. Carpet area and comes with 4 bedroom(s), 5 bathrooms . This flat is situated on the 29th floor of this 63 floors tall residential building. ...",Easy To Move In,,,https://www.99acres.com/4-bhk-bedroom-apartment-flat-for-sale-in-bombay-realty-island-city-center-dadar-east-south-mumbai-2100-sqft-spid-J87477568,,16
J91747750,PROPERTY,"4 BHK Flat in Dadar East, Mumbai","4 BHK Flat in Dadar East, Mumbai",The Bombay ICC,"Dadar East, Mumbai",₹11 Cr,"₹52,380 /sqft","2,100 sqft",(195 sqm),Carpet Area,4 BHK,4,Ready To Move,25th out of 65 Floors | Overlooking Park,,"Two icc (Island city center) is a premium, ultra-Luxury residential skyscraper developed by bombay realty (A part of the wadia group) located on gd ambekar marg in dadar east, mumbai.",KAILASH GUL RAJANI,,,https://www.99acres.com/4-bhk-bedroom-apartment-flat-for-sale-in-the-bombay-icc-dadar-east-south-mumbai-2100-sqft-spid-J91747750,,16
V88027650,PROPERTY,"4 BHK Flat in Dadar East, Mumbai","4 BHK Flat in Dadar East, Mumbai",Bombay Realty Island City Center,"Dadar East, Mumbai",₹10.75 Cr,"₹51,190 /sqft","2,100 sqft",(195 sqm),Carpet Area,4 BHK,5,Ready To Move,8th out of 67 Floors | Overlooking Park,,"This lovely 4 bhk apartment/flat in dadar east is available for sale in one of mumbai south's most popular projects, bombay realty island city center. This property faces the west direction. The floor plan additionally contains 4 bedroom(s), 5 bathrooms . All in all, the flat is spread over a carpet area of 2200 sq.Ft. The residential building has 67 floors in total and the flat for sale is loc...",Easy To Move In,,,https://www.99acres.com/4-bhk-bedroom-apartment-flat-for-sale-in-bombay-realty-island-city-center-dadar-east-south-mumbai-2100-sqft-spid-V88027650,,16
T64195776,PROPERTY,"3 BHK Flat in Dadar East, Mumbai","3 BHK Flat in Dadar East, Mumbai",The Bombay ICC,"Dadar East, Mumbai",₹10.5 Cr,"₹53,708 /sqft","1,955 sqft",(182 sqm),Carpet Area,3 BHK,4,Ready To Move,10th out of 58 Floors | Overlooking Park,,"3bhk, icc-1, carpet area- 1955sqft, this 3 bhk flat is available for sale in the bombay icc, one of the most prominent projects for residential apartments in dadar (East), south mumbai. The floor plan additionally contains 4 bathrooms and 1 balcony. All in all, the apartment is spread over an carpet area of 1955 sq.Ft.. This flat is situated on the 40st floor of this 58 floor tall residential b...",Jai Ambe Real estate,Dealer,,https://www.99acres.com/3-bhk-bedroom-apartment-flat-for-sale-in-the-bombay-icc-dadar-east-south-mumbai-1955-sqft-r12-spid-T64195776,,16
J93077320,PROPERTY,"3 BHK Flat in Dadar, Mumbai","3 BHK Flat in Dadar, Mumbai",West Vision Crest,"Dadar, Mumbai",₹12.25 Cr,"₹43,750 /sqft","2,800 sqft",(260 sqm),Super Built-up Area,3 BHK,3,Ready To Move,25th out of 36 Floors | East Facing,,"This residential flat is east-Facing direction. The floor plan additionally contains 3 bedroom(s), 3 bathrooms . All in all, the flat is spread over a super built up area of 2800 sq.Ft. This flat is situated on the 25th floor of this 36 floors tall residential building. This is a ready to move project and the property is 10+ years old. The well built ceramic flooring enhances the aesthetic appe...",BRC REALTY,Dealer,,https://www.99acres.com/3-bhk-bedroom-apartment-flat-for-sale-in-west-vision-crest-dadar-mumbai-south-2800-sqft-spid-J93077320,,16
Z87251456,PROPERTY,"4 BHK Flat in Dadar East, Mumbai","4 BHK Flat in Dadar East, Mumbai",Bombay Realty Island City Center,"Dadar East, Mumbai",₹13.5 Cr,"₹53,699 /sqft","2,514 sqft",(234 sqm),Carpet Area,4 BHK,5,Ready To Move,14th out of 67 Floors | Overlooking Main Road,,"This 4 bhk flat is located in bombay realty island city center, which houses some of the most spacious flats in dadar east, mumbai south. The flat is facing the west direction. Containing 4 bedroom(s), 5 bathrooms , this flat is spread over a carpet area of 2514 sq.Ft. The flat has a total of 67 floors and this property is situated on 14th floor. This 1-5 years old property is available for imm...",Easy To Move In,,,https://www.99acres.com/4-bhk-bedroom-apartment-flat-for-sale-in-bombay-realty-island-city-center-dadar-east-south-mumbai-2514-sqft-spid-Z87251456,,16
E64195676,PROPERTY,"4 BHK Flat in Dadar East, Mumbai","4 BHK Flat in Dadar East, Mumbai",The Bombay ICC,"Dadar East, Mumbai",₹12 Cr,"₹47,524 /sqft","2,525 sqft",(235 sqm),Carpet Area,4 BHK,6,Ready To Move,6th out of 58 Floors | Overlooking Park,,"4bhk, icc-1, carpet area- 2500 sqft the bombay icc is one of the most popular destination for buying apartments in dadar (East), south mumbai. You too can be a part of this society by purchasing this 4 bhk flat here. This is a west-Facing property. Containing 6 bathrooms and 1 balcony, this apartment is spread over an carpet area of 2500 sq.Ft.. The apartment building has a total of 58 floors a...",Jai Ambe Real estate,Dealer,,https://www.99acres.com/4-bhk-bedroom-apartment-flat-for-sale-in-the-bombay-icc-dadar-east-south-mumbai-2525-sqft-r13-spid-E64195676,,16
G91797570,PROPERTY,"4 BHK Flat in Dadar East, Mumbai","4 BHK Flat in Dadar East, Mumbai",Bombay Realty Island City Center,"Dadar East, Mumbai",₹15 Cr,"₹71,428 /sqft","2,100 sqft",(195 sqm),Carpet Area,4 BHK,4,Ready To Move,55th out of 67 Floors | Overlooking Park,,"This is a east-Facing property. The flat is over 2100 sq.Ft. Carpet area and comes with 4 bedroom(s), 4 bathrooms . The residential building has 67 floors in total and the flat for sale is located on the 55th floor. This is a ready to move project and the property is 5-10 years old. The flat comes well built with vitrified flooring options. The society complex is in the close vicinity of close ...",K.Hemandas real estate,Dealer,,https://www.99acres.com/4-bhk-bedroom-apartment-flat-for-sale-in-bombay-realty-island-city-center-dadar-east-south-mumbai-2100-sqft-spid-G91797570,,16
J88839780,PROPERTY,"3 BHK Flat in Dadar East, Mumbai","3 BHK Flat in Dadar East, Mumbai",Bombay Realty Island City Center,"Dadar East, Mumbai",₹9.75 Cr,"₹49,872 /sqft","1,955 sqft",(182 sqm),Carpet Area,3 BHK,3,Ready To Move,55th out of 59 Floors | East Facing,,"This property faces the east direction. The floor plan additionally contains 3 bedroom(s), 3 bathrooms . All in all, the flat is spread over a carpet area of 1955 sq.Ft. The flat has a total of 59 floors and this property is situated on 55th floor. As the project is already ready to move, so you can easily move into this 5-10 years old property. The flat comes well built with vitrified flooring...",K.Hemandas real estate,Dealer,,https://www.99acres.com/3-bhk-bedroom-apartment-flat-for-sale-in-bombay-realty-island-city-center-dadar-east-south-mumbai-1955-sqft-r1-spid-J88839780,,16
K88840216,PROPERTY,"4 BHK Flat in Dadar East, Mumbai","4 BHK Flat in Dadar East, Mumbai",The Bombay ICC,"Dadar East, Mumbai",₹10.25 Cr,"₹48,809 /sqft","2,100 sqft",(195 sqm),Carpet Area,4 BHK,4,Ready To Move,60th out of 65 Floors | East Facing,,"This property faces the east direction. The floor plan additionally contains 4 bedroom(s), 4 bathrooms . All in all, the flat is spread over a carpet area of 2100 sq.Ft. The property is located on the 60th floor of a 65 floors tall building. This is a ready to move project and the property is 5-10 years old. The beautifully designed vitrified flooring enhances the beauty of the flat. Proximity ...",K.Hemandas real estate,Dealer,,https://www.99acres.com/4-bhk-bedroom-apartment-flat-for-sale-in-the-bombay-icc-dadar-east-south-mumbai-2100-sqft-r1-spid-K88840216,,16
P93116040,PROPERTY,"4 BHK Flat in Dadar East, Mumbai","4 BHK Flat in Dadar East, Mumbai",Samruddhi CHS Ltd,"Dadar East, Mumbai",₹17 Cr,"₹56,666 /sqft","3,000 sqft",(279 sqm),Carpet Area,4 BHK,5,Ready To Move,21st out of 23 Floors | Overlooking Park,,"For sale | ultra-Luxury duplex penthouse Location: ------------- Samruddhi chs ltd, hindu colony, dadar (East), mumbai Indulge in elevated living with this exclusive fully-Furnished duplex penthouse, spread across approximately 3,000 sq. Ft., offering breathtaking 360 unobstructed panoramic views of the bandraworli sea link and atal setu. Property highlights: ------------------------ Occupying ...",Sushil Enterprises,,,https://www.99acres.com/4-bhk-bedroom-apartment-flat-for-sale-in-dadar-east-south-mumbai-3000-sqft-spid-P93116040,,16
E89789230,PROPERTY,"2 BHK Flat in Shivaji Park, Dadar","2 BHK Flat in Shivaji Park, Dadar",Sugee Hiranya,"Shivaji Park, Dadar",₹3.15 Cr,"₹37,058 /sqft",850 sqft,(79 sqm),Super Built-up Area,2 BHK,2,Ready To Move,20th out of 23 Floors | East Facing,,"An excellent & well done up 1.5bhk flat is available on sale in prime location of dadar west. It is centrally located and access to dadar metro station, shivaji park, malls & etc are all in the vicinity. Flats comes with 2 car parking and offers good view of city skyline.",Jalaram Real Estate,,,https://www.99acres.com/2-bhk-bedroom-apartment-flat-for-sale-in-sugee-hiranya-shivaji-park-south-mumbai-850-sqft-r3-spid-E89789230,,17
A90018652,PROPERTY,"2 BHK Flat in Dadar West, Mumbai","2 BHK Flat in Dadar West, Mumbai",Hrub Avhad Oasis,"Dadar West, Mumbai",₹3.4 Cr,"₹48,433 /sqft",702 sqft,(65 sqm),Carpet Area,2 BHK,2,Under Construction,11th out of 21 Floors | Overlooking Park,,"The flat is east-Facing. The flat occupies a carpet area of 702 sq.Ft. That consists of 2 bedrooms, 2 bathrooms . This flat lies on the 11th level of a 21 storey building. This residential property is still under construction and will be available for possession by march 2027. The beautifully designed marble flooring enhances the beauty of the flat. The society is well equipped with many modern...",Value Properties,,,https://www.99acres.com/2-bhk-bedroom-apartment-flat-for-sale-in-dadar-west-south-mumbai-702-sqft-spid-A90018652,,17
L80248519,PROPERTY,"2 BHK Flat in Dadar East, Mumbai","2 BHK Flat in Dadar East, Mumbai",The Baya sunrise,"Dadar East, Mumbai",₹3.04 Cr,"₹47,500 /sqft",640 sqft,(59 sqm),Carpet Area,2 BHK,2,Under Construction,18th out of 22 Floors | 1 Covered Parking,,"This 2 bhk apartment is available for sale in the baya sunrise, one of the most prominent projects for flats in dadar east, mumbai south. Containing 2 bedroom(s), 2 bathrooms and 2 balconies, this flat is spread over a carpet area of 640 sq.Ft. This flat is situated on the 18th floor of this 22 floors tall residential building. This residential flat is currently under construction and you can e...",Value Properties,,,https://www.99acres.com/2-bhk-bedroom-apartment-flat-for-sale-in-dadar-east-south-mumbai-640-sqft-r4-spid-L80248519,,17
L90497710,PROPERTY,"2 BHK Flat in Dadar West, Mumbai","2 BHK Flat in Dadar West, Mumbai",skylight,"Dadar West, Mumbai",₹3.1 Cr,"₹44,285 /sqft",700 sqft,(65 sqm),Built-up Area,2 BHK,2,Under Construction,12th out of 16 Floors | Overlooking Park,,"This property his 2bhk unfurnished furnish flat, good new towar excellent open view good flat in as per vastu with modern amenities like gym & sky top garden & children play ground. Good connectivity to al over mumbai",Shree Mahalaxmi Realtor's,Dealer,,https://www.99acres.com/2-bhk-bedroom-apartment-flat-for-sale-in-dadar-west-south-mumbai-700-sqft-spid-L90497710,,17
K88199770,PROPERTY,"2 BHK Flat in Dadar West, Mumbai","2 BHK Flat in Dadar West, Mumbai",Suraj Park View,"Dadar West, Mumbai",₹3.35 Cr,"₹50,000 /sqft",670 sqft,(62 sqm),Carpet Area,2 BHK,3,Under Construction,12th out of 39 Floors | 1 Covered Parking,,"Looking for a 2 bhk property for sale in mumbai south? Buy this 2 bhk flat in suraj park view that is situated in dadar west, mumbai south. The floor plan additionally contains 2 bedroom(s), 3 bathrooms . All in all, the flat is spread over a carpet area of 670 sq.Ft. This flat lies on the 12th level of a 39 storey building. Moreover, the flat is currently under construction and possession is e...",Winning paths,,,https://www.99acres.com/2-bhk-bedroom-apartment-flat-for-sale-in-dadar-west-south-mumbai-670-sqft-r2-spid-K88199770,,17
H88217376,PROPERTY,"2 BHK Flat in Dadar East, Mumbai","2 BHK Flat in Dadar East, Mumbai",The Baya Sunrise,"Dadar East, Mumbai",₹2.99 Cr,"₹46,428 /sqft",644 sqft,(60 sqm),Carpet Area,2 BHK,3,Under Construction,28th out of 38 Floors,,"The flat occupies a carpet area of 644 sq.Ft. That consists of 2 bedrooms, 3 bathrooms . This flat is situated on the 28th floor of this 38 floors tall residential building. This residential property is still under construction and will be available for possession by december 2027.",Winning paths,,,https://www.99acres.com/2-bhk-bedroom-apartment-flat-for-sale-in-dadar-east-south-mumbai-644-sqft-r1-spid-H88217376,,17
J92770450,PROPERTY,"2 BHK Duplex Flat in Dadar West, Mumbai","2 BHK Duplex Flat in Dadar West, Mumbai",Shivaji Park House,"Dadar West, Mumbai",₹3.5 Cr,"₹53,030 /sqft",660 sqft,(61 sqm),Carpet Area,2 BHK,2,Under Construction,12th out of 21 Floors | 2 side open,,"A boutique 21-Storey luxury tower with just 2 residences per floor, offering unmatched privacy and exclusivity. Why consider it? Prime dadar west location, shivaji park 2 & 4 bhk residences with premium specifications Grand 23-Ft entrance lobby & modern amenities Excellent connectivity to metro, dadar station, lower parel & bkc Close to shivaji park, dadar beach, hinduja hospital & siddhivinaya...",Blue point realty,Dealer,,https://www.99acres.com/2-bhk-bedroom-apartment-flat-for-sale-in-shivaji-park-house-dadar-west-south-mumbai-660-sqft-spid-J92770450,,17
O80877931,PROPERTY,"2 BHK Flat in Dadar West, Mumbai","2 BHK Flat in Dadar West, Mumbai",Suraj Park View,"Dadar West, Mumbai",₹3.49 Cr,"₹52,089 /sqft",670 sqft,(62 sqm),Carpet Area,2 BHK,2,Under Construction,12th out of 20 Floors | East Facing,,"This 2 bhk flat is located in suraj park view, which houses some of the most spacious flats in dadar west, mumbai south. This residential flat is east-Facing direction. The flat is over 670 sq.Ft. Carpet area and comes with 2 bedroom(s), 2 bathrooms and 1 balcony. The property is located on the 12th floor of a 20 floors tall building. Moreover, the flat is currently under construction and posse...",Value Properties,,,https://www.99acres.com/2-bhk-bedroom-apartment-flat-for-sale-in-suraj-park-view-dadar-west-south-mumbai-670-sqft-r4-spid-O80877931,,17
P92729592,PROPERTY,"2 BHK Flat in Dadar East, Mumbai","2 BHK Flat in Dadar East, Mumbai",sky crest chs,"Dadar East, Mumbai",₹3.15 Cr,"₹48,913 /sqft",644 sqft,(60 sqm),Carpet Area,2 BHK,2,Under Construction,27th out of 38 Floors | Overlooking Park,,"Spacious 2bhk unfurnished flat available for sale in the prime residential locality of dadar east. Thoughtfully designed with spacious living and dining areas, ample natural light, and excellent ventilation for comfortable family living. The unfurnished apartment offers complete flexibility to design and customize the interiors according to your style and preferences. Located in a well-Connecte...",Jugyah,Dealer,,https://www.99acres.com/2-bhk-bedroom-apartment-flat-for-sale-in-dadar-east-south-mumbai-644-sqft-spid-P92729592,,17
S92742136,PROPERTY,"2 BHK Flat in Dadar West, Mumbai","2 BHK Flat in Dadar West, Mumbai",Promesa West End,"Dadar West, Mumbai",₹3.25 Cr,"₹48,798 /sqft",666 sqft,(62 sqm),Carpet Area,2 BHK,3,Ready To Move,20th out of 22 Floors | Overlooking Park,,"This is a north-East-Facing property. The flat is over 666 sq.Ft. Carpet area and comes with 2 bedroom(s), 3 bathrooms and 2 balconies. The property is located on the 20th floor of a 22 floors tall building. This 0-1 year old property is available for immediate possession as the project is ready to move. The floor of this flat is beautifully designed using vitrified flooring, giving the flat an...",AAKANSHA NAIK,Dealer,,https://www.99acres.com/2-bhk-bedroom-apartment-flat-for-sale-in-promesa-west-end-dadar-west-south-mumbai-666-sqft-spid-S92742136,,17
R80248325,PROPERTY,"2 BHK Flat in Dadar East, Mumbai","2 BHK Flat in Dadar East, Mumbai",The Baya sunrise,"Dadar East, Mumbai",₹2.48 Cr,"₹33,972 /sqft",730 sqft,(68 sqm),Super Built-up Area,2 BHK,2,Under Construction,17th out of 22 Floors | 1 Covered Parking,,"This 2 bhk flat is located in the baya sunrise, which houses some of the most spacious flats in dadar east, mumbai south. Constructed on a super built up area of 730 sq.Ft., the flat comprises 2 bedroom(s), 2 bathrooms and 2 balconies. The property is located on the 17th floor of a 22 floors tall building. As the property is currently under construction , you can expect to get the possession by...",Value Properties,,,https://www.99acres.com/2-bhk-bedroom-apartment-flat-for-sale-in-dadar-east-south-mumbai-730-sqft-r4-spid-R80248325,,17
I93183510,PROPERTY,"2 BHK Flat in Dadar West, Mumbai","2 BHK Flat in Dadar West, Mumbai",Jagmani Niwas,"Dadar West, Mumbai",₹3.5 Cr,"₹53,435 /sqft",655 sqft,(61 sqm),Carpet Area,2 BHK,2,Under Construction,16th out of 21 Floors | Overlooking Park,,"The flat is facing the east direction. Containing 2 bedroom(s), 2 bathrooms , this flat is spread over a carpet area of 655 sq.Ft. This flat is situated on the 16th floor of this 21 floors tall residential building. As the property is currently under construction , you can expect to get the possession within 6 months. The flat comes well built with vitrified flooring options. Proximity to landm...",Omprakash Dubey,Dealer,,https://www.99acres.com/2-bhk-bedroom-apartment-flat-for-sale-in-dadar-west-south-mumbai-655-sqft-spid-I93183510,,17
Y87454906,PROPERTY,"2 BHK Flat in Dadar West, Mumbai","2 BHK Flat in Dadar West, Mumbai",Avhad Oasis,"Dadar West, Mumbai",₹3 Cr,"₹39,840 /sqft",753 sqft,(70 sqm),Carpet Area,2 BHK,2,Under Construction,17th out of 21 Floors | East Facing,,"This 2 bhk apartment is available for sale in avhad oasis, one of the most prominent projects for flats in dadar west, mumbai south. This residential flat is east-Facing direction. The flat occupies a carpet area of 753 sq.Ft. That consists of 2 bedrooms, 2 bathrooms and 1 balcony. The flat has a total of 21 floors and this property is situated on 17th floor. This residential flat is currently ...",Winning paths,,,https://www.99acres.com/2-bhk-bedroom-apartment-flat-for-sale-in-dadar-west-south-mumbai-753-sqft-r2-spid-Y87454906,,17
Q92379374,PROPERTY,"2 BHK Flat in Dadar East, Mumbai","2 BHK Flat in Dadar East, Mumbai",dadar,"Dadar East, Mumbai",₹2.7 Cr,"₹43,478 /sqft",621 sqft,(58 sqm),Carpet Area,2 BHK,2,Ready To Move,15th out of 21 Floors | 1 Open Parking,,"This residential flat is west-Facing direction. Constructed on a carpet area of 621 sq.Ft., the flat comprises 2 bedroom(s), 2 bathrooms . This flat lies on the 15th level of a 21 storey building. This 1-5 years old property is available for immediate possession as the project is ready to move. Moreover, this property offers close proximity to important landmarks such as close to railway statio...",Atul Savla Estate Agency,Dealer,,https://www.99acres.com/2-bhk-bedroom-apartment-flat-for-sale-in-dadar-east-south-mumbai-621-sqft-spid-Q92379374,,17
I87454696,PROPERTY,"2 BHK Flat in Dadar West, Mumbai","2 BHK Flat in Dadar West, Mumbai",Avhad Oasis,"Dadar West, Mumbai",₹3.04 Cr,"₹50,666 /sqft",600 sqft,(56 sqm),Carpet Area,2 BHK,2,Under Construction,15th out of 21 Floors | East Facing,,"This 2 bhk flat is located in avhad oasis, which houses some of the most spacious flats in dadar west, mumbai south. This residential flat is east-Facing direction. Constructed on a carpet area of 600 sq.Ft., the flat comprises 2 bedroom(s), 2 bathrooms . This flat lies on the 15th level of a 21 storey building. As the property is currently under construction , you can expect to get the possess...",Winning paths,,,https://www.99acres.com/2-bhk-bedroom-apartment-flat-for-sale-in-dadar-west-south-mumbai-600-sqft-r3-spid-I87454696,,17
T92210376,PROPERTY,"2 BHK Flat in Dadar East, Mumbai","2 BHK Flat in Dadar East, Mumbai",Ratan Infinia,"Dadar East, Mumbai",₹2.77 Cr,"₹37,945 /sqft",730 sqft,(68 sqm),Carpet Area,2 BHK,2,Under Construction,18th out of 21 Floors | North-East Facing,,"The flat is facing the north-East direction. The floor plan additionally contains 2 bedroom(s), 2 bathrooms . All in all, the flat is spread over a carpet area of 730 sq.Ft. The property is located on the 18th floor of a 21 floors tall building. As the property is currently under construction , you can expect to get the possession by december 2027. The floor of this flat is beautifully designed...",Parmar Properties and Infrastructure Pvt. Ltd.,Dealer,,https://www.99acres.com/2-bhk-bedroom-apartment-flat-for-sale-in-dadar-east-south-mumbai-730-sqft-spid-T92210376,,17
N92728728,PROPERTY,"1 BHK Flat in Dadar East, Mumbai","1 BHK Flat in Dadar East, Mumbai",Sky Crest chs,"Dadar East, Mumbai",₹2.37 Cr,"₹48,966 /sqft",484 sqft,(45 sqm),Carpet Area,1 BHK,2,Under Construction,31st out of 38 Floors | Overlooking Park,,"Spacious 1bhk unfurnished flat available for sale in the prime residential locality of dadar east. Thoughtfully designed with a functional layout, ample natural light, and excellent ventilation for comfortable urban living. The unfurnished apartment offers complete flexibility to design and customize the interiors to your preferences. Located in a well-Connected neighbourhood with easy access t...",Jugyah,Dealer,,https://www.99acres.com/1-bhk-bedroom-apartment-flat-for-sale-in-dadar-east-south-mumbai-484-sqft-spid-N92728728,,17
Q90934984,PROPERTY,"2 BHK Flat in Dadar West, Mumbai","2 BHK Flat in Dadar West, Mumbai",Sigma Garnet,"Dadar West, Mumbai",₹3.54 Cr,"₹46,033 /sqft",769 sqft,(71 sqm),Carpet Area,2 BHK,2,Under Construction,30th out of 54 Floors,,"The flat occupies a carpet area of 769 sq.Ft. That consists of 2 bedrooms, 2 bathrooms . The property is located on the 30th floor of a 54 floors tall building. The flat is currently under construction stage and you can expect to get the possession of the property by june 2028.",Winning paths,,,https://www.99acres.com/2-bhk-bedroom-apartment-flat-for-sale-in-dadar-west-south-mumbai-769-sqft-r1-spid-Q90934984,,17
J80248181,PROPERTY,"1 BHK Flat in Dadar East, Mumbai","1 BHK Flat in Dadar East, Mumbai",The Baya sunrise,"Dadar East, Mumbai",₹1.75 Cr,"₹30,701 /sqft",570 sqft,(53 sqm),Super Built-up Area,1 BHK,1,Under Construction,8th out of 22 Floors | 1 Covered Parking,,"This 1 bhk flat is located in the baya sunrise, which houses some of the most spacious flats in dadar east, mumbai south. The floor plan additionally contains 1 bedroom(s), 1 bathroom and 1 balcony. All in all, the flat is spread over a super built up area of 570 sq.Ft. The property is located on the 8th floor of a 22 floors tall building. This residential property is still under construction a...",Value Properties,,,https://www.99acres.com/1-bhk-bedroom-apartment-flat-for-sale-in-dadar-east-south-mumbai-570-sqft-r4-spid-J80248181,,17
O91426478,PROPERTY,"2 BHK Flat in Dadar, Mumbai","2 BHK Flat in Dadar, Mumbai",Baya Midtown chs,"Dadar, Mumbai",₹2.99 Cr,"₹45,579 /sqft",656 sqft,(61 sqm),Carpet Area,2 BHK,2,Under Construction,18th out of 23 Floors | Overlooking Main Road,,"Spacious 2bhk unfurnished flat for sale in dadar, offering a perfect opportunity to design your dream home. This under-Construction project features modern architecture and a well-Planned layout. Located in a prime neighborhood with excellent connectivity to schools, markets, and transport facilities. Enjoy access to modern amenities and a comfortable lifestyle in the heart of mumbai. An ideal ...",Jugyah,Dealer,,https://www.99acres.com/2-bhk-bedroom-apartment-flat-for-sale-in-dadar-mumbai-south-656-sqft-spid-O91426478,,17
Z91426368,PROPERTY,"2 BHK Flat in Dadar, Mumbai","2 BHK Flat in Dadar, Mumbai",Baya Midtown chs,"Dadar, Mumbai",₹2.99 Cr,"₹45,579 /sqft",656 sqft,(61 sqm),Carpet Area,2 BHK,2,Under Construction,19th out of 23 Floors | East Facing,,"Modern 2bhk furnished flat for sale in dadar, offering a perfect blend of comfort and luxury. This under-Construction project is thoughtfully designed with premium interiors and quality fittings. Located in a prime area with excellent connectivity to schools, markets, and transport hubs. Enjoy modern lifestyle amenities and a well-Planned living environment. A great investment opportunity for h...",Jugyah,Dealer,,https://www.99acres.com/2-bhk-bedroom-apartment-flat-for-sale-in-dadar-mumbai-south-656-sqft-spid-Z91426368,,17
L93038140,PROPERTY,"2 BHK Flat in Old Bdd Chawl, Dadar","2 BHK Flat in Old Bdd Chawl, Dadar",new bdd chawl,"Old Bdd Chawl, Dadar",₹1.5 Cr,"₹30,000 /sqft",500 sqft,(46 sqm),Carpet Area,2 BHK,1,Ready To Move,18th out of 22 Floors,,"500 sqft super build-Up(450 carpets). Bdd chawl sankul 2bhk. 22-Floor multistorey building. 3 lifts are available with power backup. Well maintain society suitable for families working youth and college-Going students. Cctv and security guard available. Good water and electricity supply. Super market, garden, jogging park, and playground are available in the complex. Good transportation facilit...",Aditi properties,Dealer,,https://www.99acres.com/2-bhk-bedroom-apartment-flat-for-sale-in-old-bdd-chawl-mumbai-south-500-sqft-spid-L93038140,,17
O89925338,PROPERTY,"2 BHK Flat in Hindu Colony, Dadar","2 BHK Flat in Hindu Colony, Dadar",no 92,"Hindu Colony, Dadar",₹3.4 Cr,"₹44,973 /sqft",756 sqft,(70 sqm),Carpet Area,2 BHK,2,Under Construction,10th out of 22 Floors,,"Discover nearing possession flats in colony! Prime locality, limited inventory. Visit today before price rise!",Gryphon Realty,,,https://www.99acres.com/2-bhk-bedroom-apartment-flat-for-sale-in-hindu-colony-mumbai-south-756-sqft-spid-O89925338,,17
X90956620,PROPERTY,"1 BHK Flat in Dadar West, Mumbai","1 BHK Flat in Dadar West, Mumbai",Suraj Park View,"Dadar West, Mumbai",₹2.73 Cr,"₹56,404 /sqft",484 sqft,(45 sqm),Carpet Area,1 BHK,2,Under Construction,15th out of 21 Floors | Fitness Center/ Gym,,"The floor plan additionally contains 1 bedroom(s), 2 bathrooms . All in all, the flat is spread over a carpet area of 484 sq.Ft. The property is located on the 15th floor of a 21 floors tall building. This residential flat is currently under construction and you can expect the possession of the same by december 2029. Suraj park view is designed very well to provide modern facilities such as swi...",Winning paths,,,https://www.99acres.com/1-bhk-bedroom-apartment-flat-for-sale-in-suraj-park-view-dadar-west-south-mumbai-484-sqft-r1-spid-X90956620,,17
M88215348,PROPERTY,"2 BHK Flat in Dadar West, Mumbai","2 BHK Flat in Dadar West, Mumbai",Sigma Garnet,"Dadar West, Mumbai",₹3.48 Cr,"₹45,253 /sqft",769 sqft,(71 sqm),Carpet Area,2 BHK,3,Under Construction,42nd out of 54 Floors,,"This 2 bhk apartment is available for sale in sigma garnet, one of the most prominent projects for flats in dadar west, mumbai south. The flat is over 769 sq.Ft. Carpet area and comes with 2 bedroom(s), 3 bathrooms . This flat lies on the 42nd level of a 54 storey building. This residential property is still under construction and will be available for possession by december 2027.",Winning paths,,,https://www.99acres.com/2-bhk-bedroom-apartment-flat-for-sale-in-dadar-west-south-mumbai-769-sqft-r1-spid-M88215348,,17
L88199558,PROPERTY,"1 BHK Flat in Shivaji Park, Dadar","1 BHK Flat in Shivaji Park, Dadar",Suraj Park View,"Shivaji Park, Dadar",₹2.34 Cr,"₹49,893 /sqft",469 sqft,(44 sqm),Carpet Area,1 BHK,2,Under Construction,17th out of 39 Floors | Fitness Center/ Gym,,"Suraj park view is one of mumbai south's most sought after destination for apartments and this 1 bhk flat in shivaji park is your opportunity to be a part of this community. Containing 1 bedroom(s), 2 bathrooms , this flat is spread over a carpet area of 469 sq.Ft. This flat lies on the 17th level of a 39 storey building. The flat is currently under construction stage and you can expect to get ...",Winning paths,,,https://www.99acres.com/1-bhk-bedroom-apartment-flat-for-sale-in-shivaji-park-south-mumbai-469-sqft-r1-spid-L88199558,,18
T91269506,PROPERTY,"1 BHK Flat in Dadar West, Mumbai","1 BHK Flat in Dadar West, Mumbai",Suraj Park View,"Dadar West, Mumbai",₹2.7 Cr,"₹53,359 /sqft",506 sqft,(47 sqm),Carpet Area,1 BHK,1,Under Construction,11th out of 29 Floors | Overlooking Park,,"Suraj park view *location:* Prime location at shivaji park, offering stunning sea views and views of shivaji park. *usp:* - *parking:* 29 storeys residences with 9 levels of podium ramp car parking.* - Exclusive sea view and shivajipark view residences *unit configurations and pricing:* 1bhk 464 sqft : 2.70+ 1bhk 469 sqft : 2.72+ 1bhk 506 sqft : 2.93+ 2bhk 670 sqft : 3.83+ 2bhk 761 sqft : 4.33+...",High Street Realtors,Dealer,,https://www.99acres.com/1-bhk-bedroom-apartment-flat-for-sale-in-suraj-park-view-dadar-west-south-mumbai-506-sqft-r1-spid-T91269506,,18
F90935962,PROPERTY,"2 BHK Flat in Dadar West, Mumbai","2 BHK Flat in Dadar West, Mumbai",Sigma Garnet,"Dadar West, Mumbai",₹3.59 Cr,"₹43,887 /sqft",818 sqft,(76 sqm),Carpet Area,2 BHK,2,Under Construction,29th out of 54 Floors,,"The flat is over 818 sq.Ft. Carpet area and comes with 2 bedroom(s), 2 bathrooms . The residential building has 54 floors in total and the flat for sale is located on the 29th floor. The flat is currently under construction stage and you can expect to get the possession of the property by june 2028.",Winning paths,,,https://www.99acres.com/2-bhk-bedroom-apartment-flat-for-sale-in-dadar-west-south-mumbai-818-sqft-r1-spid-F90935962,,18
Q89281447,PROPERTY,"2 BHK Flat in Shivaji Park, Dadar","2 BHK Flat in Shivaji Park, Dadar",Divine Park 55 Dadar,"Shivaji Park, Dadar",₹3.8 Cr,"₹55,312 /sqft",687 sqft,(64 sqm),Carpet Area,2 BHK,2,Under Construction,15th out of 21 Floors | East Facing,,"This property faces the east direction. The flat is over 687 sq.Ft. Carpet area and comes with 2 bedroom(s), 2 bathrooms . The flat has a total of 21 floors and this property is situated on 15th floor. The flat is currently under construction stage and you can expect to get the possession of the property within 6 months. The well built vitrified flooring enhances the aesthetic appeal of this fl...",Omprakash Dubey,Dealer,,https://www.99acres.com/2-bhk-bedroom-apartment-flat-for-sale-in-shivaji-park-south-mumbai-687-sqft-r1-spid-Q89281447,,18
Z88215684,PROPERTY,"2 BHK Flat in Dadar West, Mumbai","2 BHK Flat in Dadar West, Mumbai",Sigma Garnet,"Dadar West, Mumbai",₹3.65 Cr,"₹44,621 /sqft",818 sqft,(76 sqm),Carpet Area,2 BHK,3,Under Construction,43rd out of 54 Floors,,"Sigma garnet is one of the most popular destination for buying apartments/ flats in dadar west, mumbai south. You too can be a part of this society by purchasing this 2 bhk flat here. The floor plan additionally contains 2 bedroom(s), 3 bathrooms . All in all, the flat is spread over a carpet area of 818 sq.Ft. This flat lies on the 43rd level of a 54 storey building. As the property is current...",Winning paths,,,https://www.99acres.com/2-bhk-bedroom-apartment-flat-for-sale-in-dadar-west-south-mumbai-818-sqft-r2-spid-Z88215684,,18
G90396010,PROPERTY,"1 BHK Flat in Dadar West, Mumbai","1 BHK Flat in Dadar West, Mumbai",Sugee Shubhada,"Dadar West, Mumbai",₹2.65 Cr,"₹60,227 /sqft",440 sqft,(41 sqm),Carpet Area,1 BHK,2,Ready To Move,5th out of 20 Floors | East Facing,,"This property faces the east direction. The flat occupies a carpet area of 440 sq.Ft. That consists of 1 bedroom, 2 bathrooms and more than 3 balconies. The flat has a total of 20 floors and this property is situated on 5th floor. As the project is already ready to move, so you can easily move into this 0-1 year old property. The well built ceramic flooring enhances the aesthetic appeal of this...",Om Properties,Dealer,,https://www.99acres.com/1-bhk-bedroom-apartment-flat-for-sale-in-sugee-shubhada-dadar-west-south-mumbai-440-sqft-spid-G90396010,,18
M93250884,PROPERTY,"1 BHK Flat in Dadar, Mumbai","1 BHK Flat in Dadar, Mumbai",Earth Vintage,"Dadar, Mumbai",₹2.05 Cr,"₹48,809 /sqft",420 sqft,(39 sqm),Carpet Area,1 BHK,1,Ready To Move,15th out of 18 Floors | Overlooking Park,,Flat key available with me Earth vintage senapati bapat marg Dadar west mumbai 400028 19 storey tower 19 residential floors Rooftop amenities with breathtaking city views Grand double height entrance lobby Spacious homes with 10-Ft floor to floor height Low-Density project for enhanced privacy and exclusivity Mechanical tower parking 24 hours security with cctv surveillance Full power backup Gy...,Vivek Dadhe,Dealer,,https://www.99acres.com/1-bhk-bedroom-apartment-flat-for-sale-in-earth-vintage-dadar-mumbai-south-420-sqft-spid-M93250884,,18
Y85481070,PROPERTY,"1 BHK Flat in Dadar West, Mumbai","1 BHK Flat in Dadar West, Mumbai",Sugee Shubhada,"Dadar West, Mumbai",₹2.6 Cr,"₹57,777 /sqft",450 sqft,(42 sqm),Carpet Area,1 BHK,1,Ready To Move,6th out of 24 Floors | North-East Facing,,"This beautiful 1 bhk flat in dadar west, mumbai south is situated in sugee shubhada, one of the popular residential society in mumbai south. This property faces the north-East direction. The flat is over 450 sq.Ft. Carpet area and comes with 1 bedroom(s), 1 bathroom . The property is located on the 6th floor of a 24 floors tall building. As the project is already ready to move, so you can easil...",MANISHA ENTERPRISES,,,https://www.99acres.com/1-bhk-bedroom-apartment-flat-for-sale-in-sugee-shubhada-dadar-west-south-mumbai-450-sqft-r3-spid-Y85481070,,18
L80876523,PROPERTY,"1 BHK Flat in Dadar West, Mumbai","1 BHK Flat in Dadar West, Mumbai",Suraj Park View,"Dadar West, Mumbai",₹2.49 Cr,"₹52,978 /sqft",470 sqft,(44 sqm),Carpet Area,1 BHK,1,Under Construction,9th out of 20 Floors | East Facing,,"Located in the popular residential address of dadar west, mumbai south, suraj park view is one of the most preferred destination for apartments in mumbai south. This 1 bhk flat is your ticket to be a part of this community. This property faces the east direction. The flat is over 470 sq.Ft. Carpet area and comes with 1 bedroom(s), 1 bathroom and 1 balcony. This flat lies on the 9th level of a 2...",Value Properties,,,https://www.99acres.com/1-bhk-bedroom-apartment-flat-for-sale-in-suraj-park-view-dadar-west-south-mumbai-470-sqft-r4-spid-L80876523,,18
D90016834,PROPERTY,"2 BHK Flat in Dadar West, Mumbai","2 BHK Flat in Dadar West, Mumbai",Rajadhiraj Mansion 835,"Dadar West, Mumbai",₹3.8 Cr,"₹50,938 /sqft",746 sqft,(69 sqm),Carpet Area,2 BHK,2,Under Construction,11th out of 21 Floors | Overlooking Park,,"The flat is east-Facing. Containing 2 bedroom(s), 2 bathrooms , this flat is spread over a carpet area of 746 sq.Ft. The flat has a total of 21 floors and this property is situated on 11th floor. Moreover, the flat is currently under construction and possession is expected by august 2027. The beautifully designed marble flooring enhances the beauty of the flat. The flat will offer a modern life...",Value Properties,,,https://www.99acres.com/2-bhk-bedroom-apartment-flat-for-sale-in-dadar-west-south-mumbai-746-sqft-spid-D90016834,,18
N90459672,PROPERTY,"2 BHK Flat in Shivaji Park, Dadar","2 BHK Flat in Shivaji Park, Dadar",Park 45,"Shivaji Park, Dadar",₹4 Cr,"₹53,691 /sqft",745 sqft,(69 sqm),Built-up Area,2 BHK,3,Ready To Move,4th out of 20 Floors | Overlooking Main Road,,"For the buyers who want -- Shivaji park as their pincode Want to stay in this peaceful and traditional maharashtrian location In a brand new tower by reputed developer Then this is a 2bhk property which should be considered for sourcing budget of 4.30cr including taxes, brokerage additional. Interested buyers kindly check the property photographs for a preview. And contact me if you genuinely n...",Ameya Digambar Nar Real Estate Advisor And Cons,Dealer,,https://www.99acres.com/2-bhk-bedroom-apartment-flat-for-sale-in-shivaji-park-south-mumbai-745-sqft-r1-spid-N90459672,,18
M91924418,PROPERTY,"2 BHK Flat in Dadar West, Mumbai","2 BHK Flat in Dadar West, Mumbai",Blue Bird,"Dadar West, Mumbai",₹3.8 Cr,"₹57,057 /sqft",666 sqft,(62 sqm),Carpet Area,2 BHK,2,Ready To Move,7th out of 20 Floors | 2 Covered Parking,,"The floor plan additionally contains 2 bedroom(s), 2 bathrooms . All in all, the flat is spread over a carpet area of 666 sq.Ft. This flat is situated on the 7th floor of this 20 floors tall residential building. Being a ready to move project, you can expect immediate possession of this 1-5 years old property.",HT Luxury Properties Private Limited,Dealer,,https://www.99acres.com/2-bhk-bedroom-apartment-flat-for-sale-in-blue-bird-dadar-west-south-mumbai-666-sqft-spid-M91924418,,18
U90956742,PROPERTY,"2 BHK Flat in Dadar West, Mumbai","2 BHK Flat in Dadar West, Mumbai",Suraj Park View,"Dadar West, Mumbai",₹3.83 Cr,"₹57,164 /sqft",670 sqft,(62 sqm),Carpet Area,2 BHK,2,Under Construction,25th out of 29 Floors | Fitness Center/ Gym,,"Constructed on a carpet area of 670 sq.Ft., the flat comprises 2 bedroom(s), 2 bathrooms . This flat lies on the 25th level of a 29 storey building. The flat is currently under construction stage and you can expect to get the possession of the property by december 2030. The flat will offer a modern lifestyle as it is presented with many of the amenities such as swimming pool, fitness centre / g...",Winning paths,,,https://www.99acres.com/2-bhk-bedroom-apartment-flat-for-sale-in-suraj-park-view-dadar-west-south-mumbai-670-sqft-r1-spid-U90956742,,18
J91924090,PROPERTY,"1 BHK Flat in Dadar West, Mumbai","1 BHK Flat in Dadar West, Mumbai",Samartha Raghukul,"Dadar West, Mumbai",₹2.1 Cr,"₹51,219 /sqft",410 sqft,(38 sqm),Carpet Area,1 BHK,2,Ready To Move,8th out of 20 Floors | 2 Covered Parking,,"The floor plan additionally contains 1 bedroom(s), 2 bathrooms and 1 balcony. All in all, the flat is spread over a carpet area of 410 sq.Ft. This flat lies on the 8th level of a 20 storey building. Being a ready to move project, you can expect immediate possession of this 0-1 year old property.",HT Luxury Properties Private Limited,Dealer,,https://www.99acres.com/1-bhk-bedroom-apartment-flat-for-sale-in-samartha-raghukul-dadar-west-south-mumbai-410-sqft-spid-J91924090,,18
N87455012,PROPERTY,"1 BHK Flat in Dadar West, Mumbai","1 BHK Flat in Dadar West, Mumbai",Avhad Oasis,"Dadar West, Mumbai",₹2.19 Cr,"₹50,812 /sqft",431 sqft,(40 sqm),Carpet Area,1 BHK,1,Under Construction,9th out of 21 Floors | East Facing,,"This lovely 1 bhk apartment/flat in dadar west is available for sale in one of mumbai south's most popular projects, avhad oasis. This is a east-Facing property. The flat occupies a carpet area of 431 sq.Ft. That consists of 1 bedroom, 1 bathroom . The flat has a total of 21 floors and this property is situated on 9th floor. Moreover, the flat is currently under construction and possession is e...",Winning paths,,,https://www.99acres.com/1-bhk-bedroom-apartment-flat-for-sale-in-dadar-west-south-mumbai-431-sqft-r3-spid-N87455012,,18
Z66403920,PROPERTY,"3 BHK Flat in Dadar West, Mumbai","3 BHK Flat in Dadar West, Mumbai",On Request,"Dadar West, Mumbai",₹4.25 Cr,"₹38,496 /sqft","1,104 sqft",(103 sqm),Carpet Area,3 BHK,3,Under Construction,18th out of 22 Floors | Overlooking Main Road,,"Available for sell 3 bhk in dadar west, bhavani shankar road, near shardashram school, 1104 sqft carpet, property available on higher floor, 1 car parking, prime location, main road touch, possession april, 2026, price rs 4.25 cr (Slightly negotiable) for more information please call hariom estate consultant.",Hariom Estate Consultants,,,https://www.99acres.com/3-bhk-bedroom-apartment-flat-for-sale-in-dadar-west-south-mumbai-1104-sqft-r8-spid-Z66403920,,18
A88841786,PROPERTY,"2 BHK Flat in Dadar West, Mumbai","2 BHK Flat in Dadar West, Mumbai",Park Mist,"Dadar West, Mumbai",₹4.2 Cr,"₹61,135 /sqft",687 sqft,(64 sqm),Carpet Area,2 BHK,2,Ready To Move,9th out of 19 Floors | East Facing,,"Spacious 2bhk fully furnished flat for sale in dadar west offering modern interiors, premium furniture and ready to move condition located in a prime residential area with excellent connectivity to bandra, lower parel and major business hubs close to railway station, schools, hospitals, shopping and daily conveniences ideal for end users and investors with strong rental demand and appreciation ...",Jugyah,Dealer,,https://www.99acres.com/2-bhk-bedroom-apartment-flat-for-sale-in-park-mist-dadar-west-south-mumbai-687-sqft-r1-spid-A88841786,,18
P87485114,PROPERTY,"3 BHK Flat in Dadar TT, Mumbai","3 BHK Flat in Dadar TT, Mumbai",OnRequest,"Dadar TT, Mumbai",₹5.65 Cr,"₹52,025 /sqft","1,086 sqft",(101 sqm),Carpet Area,3 BHK,4,Under Construction,15th out of 20 Floors | Overlooking Main Road,,This well planned 3 bhk is located near dadar tt. The unit has a very spacious kitchen and all the bedrooms have ensuite washroom.,Oscar Realty,,,https://www.99acres.com/3-bhk-bedroom-apartment-flat-for-sale-in-dadar-tt-south-mumbai-1086-sqft-r3-spid-P87485114,,18
S92121218,PROPERTY,"2 BHK Flat in Dadar West, Mumbai","2 BHK Flat in Dadar West, Mumbai",Uttung CHS,"Dadar West, Mumbai",₹3.9 Cr,"₹32,500 /sqft","1,200 sqft",(111 sqm),Super Built-up Area,2 BHK,2,Ready To Move,9th out of 22 Floors | Overlooking Club House,,"This is a west-Facing property. The floor plan additionally contains 2 bedroom(s), 2 bathrooms and 3 balconies. All in all, the flat is spread over a super built up area of 1200 sq.Ft. The residential building has 22 floors in total and the flat for sale is located on the 9th floor. This 5-10 years old property is available for immediate possession as the project is ready to move. The flat come...",Arihant Realty,Dealer,,https://www.99acres.com/2-bhk-bedroom-apartment-flat-for-sale-in-uttung-chs-dadar-west-south-mumbai-1200-sqft-spid-S92121218,,18
B90956864,PROPERTY,"2 BHK Flat in Dadar West, Mumbai","2 BHK Flat in Dadar West, Mumbai",Suraj Park View,"Dadar West, Mumbai",₹5.03 Cr,"₹67,066 /sqft",750 sqft,(70 sqm),Carpet Area,2 BHK,2,Under Construction,22nd out of 24 Floors | Fitness Center/ Gym,,"The flat is over 750 sq.Ft. Carpet area and comes with 2 bedroom(s), 2 bathrooms . The residential building has 24 floors in total and the flat for sale is located on the 22nd floor. Moreover, the flat is currently under construction and possession is expected by december 2030. The flat will offer a modern lifestyle as it is presented with many of the amenities such as swimming pool, fitness ce...",Winning paths,,,https://www.99acres.com/2-bhk-bedroom-apartment-flat-for-sale-in-suraj-park-view-dadar-west-south-mumbai-750-sqft-r1-spid-B90956864,,18
N91549334,PROPERTY,"3 BHK Flat in Hindu Colony, Dadar","3 BHK Flat in Hindu Colony, Dadar",dadar,"Hindu Colony, Dadar",₹5.95 Cr,"₹59,203 /sqft","1,005 sqft",(93 sqm),Carpet Area,3 BHK,3,Ready To Move,12th out of 14 Floors | 1 Covered Parking,,"This property faces the west direction. The floor plan additionally contains 3 bedroom(s), 3 bathrooms . All in all, the flat is spread over a carpet area of 1005 sq.Ft. The flat has a total of 14 floors and this property is situated on 12th floor. Being a ready to move project, you can expect immediate possession of this 0-1 year old property. Many of the modern amenities being offered, like l...",Atul Savla Estate Agency,Dealer,,https://www.99acres.com/3-bhk-bedroom-apartment-flat-for-sale-in-hindu-colony-mumbai-south-1005-sqft-spid-N91549334,,18
H92053358,PROPERTY,"3 BHK Flat in Dadar West, Mumbai","3 BHK Flat in Dadar West, Mumbai",Dhanji Ramswaroop Palai Tower,"Dadar West, Mumbai",₹6 Cr,"₹40,000 /sqft","1,500 sqft",(139 sqm),Carpet Area,3 BHK,3,Ready To Move,18th out of 19 Floors | Overlooking Main Road,,"Discover a sophisticated urban sanctuary at breshell apartment. Located in the heart of dadar west, this property perfectly balances central city connectivity with everyday peace. Step into a bright, airy home with premium finishes and easy access to top schools, markets, and coastal transit. Your dream mumbai address",Blue point realty,Dealer,,https://www.99acres.com/3-bhk-bedroom-apartment-flat-for-sale-in-dadar-west-south-mumbai-1500-sqft-spid-H92053358,,18
M87318152,PROPERTY,"2 BHK Flat in Dadar East, Mumbai","2 BHK Flat in Dadar East, Mumbai",OnRequest,"Dadar East, Mumbai",₹4.5 Cr,"₹51,428 /sqft",875 sqft,(81 sqm),Carpet Area,2 BHK,2,Ready To Move,26th out of 30 Floors | North-East Facing,,This beautiful 2 bhk is located in a very well maintained building in dadar east. The property is fully furnished and placed on a higher floor with sprawling views. The unit has an excellent floor to floor height.,Oscar Realty,,,https://www.99acres.com/2-bhk-bedroom-apartment-flat-for-sale-in-dadar-east-south-mumbai-875-sqft-r3-spid-M87318152,,18
Q92763840,PROPERTY,"3 BHK Flat in Hindu Colony, Dadar","3 BHK Flat in Hindu Colony, Dadar",Tulsi Heritage,"Hindu Colony, Dadar",₹5.65 Cr,"₹47,000 /sqft","1,203 sqft",(112 sqm),Carpet Area,3 BHK,3,Under Construction,22nd out of 23 Floors | East Facing,,Welcome to tulsi heritage Where comfort meets elegance your new home awaits Tulsi heritage offers you spacious 2bhk and 3bhk 2bhk 723 and 756 sqt carpet area 3bhk 1203 carpet area Price starts from 47k Only 2 apartments per floor G plus 23 storey tower Our 1st floor starts from 8th floor View of uninterrupted clear city view Common amenities Rr parkon automated Mechanical car parking Rooftop te...,Vivek Dadhe,Dealer,,https://www.99acres.com/3-bhk-bedroom-apartment-flat-for-sale-in-hindu-colony-mumbai-south-1203-sqft-spid-Q92763840,,18
I72525916,PROPERTY,"3 BHK Flat in Hindu Colony, Dadar","3 BHK Flat in Hindu Colony, Dadar",OnRequest,"Hindu Colony, Dadar",₹4.5 Cr,"₹47,872 /sqft",940 sqft,(87 sqm),Carpet Area,3 BHK,3,Ready To Move,6th out of 10 Floors | 1 Covered Parking,,This property is very centrally located in one of the prime areas of dadar and in close proximity to the dadar railway station and eastern express highway. The property is located in a recently completed building. The layout is very efficient with all the bedrooms of good size and an excellent living room. The building is very well maintained and has an excellent security. It is low on maintena...,Oscar Realty,,,https://www.99acres.com/3-bhk-bedroom-apartment-flat-for-sale-in-hindu-colony-mumbai-south-940-sqft-r7-spid-I72525916,,18
U88217726,PROPERTY,"3 BHK Flat in Dadar East, Mumbai","3 BHK Flat in Dadar East, Mumbai",The Baya Sunrise,"Dadar East, Mumbai",₹4.95 Cr,"₹42,489 /sqft","1,165 sqft",(108 sqm),Carpet Area,3 BHK,3,Under Construction,27th out of 38 Floors,,"The flat occupies a carpet area of 1165 sq.Ft. That consists of 3 bedrooms, 3 bathrooms . The residential building has 38 floors in total and the flat for sale is located on the 27th floor. The flat is currently under construction stage and you can expect to get the possession of the property by december 2027.",Winning paths,,,https://www.99acres.com/3-bhk-bedroom-apartment-flat-for-sale-in-dadar-east-south-mumbai-1165-sqft-r1-spid-U88217726,,19
F92977798,PROPERTY,"3 BHK Flat in Dadar East, Mumbai","3 BHK Flat in Dadar East, Mumbai",Sugee Om Sat,"Dadar East, Mumbai",₹4 Cr,"₹44,444 /sqft",900 sqft,(84 sqm),Carpet Area,3 BHK,4,Ready To Move,5th out of 7 Floors | Overlooking Main Road,,"The flat is north-Facing. Containing 3 bedroom(s), 4 bathrooms and more than 3 balconies, this flat is spread over a carpet area of 900 sq.Ft. This flat lies on the 5th level of a 7 storey building. As the project is already ready to move, so you can easily move into this 1-5 years old property. The flat comes well built with ceramic flooring options. Sugee om sat is designed very well to provi...",Om Properties,Dealer,,https://www.99acres.com/3-bhk-bedroom-apartment-flat-for-sale-in-sugee-om-sat-dadar-east-south-mumbai-900-sqft-spid-F92977798,,19
S92891116,PROPERTY,"2 BHK Flat in Dadar, Mumbai","2 BHK Flat in Dadar, Mumbai",suraj chs,"Dadar, Mumbai",₹5 Cr,"₹62,034 /sqft",806 sqft,(75 sqm),Carpet Area,2 BHK,2,Ready To Move,18th out of 22 Floors | Overlooking Main Road,,"Spacious 2bhk unfurnished flat available for sale in the prime residential locality of dadar. Thoughtfully designed with a spacious living and dining area, excellent natural light, and ample ventilation for comfortable family living. The unfurnished apartment offers complete flexibility to customize the interiors according to your style and preferences. Located in a well-Connected neighbourhood...",Jugyah,Dealer,,https://www.99acres.com/2-bhk-bedroom-apartment-flat-for-sale-in-dadar-mumbai-south-806-sqft-spid-S92891116,,19
C91314184,PROPERTY,"3 BHK Flat in Dadar West, Mumbai","3 BHK Flat in Dadar West, Mumbai",Shri Ratan Address,"Dadar West, Mumbai",₹5.25 Cr,"₹54,744 /sqft",959 sqft,(89 sqm),Carpet Area,3 BHK,3,Ready To Move,15th out of 23 Floors | 1 Covered Parking,,"Containing 3 bedroom(s), 3 bathrooms , this flat is spread over a carpet area of 959 sq.Ft. The flat has a total of 23 floors and this property is situated on 15th floor. Being a ready to move project, you can expect immediate possession of this 0-1 year old property. The flat comes well built with vitrified flooring options. This flat is located near close to metro station, close to railway st...",RoyalMax Realtors and Property Management,,,https://www.99acres.com/3-bhk-bedroom-apartment-flat-for-sale-in-shri-ratan-address-dadar-west-south-mumbai-959-sqft-spid-C91314184,,19
E92823946,PROPERTY,"3 BHK Flat in Shivaji Park, Dadar","3 BHK Flat in Shivaji Park, Dadar","Aakasa , Shivaji Park","Shivaji Park, Dadar",₹5.98 Cr,"₹52,000 /sqft","1,150 sqft",(107 sqm),Carpet Area,3 BHK,3,Under Construction,20th out of 22 Floors | Overlooking Park,,"Aakasa shivaji park Landmark near goa portuguese restaurant, Late dilip gupte road, Mahim west Highlights of project Ground plus 22 storied Land : 557.57 sq.Mtrs free hold land parcel Structure : Gr to 6 level mechanism car parking 16th floors Exclusive 3 bhk unit building 5 mins walkable distance from shivaji park. Construction in full swing. East and west flat exit. Per floor only 02 units Li...",Vivek Dadhe,Dealer,,https://www.99acres.com/3-bhk-bedroom-apartment-flat-for-sale-in-shivaji-park-south-mumbai-1150-sqft-spid-E92823946,,19
S91925488,PROPERTY,"3 BHK Flat in Dadar West, Mumbai","3 BHK Flat in Dadar West, Mumbai",Inder Tower,"Dadar West, Mumbai",₹4.4 Cr,"₹44,000 /sqft","1,000 sqft",(93 sqm),Carpet Area,3 BHK,3,Ready To Move,8th out of 20 Floors,,"Containing 3 bedroom(s), 3 bathrooms and 1 balcony, this flat is spread over a carpet area of 1000 sq.Ft. This flat lies on the 8th level of a 20 storey building. Being a ready to move project, you can expect immediate possession of this 1-5 years old property.",HT Luxury Properties Private Limited,Dealer,,https://www.99acres.com/3-bhk-bedroom-apartment-flat-for-sale-in-inder-tower-dadar-west-south-mumbai-1000-sqft-spid-S91925488,,19
G85148152,PROPERTY,"3 BHK Flat in Hindu Colony, Dadar","3 BHK Flat in Hindu Colony, Dadar",OnRequest,"Hindu Colony, Dadar",₹5.9 Cr,"₹49,166 /sqft","1,200 sqft",(111 sqm),Carpet Area,3 BHK,4,Ready To Move,19th out of 19 Floors | Overlooking Park,,"This spacious 3 bhk is located at one of the most sought after areas of dadar, the hindu colony. The property has an excellent and very efficient layout with 400 sq. Ft. Of living and dining space. All the bedrooms have an ensuite washroom. There is an additional powder room as well. The apartment is open on all the four sides with most of it facing the west which provides excellent ventilation...",Oscar Realty,,,https://www.99acres.com/3-bhk-bedroom-apartment-flat-for-sale-in-hindu-colony-mumbai-south-1200-sqft-r4-spid-G85148152,,19
Q92901718,PROPERTY,"3 BHK Flat in Hindu Colony, Dadar","3 BHK Flat in Hindu Colony, Dadar",Kesar Equinox,"Hindu Colony, Dadar",₹6 Cr,"₹59,230 /sqft","1,013 sqft",(116 sqm),Carpet Area,3 BHK,3,Ready To Move,5th out of 19 Floors | Overlooking Main Road,,"This is a east-Facing property. The floor plan additionally contains 3 bedroom(s), 3 bathrooms . All in all, the flat is spread over a super built up area of 1250 sq.Ft. The residential building has 19 floors in total and the flat for sale is located on the 5th floor. This is a ready to move project and the property is 5-10 years old. The floor of this flat is beautifully designed using marble ...",Prospect Realty,Dealer,,https://www.99acres.com/3-bhk-bedroom-apartment-flat-for-sale-in-kesar-equinox-hindu-colony-mumbai-south-1250-sqft-spid-Q92901718,,19
R92022478,PROPERTY,"4 BHK Flat in Dadar East, Mumbai","4 BHK Flat in Dadar East, Mumbai",The Baya Sunrise,"Dadar East, Mumbai",₹6 Cr,"₹47,846 /sqft","1,254 sqft",(117 sqm),Carpet Area,4 BHK,4,Under Construction,22nd out of 38 Floors | East Facing,,"The flat is east-Facing. The floor plan additionally contains 4 bedroom(s), 4 bathrooms and 2 balconies. All in all, the flat is spread over a carpet area of 1254 sq.Ft. The flat has a total of 38 floors and this property is situated on 22nd floor. Moreover, the flat is currently under construction and possession is expected by 2029. The vitrified flooring of this flat is beautifully designed a...",Parmar Properties and Infrastructure Pvt. Ltd.,Dealer,,https://www.99acres.com/4-bhk-bedroom-apartment-flat-for-sale-in-dadar-east-south-mumbai-1254-sqft-spid-R92022478,,19
W89179125,PROPERTY,"2 BHK Flat in Dadar West, Mumbai","2 BHK Flat in Dadar West, Mumbai",Suraj The Palette,"Dadar West, Mumbai",₹5.99 Cr,"₹66,187 /sqft",905 sqft,(121 sqm),Carpet Area,2 BHK,2,Under Construction,32nd out of 49 Floors | Overlooking Main Road,,"This property faces the west direction. The flat is over 1305 sq.Ft. Super built up area and comes with 2 bedroom(s), 2 bathrooms and 1 balcony. The flat has a total of 49 floors and this property is situated on 32nd floor. Moreover, the flat is currently under construction and possession is expected within 6 months. The well built vitrified flooring enhances the aesthetic appeal of this flat. ...",FIVE PILLARS,Dealer,,https://www.99acres.com/2-bhk-bedroom-apartment-flat-for-sale-in-suraj-the-palette-dadar-west-south-mumbai-1305-sqft-r2-spid-W89179125,,19
D71945008,PROPERTY,"3 BHK Flat in Dadar East, Mumbai","3 BHK Flat in Dadar East, Mumbai",Brightshine 71 Raintree,"Dadar East, Mumbai",₹6 Cr,"₹44,444 /sqft","1,350 sqft",(125 sqm),Carpet Area,3 BHK,3,Ready To Move,10th out of 15 Floors | Overlooking Main Road,,"Situated in dadar east, south mumbai, brightshine 71 raintree is a well planned society that offers a pleasant living experience to its residents. This 3 bhk flat in south mumbai is your opportunity to be a part of this community. The flat is facing the north-East direction. The flat is over 1350 sq.Ft. Carpet area and comes with 3 bedroom(s), 3 bathrooms and 1 balcony. The residential building...",Matrix Realty Solutions,Dealer,,https://www.99acres.com/3-bhk-bedroom-apartment-flat-for-sale-in-brightshine-71-raintree-dadar-east-south-mumbai-1350-sqft-r9-spid-D71945008,,19
W92766812,PROPERTY,"2 BHK Flat in Dadar West, Mumbai","2 BHK Flat in Dadar West, Mumbai",Sugee Janai Heritage,"Dadar West, Mumbai",₹6.02 Cr,"₹75,000 /sqft",803 sqft,(75 sqm),Carpet Area,2 BHK,2,Under Construction,22nd out of 35 Floors | Overlooking Park,,"Sugee janai heritage Just 50 meters from the beach Sugee janai heritage where the sea becomes part of your everyday moments. Presenting spacious 2 and 3 bed sea view residences with decks in dadar west starting at rs 6.02 cr onwards. A timeless address where heritage, comfort, and the rhythm of the sea come together. Project highlights Steps away from the sea Panoramic sea and city views Centra...",Vivek Dadhe,Dealer,,https://www.99acres.com/2-bhk-bedroom-apartment-flat-for-sale-in-dadar-west-south-mumbai-803-sqft-spid-W92766812,,19
V92850886,PROPERTY,"2 BHK Flat in Shivaji Park, Dadar","2 BHK Flat in Shivaji Park, Dadar",Kapil Tirth,"Shivaji Park, Dadar",₹6 Cr,"₹66,666 /sqft",900 sqft,(84 sqm),Carpet Area,2 BHK,2,Under Construction,7th out of 21 Floors | Overlooking Main Road,,"2bhk for sale cadel road | full sea view Experience premium coastal living in this spacious 2bhk apartment with breathtaking uninterrupted sea views. Property highlights: full sea view spacious 2bhk with balcony only 2 apartments per floor for enhanced privacy 2 high-Speed passenger lifts + 1 car lift grand & elegant double-Height lobby excellent layout with large, well-Planned rooms prime loca...",Hemant M Sarwan,Dealer,,https://www.99acres.com/2-bhk-bedroom-apartment-flat-for-sale-in-shivaji-park-south-mumbai-900-sqft-spid-V92850886,,19
X66263496,PROPERTY,"2 BHK Flat in Dadar West, Mumbai","2 BHK Flat in Dadar West, Mumbai",Suraj The Palette,"Dadar West, Mumbai",₹5.99 Cr,"₹66,187 /sqft",905 sqft,(84 sqm),Carpet Area,2 BHK,2,Under Construction,20th out of 49 Floors | 1 Covered Parking,,"This beautiful 2 bhk flat in dadar west, mumbai south is situated in suraj the palette, one of the popular residential society in mumbai south. The floor plan additionally contains 2 bedroom(s), 2 bathrooms and 1 balcony. All in all, the flat is spread over a carpet area of 905 sq.Ft. This flat lies on the 20th level of a 49 storey building. Moreover, the flat is currently under construction an...",Value Properties,,,https://www.99acres.com/2-bhk-bedroom-apartment-flat-for-sale-in-suraj-the-palette-dadar-west-south-mumbai-905-sqft-r13-spid-X66263496,,19
Q91209968,PROPERTY,"2 BHK Flat in Dadar West, Mumbai","2 BHK Flat in Dadar West, Mumbai",The palette Suraj chs,"Dadar West, Mumbai",₹5.99 Cr,"₹66,187 /sqft",905 sqft,(84 sqm),Carpet Area,2 BHK,2,Under Construction,32nd out of 50 Floors | Overlooking Park,,"Spacious 2bhk unfurnished flat available for sale in the prime residential area of dadar west. Well-Designed layout with ample natural light and ventilation, ideal for comfortable family living. Located in a well-Maintained building with easy access to schools, hospitals, markets, and daily conveniences. Excellent connectivity to railway station, major roads, and key business hubs across mumbai...",Jugyah,Dealer,,https://www.99acres.com/2-bhk-bedroom-apartment-flat-for-sale-in-dadar-west-south-mumbai-905-sqft-spid-Q91209968,,19
S80577651,PROPERTY,"4 BHK Flat in Dadar East, Mumbai","4 BHK Flat in Dadar East, Mumbai",The Bombay ICC,"Dadar East, Mumbai",₹10.39 Cr,"₹39,656 /sqft","2,620 sqft",(243 sqm),Super Built-up Area,4 BHK,5,Ready To Move,10th out of 62 Floors | Overlooking Park,,"Located in the popular residential address of dadar east, mumbai south, the bombay icc is one of the most preferred destination for apartments in mumbai south. This 4 bhk flat is your ticket to be a part of this community. The flat occupies a super built up area of 2620 sq.Ft. That consists of 4 bedrooms, 5 bathrooms . The residential building has 62 floors in total and the flat for sale is loc...",Easy To Move In,,,https://www.99acres.com/4-bhk-bedroom-apartment-flat-for-sale-in-the-bombay-icc-dadar-east-south-mumbai-2620-sqft-spid-S80577651,,19
E92388752,PROPERTY,"3 BHK Flat in Dadar East, Mumbai","3 BHK Flat in Dadar East, Mumbai",the bombay icc.,"Dadar East, Mumbai",₹6.5 Cr,"₹51,669 /sqft","1,258 sqft",(117 sqm),Super Built-up Area,3 BHK,3,Ready To Move,23rd out of 66 Floors | Overlooking Park,,"Spread over expansive acres of bespoke tranquility, an oasis of luxury stands tall in the heart of mumbai. Surrounded by acres of open green space, icc brings to mumbai a new way of living with luxury residencies and carefully planned amenities. The island city center (Icc) introduces luxury 3, 4 and 5 bhk flats in dadar, mumbai, redefining sophistication and setting new benchmarks for modern l...",JAI AMBE ADVISORY PVT LTD,,,https://www.99acres.com/3-bhk-bedroom-apartment-flat-for-sale-in-dadar-east-south-mumbai-1258-sqft-spid-E92388752,,19
K89153051,PROPERTY,"2 BHK Flat in Dadar West, Mumbai","2 BHK Flat in Dadar West, Mumbai",Suraj The Palette,"Dadar West, Mumbai",₹5.99 Cr,"₹66,187 /sqft",905 sqft,(84 sqm),Carpet Area,2 BHK,3,Under Construction,30th out of 50 Floors | Fitness Center/ Gym,,"The flat occupies a carpet area of 905 sq.Ft. That consists of 2 bedrooms, 3 bathrooms and 1 balcony. The property is located on the 30th floor of a 50 floors tall building. As the property is currently under construction , you can expect to get the possession by september 2026. Suraj the palette is designed very well to provide modern facilities such as fitness centre / gym, park and lift(s).",Winning paths,,,https://www.99acres.com/2-bhk-bedroom-apartment-flat-for-sale-in-dadar-west-south-mumbai-905-sqft-r2-spid-K89153051,,19
C66264316,PROPERTY,"3 BHK Flat in Dadar West, Mumbai","3 BHK Flat in Dadar West, Mumbai",Suraj The Palette,"Dadar West, Mumbai",₹8.5 Cr,"₹77,272 /sqft","1,100 sqft",(102 sqm),Carpet Area,3 BHK,3,Under Construction,23rd out of 49 Floors | Overlooking Park,,"Suraj the palette is one of mumbai south's most sought after destination for apartments and this 3 bhk flat in dadar west is your opportunity to be a part of this community. The flat is over 1100 sq.Ft. Carpet area and comes with 3 bedroom(s), 3 bathrooms and 1 balcony. The property is located on the 23rd floor of a 49 floors tall building. Moreover, the flat is currently under construction and...",Value Properties,,,https://www.99acres.com/3-bhk-bedroom-apartment-flat-for-sale-in-suraj-the-palette-dadar-west-south-mumbai-1100-sqft-r12-spid-C66264316,,19
T93185160,PROPERTY,"3 BHK Flat in Shivaji Park, Dadar","3 BHK Flat in Shivaji Park, Dadar",Iris,"Shivaji Park, Dadar",₹11 Cr,"₹81,845 /sqft","1,344 sqft",(125 sqm),Carpet Area,3 BHK,4,Under Construction,15th out of 21 Floors | Overlooking Park,,"The flat is facing the east direction. Constructed on a carpet area of 1344 sq.Ft., the flat comprises 3 bedroom(s), 4 bathrooms and 3 balconies. This flat is situated on the 15th floor of this 21 floors tall residential building. This residential property is still under construction and will be available for possession by december 2027. The floor of this flat is beautifully designed using ital...",Omprakash Dubey,Dealer,,https://www.99acres.com/3-bhk-bedroom-apartment-flat-for-sale-in-shivaji-park-south-mumbai-1344-sqft-spid-T93185160,,19
S92850782,PROPERTY,"3 BHK Flat in Shivaji Park, Dadar","3 BHK Flat in Shivaji Park, Dadar",kapil Tirth,"Shivaji Park, Dadar",₹8.5 Cr,"₹67,460 /sqft","1,260 sqft",(117 sqm),Carpet Area,3 BHK,3,Under Construction,18th out of 21 Floors | Overlooking Main Road,,"3bhk for sale cadel road | full sea view Experience premium coastal living in this spacious 3bhk apartment with breathtaking uninterrupted sea views. Property highlights: full sea view spacious 3bhk with balcony only 2 apartments per floor for enhanced privacy 2 high-Speed passenger lifts + 1 car lift grand & elegant double-Height lobby excellent layout with large, well-Planned rooms prime loca...",Hemant M Sarwan,Dealer,,https://www.99acres.com/3-bhk-bedroom-apartment-flat-for-sale-in-shivaji-park-south-mumbai-1260-sqft-spid-S92850782,,19
F91817304,PROPERTY,"3 BHK Flat in Dadar West, Mumbai","3 BHK Flat in Dadar West, Mumbai",Sunshine Heights,"Dadar West, Mumbai",₹8.65 Cr,"₹72,083 /sqft","1,200 sqft",(111 sqm),Carpet Area,3 BHK,3,Ready To Move,15th out of 21 Floors | 2 Covered Parking,,"Available 3 bhk for sale @ sunshine heights, dadar west. Mandir road, opp. Jain mandir & jain temple, dadar west. Specs: 1200 sq. Ft. Carpet area 3 bedrooms 3 bathrooms (2 attached) Sea view from all rooms Vastu compliant (East-West facing) Piped gas connection 1 car park (2nd podium) Amenities: Gymnasium Yoga area Well-Maintained common areas Sale @ 8.65 crores Realtor ramprasad padhi Where he...",MumbaiProperties Consulting Private Limited,,,https://www.99acres.com/3-bhk-bedroom-apartment-flat-for-sale-in-sunshine-heights-dadar-west-south-mumbai-1200-sqft-spid-F91817304,,19
I92767822,PROPERTY,"3 BHK Flat in Dadar West, Mumbai","3 BHK Flat in Dadar West, Mumbai",Sugee Janai Heritage,"Dadar West, Mumbai",₹8.78 Cr,"₹75,042 /sqft","1,170 sqft",(109 sqm),Carpet Area,3 BHK,3,Under Construction,27th out of 35 Floors | Overlooking Park,,"Sugee janai heritage Just 50 meters from the beach Sugee janai heritage where the sea becomes part of your everyday moments. Presenting spacious 2 and 3 bed sea view residences with decks in dadar west starting at rs 6.02 cr onwards. A timeless address where heritage, comfort, and the rhythm of the sea come together. Project highlights Steps away from the sea Panoramic sea and city views Centra...",Vivek Dadhe,Dealer,,https://www.99acres.com/3-bhk-bedroom-apartment-flat-for-sale-in-dadar-west-south-mumbai-1170-sqft-spid-I92767822,,19
K88838984,PROPERTY,"3 BHK Flat in Dadar East, Mumbai","3 BHK Flat in Dadar East, Mumbai",The Bombay ICC,"Dadar East, Mumbai",₹8.5 Cr,"₹52,762 /sqft","1,611 sqft",(150 sqm),Carpet Area,3 BHK,3,Ready To Move,55th out of 65 Floors,,"This property faces the south direction. The flat occupies a carpet area of 1611 sq.Ft. That consists of 3 bedrooms, 3 bathrooms . The property is located on the 55th floor of a 65 floors tall building. An added advantage of this 5-10 years old flat is that it is available for immediate possession as the project is already ready to move. The well built vitrified flooring enhances the aesthetic ...",K.Hemandas real estate,Dealer,,https://www.99acres.com/3-bhk-bedroom-apartment-flat-for-sale-in-the-bombay-icc-dadar-east-south-mumbai-1611-sqft-r1-spid-K88838984,,19
E88242572,PROPERTY,"4 BHK Flat in Dadar West, Mumbai","4 BHK Flat in Dadar West, Mumbai",Suraj Ocean Star,"Dadar West, Mumbai",₹17.25 Cr,"₹86,250 /sqft","2,000 sqft",(186 sqm),Super Built-up Area,4 BHK,4,Under Construction,16th out of 37 Floors | Overlooking Park,,"The flat is facing the east direction. The flat occupies a super built up area of 2000 sq.Ft. That consists of 4 bedrooms, 4 bathrooms . The residential building has 37 floors in total and the flat for sale is located on the 16th floor. Moreover, the flat is currently under construction and possession is expected within 6 months. The floor of this flat is beautifully designed using vitrified fl...",FIVE PILLARS,Dealer,,https://www.99acres.com/4-bhk-bedroom-apartment-flat-for-sale-in-suraj-ocean-star-dadar-west-south-mumbai-2000-sqft-r2-spid-E88242572,,19
E66264416,PROPERTY,"3 BHK Flat in Dadar West, Mumbai","3 BHK Flat in Dadar West, Mumbai",Suraj The Palette,"Dadar West, Mumbai",₹10.5 Cr,"₹71,623 /sqft","1,466 sqft",(136 sqm),Carpet Area,3 BHK,3,Under Construction,21st out of 49 Floors | Overlooking Park,,"Located in the popular residential address of dadar west, mumbai south, suraj the palette is one of the most preferred destination for apartments in mumbai south. This 3 bhk flat is your ticket to be a part of this community. Containing 3 bedroom(s), 3 bathrooms and 1 balcony, this flat is spread over a carpet area of 1466 sq.Ft. This flat lies on the 21st level of a 49 storey building. This re...",Value Properties,,,https://www.99acres.com/3-bhk-bedroom-apartment-flat-for-sale-in-suraj-the-palette-dadar-west-south-mumbai-1466-sqft-r12-spid-E66264416,,20
E88391328,PROPERTY,"4 BHK Flat in Dadar East, Mumbai","4 BHK Flat in Dadar East, Mumbai",The Bombay ICC,"Dadar East, Mumbai",₹10 Cr,"₹47,619 /sqft","2,100 sqft",(195 sqm),Carpet Area,4 BHK,5,Ready To Move,15th out of 63 Floors | Overlooking Park,,"The flat is west-Facing. Containing 4 bedroom(s), 5 bathrooms , this flat is spread over a carpet area of 2100 sq.Ft. The flat has a total of 63 floors and this property is situated on 15th floor. This is a ready to move project and the property is 1-5 years old. The well built marble flooring enhances the aesthetic appeal of this flat. The society is well equipped with many modern amenities, i...",Easy To Move In,,,https://www.99acres.com/4-bhk-bedroom-apartment-flat-for-sale-in-the-bombay-icc-dadar-east-south-mumbai-2100-sqft-r1-spid-E88391328,,20
V93184282,PROPERTY,"4 BHK Flat in Dadar West, Mumbai","4 BHK Flat in Dadar West, Mumbai",Jagmani Niwas,"Dadar West, Mumbai",₹7 Cr,"₹53,030 /sqft","1,320 sqft",(123 sqm),Carpet Area,4 BHK,4,Under Construction,19th out of 21 Floors | Overlooking Main Road,,"This property faces the east direction. Constructed on a carpet area of 1320 sq.Ft., the flat comprises 4 bedroom(s), 4 bathrooms . The residential building has 21 floors in total and the flat for sale is located on the 19th floor. As the property is currently under construction , you can expect to get the possession within 6 months. The floor of this flat is beautifully designed using vitrifie...",Omprakash Dubey,Dealer,,https://www.99acres.com/4-bhk-bedroom-apartment-flat-for-sale-in-dadar-west-south-mumbai-1320-sqft-spid-V93184282,,20
Q92738286,PROPERTY,"3 BHK Flat in Dadar West, Mumbai","3 BHK Flat in Dadar West, Mumbai",Suraj The Palette,"Dadar West, Mumbai",₹8.5 Cr,"₹76,853 /sqft","1,106 sqft",(125 sqm),Carpet Area,3 BHK,3,Ready To Move,30th out of 49 Floors | Overlooking Park,,"This property faces the east direction. The floor plan additionally contains 3 bedroom(s), 3 bathrooms and 1 balcony. All in all, the flat is spread over a carpet area of 1106 sq.Ft. This flat is situated on the 30th floor of this 49 floors tall residential building. Moreover, the flat is currently under construction and possession is expected immediately. The floor of this flat is beautifully ...",Five Pillars,Dealer,,https://www.99acres.com/3-bhk-bedroom-apartment-flat-for-sale-in-suraj-the-palette-dadar-west-south-mumbai-1350-sqft-spid-Q92738286,,20
I45678817,PROPERTY,"4 BHK Flat in Dadar East, Mumbai","4 BHK Flat in Dadar East, Mumbai",The Bombay ICC,"Dadar East, Mumbai",₹11 Cr,"₹52,380 /sqft","2,100 sqft",(195 sqm),Carpet Area,4 BHK,5,Ready To Move,41st out of 63 Floors | Overlooking Park,,"A 4 bedroom resale flat, located in dadar (East), mumbai south, is available. It is a ready to move in semifurnished flat located in the bombay icc. Situated in a prominent locality, it is a 0-1 year old property, which is in its prime condition. The flat is on the 15th floor of the building. Aesthetically designed with marble flooring, this property has 5 bathroom(s). The property also has 2 b...",Jai Ambe Real estate,Dealer,,https://www.99acres.com/4-bhk-bedroom-apartment-flat-for-sale-in-the-bombay-icc-dadar-east-south-mumbai-2100-sqft-r27-spid-I45678817,,20
H39809605,PROPERTY,"3 BHK Flat in Dadar, Mumbai","3 BHK Flat in Dadar, Mumbai",RA Residences,"Dadar, Mumbai",₹9 Cr,"₹48,648 /sqft","1,850 sqft",(172 sqm),Carpet Area,3 BHK,4,Ready To Move,10th out of 41 Floors | 2 Covered Parking,,"High-Rise apartment for sale in south mumbai. This is a prime property located. This is a sea facing, 3 bhk flat available. The property is well structured and has been made with the highest standards yet available on very reasonable price. One of the most preferred apartments in south mumbai, very well has done up. Best price available. And also many more options available for 2/3/4/5/6 bhk in...",RoyalMax Realtors and Property Management,,,https://www.99acres.com/3-bhk-bedroom-apartment-flat-for-sale-in-dadar-mumbai-south-1850-sqft-r11-spid-H39809605,,20
Z81792090,PROPERTY,"3 BHK Flat in Dadar East, Mumbai","3 BHK Flat in Dadar East, Mumbai",RA Residences,"Dadar East, Mumbai",₹9.5 Cr,"₹51,676 /sqft","1,838.36 sqft",(265 sqm),Carpet Area,3 BHK,4,Ready To Move,8th out of 44 Floors | 3 Covered Parking,,"This premium 3 bhk is placed in one of the most sought after complexes in dadar, the ra residences. The property has a living and dining space, kitchen with access from the servant room as well (Servant room having an independent access from the floor lobby), 4 bedrooms, 4 washrooms and 2 decks. The unit comes with 3 dedicated car parking spaces which can be accessed by a ramp. The building has...",Oscar Realty,,,https://www.99acres.com/3-bhk-bedroom-apartment-flat-for-sale-in-ra-residences-dadar-east-south-mumbai-2850-sqft-r6-spid-Z81792090,,20
N89829592,PROPERTY,"4 BHK Flat in Shivaji Park, Dadar","4 BHK Flat in Shivaji Park, Dadar",sea face,"Shivaji Park, Dadar",₹12 Cr,"₹50,000 /sqft","2,400 sqft",(223 sqm),Super Built-up Area,4 BHK,4,Ready To Move,22nd out of 32 Floors | Overlooking Sea,,Sea facing 4 bhk available for sale in shivaji park on higher floor with car parking for more details and queries please do contact,Poonam Realtors,Dealer,,https://www.99acres.com/4-bhk-bedroom-apartment-flat-for-sale-in-shivaji-park-south-mumbai-2400-sqft-r1-spid-N89829592,,20
B93181744,PROPERTY,"3 BHK Flat in Shivaji Park, Dadar","3 BHK Flat in Shivaji Park, Dadar",on request,"Shivaji Park, Dadar",₹15 Cr,"₹60,000 /sqft","2,500 sqft",(232 sqm),Super Built-up Area,3 BHK,4,Under Construction,30th out of 38 Floors | Overlooking Park,,"This property faces the east direction. The flat is over 2500 sq.Ft. Super built up area and comes with 3 bedroom(s), 4 bathrooms and 1 balcony. This flat is situated on the 30th floor of this 38 floors tall residential building. As the property is currently under construction , you can expect to get the possession by march 2029. On request is designed very well to provide modern facilities suc...",Seabury Realtors,Dealer,,https://www.99acres.com/3-bhk-bedroom-apartment-flat-for-sale-in-shivaji-park-south-mumbai-2500-sqft-spid-B93181744,,20
I91668032,PROPERTY,"4 BHK Flat in Dadar East, Mumbai","4 BHK Flat in Dadar East, Mumbai",The Bombay ICC,"Dadar East, Mumbai",₹11.5 Cr,"₹46,000 /sqft","2,500 sqft",(232 sqm),Carpet Area,4 BHK,5,Ready To Move,11th out of 63 Floors | Overlooking Park,,"This residential flat is west-Facing direction. The flat is over 2500 sq.Ft. Carpet area and comes with 4 bedroom(s), 5 bathrooms . The flat has a total of 63 floors and this property is situated on 11th floor. As the project is already ready to move, so you can easily move into this 5-10 years old property. The floor of this flat is beautifully designed using marble flooring, giving the flat a...",Easy To Move In,,,https://www.99acres.com/4-bhk-bedroom-apartment-flat-for-sale-in-the-bombay-icc-dadar-east-south-mumbai-2500-sqft-spid-I91668032,,20
X64195848,PROPERTY,"4 BHK Flat in Dadar East, Mumbai","4 BHK Flat in Dadar East, Mumbai",The Bombay ICC,"Dadar East, Mumbai",₹11.75 Cr,"₹46,534 /sqft","2,525 sqft",(235 sqm),Carpet Area,4 BHK,6,Ready To Move,7th out of 58 Floors | Overlooking Park,,"Semi furnished 4bhk, icc-1, carpet area- 2525 sqft, this 4 bhk flat is available for sale in the bombay icc, one of the most prominent projects for residential apartments in dadar (East), south mumbai. The floor plan additionally contains 6 bathrooms and 1 balcony. All in all, the apartment is spread over an carpet area of 2525 sq.Ft.. The residential building has 58 floors in total . This 0-1 ...",Jai Ambe Real estate,Dealer,,https://www.99acres.com/4-bhk-bedroom-apartment-flat-for-sale-in-the-bombay-icc-dadar-east-south-mumbai-2525-sqft-r4-spid-X64195848,,20
D92594272,PROPERTY,"3 BHK Flat in Dadar West, Mumbai","3 BHK Flat in Dadar West, Mumbai",Suraj Ocean Star,"Dadar West, Mumbai",₹13 Cr,₹1 L /sqft,"1,300 sqft",(121 sqm),Carpet Area,3 BHK,3,Ready To Move,22nd out of 43 Floors,,"This property faces the east direction. Containing 3 bedroom(s), 3 bathrooms and 1 balcony, this flat is spread over a carpet area of 1300 sq.Ft. The property is located on the 22nd floor of a 43 floors tall building. An added advantage of this 0-1 year old flat is that it is available for immediate possession as the project is already ready to move. The well built marble flooring enhances the ...",Value Properties,,,https://www.99acres.com/3-bhk-bedroom-apartment-flat-for-sale-in-suraj-ocean-star-dadar-west-south-mumbai-1300-sqft-spid-D92594272,,20
Z88242266,PROPERTY,"3 BHK Flat in Dadar West, Mumbai","3 BHK Flat in Dadar West, Mumbai",Suraj Ocean Star,"Dadar West, Mumbai",₹13 Cr,"₹86,666 /sqft","1,500 sqft",(139 sqm),Super Built-up Area,3 BHK,3,Under Construction,25th out of 37 Floors | Overlooking Main Road,,"This property faces the east direction. The flat is over 1500 sq.Ft. Super built up area and comes with 3 bedroom(s), 3 bathrooms and 1 balcony. The residential building has 37 floors in total and the flat for sale is located on the 25th floor. This residential property is still under construction and will be available for possession within 6 months. The floor of this flat is beautifully design...",FIVE PILLARS,Dealer,,https://www.99acres.com/3-bhk-bedroom-apartment-flat-for-sale-in-suraj-ocean-star-dadar-west-south-mumbai-1500-sqft-r2-spid-Z88242266,,20
W75887193,PROPERTY,"3 BHK Flat in Dadar East, Mumbai","3 BHK Flat in Dadar East, Mumbai",The Bombay ICC,"Dadar East, Mumbai",₹8.8 Cr,"₹53,333 /sqft","1,650 sqft",(153 sqm),Carpet Area,3 BHK,4,Ready To Move,40th out of 60 Floors | Private Garden,,"Check out this 3 bhk apartment for sale in the bombay icc, a popular residential project that houses in-Demand flats in dadar east, mumbai south. The flat occupies a carpet area of 1650 sq.Ft. That consists of 3 bedrooms, 4 bathrooms and 1 balcony. The residential building has 60 floors in total and the flat for sale is located on the 20th floor. As the project is already ready to move, so you ...",RoyalMax Realtors and Property Management,,,https://www.99acres.com/3-bhk-bedroom-apartment-flat-for-sale-in-the-bombay-icc-dadar-east-south-mumbai-1650-sqft-r10-spid-W75887193,,20
T59582030,PROPERTY,"4 BHK Flat in Dadar East, Mumbai","4 BHK Flat in Dadar East, Mumbai",Bombay Realty Island City Center,"Dadar East, Mumbai",₹10 Cr,"₹48,169 /sqft","2,076 sqft",(193 sqm),Carpet Area,4 BHK,4,Ready To Move,40th out of 67 Floors | Recently Renovated,,"The apartment is well ventilated with single balcony and has 4 bathrooms. This is an unfurnished property. The area of the apartment is as follows: * carpet: 2076 sq.Ft. Other than the main bedrooms, hall and kitchen, the apartment has a servant room. The expected price of the property that is on the 40th floor of 67 floors is rs 10 crore",RoyalMax Realtors and Property Management,,,https://www.99acres.com/4-bhk-bedroom-apartment-flat-for-sale-in-bombay-realty-island-city-center-dadar-east-south-mumbai-2076-sqft-r12-spid-T59582030,,20
P88839244,PROPERTY,"4 BHK Flat in Dadar East, Mumbai","4 BHK Flat in Dadar East, Mumbai",Bombay Realty Island City Center,"Dadar East, Mumbai",₹14 Cr,"₹56,000 /sqft","2,500 sqft",(232 sqm),Carpet Area,4 BHK,4,Ready To Move,47th out of 59 Floors | Vaastu Compliant,,"The flat is facing the south direction. The flat is over 2500 sq.Ft. Carpet area and comes with 4 bedroom(s), 4 bathrooms . This flat is situated on the 47th floor of this 59 floors tall residential building. Being a ready to move project, you can expect immediate possession of this 5-10 years old property. The flat comes well built with vitrified flooring options. Proximity to landmarks like c...",K.Hemandas real estate,Dealer,,https://www.99acres.com/4-bhk-bedroom-apartment-flat-for-sale-in-bombay-realty-island-city-center-dadar-east-south-mumbai-2500-sqft-r1-spid-P88839244,,20
E92148906,PROPERTY,"4 BHK Flat in Dadar East, Mumbai","4 BHK Flat in Dadar East, Mumbai",The Bombay ICC,"Dadar East, Mumbai",₹11.5 Cr,"₹46,000 /sqft","2,500 sqft",(232 sqm),Carpet Area,4 BHK,4,Ready To Move,5th out of 59 Floors | Overlooking Park,,"One icc (Island city center) is a premium, ultra-Luxury residential skyscraper developed by bombay realty, located in dadar east, mumbai",KAILASH GUL RAJANI,,,https://www.99acres.com/4-bhk-bedroom-apartment-flat-for-sale-in-the-bombay-icc-dadar-east-south-mumbai-2500-sqft-spid-E92148906,,20
L89645100,PROPERTY,"3 BHK Flat in Shivaji Park, Dadar","3 BHK Flat in Shivaji Park, Dadar",Shree Siddhi,"Shivaji Park, Dadar",₹11.5 Cr,"₹62,229 /sqft","1,848 sqft",(172 sqm),Carpet Area,3 BHK,3,Ready To Move,3rd out of 19 Floors | Overlooking Main Road,,"Spacious 3bhk unfurnished apartment available for sale in the prime and prestigious location of shivaji park. Well-Designed layout with large living and dining area, offering excellent natural light and ventilation. Located in a well-Maintained building within a peaceful and premium residential neighbourhood. Close to reputed schools, hospitals, cafes, and all daily conveniences with excellent ...",Jugyah,Dealer,,https://www.99acres.com/3-bhk-bedroom-apartment-flat-for-sale-in-shree-siddhi-shivaji-park-south-mumbai-1848-sqft-spid-L89645100,,20
K92515642,PROPERTY,"6 BHK Flat in Dadar West, Mumbai","6 BHK Flat in Dadar West, Mumbai",Suraj Ocean Star,"Dadar West, Mumbai",₹25 Cr,"₹95,419 /sqft","2,620 sqft",(243 sqm),Carpet Area,6 BHK,6,Ready To Move,13th out of 30 Floors | 3 Covered Parking,,"Containing 6 bedroom(s), 6 bathrooms and 3 balconies, this flat is spread over a carpet area of 2620 sq.Ft. The residential building has 30 floors in total and the flat for sale is located on the 13th floor. This 1-5 years old property is available for immediate possession as the project is ready to move.",HT Luxury Properties Private Limited,Dealer,,https://www.99acres.com/6-bhk-bedroom-apartment-flat-for-sale-in-suraj-ocean-star-dadar-west-south-mumbai-2620-sqft-spid-K92515642,,20
A92736334,PROPERTY,"3 BHK Flat in Dadar West, Mumbai","3 BHK Flat in Dadar West, Mumbai",Suraj Ocean Star,"Dadar West, Mumbai",₹12.9 Cr,"₹80,625 /sqft","1,600 sqft",(149 sqm),Super Built-up Area,3 BHK,3,Under Construction,8th out of 42 Floors | Overlooking Main Road,,"This is a east-Facing property. Containing 3 bedroom(s), 3 bathrooms and 1 balcony, this flat is spread over a super built up area of 1600 sq.Ft. This flat lies on the 8th level of a 23 storey building. As the property is currently under construction , you can expect to get the possession within 6 months. The well built vitrified flooring enhances the aesthetic appeal of this flat. Another plus...",Five Pillars,Dealer,,https://www.99acres.com/3-bhk-bedroom-apartment-flat-for-sale-in-suraj-ocean-star-dadar-west-south-mumbai-1600-sqft-spid-A92736334,,20
S93180898,PROPERTY,"4 BHK Flat in Shivaji Park, Dadar","4 BHK Flat in Shivaji Park, Dadar",on request,"Shivaji Park, Dadar",₹19 Cr,"₹67,857 /sqft","2,800 sqft",(260 sqm),Super Built-up Area,4 BHK,5,Under Construction,34th out of 38 Floors | Overlooking Main Road,,"This property faces the east direction. The flat is over 2800 sq.Ft. Super built up area and comes with 4 bedroom(s), 5 bathrooms and 1 balcony. The property is located on the 34th floor of a 38 floors tall building. The flat is currently under construction stage and you can expect to get the possession of the property by september 2028. The floor of this flat is beautifully designed using othe...",Seabury Realtors,Dealer,,https://www.99acres.com/4-bhk-bedroom-apartment-flat-for-sale-in-shivaji-park-south-mumbai-2800-sqft-spid-S93180898,,20
Y92736764,PROPERTY,"3 BHK Flat in Dadar West, Mumbai","3 BHK Flat in Dadar West, Mumbai",Suraj Ocean Star,"Dadar West, Mumbai",₹12.9 Cr,"₹75,882 /sqft","1,700 sqft",(158 sqm),Super Built-up Area,3 BHK,3,Under Construction,21st out of 42 Floors | 3 side open,,"This residential flat is east-Facing direction. Constructed on a super built up area of 1700 sq.Ft., the flat comprises 3 bedroom(s), 3 bathrooms and 1 balcony. The flat has a total of 42 floors and this property is situated on 21st floor. Moreover, the flat is currently under construction and possession is expected within 6 months. The flat comes well built with vitrified flooring options. Thi...",Five Pillars,Dealer,,https://www.99acres.com/3-bhk-bedroom-apartment-flat-for-sale-in-suraj-ocean-star-dadar-west-south-mumbai-1700-sqft-spid-Y92736764,,20
Z93090940,PROPERTY,"6 BHK Flat in Dadar West, Mumbai","6 BHK Flat in Dadar West, Mumbai",Suraj Ocean Star,"Dadar West, Mumbai",₹23 Cr,"₹87,786 /sqft","2,620 sqft",(243 sqm),Carpet Area,6 BHK,6,Ready To Move,8th out of 30 Floors,,"The flat is over 2620 sq.Ft. Carpet area and comes with 6 bedroom(s), 6 bathrooms and 2 balconies. The property is located on the 8th floor of a 30 floors tall building. As the project is already ready to move, so you can easily move into this 1-5 years old property.",HT Luxury Properties Private Limited,Dealer,,https://www.99acres.com/6-bhk-bedroom-apartment-flat-for-sale-in-suraj-ocean-star-dadar-west-south-mumbai-2620-sqft-spid-Z93090940,,20
O92599226,PROPERTY,"4 BHK Flat in Dadar West, Mumbai","4 BHK Flat in Dadar West, Mumbai",Suraj Ocean Star,"Dadar West, Mumbai",₹20 Cr,₹1.08 L /sqft,"1,850 sqft",(172 sqm),Carpet Area,4 BHK,4,Ready To Move,22nd out of 43 Floors,,"The flat is facing the east direction. The flat occupies a carpet area of 1850 sq.Ft. That consists of 4 bedrooms, 4 bathrooms and 1 balcony. This flat lies on the 22nd level of a 43 storey building. As the project is already ready to move, so you can easily move into this 0-1 year old property. The well built marble flooring enhances the aesthetic appeal of this flat. The flat will offer a mod...",Value Properties,,,https://www.99acres.com/4-bhk-bedroom-apartment-flat-for-sale-in-suraj-ocean-star-dadar-west-south-mumbai-1850-sqft-spid-O92599226,,20
G93185708,PROPERTY,"4 BHK Flat in Dadar West, Mumbai","4 BHK Flat in Dadar West, Mumbai",Shivam Apartment,"Dadar West, Mumbai",₹18.5 Cr,"₹81,426 /sqft","2,272 sqft",(211 sqm),Carpet Area,4 BHK,4,Under Construction,15th out of 19 Floors | 3+ side open,,"The flat occupies a carpet area of 2272 sq.Ft. That consists of 4 bedrooms, 4 bathrooms and 3 balconies with unobstructed sea facing view. The flat has a total of 19 floors and this property is situated on 15th floor. As the property is currently under construction , you can expect to get the possession within 6 months. The society is well equipped with many modern amenities, including swimming...",Omprakash Dubey,Dealer,,https://www.99acres.com/4-bhk-bedroom-apartment-flat-for-sale-in-dadar-west-south-mumbai-2272-sqft-spid-G93185708,,20
404243,PROJECT,Lodha Divino,Lodha Divino,,"Matunga, Mumbai",₹3.92 - 4.81 Cr | ₹6.15 - 7.3 Cr | ₹8.59 - 9.44 Cr,,,,,4 BHK,,,,Eastern Express Highway | Lion Tarachand Bapa Hospital,"Looking for your dream home? Explore 2,3,4 BHK apartments in Matunga, now available in Lodha Divino. Apartments in this complex are available in price range of Rs. 3.92 - 9.44 Cr. Lodha Divino has apartments in multiple configurations, in range of 714 - 1,727 sqft. This society is RERA approved and P51900049433 is the RERA number",Lodha,,,https://www.99acres.com/lodha-divino-matunga-south-mumbai-npxid-r404243,2 BHK Apartment: ₹3.92 - 4.81 Cr | 3 BHK Apartment: ₹6.15 - 7.3 Cr | 4 BHK Apartment: ₹8.59 - 9.44 Cr,1
428425,PROJECT,Rustomjee 180 Bayview,Rustomjee 180 Bayview,,"Matunga West, Mumbai",₹4.58 - 4.6 Cr | ₹6.78 - 7.81 Cr | ₹9.24 Cr,,,,,4 BHK,,,,Matunga Station | Western Express Highway,"Looking for your dream home? Explore 2,3,4 BHK apartments in Matunga West, now available in Rustomjee 180 Bayview. Apartments in Rustomjee 180 Bayview have CARPET area ranging between 824 - 1,664 sqft. Apartments in this complex are available in price range of Rs. 4.58 - 9.24 Cr. Rustomjee 180 Bayview 's RERA registration number is P51900066547",Rustomjee Builders,,,https://www.99acres.com/rustomjee-180-bayview-matunga-west-mumbai-south-npxid-r428425,2 BHK Apartment: ₹4.58 - 4.6 Cr | 3 BHK Apartment: ₹6.78 - 7.81 Cr | 4 BHK Apartment: ₹9.24 Cr,1
467295,PROJECT,Codename Matunga Origins,Codename Matunga Origins,,"Matunga, Mumbai",₹2.38 - 3.04 Cr | ₹3.7 Cr,,,,,3 BHK,,,,Don Bosco High School | Ramnarain Ruia Autonomous College,"Check out 2,3 BHK apartments in Matunga, now available for sale at Codename Matunga Origins. This society offers apartments in the price range of Rs. 2.38 - 3.7 Cr. Codename Matunga Origins apartments are available in multiples sizes, ranging from 557 - 900 sqft CARPET area. This society is RERA approved and PM1170002501263 is the RERA number",JP Infra,,,https://www.99acres.com/codename-matunga-origins-matunga-south-mumbai-npxid-r467295,2 BHK Apartment: ₹2.38 - 3.04 Cr | 3 BHK Apartment: ₹3.7 Cr,1
403699,PROJECT,Godrej Five Gardens,Godrej Five Gardens,,"Matunga, Mumbai",₹10.5 - 15.11 Cr,,,,,3 BHK,,,,Don Bosco High School | Institute of Chemical Technology,"Godrej Five Gardens society now offers elegantly built 3 BHK apartments in Matunga. Prices of apartments in this project, vary between Rs. 10.5 - 15.11 Cr. Godrej Five Gardens has apartments in multiple configurations, in range of 1,040 - 1,496 sqft. This society is RERA approved and P51900048424 is the RERA number",Godrej Properties,,,https://www.99acres.com/godrej-five-gardens-matunga-south-mumbai-npxid-r403699,3 BHK Apartment: ₹10.5 - 15.11 Cr,1
D86929016,PROPERTY,"6 BHK Flat in Matunga, Mumbai","6 BHK Flat in Matunga, Mumbai",Happy Home Kamal Kunj,"Matunga, Mumbai",₹13.5 Cr,"₹67,500 /sqft","2,000 sqft",(186 sqm),Carpet Area,6 BHK,4,Ready To Move,7th out of 22 Floors | Overlooking Park,,"Rare gem! 2000 sq ft carpet, 6 bhk luxury in matunga east! New (2018) happy home project steps from five gardens A once-In-A-Lifetime opportunity for large families seeking unmatched space! (Opportunity to create 2x3bed flat from one) Quick facts (Must-See) Location: 582, jame jamshed road, matunga east Carpet area: Massive 2,000 sq. Ft. (Actual carpet) Configuration: 6 bedrooms / big drawing r...",Owner,4mo ago,,https://www.99acres.com/6-bhk-bedroom-apartment-flat-for-sale-in-happy-home-kamal-kunj-matunga-south-mumbai-2000-sqft-spid-D86929016,,1
390304,PROJECT,Jivan Prakash 89 Buildcon,Jivan Prakash 89 Buildcon,,"Matunga West, Mumbai",₹3.23 - 4.22 Cr | ₹4.53 - 5.16 Cr,,,,,3 BHK,,,,Mahim Beach | Kohinoor Square,"Choose your dream home from the wide variety of 2,3 BHK apartments in Matunga West, available for sale in Jivan Prakash 89 Buildcon. Jivan Prakash 89 Buildcon is a RERA- registered society and P51900034521 is the RERA registration number. Jivan Prakash 89 Buildcon has apartments in multiple configurations, in range of 682 - 1,088 sqft. Apartments in this complex are available in price range of Rs. 3.23 - 5.16 Cr",Eighty Nine Buildcon LLP,,,https://www.99acres.com/jivan-prakash-89-buildcon-matunga-west-mumbai-south-npxid-r390304,2 BHK Apartment: ₹3.23 - 4.22 Cr | 3 BHK Apartment: ₹4.53 - 5.16 Cr,1
447590,PROJECT,Paramount By Gala Habitats,Paramount By Gala Habitats,,"Matunga East, Mumbai",₹5.98 Cr,,,,,3 BHK,,,,VedaVyasa Global School | National Highway 48,"Here are beautifully built 3 BHK apartments in Matunga East, available for sale at Paramount By Gala Habitats. Prices of apartments in this project, vary between Rs. 5.98 Cr. Paramount By Gala Habitats has apartments in multiple configurations, in range of 1,245 sqft. This society is RERA approved and P51900079704 is the RERA number",Gala Habitats LLP,,,https://www.99acres.com/paramount-by-gala-habitats-matunga-east-mumbai-south-npxid-r447590,3 BHK Apartment: ₹5.98 Cr,1
S89244675,PROPERTY,"3 BHK Flat in Matunga, Mumbai","3 BHK Flat in Matunga, Mumbai",The Godrej 5 gardens,"Matunga, Mumbai",₹13 Cr,"₹78,787 /sqft","1,650 sqft",(153 sqm),Built-up Area,3 BHK,3,Under Construction,31st out of 34 Floors | North-East Facing,,"The flat is facing the north-East direction. Constructed on a built up area of 1650 sq.Ft., the flat comprises 3 bedroom(s), 3 bathrooms and 1 balcony. The property is located on the 31st floor of a 34 floors tall building. As the property is currently under construction , you can expect to get the possession by june 2027. The well built vitrified flooring enhances the aesthetic appeal of this ...",MANISHA ENTERPRISES,,,https://www.99acres.com/3-bhk-bedroom-apartment-flat-for-sale-in-matunga-south-mumbai-1650-sqft-r2-spid-S89244675,,1
P85602552,PROPERTY,"2 BHK Flat in Matunga West, Mumbai","2 BHK Flat in Matunga West, Mumbai",Aditya Elegance,"Matunga West, Mumbai",₹3.25 Cr,"₹40,625 /sqft",800 sqft,(74 sqm),Built-up Area,2 BHK,2,Ready To Move,6th out of 18 Floors | North-East Facing,,"Looking for a 2 bhk property for sale in mumbai south? Buy this 2 bhk flat in aditya elegance that is situated in matunga west, mumbai south. Containing 2 bedroom(s), 2 bathrooms , this flat is spread over a built up area of 800 sq.Ft. This flat is situated on the 6th floor of this 18 floors tall residential building. This is a ready to move project and the property is 1-5 years old. Parking if...",MANISHA ENTERPRISES,,,https://www.99acres.com/2-bhk-bedroom-apartment-flat-for-sale-in-aditya-elegance-matunga-west-mumbai-south-800-sqft-r3-spid-P85602552,,1
275119,PROJECT,PrinceCare Amaraa,PrinceCare Amaraa,,"Matunga East, Mumbai",₹3.37 Cr | ₹4.99 - 5.09 Cr | ₹10.14 Cr,,,,,4 BHK,,,,,"Here are beautifully built 2,3,4 BHK apartments in Matunga East, available for sale at PrinceCare Amaraa. PrinceCare Amaraa has apartments in multiple configurations, in range of 662 - 1,989 sqft. Prices of apartments in this project, vary between Rs. 3.37 - 10.14 Cr. This society is RERA approved and P51900077461 is the RERA number",PrinceCare Realty,,,https://www.99acres.com/princecare-amaraa-matunga-east-mumbai-south-npxid-r275119,2 BHK Apartment: ₹3.37 Cr | 3 BHK Apartment: ₹4.99 - 5.09 Cr | 4 BHK Apartment: ₹10.14 Cr,1
F89147783,PROPERTY,"2 BHK Flat in Matunga West, Mumbai","2 BHK Flat in Matunga West, Mumbai",Mahim Rajanigandha,"Matunga West, Mumbai",₹2.75 Cr,"₹41,666 /sqft",660 sqft,(61 sqm),Built-up Area,2 BHK,2,Ready To Move,6th out of 6 Floors | 1 Open Parking,,"2 bhk flat for sale with full light & air Location - Matunga west, mumbai - 400016. Possession - 15 may 2026 (For people buying for own usage) / immediate (For investors wz condition to continue wz current tenant atleast till 15 may 2026. Building details - Stand alone, 6 floor building with security guard Flat floor - 6 (Top floor but no leakage) Bua as per agreement - 660 sq. Ft Lift - Yes Pa...",Owner,5mo ago,,https://www.99acres.com/2-bhk-bedroom-apartment-flat-for-sale-in-matunga-west-mumbai-south-660-sqft-spid-F89147783,,1
T91680100,PROPERTY,"2 BHK Flat in Matunga, Mumbai","2 BHK Flat in Matunga, Mumbai",Lodha Divino,"Matunga, Mumbai",₹4.2 Cr,"₹48,951 /sqft",858 sqft,(80 sqm),Carpet Area,2 BHK,2,Under Construction,35th out of 38 Floors | Overlooking Club House,,"This is a east-Facing property. Constructed on a carpet area of 858 sq.Ft., the flat comprises 2 bedroom(s), 2 bathrooms and 1 balcony. This flat lies on the 35th level of a 38 storey building. The flat is currently under construction stage and you can expect to get the possession of the property by 2028. The marble flooring of this flat is beautifully designed and helps to give it a pleasing l...",DNP properties,,,https://www.99acres.com/2-bhk-bedroom-apartment-flat-for-sale-in-lodha-divino-matunga-south-mumbai-858-sqft-spid-T91680100,,1
251409,PROJECT,Spenta Medius,Spenta Medius,,"Matunga West, Mumbai",₹4.08 - 5.02 Cr | ₹5.98 - 8.02 Cr,,,,,3 BHK,,,,P. D. Hinduja Hospital | Bombay Scottish School,"Spacious 2,3 BHK apartments in Matunga West are available for sale.Check out latest property options at Spenta Medius housing society. This society is RERA approved and P51900006152 is the RERA number. Here units have different sizes, mostly in range of 712 - 1,401 sqft CARPET area. Apartments in this complex are available in price range of Rs. 4.08 - 8.02 Cr",Spenta and Anchor Properties,,,https://www.99acres.com/spenta-medius-matunga-west-mumbai-south-npxid-r251409,2 BHK Apartment: ₹4.08 - 5.02 Cr | 3 BHK Apartment: ₹5.98 - 8.02 Cr,1
O90170902,PROPERTY,"2 BHK Flat in Matunga, Mumbai","2 BHK Flat in Matunga, Mumbai",Rajasthan Surya Square,"Matunga, Mumbai",₹2.9 Cr,"₹46,031 /sqft",630 sqft,(59 sqm),Carpet Area,2 BHK,2,Ready To Move,18th out of 21 Floors | Overlooking Main Road,,"This residential flat is north-East-Facing direction. Constructed on a carpet area of 630 sq.Ft., the flat comprises 2 bedroom(s), 2 bathrooms . This flat lies on the 18th level of a 21 storey building. Being a ready to move project, you can expect immediate possession of this 0-1 year old property. The beautifully designed vitrified flooring enhances the beauty of the flat. The society complex...",D A Ventures,Dealer,,https://www.99acres.com/2-bhk-bedroom-apartment-flat-for-sale-in-rajasthan-surya-square-matunga-south-mumbai-630-sqft-r1-spid-O90170902,,1
D80012515,PROPERTY,"2 BHK Flat in Matunga, Mumbai","2 BHK Flat in Matunga, Mumbai",Tangent Sumati Heights,"Matunga, Mumbai",₹3.5 Cr,"₹47,554 /sqft",736 sqft,(68 sqm),Carpet Area,2 BHK,2,Ready To Move,18th out of 20 Floors | North-East Facing,,"Situated in matunga, mumbai south, tangent sumati heights is a well planned society that offers a pleasant living experience to its residents. This 2 bhk flat in mumbai south is your opportunity to be a part of this community. The flat is north-East-Facing. The flat is over 736 sq.Ft. Carpet area and comes with 2 bedroom(s), 2 bathrooms . This flat lies on the 18th level of a 20 storey building...",Matrix Realty Solutions,Dealer,,https://www.99acres.com/2-bhk-bedroom-apartment-flat-for-sale-in-tangent-sumati-heights-matunga-south-mumbai-736-sqft-r8-spid-D80012515,,1
T89605332,PROPERTY,"1 BHK Flat in Matunga East, Mumbai","1 BHK Flat in Matunga East, Mumbai",good chs,"Matunga East, Mumbai",₹2.75 Cr,"₹54,780 /sqft",502 sqft,(47 sqm),Carpet Area,1 BHK,1,Ready To Move,8th out of 15 Floors | Overlooking Main Road,,"The flat is facing the north-East direction. The flat occupies a carpet area of 502 sq.Ft. That consists of 1 bedroom, 1 bathroom . The property is located on the 8th floor of a 15 floors tall building. This is a ready to move project and the property is 1-5 years old. The well built vitrified flooring enhances the aesthetic appeal of this flat. The society complex is in the close vicinity of c...",Arham Real Estate Consultants,Dealer,,https://www.99acres.com/1-bhk-bedroom-apartment-flat-for-sale-in-matunga-east-mumbai-south-502-sqft-r1-spid-T89605332,,1
P93288422,PROPERTY,"2 BHK Flat in Matunga, Mumbai","2 BHK Flat in Matunga, Mumbai",matunga chs,"Matunga, Mumbai",₹3.25 Cr,"₹48,507 /sqft",670 sqft,(62 sqm),Carpet Area,2 BHK,3,Ready To Move,8th out of 20 Floors | Overlooking Main Road,,2 bhk flat for sale Unfurnished Carpet - 670 sqft 1 covered car parking Very peacefull n convinant location 1 mins walking distance from matunga station 4 mins walking distance from shitala devi metro station,Divine Housing,Dealer,,https://www.99acres.com/2-bhk-bedroom-apartment-flat-for-sale-in-matunga-south-mumbai-670-sqft-spid-P93288422,,1
E90575484,PROPERTY,"2 BHK Flat in Matunga East, Mumbai","2 BHK Flat in Matunga East, Mumbai",ON REQUEST,"Matunga East, Mumbai",₹4.1 Cr,"₹44,565 /sqft",920 sqft,(85 sqm),Super Built-up Area,2 BHK,2,Ready To Move,6th out of 10 Floors | East Facing,,"Constructed on a super built up area of 920 sq.Ft., the flat comprises 2 bedroom(s), 2 bathrooms and 1 balcony. The flat has a total of 10 floors and this property is situated on 6th floor. Being a ready to move project, you can expect immediate possession of this 0-1 year old property. All the modern amenities such as, fitness centre / gym, park and lift(s) will make life easier for you.",Prospect Realty,Dealer,,https://www.99acres.com/2-bhk-bedroom-apartment-flat-for-sale-in-matunga-east-mumbai-south-920-sqft-r1-spid-E90575484,,1
U91728116,PROPERTY,"2 BHK Flat in Matunga East, Mumbai","2 BHK Flat in Matunga East, Mumbai",Vasant CHS,"Matunga East, Mumbai",₹2.95 Cr,"₹45,384 /sqft",650 sqft,(60 sqm),Carpet Area,2 BHK,3,Ready To Move,2nd out of 3 Floors | 1 Covered Parking,,"Located in vasant chs, matunga east, this unfurnished 2 bhk apartment offers 650 sqft on the 2nd floor of a low-Rise, 10+ year old building. Featuring 2 bedrooms and 3 bathrooms, it includes parking and visitor parking. Immediate availability near gandhi market, poly clinic, and other local amenities makes this an ideal residential sale opportunity.",Owner,2mo ago,,https://www.99acres.com/2-bhk-bedroom-apartment-flat-for-sale-in-vasant-chs-matunga-east-mumbai-south-650-sqft-spid-U91728116,,1
O90139130,PROPERTY,"2 BHK Flat in Matunga East, Mumbai","2 BHK Flat in Matunga East, Mumbai",Ikebana,"Matunga East, Mumbai",₹4.5 Cr,"₹40,909 /sqft","1,100 sqft",(102 sqm),Built-up Area,2 BHK,2,Ready To Move,7th out of 21 Floors | 1 Covered Parking,,"Discover this spacious and well-Maintained 2 bhk semi-Furnished apartment available for sale in the premium locality of matunga east, mumbai just next to a jain temple .Situated on the 7th floor of the prestigious ikebana project, this ready-To-Move-In home offers a built-Up area of 1100 sq.Ft. And is ideal for families looking for a comfortable and well-Connected lifestyle. The apartment compr...",Owner,3mo ago,,https://www.99acres.com/2-bhk-bedroom-apartment-flat-for-sale-in-matunga-east-mumbai-south-1100-sqft-spid-O90139130,,1
F91924524,PROPERTY,"2 BHK Flat in Matunga, Mumbai","2 BHK Flat in Matunga, Mumbai",Tangent Sumati Heights,"Matunga, Mumbai",₹3.6 Cr,"₹49,315 /sqft",730 sqft,(68 sqm),Carpet Area,2 BHK,2,Ready To Move,14th out of 19 Floors | Overlooking Park,,"The flat is north-Facing. Containing 2 bedroom(s), 2 bathrooms and more than 3 balconies, this flat is spread over a carpet area of 730 sq.Ft. The flat has a total of 19 floors and this property is situated on 14th floor. This 0-1 year old property is available for immediate possession as the project is ready to move. The well built ceramic flooring enhances the aesthetic appeal of this flat. T...",Om Properties,Dealer,,https://www.99acres.com/2-bhk-bedroom-apartment-flat-for-sale-in-tangent-sumati-heights-matunga-south-mumbai-730-sqft-spid-F91924524,,1
X83414354,PROPERTY,"1 BHK Flat in Matunga East, Mumbai","1 BHK Flat in Matunga East, Mumbai",Good Chs,"Matunga East, Mumbai",₹2.8 Cr,"₹57,142 /sqft",490 sqft,(46 sqm),Carpet Area,1 BHK,2,Ready To Move,6th out of 20 Floors | Overlooking Main Road,,"This 1 bhk flat is located in good chs, which houses some of the most spacious flats in matunga east, mumbai south. This is a north-East-Facing property. The flat occupies a carpet area of 490 sq.Ft. That consists of 1 bedroom, 2 bathrooms . This flat is situated on the 6th floor of this 20 floors tall residential building. This 1-5 years old property is available for immediate possession as th...",Arham Real Estate Consultants,Dealer,,https://www.99acres.com/1-bhk-bedroom-apartment-flat-for-sale-in-matunga-east-mumbai-south-490-sqft-r4-spid-X83414354,,1
A87509760,PROPERTY,"2 BHK Flat in Matunga East, Mumbai","2 BHK Flat in Matunga East, Mumbai",Good Chs,"Matunga East, Mumbai",₹3.5 Cr,"₹50,215 /sqft",697 sqft,(65 sqm),Carpet Area,2 BHK,2,Ready To Move,12th out of 21 Floors | Overlooking Main Road,,"Looking for a 2 bhk property for sale in mumbai south? Buy this 2 bhk flat in good chs that is situated in matunga east, mumbai south. This residential flat is north-East-Facing direction. Constructed on a carpet area of 697 sq.Ft., the flat comprises 2 bedroom(s), 2 bathrooms . The property is located on the 12th floor of a 21 floors tall building. This 1-5 years old property is available for ...",Arham Real Estate Consultants,Dealer,,https://www.99acres.com/2-bhk-bedroom-apartment-flat-for-sale-in-matunga-east-mumbai-south-697-sqft-r2-spid-A87509760,,1
C90458134,PROPERTY,"1 BHK Flat in Matunga West, Mumbai","1 BHK Flat in Matunga West, Mumbai",Jewel Crest,"Matunga West, Mumbai",₹2.4 Cr,"₹54,545 /sqft",440 sqft,(41 sqm),Carpet Area,1 BHK,2,Ready To Move,10th out of 11 Floors | East Facing,,"This residential flat is east-Facing direction. The floor plan additionally contains 1 bedroom(s), 2 bathrooms . All in all, the flat is spread over a carpet area of 440 sq.Ft. This flat lies on the 10th level of a 11 storey building. This 1-5 years old property is available for immediate possession as the project is ready to move. The beautifully designed marble flooring enhances the beauty of...",Ck Real Estate Consultant,Dealer,,https://www.99acres.com/1-bhk-bedroom-apartment-flat-for-sale-in-jewel-crest-matunga-west-mumbai-south-440-sqft-spid-C90458134,,1
U90716584,PROPERTY,"1 BHK Flat in Matunga West, Mumbai","1 BHK Flat in Matunga West, Mumbai",Shreeji Villa,"Matunga West, Mumbai",₹2.45 Cr,"₹55,681 /sqft",440 sqft,(41 sqm),Carpet Area,1 BHK,1,Ready To Move,31st out of 31 Floors | Overlooking Main Road,,"The flat occupies a carpet area of 440 sq.Ft. That consists of 1 bedroom, 1 bathroom . The property is located on the top floor of a 31 floors tall building. As the project is already ready to move, so you can easily move into this 5-10 years old property.",Ck Real Estate Consultant,Dealer,,https://www.99acres.com/1-bhk-bedroom-apartment-flat-for-sale-in-shreeji-villa-matunga-west-mumbai-south-440-sqft-spid-U90716584,,1
L79122883,PROPERTY,"2 BHK Flat in Matunga East, Mumbai","2 BHK Flat in Matunga East, Mumbai",CHS LTD,"Matunga East, Mumbai",₹3.5 Cr,"₹51,470 /sqft",680 sqft,(63 sqm),Carpet Area,2 BHK,2,Ready To Move,20th out of 40 Floors | Overlooking Park,,"This property faces the east direction. Containing 2 bedroom(s), 2 bathrooms , this flat is spread over a carpet area of 680 sq.Ft. This flat is situated on the 20th floor of this 40 floors tall residential building. Being a ready to move project, you can expect immediate possession of this 5-10 years old property. The society is well equipped with many modern amenities, including lift(s), fitn...",Arham Real Estate Consultants,Dealer,,https://www.99acres.com/2-bhk-bedroom-apartment-flat-for-sale-in-matunga-east-mumbai-south-680-sqft-r6-spid-L79122883,,2
O89480370,PROPERTY,"2 BHK Flat in Matunga East, Mumbai","2 BHK Flat in Matunga East, Mumbai",Tanishq Holihock,"Matunga East, Mumbai",₹3.25 Cr,"₹43,218 /sqft",752 sqft,(70 sqm),Carpet Area,2 BHK,2,Ready To Move,6th out of 7 Floors | North-East Facing,,"This residential flat is north-East-Facing direction. The flat is over 752 sq.Ft. Carpet area and comes with 2 bedroom(s), 2 bathrooms . This flat is situated on the 6th floor of this 7 floors tall residential building. As the project is already ready to move, so you can easily move into this 10+ years old property. The beautifully designed vitrified flooring enhances the beauty of the flat. Al...",MANISHA ENTERPRISES,,,https://www.99acres.com/2-bhk-bedroom-apartment-flat-for-sale-in-tanishq-holihock-matunga-east-mumbai-south-752-sqft-r1-spid-O89480370,,2
W91585878,PROPERTY,"2 BHK Flat in Matunga West, Mumbai","2 BHK Flat in Matunga West, Mumbai",vinay building,"Matunga West, Mumbai",₹3.55 Cr,"₹44,375 /sqft",800 sqft,(74 sqm),Carpet Area,2 BHK,2,Ready To Move,2nd out of 3 Floors | Overlooking Park,,"All windows have garden view, fully furnished.",Owner,2mo ago,,https://www.99acres.com/2-bhk-bedroom-apartment-flat-for-sale-in-matunga-west-mumbai-south-800-sqft-spid-W91585878,,2
R89752694,PROPERTY,"2 BHK Flat in Matunga West, Mumbai","2 BHK Flat in Matunga West, Mumbai",Jivan Prakash 89 Buildcon,"Matunga West, Mumbai",₹3.35 Cr,"₹44,844 /sqft",747.02 sqft,(84 sqm),Carpet Area,2 BHK,3,Ready To Move,10th out of 21 Floors | East Facing,,"Come & explore this spacious 2bhk apartment in new building located at matunga west. It offers superb view of city skyline with multiple amenities and services catering to all age groups of your families. It is conveniently located and access to malls, educational institutions, hospitals, railways and metro etc all in the vicinity. Connect for more details and schedule site inspection at earliest.",Jalaram Real Estate,,,https://www.99acres.com/2-bhk-bedroom-apartment-flat-for-sale-in-jivan-prakash-89-buildcon-matunga-west-mumbai-south-900-sqft-r2-spid-R89752694,,2
N92950400,PROPERTY,"Studio Apartments / 1 RK Flats in Matunga East, Mumbai","Studio Apartments / 1 RK Flats in Matunga East, Mumbai",Panchsheel Apartment,"Matunga East, Mumbai",₹75 Lac,"₹33,333 /sqft",225 sqft,(21 sqm),Built-up Area,1 BHK,1,Ready To Move,,,"I have a studio apartment available for sale in worli naka, mumbai south. Available at price of rs 7500000. It has built up area of 225 sqft. It has 1 bhk, 1 bathroom, 0 balcony.It is a cooperative property",Owner,2w ago,,https://www.99acres.com/studio-apartment-flat-for-sale-in-panchsheel-apartment-matunga-east-mumbai-south-225-sqft-spid-N92950400,,2
M90985198,PROPERTY,"3 BHK Flat in Matunga East, Mumbai","3 BHK Flat in Matunga East, Mumbai",Hubtown Harmony,"Matunga East, Mumbai",₹2.48 Cr,"₹44,364 /sqft",559 sqft,(52 sqm),Carpet Area,3 BHK,3,Ready To Move,5th out of 17 Floors | 1 Covered Parking & 1 Open Parking,,"Situated in matunga easts hubtown harmony, this unfurnished 3 bhk flat offers 559 sqft on the 5th floor of a 17-Story high-Rise. With 3 bedrooms, 3 bathrooms, and immediate availability, residents enjoy a corner property with parking, a clubhouse, gym, and lifts. Nearby markets and hospitals add convenience to this 5-10 year old residential apartment.",Owner,3mo ago,,https://www.99acres.com/3-bhk-bedroom-apartment-flat-for-sale-in-hubtown-harmony-matunga-east-mumbai-south-559-sqft-spid-M90985198,,2
W92956602,PROPERTY,"1 BHK Flat in Matunga West, Mumbai","1 BHK Flat in Matunga West, Mumbai",Zara Horizon,"Matunga West, Mumbai",₹2.6 Cr,"₹64,197 /sqft",405 sqft,(38 sqm),Carpet Area,1 BHK,2,Ready To Move,15th out of 23 Floors | Overlooking Main Road,,"The flat is east-Facing. Constructed on a carpet area of 405 sq.Ft., the flat comprises 1 bedroom(s), 2 bathrooms and 2 balconies. This flat lies on the 15th level of a 23 storey building. Being a ready to move project, you can expect immediate possession of this 1-5 years old property. Another plus point for this is that it is situated near close to metro station, close to school, close to hos...",Amit Enterprises,Dealer,,https://www.99acres.com/1-bhk-bedroom-apartment-flat-for-sale-in-zara-horizon-matunga-west-mumbai-south-405-sqft-spid-W92956602,,2
J92927356,PROPERTY,"1 BHK Flat in Matunga West, Mumbai","1 BHK Flat in Matunga West, Mumbai",Redevelop Chs,"Matunga West, Mumbai",₹2.5 Cr,"₹55,555 /sqft",450 sqft,(42 sqm),Carpet Area,1 BHK,1,Ready To Move,GF out of 3 Floors | East Facing,,An excellent investment opportunity is waiting for you to grab. A decent 1bhk in premium location is up for sale. This building is scheduled to go in redevelopment in coming months. Post redevelopment it will be iconic tower in the location with multiple amenities and good layout. This 1bhk will be upgraded to 2bhk in new tower. So connect for more details and schedule the inspection at the ear...,Jalaram Real Estate,,,https://www.99acres.com/1-bhk-bedroom-apartment-flat-for-sale-in-matunga-west-mumbai-south-450-sqft-spid-J92927356,,2
C93176934,PROPERTY,"2 BHK Flat in Matunga East, Mumbai","2 BHK Flat in Matunga East, Mumbai",Hubtown Harmony,"Matunga East, Mumbai",₹1.85 Cr,"₹43,427 /sqft",426 sqft,(40 sqm),Carpet Area,2 BHK,2,Ready To Move,1st out of 16 Floors | Overlooking Park,,"Hurry up Grab it... Till it gets sold... Dear all, A best 2 bhk flat at prime location of matunga east for sale in hubtown harmony, bhandarkar road no.4,matunga east, mumbai. Eastern express highway,kingcircle,matunga railway station and all education institutes nearby are at just walking distance. Property details: Project: Hubtown harmony Location: Matunga east Area: 426 sq.Ft. Configuration:...",Owner,6d ago,,https://www.99acres.com/2-bhk-bedroom-apartment-flat-for-sale-in-hubtown-harmony-matunga-east-mumbai-south-426-sqft-spid-C93176934,,2
K89900796,PROPERTY,"2 BHK Flat in Matunga East, Mumbai","2 BHK Flat in Matunga East, Mumbai",Good Chs,"Matunga East, Mumbai",₹3.85 Cr,"₹50,657 /sqft",760 sqft,(71 sqm),Carpet Area,2 BHK,2,Ready To Move,6th out of 9 Floors | Overlooking Main Road,,"This property faces the north-East direction. Containing 2 bedroom(s), 2 bathrooms and 2 balconies, this flat is spread over a carpet area of 760 sq.Ft. The property is located on the 6th floor of a 9 floors tall building. Being a ready to move project, you can expect immediate possession of this 5-10 years old property. The beautifully designed vitrified flooring enhances the beauty of the fla...",Arham Real Estate Consultants,Dealer,,https://www.99acres.com/2-bhk-bedroom-apartment-flat-for-sale-in-matunga-east-mumbai-south-760-sqft-r1-spid-K89900796,,2
G90668152,PROPERTY,"3 BHK Flat in Matunga East, Mumbai","3 BHK Flat in Matunga East, Mumbai",JP Infra Matunga Origins,"Matunga East, Mumbai",₹4 Cr,"₹36,363 /sqft","1,100 sqft",(102 sqm),Super Built-up Area,3 BHK,3,Under Construction,12th out of 15 Floors | 2 Covered Parking,,"Jp infra matunga origins, an under construction project boasts of 2bhk & 3bhk apartments located in the heart of matunga. The project offers excellent connectivity with eastern expressway & is walking distance from matunga & king circle railway stations as well as maheshwari udyaan. The project has state of the art amenities including gymnasium, kids play area, garden area with dedicated car pa...",Olive Address Estate Consultants,Dealer,,https://www.99acres.com/3-bhk-bedroom-apartment-flat-for-sale-in-matunga-east-mumbai-south-1100-sqft-r1-spid-G90668152,,2
A90363028,PROPERTY,"2 BHK Flat in Matunga East, Mumbai","2 BHK Flat in Matunga East, Mumbai",On Request,"Matunga East, Mumbai",₹4.15 Cr,"₹53,548 /sqft",775 sqft,(72 sqm),Carpet Area,2 BHK,2,Ready To Move,4th out of 10 Floors | East Facing,,"The flat occupies a carpet area of 775 sq.Ft. That consists of 2 bedrooms, 2 bathrooms and 1 balcony. The property is located on the 4th floor of a 10 floors tall building. This is a ready to move project and the property is 1-5 years old. Near five gardens, matunga east",Landmark Estates,Dealer,,https://www.99acres.com/2-bhk-bedroom-apartment-flat-for-sale-in-matunga-east-mumbai-south-775-sqft-spid-A90363028,,2
S88940622,PROPERTY,"2 BHK Flat in Matunga West, Mumbai","2 BHK Flat in Matunga West, Mumbai",On Request,"Matunga West, Mumbai",₹4 Cr,"₹59,523 /sqft",672 sqft,(62 sqm),Carpet Area,2 BHK,2,Ready To Move,27th out of 31 Floors | Overlooking Main Road,,"Available for sell 2 bhk in matunga west, 672 sqft carpet un-Furnished flat on higher floor, one covered car parking, all modern amenities price rs 4 cr ++ possession ready to move for more information please call hariom estate consultant.",Hariom Estate Consultants,,,https://www.99acres.com/2-bhk-bedroom-apartment-flat-for-sale-in-matunga-west-mumbai-south-672-sqft-r2-spid-S88940622,,2
V90573504,PROPERTY,"2 BHK Flat in Mahalaxmi Sindhi Colony, Matunga, Mumbai","2 BHK Flat in Mahalaxmi Sindhi Colony, Matunga, Mumbai",Wadhwa Pristine,"Mahalaxmi Sindhi Colony, Matunga, Mumbai",₹4.65 Cr,"₹61,103 /sqft",761 sqft,(71 sqm),Carpet Area,2 BHK,2,Ready To Move,25th out of 39 Floors | Overlooking Main Road,,"The flat is facing the east direction. The flat is over 763 sq.Ft. Super built up area and comes with 2 bedroom(s), 2 bathrooms . This flat is situated on the 25th floor of this 39 floors tall residential building. As the project is already ready to move, so you can easily move into this 1-5 years old property. The well built vitrified flooring enhances the aesthetic appeal of this flat. All th...",MITESH PRAMOD ADVIRKAR,,,https://www.99acres.com/2-bhk-bedroom-apartment-flat-for-sale-in-wadhwa-pristine-mahalaxmi-sindhi-colony-mumbai-south-763-sqft-spid-V90573504,,2
V80826159,PROPERTY,"2 BHK Flat in Mahalaxmi Sindhi Colony, Matunga, Mumbai","2 BHK Flat in Mahalaxmi Sindhi Colony, Matunga, Mumbai",Wadhwa Pristine,"Mahalaxmi Sindhi Colony, Matunga, Mumbai",₹4.6 Cr,"₹60,446 /sqft",761 sqft,(71 sqm),Carpet Area,2 BHK,2,Ready To Move,10th out of 44 Floors | East Facing,,Wadhwa pristine is premium building offering from wadhwa in dadar west close to shivaji park (This is in the same plot of w54 building).,Owner,1mo ago,,https://www.99acres.com/2-bhk-bedroom-apartment-flat-for-sale-in-wadhwa-pristine-mahalaxmi-sindhi-colony-mumbai-south-761-sqft-r1-spid-V80826159,,2
H93263176,PROPERTY,"3 BHK Flat in Matunga East, Mumbai","3 BHK Flat in Matunga East, Mumbai",on request,"Matunga East, Mumbai",₹4.75 Cr,"₹38,000 /sqft","1,250 sqft",(116 sqm),Carpet Area,3 BHK,3,Ready To Move,6th out of 21 Floors | Overlooking Main Road,,Calm n quiet location new construction only one apartment per floor 3 lifts with 2 parking spaces,The Indian Properties,Dealer,,https://www.99acres.com/3-bhk-bedroom-apartment-flat-for-sale-in-matunga-east-mumbai-south-1250-sqft-spid-H93263176,,2
L91298540,PROPERTY,"1 BHK Builder Floor in Hanuman Nagar, Matunga East, Mumbai","1 BHK Builder Floor in Hanuman Nagar, Matunga East, Mumbai",Naval Society,"Hanuman Nagar, Matunga East, Mumbai",₹3 Cr,₹1.33 L /sqft,225 sqft,(21 sqm),Super Built-up Area,1 BHK,1,Ready To Move,3rd out of 3 Floors,,"We are proud owners of builder floor available for sell in hanuman nagar, mumbai. Available at price of rs 3 crores. It has super area of 225 sq ft. It has 1 rk, 1 bathroom, 1 bathroom.It is a freehold property",Owner,2mo ago,,https://www.99acres.com/1-bhk-bedroom-independent-builder-floor-for-sale-in-naval-society-hanuman-nagar-matunga-east-mumbai-south-225-sqft-spid-L91298540,,2
S90262644,PROPERTY,"3 BHK Flat in Matunga East, Mumbai","3 BHK Flat in Matunga East, Mumbai",Codename Matunga Origins,"Matunga East, Mumbai",₹3.85 Cr,"₹33,304 /sqft","1,156 sqft",(107 sqm),Built-up Area,3 BHK,3,Under Construction,11th out of 19 Floors | East Facing,,"Premium 3 bhk for sale in codename matunga origins, matunga east, mumbai Presenting a thoughtfully designed 3 bhk residence in the prestigious codename matunga origins, located at rambaug lane, brahmanwada, matunga east. This premium home on the 11th floor of a 19-Storey tower offers an ideal blend of luxury, comfort, and excellent connectivityperfect for modern urban living. Step into a lifest...",R.D. Real Estate,Dealer,,https://www.99acres.com/3-bhk-bedroom-apartment-flat-for-sale-in-matunga-east-mumbai-south-1156-sqft-r1-spid-S90262644,,2
F90498146,PROPERTY,"2 BHK Flat in Matunga East, Mumbai","2 BHK Flat in Matunga East, Mumbai",OnRequest,"Matunga East, Mumbai",₹3.87 Cr,"₹47,195 /sqft",820 sqft,(76 sqm),Carpet Area,2 BHK,2,Ready To Move,14th out of 20 Floors | North Facing,,This spacious 2 bhk is located in matunga.,Oscar Realty,,,https://www.99acres.com/2-bhk-bedroom-apartment-flat-for-sale-in-matunga-east-mumbai-south-820-sqft-spid-F90498146,,2
L78578987,PROPERTY,"2 BHK Flat in Mahalaxmi Sindhi Colony, Matunga, Mumbai","2 BHK Flat in Mahalaxmi Sindhi Colony, Matunga, Mumbai",Wadhwa Pristine,"Mahalaxmi Sindhi Colony, Matunga, Mumbai",₹4.75 Cr,"₹62,417 /sqft",761 sqft,(71 sqm),Carpet Area,2 BHK,2,Ready To Move,26th out of 44 Floors | Overlooking Park,,"Apartment for sale: Wadhwa pristine, matunga (w) Apartment details: - 2 bhk, 761 sq. Ft. Carpet area - Unobstructed sea views and shivaji park views - Fully furnished, vastu-Compliant apartment - 1 covered car park Amenities: - Gym - Rooftop garden - Kids play area Additional features: - 24-Hour notice required for viewing - Profile mandatory before inspection Price: - 4.75 cr (Final quote)...",K.Hemandas real estate,Dealer,,https://www.99acres.com/2-bhk-bedroom-apartment-flat-for-sale-in-wadhwa-pristine-mahalaxmi-sindhi-colony-mumbai-south-761-sqft-r2-spid-L78578987,,2
L91704686,PROPERTY,"2 BHK Flat in Matunga, Mumbai","2 BHK Flat in Matunga, Mumbai",Mahavir Arham Aum,"Matunga, Mumbai",₹4.15 Cr,"₹48,823 /sqft",850 sqft,(79 sqm),Carpet Area,2 BHK,2,Ready To Move,6th out of 14 Floors | East Facing,,"The flat is facing the east direction. Containing 2 bedroom(s), 2 bathrooms and 1 balcony, this flat is spread over a carpet area of 850 sq.Ft. The residential building has 14 floors in total and the flat for sale is located on the 6th floor. This is a ready to move project and the property is 1-5 years old. The beautifully designed marble flooring enhances the beauty of the flat. The society i...",DNP properties,,,https://www.99acres.com/2-bhk-bedroom-apartment-flat-for-sale-in-mahavir-arham-aum-matunga-south-mumbai-850-sqft-spid-L91704686,,2
S79990255,PROPERTY,"2 BHK Flat in Matunga East, Mumbai","2 BHK Flat in Matunga East, Mumbai",NEW CHS,"Matunga East, Mumbai",₹4.1 Cr,"₹50,061 /sqft",819 sqft,(76 sqm),Carpet Area,2 BHK,2,Ready To Move,15th out of 19 Floors | Overlooking Park,,"This property faces the east direction. Constructed on a carpet area of 819 sq.Ft., the flat comprises 2 bedroom(s), 2 bathrooms . The flat has a total of 19 floors and this property is situated on 15th floor. This 0-1 year old property is available for immediate possession as the project is ready to move. The beautifully designed vitrified flooring enhances the beauty of the flat. Many of the ...",Arham Real Estate Consultants,Dealer,,https://www.99acres.com/2-bhk-bedroom-apartment-flat-for-sale-in-matunga-east-mumbai-south-819-sqft-r6-spid-S79990255,,2
U89607364,PROPERTY,"2 BHK Flat in Matunga East, Mumbai","2 BHK Flat in Matunga East, Mumbai",8th Floor,"Matunga East, Mumbai",₹4.11 Cr,"₹47,902 /sqft",858 sqft,(80 sqm),Carpet Area,2 BHK,2,Ready To Move,8th out of 12 Floors | North-East Facing,,"Situated on the 8th floor of a high-Rise in matunga east near central railway, this nearly new 2.5 bhk apartment offers 858 sq.Ft. Of well-Planned living space. Featuring 2.5 bedrooms and 2 bathrooms, the flat is unfurnished and available for immediate sale, combining convenience with central mumbais connectivity and modern construction.",Owner,4mo ago,,https://www.99acres.com/2-bhk-bedroom-apartment-flat-for-sale-in-matunga-east-mumbai-south-858-sqft-spid-U89607364,,2
N91956086,PROPERTY,"2 BHK Flat in Matunga, Mumbai","2 BHK Flat in Matunga, Mumbai",Lodha Divino,"Matunga, Mumbai",₹4.3 Cr,"₹50,116 /sqft",858 sqft,(80 sqm),Carpet Area,2 BHK,2,Under Construction,30th out of 38 Floors | Recently Renovated,,"This residential flat is west-Facing direction. The flat is over 858 sq.Ft. Carpet area and comes with 2 bedroom(s), 2 bathrooms . The residential building has 38 floors in total and the flat for sale is located on the 30th floor. The flat is currently under construction stage and you can expect to get the possession of the property by december 2028. The vitrified flooring of this flat is beaut...",Ask realtors,,,https://www.99acres.com/2-bhk-bedroom-apartment-flat-for-sale-in-lodha-divino-matunga-south-mumbai-858-sqft-spid-N91956086,,2
S67116486,PROPERTY,"2 BHK Flat in Matunga East, Mumbai","2 BHK Flat in Matunga East, Mumbai",On request,"Matunga East, Mumbai",₹4.25 Cr,"₹47,699 /sqft",891 sqft,(83 sqm),Carpet Area,2 BHK,2,Ready To Move,15th out of 21 Floors | East Facing,,"On request is one of the most popular destination for buying apartments/ flats in matunga east, south mumbai. You too can be a part of this society by purchasing this 2 bhk flat here. The flat is east-Facing. The flat occupies a carpet area of 891 sq.Ft. That consists of 2 bedrooms, 2 bathrooms . The residential building has 21 floors in total and the flat for sale is located on the 15th floor....",Matrix Realty Solutions,Dealer,,https://www.99acres.com/2-bhk-bedroom-apartment-flat-for-sale-in-matunga-east-mumbai-south-891-sqft-r11-spid-S67116486,,2
K87440902,PROPERTY,"2 BHK Flat in Matunga East, Mumbai","2 BHK Flat in Matunga East, Mumbai",No 9 Road,"Matunga East, Mumbai",₹4.25 Cr,"₹50,595 /sqft",840 sqft,(78 sqm),Carpet Area,2 BHK,2,Ready To Move,2nd out of 10 Floors | Overlooking Main Road,,"The flat is facing the north-East direction. The flat occupies a carpet area of 840 sq.Ft. That consists of 2 bedrooms, 2 bathrooms . The residential building has 10 floors in total and the flat for sale is located on the 2nd floor. Being a ready to move project, you can expect immediate possession of this 5-10 years old property. The beautifully designed vitrified flooring enhances the beauty ...",Arham Real Estate Consultants,Dealer,,https://www.99acres.com/2-bhk-bedroom-apartment-flat-for-sale-in-matunga-east-mumbai-south-840-sqft-r1-spid-K87440902,,3
Y89938480,PROPERTY,"2 BHK Flat in Matunga West, Mumbai","2 BHK Flat in Matunga West, Mumbai","RUSTOMJEE 180 BAYVIEW,MATUNGA WEST","Matunga West, Mumbai",₹4.2 Cr,"₹46,666 /sqft",900 sqft,(84 sqm),Built-up Area,2 BHK,3,Under Construction,15th out of 37 Floors | Overlooking Main Road,,"Containing 2 bedroom(s), 3 bathrooms , this flat is spread over a built up area of 900 sq.Ft. The property is located on the 15th floor of a 37 floors tall building. As the property is currently under construction , you can expect to get the possession by june 2028. Call us for more info and site visit.",Dream Properties,,,https://www.99acres.com/2-bhk-bedroom-apartment-flat-for-sale-in-matunga-west-mumbai-south-900-sqft-r2-spid-Y89938480,,3
H83415872,PROPERTY,"2 BHK Flat in Matunga East, Mumbai","2 BHK Flat in Matunga East, Mumbai",balaji sharan chs,"Matunga East, Mumbai",₹4.3 Cr,"₹50,767 /sqft",847 sqft,(79 sqm),Carpet Area,2 BHK,2,Ready To Move,7th out of 19 Floors | Vaastu Compliant,,Ready to move in apartment in matunga east 100 meters from matunga railway station 7-8 mins walk to jain temple lifetime open view of municipality garden 50 meters to chedda stores,Owner,1mo ago,,https://www.99acres.com/2-bhk-bedroom-apartment-flat-for-sale-in-matunga-east-mumbai-south-847-sqft-spid-H83415872,,3
Y82293794,PROPERTY,"2 BHK Flat in Matunga East, Mumbai","2 BHK Flat in Matunga East, Mumbai",On request,"Matunga East, Mumbai",₹4.25 Cr,"₹50,117 /sqft",848 sqft,(79 sqm),Carpet Area,2 BHK,2,Ready To Move,2nd out of 19 Floors | Overlooking Main Road,,"On request is one of mumbai south's most sought after destination for apartments and this 2 bhk flat in matunga east is your opportunity to be a part of this community. The flat is east-Facing. The floor plan additionally contains 2 bedroom(s), 2 bathrooms . All in all, the flat is spread over a carpet area of 848 sq.Ft. This flat lies on the 2nd level of a 19 storey building. As the project is...",Matrix Realty Solutions,Dealer,,https://www.99acres.com/2-bhk-bedroom-apartment-flat-for-sale-in-matunga-east-mumbai-south-848-sqft-r6-spid-Y82293794,,3
J91924704,PROPERTY,"3 BHK Flat in Matunga, Mumbai","3 BHK Flat in Matunga, Mumbai",Tangent Sumati Heights,"Matunga, Mumbai",₹3.97 Cr,"₹48,000 /sqft",828 sqft,(77 sqm),Carpet Area,3 BHK,2,Ready To Move,17th out of 19 Floors | Overlooking Park,,"The flat is north-Facing. The flat occupies a carpet area of 828 sq.Ft. That consists of 2 bedrooms, 2 bathrooms and more than 3 balconies. This flat lies on the 17th level of a 19 storey building. Being a ready to move project, you can expect immediate possession of this 0-1 year old property. The beautifully designed ceramic flooring enhances the beauty of the flat. All the modern amenities s...",Om Properties,Dealer,,https://www.99acres.com/3-bhk-bedroom-apartment-flat-for-sale-in-tangent-sumati-heights-matunga-south-mumbai-828-sqft-spid-J91924704,,3
B80009827,PROPERTY,"2 BHK Flat in Matunga East, Mumbai","2 BHK Flat in Matunga East, Mumbai",Tejukaya Ikebana,"Matunga East, Mumbai",₹4.5 Cr,"₹56,250 /sqft",800 sqft,(74 sqm),Carpet Area,2 BHK,2,Ready To Move,5th out of 18 Floors | Overlooking Main Road,,"This lovely 2 bhk apartment/flat in matunga east is available for sale in one of mumbai south's most popular projects, tejukaya ikebana. The flat is north-East-Facing. The flat occupies a carpet area of 800 sq.Ft. That consists of 2 bedrooms, 2 bathrooms . The residential building has 18 floors in total and the flat for sale is located on the 5th floor. This is a ready to move project and the p...",Matrix Realty Solutions,Dealer,,https://www.99acres.com/2-bhk-bedroom-apartment-flat-for-sale-in-tejukaya-ikebana-matunga-east-mumbai-south-800-sqft-r8-spid-B80009827,,3
X89971038,PROPERTY,"2 BHK Flat in Matunga East, Mumbai","2 BHK Flat in Matunga East, Mumbai",good VEDANT,"Matunga East, Mumbai",₹4.5 Cr,"₹52,325 /sqft",860 sqft,(80 sqm),Carpet Area,2 BHK,3,Ready To Move,20th out of 40 Floors | Overlooking Main Road,,"This is a east-Facing property. Containing 2 bedroom(s), 3 bathrooms , this flat is spread over a carpet area of 860 sq.Ft. The flat has a total of 19 floors and this property is situated on 8th floor. This residential property is still under construction and will be available for possession immediately. The vitrified flooring of this flat is beautifully designed and helps to give it a pleasing...",Arham Real Estate Consultants,Dealer,,https://www.99acres.com/2-bhk-bedroom-apartment-flat-for-sale-in-matunga-east-mumbai-south-860-sqft-spid-X89971038,,3
B90366862,PROPERTY,"2 BHK Flat in Matunga West, Mumbai","2 BHK Flat in Matunga West, Mumbai",Ruparel Iris,"Matunga West, Mumbai",₹4.49 Cr,"₹54,096 /sqft",830 sqft,(77 sqm),Carpet Area,2 BHK,2,Ready To Move,33rd out of 43 Floors | Overlooking Main Road,,"This residential flat is south-West-Facing direction. Constructed on a carpet area of 830 sq.Ft., the flat comprises 2 bedroom(s), 2 bathrooms and 1 balcony. This flat is situated on the 33rd floor of this 43 floors tall residential building. An added advantage of this 0-1 year old flat is that it is available for immediate possession as the project is already ready to move. The marble flooring...",PRAMOD GAIKAR,Dealer,,https://www.99acres.com/2-bhk-bedroom-apartment-flat-for-sale-in-ruparel-iris-matunga-west-mumbai-south-830-sqft-spid-B90366862,,3
M90388300,PROPERTY,"2 BHK Flat in Matunga East, Mumbai","2 BHK Flat in Matunga East, Mumbai",GOOD CHS,"Matunga East, Mumbai",₹4.5 Cr,"₹54,216 /sqft",830 sqft,(77 sqm),Carpet Area,2 BHK,2,Ready To Move,9th out of 18 Floors | Overlooking Main Road,,"This property faces the north-East direction. Constructed on a carpet area of 830 sq.Ft., the flat comprises 2 bedroom(s), 2 bathrooms and 3 balconies. The flat has a total of 18 floors and this property is situated on 9th floor. Being a ready to move project, you can expect immediate possession of this 5-10 years old property. The flat comes well built with vitrified flooring options. This fla...",Arham Real Estate Consultants,Dealer,,https://www.99acres.com/2-bhk-bedroom-apartment-flat-for-sale-in-matunga-east-mumbai-south-830-sqft-r1-spid-M90388300,,3
J88842760,PROPERTY,"2 BHK Flat in Western Railway Colony, Matunga, Mumbai","2 BHK Flat in Western Railway Colony, Matunga, Mumbai",Vastu,"Western Railway Colony, Matunga, Mumbai",₹4.5 Cr,"₹52,941 /sqft",850 sqft,(79 sqm),Carpet Area,2 BHK,2,Ready To Move,7th out of 12 Floors | North-East Facing,,"This residential flat is north-East-Facing direction. The flat is over 850 sq.Ft. Carpet area and comes with 2 bedroom(s), 2 bathrooms . The residential building has 12 floors in total and the flat for sale is located on the 7th floor. This 5-10 years old property is available for immediate possession as the project is ready to move. The vitrified flooring of this flat is beautifully designed a...",MANISHA ENTERPRISES,,,https://www.99acres.com/2-bhk-bedroom-apartment-flat-for-sale-in-western-railway-colony-hanuman-nagar-mumbai-south-850-sqft-r1-spid-J88842760,,3
G90573706,PROPERTY,"2 BHK Flat in Mahalaxmi Sindhi Colony, Matunga, Mumbai","2 BHK Flat in Mahalaxmi Sindhi Colony, Matunga, Mumbai",Wadhwa Pristine,"Mahalaxmi Sindhi Colony, Matunga, Mumbai",₹4.75 Cr,"₹60,897 /sqft",780 sqft,(73 sqm),Carpet Area,2 BHK,2,Ready To Move,25th out of 39 Floors | Overlooking Main Road,,"The flat is facing the west direction. The floor plan additionally contains 2 bedroom(s), 2 bathrooms . All in all, the flat is spread over a super built up area of 782 sq.Ft. The property is located on the 25th floor of a 39 floors tall building. As the project is already ready to move, so you can easily move into this 1-5 years old property. The flat comes well built with vitrified flooring o...",MITESH PRAMOD ADVIRKAR,,,https://www.99acres.com/2-bhk-bedroom-apartment-flat-for-sale-in-wadhwa-pristine-mahalaxmi-sindhi-colony-mumbai-south-782-sqft-spid-G90573706,,3
V92098512,PROPERTY,"2 BHK Flat in Mahalaxmi Sindhi Colony, Matunga, Mumbai","2 BHK Flat in Mahalaxmi Sindhi Colony, Matunga, Mumbai",Wadhwa Pristine,"Mahalaxmi Sindhi Colony, Matunga, Mumbai",₹4.7 Cr,"₹60,256 /sqft",780 sqft,(72 sqm),Carpet Area,2 BHK,2,Ready To Move,6th out of 44 Floors | Overlooking Park,,"This is a west-Facing property. Constructed on a carpet area of 780 sq.Ft., the flat comprises 2 bedroom(s), 2 bathrooms . The residential building has 44 floors in total and the flat for sale is located on the 6th floor. An added advantage of this 1-5 years old flat is that it is available for immediate possession as the project is already ready to move. The floor of this flat is beautifully d...",D A Ventures,Dealer,,https://www.99acres.com/2-bhk-bedroom-apartment-flat-for-sale-in-wadhwa-pristine-mahalaxmi-sindhi-colony-mumbai-south-780-sqft-spid-V92098512,,3
H89944406,PROPERTY,"2 BHK Flat in Matunga East, Mumbai","2 BHK Flat in Matunga East, Mumbai",2VH4 2XV,"Matunga East, Mumbai",₹4.71 Cr,"₹55,000 /sqft",857 sqft,(80 sqm),Carpet Area,2 BHK,2,Under Construction,15th out of 22 Floors | Overlooking Park,,"Under construction property in prime locality of matunga east. Podium car parking, top notch gentry and serene living. Limited inventory, contact us to know more!",Gryphon Realty,,,https://www.99acres.com/2-bhk-bedroom-apartment-flat-for-sale-in-matunga-east-mumbai-south-857-sqft-spid-H89944406,,3
V89771804,PROPERTY,"3 BHK Flat in Matunga East, Mumbai","3 BHK Flat in Matunga East, Mumbai",On Request,"Matunga East, Mumbai",₹5.25 Cr,"₹42,000 /sqft","1,250 sqft",(116 sqm),Carpet Area,3 BHK,3,Ready To Move,10th out of 22 Floors | Overlooking Main Road,,"This residential flat is north-East-Facing direction. The flat is over 1250 sq.Ft. Carpet area and comes with 3 bedroom(s), 3 bathrooms and 1 balcony. The property is located on the 10th floor of a 22 floors tall building. An added advantage of this 5-10 years old flat is that it is available for immediate possession as the project is already ready to move. The vitrified flooring of this flat i...",Landmark Estates,Dealer,,https://www.99acres.com/3-bhk-bedroom-apartment-flat-for-sale-in-matunga-east-mumbai-south-1250-sqft-r1-spid-V89771804,,3
L89765410,PROPERTY,"3 BHK Flat in Matunga West, Mumbai","3 BHK Flat in Matunga West, Mumbai",SHANTADURGA,"Matunga West, Mumbai",₹5.1 Cr,"₹42,500 /sqft","1,200 sqft",(111 sqm),Super Built-up Area,3 BHK,3,Ready To Move,20th out of 22 Floors | East Facing,,"Come & explore this beautiful 3bhk located in premium tower of matunga west. This apartment offers splendid view of city skyline and gets good amount of sunlight. It is centrally located and access to market, schools, hospitals, metro stations all in the vicinity. Connect for more details and schedule site inspection.",Jalaram Real Estate,,,https://www.99acres.com/3-bhk-bedroom-apartment-flat-for-sale-in-matunga-west-mumbai-south-1200-sqft-r2-spid-L89765410,,3
M92177422,PROPERTY,"2 BHK Flat in Mahalaxmi Sindhi Colony, Matunga, Mumbai","2 BHK Flat in Mahalaxmi Sindhi Colony, Matunga, Mumbai",Wadhwa Pristine,"Mahalaxmi Sindhi Colony, Matunga, Mumbai",₹4.65 Cr,"₹61,103 /sqft",761 sqft,(93 sqm),Carpet Area,2 BHK,2,Ready To Move,24th out of 38 Floors | East Facing,,"Elegant 2 bhk residence at wadhwa pristine, matunga west Experience refined urban living in this thoughtfully designed 2 bhk apartment at wadhwa pristine, one of matunga's most sought-After residential developments. Nestled in a serene and culturally rich neighborhood, this premium residence offers the perfect blend of luxury, comfort, and connectivity. The apartment features a spacious layout ...",Jalaram Real Estate,,,https://www.99acres.com/2-bhk-bedroom-apartment-flat-for-sale-in-wadhwa-pristine-mahalaxmi-sindhi-colony-mumbai-south-1000-sqft-spid-M92177422,,3
K92708522,PROPERTY,"2 BHK Flat in Mahalaxmi Sindhi Colony, Matunga, Mumbai","2 BHK Flat in Mahalaxmi Sindhi Colony, Matunga, Mumbai",Wadhwa Pristine,"Mahalaxmi Sindhi Colony, Matunga, Mumbai",₹5 Cr,"₹64,102 /sqft",780 sqft,(72 sqm),Carpet Area,2 BHK,2,Ready To Move,2nd out of 44 Floors | Overlooking Park,,"The flat is over 780 sq.Ft. Carpet area and comes with 2 bedroom(s), 2 bathrooms . The residential building has 44 floors in total and the flat for sale is located on the 2nd floor. As the project is already ready to move, so you can easily move into this 1-5 years old property. All the modern amenities such as gymnasium, park, cctv surveillance and lift(s) will make life easier for you.",Ck Real Estate Consultant,Dealer,,https://www.99acres.com/2-bhk-bedroom-apartment-flat-for-sale-in-wadhwa-pristine-mahalaxmi-sindhi-colony-mumbai-south-780-sqft-spid-K92708522,,3
H90969258,PROPERTY,"3 BHK Flat in Matunga East, Mumbai","3 BHK Flat in Matunga East, Mumbai",Amrut Dhara Heights,"Matunga East, Mumbai",₹5.3 Cr,"₹53,000 /sqft","1,000 sqft",(93 sqm),Carpet Area,3 BHK,3,Ready To Move,6th out of 12 Floors | Overlooking Main Road,,"This residential flat is north-East-Facing direction. The flat is over 1000 sq.Ft. Carpet area and comes with 3 bedroom(s), 3 bathrooms . The property is located on the 6th floor of a 12 floors tall building. An added advantage of this 10+ years old flat is that it is available for immediate possession as the project is already ready to move. The well built vitrified flooring enhances the aesth...",MANISHA ENTERPRISES,,,https://www.99acres.com/3-bhk-bedroom-apartment-flat-for-sale-in-amrut-dhara-heights-matunga-east-mumbai-south-1000-sqft-spid-H90969258,,3
X90932594,PROPERTY,"2 BHK Flat in Mahalaxmi Sindhi Colony, Matunga, Mumbai","2 BHK Flat in Mahalaxmi Sindhi Colony, Matunga, Mumbai",Wadhwa Pristine,"Mahalaxmi Sindhi Colony, Matunga, Mumbai",₹5.25 Cr,"₹67,307 /sqft",780 sqft,(72 sqm),Carpet Area,2 BHK,2,Ready To Move,14th out of 44 Floors | Overlooking Park,,"This residential flat is north-East-Facing direction. The flat occupies a carpet area of 780 sq.Ft. That consists of 2 bedrooms, 2 bathrooms . The residential building has 44 floors in total and the flat for sale is located on the 14th floor. As the project is already ready to move, so you can easily move into this 5-10 years old property. The flat comes well built with vitrified flooring optio...",Roshan Real Estate,,,https://www.99acres.com/2-bhk-bedroom-apartment-flat-for-sale-in-wadhwa-pristine-mahalaxmi-sindhi-colony-mumbai-south-780-sqft-r1-spid-X90932594,,3
W91691166,PROPERTY,"2 BHK Flat in Matunga West, Mumbai","2 BHK Flat in Matunga West, Mumbai",Ruparel Iris,"Matunga West, Mumbai",₹4.99 Cr,"₹60,120 /sqft",830 sqft,(77 sqm),Carpet Area,2 BHK,2,Ready To Move,28th out of 43 Floors | Overlooking Main Road,,"This residential flat is west-Facing direction. The floor plan additionally contains 2 bedroom(s), 2 bathrooms . All in all, the flat is spread over a carpet area of 830 sq.Ft. This flat is situated on the 28th floor of this 43 floors tall residential building. This is a ready to move project and the property is 0-1 year old. The floor of this flat is beautifully designed using vitrified floori...",Ask realtors,,,https://www.99acres.com/2-bhk-bedroom-apartment-flat-for-sale-in-ruparel-iris-matunga-west-mumbai-south-830-sqft-r1-spid-W91691166,,3
W86121592,PROPERTY,"2 BHK Flat in Matunga West, Mumbai","2 BHK Flat in Matunga West, Mumbai",New Chs,"Matunga West, Mumbai",₹5.3 Cr,"₹61,627 /sqft",860 sqft,(80 sqm),Carpet Area,2 BHK,3,Ready To Move,11th out of 34 Floors | Overlooking Main Road,,"This beautiful 2 bhk flat in t kataria road matunga west, central mumbai is situated in new chs, one of the popular residential society in central mumbai. This is a north-East-Facing property. Containing 2 bedroom(s), 3 bathrooms and 1 balcony, this flat is spread over a carpet area of 860 sq.Ft. The flat has a total of 34 floors and this property is situated on 11th floor. This is a ready to m...",Arham Real Estate Consultants,Dealer,,https://www.99acres.com/2-bhk-bedroom-apartment-flat-for-sale-in-matunga-west-mumbai-south-860-sqft-r1-spid-W86121592,,3
V91812998,PROPERTY,"2 BHK Flat in Joshi vadi, Matunga, Mumbai","2 BHK Flat in Joshi vadi, Matunga, Mumbai",Shreeji Heights,"Joshi vadi, Matunga, Mumbai",₹5 Cr,"₹62,500 /sqft",800 sqft,(74 sqm),Built-up Area,2 BHK,2,Ready To Move,27th out of 31 Floors | Overlooking Main Road,,"Situated on the 27th floor of a 31-Story high-Rise in shreeji heights, this 2 bhk flat spans 800 sqft and offers immediate availability. The residential apartment, 5-10 years old, comes semi-Furnished with 2 bathrooms, lift access, and power back-Up. Located in joshi vadi, matunga, it's close to key hospitals and an hdfc atm, ensuring convenience.",Owner,1mo ago,,https://www.99acres.com/2-bhk-bedroom-apartment-flat-for-sale-in-shreeji-heights-joshi-vadi-mumbai-south-800-sqft-spid-V91812998,,3
T92888030,PROPERTY,"3 BHK Flat in Matunga West, Mumbai","3 BHK Flat in Matunga West, Mumbai",Aditya Elegance,"Matunga West, Mumbai",₹5.75 Cr,"₹47,916 /sqft","1,200 sqft",(111 sqm),Carpet Area,3 BHK,3,Ready To Move,17th out of 19 Floors | Vaastu Compliant,,"An elegant & spacious 3bhk abode is available for sale in matunga west. It is centrally located and access to commercial hub, malls & markets, hospitals, educational institutions etc is easy and convenient. Being on higher floor this flats offers good city view and excellent ventilation. This tower comes with basic amenities like gym, walking area & others. Connect for more details & schedule t...",Jalaram Real Estate,,,https://www.99acres.com/3-bhk-bedroom-apartment-flat-for-sale-in-aditya-elegance-matunga-west-mumbai-south-1200-sqft-spid-T92888030,,3
G92204980,PROPERTY,"2 BHK Flat in Matunga, Mumbai","2 BHK Flat in Matunga, Mumbai",Nandivardhan Parkway,"Matunga, Mumbai",₹4.9 Cr,"₹56,967 /sqft",860.14 sqft,(80 sqm),Carpet Area,2 BHK,2,Ready To Move,16th out of 22 Floors | Overlooking Sea,,"This property faces the east direction. Containing 2 bedroom(s), 2 bathrooms and more than 3 balconies, this flat is spread over a carpet area of 80 sq.M. The property is located on the 16th floor of a 22 floors tall building. This is a ready to move project and the property is 0-1 year old. The ceramic flooring of this flat is beautifully designed and helps to give it a pleasing look. All the ...",Om Properties,Dealer,,https://www.99acres.com/2-bhk-bedroom-apartment-flat-for-sale-in-nandivardhan-parkway-matunga-south-mumbai-860-sqft-spid-G92204980,,3
R91061298,PROPERTY,"2 BHK Flat in Matunga East, Mumbai","2 BHK Flat in Matunga East, Mumbai",On Request,"Matunga East, Mumbai",₹5 Cr,"₹55,555 /sqft",900 sqft,(84 sqm),Carpet Area,2 BHK,2,Ready To Move,10th out of 20 Floors | Overlooking Main Road,,"This residential flat is east-Facing direction. The flat occupies a carpet area of 900 sq.Ft. That consists of 2 bedrooms, 2 bathrooms . This flat lies on the 10th level of a 20 storey building. This is a ready to move project and the property is 0-1 year old. The well built marble flooring enhances the aesthetic appeal of this flat. Many of the modern amenities being offered, like maintenance ...",Seabury Realtors,Dealer,,https://www.99acres.com/2-bhk-bedroom-apartment-flat-for-sale-in-matunga-east-mumbai-south-900-sqft-spid-R91061298,,3
A91671476,PROPERTY,"2 BHK Flat in Matunga, Mumbai","2 BHK Flat in Matunga, Mumbai",Nandivardhan Parkway,"Matunga, Mumbai",₹4.7 Cr,"₹52,222 /sqft",900 sqft,(84 sqm),Built-up Area,2 BHK,3,Ready To Move,15th out of 23 Floors | Overlooking Park,,"The flat occupies a built up area of 900 sq.Ft. That consists of 2 bedrooms, 3 bathrooms and 1 balcony. This flat is situated on the 15th floor of this 23 floors tall residential building. This is a ready to move project and the property is 0-1 year old. Call us more info and site visits",Dream Properties,,,https://www.99acres.com/2-bhk-bedroom-apartment-flat-for-sale-in-nandivardhan-parkway-matunga-south-mumbai-900-sqft-spid-A91671476,,4
U91690000,PROPERTY,"2 BHK Flat in Matunga, Mumbai","2 BHK Flat in Matunga, Mumbai",Lodha Divino,"Matunga, Mumbai",₹5 Cr,"₹54,347 /sqft",920 sqft,(85 sqm),Carpet Area,2 BHK,2,Under Construction,11th out of 38 Floors | Overlooking Club House,,"The flat is over 920 sq.Ft. Carpet area and comes with 2.5 bedroom(s), 2 bathrooms and 1 balcony. This flat lies on the 11th level of a 38 storey building. This residential flat is currently under construction and you can expect the possession of the same by december 2028. All the modern amenities such as swimming pool and fitness centre / gym will make life easier for you.",DHM Estates,Dealer,,https://www.99acres.com/2-bhk-bedroom-apartment-flat-for-sale-in-lodha-divino-matunga-south-mumbai-920-sqft-r1-spid-U91690000,,4
H93123726,PROPERTY,"3 BHK Flat in Matunga East, Mumbai","3 BHK Flat in Matunga East, Mumbai",Manav Heights,"Matunga East, Mumbai",₹8 Cr,"₹52,980 /sqft","1,510 sqft",(140 sqm),Carpet Area,3 BHK,4,Ready To Move,10th out of 15 Floors,,"Situated in manav heights, matunga east, this 3 bhk flat spans 1510 sqft on the 10th floor of a 15-Story high-Rise. Offering immediate availability, it features 3 bedrooms and 4 bathrooms, with power backup and lift access. Just minutes from gandhi market and key hospitals, this 1-5 year old residential apartment combines convenience with comfortable living.",Owner,1w ago,,https://www.99acres.com/3-bhk-bedroom-apartment-flat-for-sale-in-manav-heights-matunga-east-mumbai-south-1510-sqft-spid-H93123726,,4
L90420524,PROPERTY,"2 BHK Flat in Matunga East, Mumbai","2 BHK Flat in Matunga East, Mumbai",GOOD CHS,"Matunga East, Mumbai",₹5.9 Cr,"₹62,433 /sqft",945 sqft,(88 sqm),Carpet Area,2 BHK,2,Ready To Move,16th out of 22 Floors | Overlooking Main Road,,"The flat is north-East-Facing. The floor plan additionally contains 2 bedroom(s), 2 bathrooms and 1 balcony. All in all, the flat is spread over a carpet area of 945 sq.Ft. The property is located on the 16th floor of a 22 floors tall building. This is a ready to move project and the property is 1-5 years old. The flat comes well built with vitrified flooring options. The flat will offer a mode...",Arham Real Estate Consultants,Dealer,,https://www.99acres.com/2-bhk-bedroom-apartment-flat-for-sale-in-matunga-east-mumbai-south-945-sqft-r1-spid-L90420524,,4
C75675201,PROPERTY,"3 BHK Flat in Matunga, Mumbai","3 BHK Flat in Matunga, Mumbai",Sanghvi Aaditya Elegance,"Matunga, Mumbai",₹6 Cr,"₹57,142 /sqft","1,050 sqft",(98 sqm),Carpet Area,3 BHK,3,Ready To Move,11th out of 18 Floors | Private Garden,,"We are the proud owners of this 3 bhk apartment available in sanghvi aaditya elegance, matunga, mumbai south. This it is a and the unit is located on 11th floor and has a carpet area of 1050 sq.Ft. . It has 3 bathroom(s) and 1 balcony(s). The unit is located in a co-Operative society.",Owner,3mo ago,,https://www.99acres.com/3-bhk-bedroom-apartment-flat-for-sale-in-sanghvi-aaditya-elegance-matunga-south-mumbai-1050-sqft-r1-spid-C75675201,,4
Y90025896,PROPERTY,"3 BHK Flat in Matunga, Mumbai","3 BHK Flat in Matunga, Mumbai",Lodha Divino,"Matunga, Mumbai",₹6.4 Cr,"₹52,159 /sqft","1,227 sqft",(114 sqm),Carpet Area,3 BHK,3,Under Construction,24th out of 38 Floors | North-East Facing,,"This residential flat is north-East-Facing direction. The flat is over 1227 sq.Ft. Carpet area and comes with 3 bedroom(s), 3 bathrooms and 1 balcony. This flat is situated on the 24th floor of this 38 floors tall residential building. This residential flat is currently under construction and you can expect the possession of the same by october 2026. The beautifully designed vitrified flooring ...",MANISHA ENTERPRISES,,,https://www.99acres.com/3-bhk-bedroom-apartment-flat-for-sale-in-lodha-divino-matunga-south-mumbai-1227-sqft-spid-Y90025896,,4
P89924820,PROPERTY,"3 BHK Flat in Matunga East, Mumbai","3 BHK Flat in Matunga East, Mumbai",Plot 50,"Matunga East, Mumbai",₹6.5 Cr,"₹53,278 /sqft","1,220 sqft",(113 sqm),Carpet Area,3 BHK,3,Under Construction,15th out of 22 Floors | Overlooking Park,,"Know more about this upcoming project in matunga east! Limited inventory, prime location. Visit today and get best deal at this early stage!",Gryphon Realty,,,https://www.99acres.com/3-bhk-bedroom-apartment-flat-for-sale-in-matunga-east-mumbai-south-1220-sqft-spid-P89924820,,4
I89943860,PROPERTY,"3 BHK Flat in Matunga East, Mumbai","3 BHK Flat in Matunga East, Mumbai",Plot 50,"Matunga East, Mumbai",₹6.55 Cr,"₹53,688 /sqft","1,220 sqft",(113 sqm),Carpet Area,3 BHK,3,Under Construction,18th out of 22 Floors | Overlooking Park,,"Located in matunga east, near amulakh school, this is an under construction project with limited inventory. Enjoy views of don bosco and city scapes. Enquire today to know more!",Gryphon Realty,,,https://www.99acres.com/3-bhk-bedroom-apartment-flat-for-sale-in-matunga-east-mumbai-south-1220-sqft-spid-I89943860,,4
Q84532594,PROPERTY,"3 BHK Flat in Matunga, Mumbai","3 BHK Flat in Matunga, Mumbai",Lodha Divino,"Matunga, Mumbai",₹6.5 Cr,"₹52,974 /sqft","1,227 sqft",(114 sqm),Carpet Area,3 BHK,3,Under Construction,19th out of 38 Floors | East Facing,,"Lodha divino, matunga this lovely 3 bhk apartment in south mumbais most sought-After residential project is now available for sale. With a spacious carpet area of 1,227 sq. Ft., the residence comprises 3 bedrooms and 3 bathrooms, thoughtfully designed for modern living. Situated on the 19th floor of a 38-Storey tower, this home offers excellent views and a luxurious lifestyle. Currently under c...",K.Hemandas real estate,Dealer,,https://www.99acres.com/3-bhk-bedroom-apartment-flat-for-sale-in-lodha-divino-matunga-south-mumbai-1227-sqft-r3-spid-Q84532594,,4
X80011219,PROPERTY,"3 BHK Flat in Matunga, Mumbai","3 BHK Flat in Matunga, Mumbai",Rigved Windsong,"Matunga, Mumbai",₹7.05 Cr,"₹5,421 /sqft","13,002.81 sqft","(1,208 sqm)",Carpet Area,3 BHK,3,Ready To Move,16th out of 20 Floors | North-East Facing,,"This 3 bhk apartment is available for sale in rigved windsong, one of the most prominent projects for flats in matunga, mumbai south. The flat is facing the north-East direction. Containing 3 bedroom(s), 3 bathrooms , this flat is spread over a carpet area of 1208 sq.M. The residential building has 20 floors in total and the flat for sale is located on the 16th floor. This residential property ...",Matrix Realty Solutions,Dealer,,https://www.99acres.com/3-bhk-bedroom-apartment-flat-for-sale-in-rigved-windsong-matunga-south-mumbai-13003-sqft-r7-spid-X80011219,,4
F71965308,PROPERTY,"3 BHK Flat in Matunga East, Mumbai","3 BHK Flat in Matunga East, Mumbai",High Samruddhi Heights,"Matunga East, Mumbai",₹7.5 Cr,"₹42,134 /sqft","1,780 sqft",(165 sqm),Carpet Area,3 BHK,3,Ready To Move,15th out of 22 Floors | North-East Facing,,"This beautiful 3 bhk flat in matunga east, south mumbai is situated in high samruddhi heights, one of the popular residential society in south mumbai. This property faces the north-East direction. Constructed on a carpet area of 1780 sq.Ft., the flat comprises 3 bedroom(s), 3 bathrooms and 1 balcony. This flat is situated on the 15th floor of this 22 floors tall residential building. Being a re...",Matrix Realty Solutions,Dealer,,https://www.99acres.com/3-bhk-bedroom-apartment-flat-for-sale-in-high-samruddhi-heights-matunga-east-mumbai-south-1780-sqft-r9-spid-F71965308,,4
V78036795,PROPERTY,"3 BHK Flat in Matunga East, Mumbai","3 BHK Flat in Matunga East, Mumbai",New Chs,"Matunga East, Mumbai",₹6.7 Cr,"₹50,680 /sqft","1,322 sqft",(123 sqm),Carpet Area,3 BHK,3,Ready To Move,22nd out of 30 Floors | Overlooking Park,,"Check out this 3 bhk apartment for sale in new chs, a popular residential project that houses in-Demand flats in matunga east, mumbai south. This residential flat is north-East-Facing direction. The floor plan additionally contains 3 bedroom(s), 3 bathrooms . All in all, the flat is spread over a carpet area of 1322 sq.Ft. This flat lies on the 22nd level of a 30 storey building. This is a read...",Arham Real Estate Consultants,Dealer,,https://www.99acres.com/3-bhk-bedroom-apartment-flat-for-sale-in-matunga-east-mumbai-south-1322-sqft-r8-spid-V78036795,,4
M78881061,PROPERTY,"3 BHK Flat in Matunga, Mumbai","3 BHK Flat in Matunga, Mumbai",Lodha Divino,"Matunga, Mumbai",₹5.95 Cr,"₹48,492 /sqft","1,227 sqft",(114 sqm),Carpet Area,3 BHK,3,Under Construction,7th out of 38 Floors | Overlooking Main Road,,"Its a very good layout in this budget we have many other option also. Looking for a 2 bhk property for sale in mumbai south? Buy this 2 bhk flat in lodha divino that is situated in matunga, mumbai south. The flat is over 820 sq.Ft. Carpet area and comes with 2 bedroom(s), 2 bathrooms and 1 balcony. This flat is situated on the 24th floor of this 38 floors tall residential building. This residen...",Shubh Properties,Dealer,,https://www.99acres.com/3-bhk-bedroom-apartment-flat-for-sale-in-lodha-divino-matunga-south-mumbai-1227-sqft-r6-spid-M78881061,,4
X91956182,PROPERTY,"3 BHK Flat in Matunga, Mumbai","3 BHK Flat in Matunga, Mumbai",Lodha Divino,"Matunga, Mumbai",₹6.45 Cr,"₹50,116 /sqft","1,287 sqft",(120 sqm),Carpet Area,3 BHK,3,Under Construction,13th out of 38 Floors | East Facing,,"The flat is east-Facing. Constructed on a carpet area of 1287 sq.Ft., the flat comprises 3 bedroom(s), 3 bathrooms and 1 balcony. The property is located on the 13th floor of a 38 floors tall building. As the property is currently under construction , you can expect to get the possession by december 2028. The vitrified flooring of this flat is beautifully designed and helps to give it a pleasin...",Ask realtors,,,https://www.99acres.com/3-bhk-bedroom-apartment-flat-for-sale-in-lodha-divino-matunga-south-mumbai-1287-sqft-spid-X91956182,,4
Z88797430,PROPERTY,"3 BHK Flat in Matunga, Mumbai","3 BHK Flat in Matunga, Mumbai",Lodha Divino,"Matunga, Mumbai",₹6.75 Cr,"₹49,378 /sqft","1,367 sqft",(127 sqm),Carpet Area,3 BHK,3,Under Construction,24th out of 38 Floors | Overlooking Main Road,,"This is a east-Facing property. Containing 3 bedroom(s), 4 bathrooms and 1 balcony, this flat is spread over a carpet area of 1287 sq.Ft. The residential building has 38 floors in total and the flat for sale is located on the 24th floor. Moreover, the flat is currently under construction and possession is expected by september 2028. The well built vitrified flooring enhances the aesthetic appea...",Shubh Properties,Dealer,,https://www.99acres.com/3-bhk-bedroom-apartment-flat-for-sale-in-lodha-divino-matunga-south-mumbai-1367-sqft-r1-spid-Z88797430,,4
A80013031,PROPERTY,"3 BHK Flat in Matunga East, Mumbai","3 BHK Flat in Matunga East, Mumbai",Devi Sadan,"Matunga East, Mumbai",₹7.5 Cr,"₹56,390 /sqft","1,330 sqft",(124 sqm),Carpet Area,3 BHK,3,Ready To Move,12th out of 20 Floors | Overlooking Main Road,,"Devi sadan is one of mumbai south's most sought after destination for apartments and this 3 bhk flat in matunga east is your opportunity to be a part of this community. This is a north-East-Facing property. The flat occupies a carpet area of 1330 sq.Ft. That consists of 3 bedrooms, 3 bathrooms . This flat is situated on the 12th floor of this 20 floors tall residential building. Moreover, the f...",Matrix Realty Solutions,Dealer,,https://www.99acres.com/3-bhk-bedroom-apartment-flat-for-sale-in-devi-sadan-matunga-east-mumbai-south-1330-sqft-r7-spid-A80013031,,4
N93001536,PROPERTY,"3 BHK Flat in Matunga East, Mumbai","3 BHK Flat in Matunga East, Mumbai",good manav,"Matunga East, Mumbai",₹8.5 Cr,"₹56,291 /sqft","1,510 sqft",(140 sqm),Carpet Area,3 BHK,3,Ready To Move,11th out of 15 Floors | Overlooking Main Road,,"The flat is north-East-Facing. Constructed on a carpet area of 1510 sq.Ft., the flat comprises 3 bedroom(s), 3 bathrooms and 1 balcony. This flat lies on the 11th level of a 15 storey building. Moreover, the flat is currently under construction and possession is expected immediately. The beautifully designed vitrified flooring enhances the beauty of the flat. Many of the modern amenities being ...",Arham Real Estate Consultants,Dealer,,https://www.99acres.com/3-bhk-bedroom-apartment-flat-for-sale-in-matunga-east-mumbai-south-1510-sqft-spid-N93001536,,4
Y67154534,PROPERTY,"3 BHK Flat in Matunga East, Mumbai","3 BHK Flat in Matunga East, Mumbai",On request,"Matunga East, Mumbai",₹8.5 Cr,"₹63,765 /sqft","1,333 sqft",(124 sqm),Carpet Area,3 BHK,3,Ready To Move,10th out of 18 Floors | Overlooking Park,,"Situated in matunga east, south mumbai, on request is a well planned society that offers a pleasant living experience to its residents. This 3 bhk flat in south mumbai is your opportunity to be a part of this community. This residential flat is north-East-Facing direction. Constructed on a carpet area of 1333 sq.Ft., the flat comprises 3 bedroom(s), 3 bathrooms . The flat has a total of 18 floo...",Matrix Realty Solutions,Dealer,,https://www.99acres.com/3-bhk-bedroom-apartment-flat-for-sale-in-matunga-east-mumbai-south-1333-sqft-r12-spid-Y67154534,,4
D91690684,PROPERTY,"3 BHK Flat in Matunga, Mumbai","3 BHK Flat in Matunga, Mumbai",Lodha Divino,"Matunga, Mumbai",₹7.78 Cr,"₹58,435 /sqft","1,331 sqft",(124 sqm),Carpet Area,3 BHK,3,Under Construction,13th out of 38 Floors | Overlooking Club House,,"The floor plan additionally contains 3.5 bedroom(s), 3 bathrooms and 1 balcony. All in all, the flat is spread over a carpet area of 1331 sq.Ft. The flat has a total of 38 floors and this property is situated on 13th floor. This residential flat is currently under construction and you can expect the possession of the same by december 2028. The society is well equipped with many modern amenities...",DHM Estates,Dealer,,https://www.99acres.com/3-bhk-bedroom-apartment-flat-for-sale-in-lodha-divino-matunga-south-mumbai-1331-sqft-r1-spid-D91690684,,4
Z88797708,PROPERTY,"4 BHK Flat in Matunga, Mumbai","4 BHK Flat in Matunga, Mumbai",Lodha Divino,"Matunga, Mumbai",₹8.5 Cr,"₹50,595 /sqft","1,680 sqft",(156 sqm),Carpet Area,4 BHK,5,Under Construction,29th out of 38 Floors | Overlooking Main Road,,"This is a west-Facing property. The flat is over 1680 sq.Ft. Carpet area and comes with 4 bedroom(s), 5 bathrooms and 1 balcony. This flat is situated on the 29th floor of this 38 floors tall residential building. This residential flat is currently under construction and you can expect the possession of the same by september 2028. The flat comes well built with vitrified flooring options. The s...",Shubh Properties,Dealer,,https://www.99acres.com/4-bhk-bedroom-apartment-flat-for-sale-in-lodha-divino-matunga-south-mumbai-1680-sqft-r1-spid-Z88797708,,4
P89960510,PROPERTY,"4 BHK Flat in Matunga East, Mumbai","4 BHK Flat in Matunga East, Mumbai",2VH4,"Matunga East, Mumbai",₹9.9 Cr,"₹55,000 /sqft","1,800 sqft",(167 sqm),Carpet Area,4 BHK,4,Under Construction,12th out of 21 Floors | Overlooking Park,,"A unique 4bhk in matunga east, near don bosco. Low density apartment with cross-Ventilation. Nearing possession - Limited inventory. Contact us to know more now!",Gryphon Realty,,,https://www.99acres.com/4-bhk-bedroom-apartment-flat-for-sale-in-matunga-east-mumbai-south-1800-sqft-r1-spid-P89960510,,4
V90026558,PROPERTY,"4 BHK Flat in Matunga, Mumbai","4 BHK Flat in Matunga, Mumbai",Lodha Divino,"Matunga, Mumbai",₹8.5 Cr,"₹50,595 /sqft","1,680 sqft",(156 sqm),Carpet Area,4 BHK,5,Under Construction,33rd out of 38 Floors | North-East Facing,,"This is a north-East-Facing property. The flat occupies a carpet area of 1680 sq.Ft. That consists of 4 bedrooms, 5 bathrooms and 1 balcony. The property is located on the 33rd floor of a 38 floors tall building. Moreover, the flat is currently under construction and possession is expected by october 2026. The floor of this flat is beautifully designed using vitrified flooring, giving the flat ...",MANISHA ENTERPRISES,,,https://www.99acres.com/4-bhk-bedroom-apartment-flat-for-sale-in-lodha-divino-matunga-south-mumbai-1680-sqft-spid-V90026558,,4
P89201599,PROPERTY,"4 BHK Flat in Matunga, Mumbai","4 BHK Flat in Matunga, Mumbai",Lodha Divino,"Matunga, Mumbai",₹9.49 Cr,"₹54,950 /sqft","1,727 sqft",(160 sqm),Carpet Area,4 BHK,4,Under Construction,33rd out of 38 Floors | Overlooking Park,,"This residential flat is south-West-Facing direction. The flat occupies a carpet area of 1727 sq.Ft. That consists of 4 bedrooms, 4 bathrooms and 1 balcony. The flat has a total of 38 floors and this property is situated on 33rd floor. The flat is currently under construction stage and you can expect to get the possession of the property by december 2026. The well built vitrified flooring enhan...",Shubh Properties,Dealer,,https://www.99acres.com/4-bhk-bedroom-apartment-flat-for-sale-in-lodha-divino-matunga-south-mumbai-1727-sqft-spid-P89201599,,4
O84250554,PROPERTY,"4 BHK Flat in Matunga, Mumbai","4 BHK Flat in Matunga, Mumbai",Lodha Vero,"Matunga, Mumbai",₹11.97 Cr,"₹54,958 /sqft","2,178 sqft",(202 sqm),Carpet Area,4 BHK,4,Under Construction,20th out of 34 Floors | Overlooking Park,,"Looking for a 4 bhk property for sale in mumbai south? Buy this 4 bhk flat in lodha vero that is situated in matunga, mumbai south. The flat is facing the east direction. The flat occupies a carpet area of 2200 sq.Ft. That consists of 4 bedrooms, 4 bathrooms and 1 balcony. The property is located on the 20th floor of a 34 floors tall building. This residential property is still under constructi...",Ask realtors,,,https://www.99acres.com/4-bhk-bedroom-apartment-flat-for-sale-in-matunga-south-mumbai-2178-sqft-r1-spid-O84250554,,4
J78880815,PROPERTY,"4 BHK Flat in Matunga, Mumbai","4 BHK Flat in Matunga, Mumbai",Lodha Divino,"Matunga, Mumbai",₹9.5 Cr,"₹55,008 /sqft","1,727 sqft",(160 sqm),Carpet Area,4 BHK,4,Under Construction,33rd out of 34 Floors | Overlooking Park,,"Its the only project in matunga with all modern amentites.We do have lots of other option available. Situated in matunga, mumbai south, lodha divino is a well planned society that offers a pleasant living experience to its residents. This 4 bhk flat in mumbai south is your opportunity to be a part of this community. The floor plan additionally contains 4 bedroom(s), 4 bathrooms and 1 balcony. A...",Shubh Properties,Dealer,,https://www.99acres.com/4-bhk-bedroom-apartment-flat-for-sale-in-lodha-divino-matunga-south-mumbai-1727-sqft-r7-spid-J78880815,,4
R88442384,PROPERTY,"2 BHK Flat in Matunga East, Mumbai","2 BHK Flat in Matunga East, Mumbai",Codename Matunga Origins by JP Infra,"Matunga East, Mumbai",₹2.3 Cr,"₹22,504 /sqft","1,022 sqft",(95 sqm),Super Built-up Area,2 BHK,2,Under Construction,16th out of 19 Floors | East Facing,,"This property faces the east direction. The flat occupies a super built up area of 1022 sq.Ft. That consists of 2 bedrooms, 2 bathrooms and 1 balcony. This flat lies on the 16th level of a 19 storey building. The flat is currently under construction stage and you can expect to get the possession of the property by december 2030. The flat comes well built with vitrified flooring options. The soc...",Parmar Properties and Infrastructure Pvt. Ltd.,Dealer,,https://www.99acres.com/2-bhk-bedroom-apartment-flat-for-sale-in-matunga-east-mumbai-south-1022-sqft-r2-spid-R88442384,,5
S92901382,PROPERTY,"2 BHK Flat in Matunga West, Mumbai","2 BHK Flat in Matunga West, Mumbai",sky vista,"Matunga West, Mumbai",₹1.66 Cr,"₹25,538 /sqft",650 sqft,(60 sqm),Built-up Area,2 BHK,2,Under Construction,15th out of 22 Floors | Overlooking Park,,"This residential flat is east-Facing direction. Constructed on a built up area of 650 sq.Ft., the flat comprises 2 bedroom(s), 2 bathrooms . This flat is situated on the 15th floor of this 22 floors tall residential building. This residential property is still under construction and will be available for possession by june 2027. The well built vitrified flooring enhances the aesthetic appeal of...",Skyline Enterprises,Dealer,,https://www.99acres.com/2-bhk-bedroom-apartment-flat-for-sale-in-matunga-west-mumbai-south-650-sqft-spid-S92901382,,5
E91066736,PROPERTY,"2 BHK Flat in Matunga East, Mumbai","2 BHK Flat in Matunga East, Mumbai","MATUNGA ORIGINS ,MATUNGA EAST,MUMBAI","Matunga East, Mumbai",₹2.49 Cr,"₹41,089 /sqft",606 sqft,(56 sqm),Carpet Area,2 BHK,2,Under Construction,15th out of 19 Floors | Overlooking Main Road,,"Constructed on a carpet area of 606 sq.Ft., the flat comprises 2 bedroom(s), 2 bathrooms . This flat is situated on the 15th floor of this 19 floors tall residential building. The flat is currently under construction stage and you can expect to get the possession of the property by december 2030.Call us for more info and site visit.",Dream Properties,,,https://www.99acres.com/2-bhk-bedroom-apartment-flat-for-sale-in-matunga-east-mumbai-south-606-sqft-r1-spid-E91066736,,5
V90368088,PROPERTY,"2 BHK Flat in Matunga West, Mumbai","2 BHK Flat in Matunga West, Mumbai",Jivan Prakash 89 Buildcon,"Matunga West, Mumbai",₹3.22 Cr,"₹47,214 /sqft",682 sqft,(79 sqm),Carpet Area,2 BHK,2,Ready To Move,21st out of 21 Floors | Overlooking Main Road,,"Come & explore this spacious 2bhk apartment in new building located at matunga west. It offers superb view of city skyline with multiple amenities and services catering to all age groups of your families. It is conveniently located and access to malls, educational institutions, hospitals, railways and metro etc all in the vicinity. Connect for more details and schedule site inspection at earliest.",Jalaram Real Estate,,,https://www.99acres.com/2-bhk-bedroom-apartment-flat-for-sale-in-jivan-prakash-89-buildcon-matunga-west-mumbai-south-850-sqft-r2-spid-V90368088,,5
S90929808,PROPERTY,"2 BHK Flat in Matunga West, Mumbai","2 BHK Flat in Matunga West, Mumbai",matunga,"Matunga West, Mumbai",₹2.8 Cr,"₹33,939 /sqft",825 sqft,(77 sqm),Built-up Area,2 BHK,2,Ready To Move,1st out of 3 Floors | East Facing,,"This residential flat is east-Facing direction. Containing 2 bedroom(s), 2 bathrooms , this flat is spread over a built up area of 825 sq.Ft. The flat has a total of 3 floors and this property is situated on 1st floor. As the project is already ready to move, so you can easily move into this 10+ years old property.",Atul Savla Estate Agency,Dealer,,https://www.99acres.com/2-bhk-bedroom-apartment-flat-for-sale-in-matunga-west-mumbai-south-825-sqft-r1-spid-S90929808,,5
C93218910,PROPERTY,"3 BHK Flat in Matunga East, Mumbai","3 BHK Flat in Matunga East, Mumbai",Hubtown Harmony,"Matunga East, Mumbai",₹3 Cr,"₹53,667 /sqft",559 sqft,(52 sqm),Carpet Area,3 BHK,2,Ready To Move,10th out of 17 Floors,,"The floor plan additionally contains 3 bedroom(s), 2 bathrooms . All in all, the flat is spread over a carpet area of 559 sq.Ft. The property is located on the 10th floor of a 17 floors tall building. Being a ready to move project, you can expect immediate possession of this 1-5 years old property. All the modern amenities such as gymnasium, club house and lift(s) will make life easier for you.",HT Luxury Properties Private Limited,Dealer,,https://www.99acres.com/3-bhk-bedroom-apartment-flat-for-sale-in-hubtown-harmony-matunga-east-mumbai-south-559-sqft-spid-C93218910,,5
W84570896,PROPERTY,"2 BHK Flat in Matunga East, Mumbai","2 BHK Flat in Matunga East, Mumbai",Johaan Signature Isle,"Matunga East, Mumbai",₹3.15 Cr,"₹46,666 /sqft",675 sqft,(63 sqm),Built-up Area,2 BHK,2,Ready To Move,9th out of 21 Floors | Overlooking Main Road,,"Situated in matunga east, mumbai south, johaan signature isle is a well planned society that offers a pleasant living experience to its residents. This 2 bhk flat in mumbai south is your opportunity to be a part of this community. The flat is over 675 sq.Ft. Built up area and comes with 2 bedroom(s), 2 bathrooms . This flat lies on the 9th level of a 21 storey building. This is a ready to move ...",Dream Properties,,,https://www.99acres.com/2-bhk-bedroom-apartment-flat-for-sale-in-johaan-signature-isle-matunga-east-mumbai-south-675-sqft-r4-spid-W84570896,,5
E92838664,PROPERTY,"1 BHK Flat in Matunga West, Mumbai","1 BHK Flat in Matunga West, Mumbai",Sky Vista,"Matunga West, Mumbai",₹1.7 Cr,"₹36,093 /sqft",471 sqft,(44 sqm),Carpet Area,1 BHK,2,Under Construction,17th out of 22 Floors | Overlooking Main Road,,"This is a east-Facing property. The flat is over 471 sq.Ft. Carpet area and comes with 1 bedroom(s), 2 bathrooms . This flat lies on the 17th level of a 22 storey building. The flat is currently under construction stage and you can expect to get the possession of the property by june 2027. The floor of this flat is beautifully designed using vitrified flooring, giving the flat an alluring look....",Skyline Enterprises,Dealer,,https://www.99acres.com/1-bhk-bedroom-apartment-flat-for-sale-in-matunga-west-mumbai-south-471-sqft-spid-E92838664,,5
T92798708,PROPERTY,"1 BHK Flat in Matunga West, Mumbai","1 BHK Flat in Matunga West, Mumbai",Sky Vista,"Matunga West, Mumbai",₹1.33 Cr,"₹26,078 /sqft",510 sqft,(47 sqm),Built-up Area,1 BHK,1,Under Construction,13th out of 22 Floors | Overlooking Main Road,,"This property faces the east direction. Containing 1 bedroom(s), 1 bathroom , this flat is spread over a built up area of 510 sq.Ft. This flat lies on the 13th level of a 22 storey building. This residential property is still under construction and will be available for possession by june 2027. The vitrified flooring of this flat is beautifully designed and helps to give it a pleasing look. The...",Skyline Enterprises,Dealer,,https://www.99acres.com/1-bhk-bedroom-apartment-flat-for-sale-in-matunga-west-mumbai-south-510-sqft-spid-T92798708,,5
H90469144,PROPERTY,"2 BHK Flat in Matunga East, Mumbai","2 BHK Flat in Matunga East, Mumbai",Hubtown Harmony,"Matunga East, Mumbai",₹2.45 Cr,"₹50,412 /sqft",485.99 sqft,(45 sqm),Carpet Area,2 BHK,2,Ready To Move,2nd out of 17 Floors | Overlooking Park,,"Fully furnished flat at matunga east, the flat comprises 2 bedroom(s), 2 bathrooms. This flat is situated on the 2nd floor of these 17 floors tall residential building. An added advantage of this 1-5 years old flat is that it is available for immediate possession as the project is already ready to move. The society is well equipped with many modern amenities, including fitness centre / gym, clu...",D A Ventures,Dealer,,https://www.99acres.com/2-bhk-bedroom-apartment-flat-for-sale-in-hubtown-harmony-matunga-east-mumbai-south-486-sqft-r1-spid-H90469144,,5
L91763928,PROPERTY,"2 BHK Flat in Mainak Wadi, Matunga, Mumbai","2 BHK Flat in Mainak Wadi, Matunga, Mumbai",INDUMANI HEIGHTS,"Mainak Wadi, Matunga, Mumbai",₹2.9 Cr,"₹48,172 /sqft",602 sqft,(56 sqm),Carpet Area,2 BHK,2,Under Construction,15th out of 21 Floors | Overlooking Park,,"Indumani heights - Matunga (w) Just 5 minute from shivaji park, indumani heights brings you the perfect blend of serenity and city life. Presenting.... Spacious 1 bed recidency 2 bed recidency 3 bed recidency ......Soak in the sea view of the worli-Bandra sea link and step into homes designed for luxury, comfort, and natural light. Site:- Indumani heights, bhagat gali, mainak wadi, lokmanya nag...",High Street Realtors,Dealer,,https://www.99acres.com/2-bhk-bedroom-apartment-flat-for-sale-in-mainak-wadi-mumbai-south-602-sqft-spid-L91763928,,5
H90262286,PROPERTY,"2 BHK Flat in Matunga, Mumbai","2 BHK Flat in Matunga, Mumbai",Codename Matunga Origins,"Matunga, Mumbai",₹2.49 Cr,"₹34,250 /sqft",727 sqft,(68 sqm),Built-up Area,2 BHK,2,Under Construction,11th out of 19 Floors | East Facing,,"Premium 2 bhk for sale in codename matunga origins, matunga east, mumbai Presenting a thoughtfully designed 2 bhk residence in the prestigious codename matunga origins, located at rambaug lane, brahmanwada, matunga east. This premium home on the 11th floor of a 19-Storey tower offers an ideal blend of luxury, comfort, and excellent connectivityperfect for modern urban living. Step into a lifest...",R.D. Real Estate,Dealer,,https://www.99acres.com/2-bhk-bedroom-apartment-flat-for-sale-in-matunga-south-mumbai-727-sqft-r1-spid-H90262286,,5
I67117362,PROPERTY,"2 BHK Flat in Matunga East, Mumbai","2 BHK Flat in Matunga East, Mumbai",On request,"Matunga East, Mumbai",₹3.5 Cr,"₹52,238 /sqft",670 sqft,(62 sqm),Carpet Area,2 BHK,2,Ready To Move,6th out of 7 Floors | Overlooking Main Road,,"This lovely 2 bhk apartment/flat in matunga east is available for sale in one of south mumbai's most popular projects, on request. This residential flat is east-Facing direction. The flat is over 670 sq.Ft. Carpet area and comes with 2 bedroom(s), 2 bathrooms . The flat has a total of 7 floors and this property is situated on 6tfloor. This is a ready to move project and the property is 0-1 year...",Matrix Realty Solutions,Dealer,,https://www.99acres.com/2-bhk-bedroom-apartment-flat-for-sale-in-matunga-east-mumbai-south-670-sqft-r11-spid-I67117362,,5
Q92926150,PROPERTY,"3 BHK Flat in Matunga, Mumbai","3 BHK Flat in Matunga, Mumbai",TransIndia Meridian,"Matunga, Mumbai",₹2.78 Cr,"₹27,967 /sqft",994 sqft,(92 sqm),Carpet Area,3 BHK,3,Under Construction,34th out of 47 Floors | Overlooking Park,,"This residential flat is east-Facing direction. The flat occupies a carpet area of 994 sq.Ft. That consists of 3 bedrooms, 3 bathrooms and 1 balcony. The property is located on the 34th floor of a 47 floors tall building. As the property is currently under construction , you can expect to get the possession by december 2029. The beautifully designed vitrified flooring enhances the beauty of the...",Patel real estate consultancy,Dealer,,https://www.99acres.com/3-bhk-bedroom-apartment-flat-for-sale-in-matunga-south-mumbai-994-sqft-spid-Q92926150,,5
R91969740,PROPERTY,"2 BHK Flat in Matunga West, Mumbai","2 BHK Flat in Matunga West, Mumbai",Jivan Prakash 89 Buildcon,"Matunga West, Mumbai",₹3.37 Cr,"₹43,540 /sqft",774 sqft,(72 sqm),Carpet Area,2 BHK,2,Ready To Move,12th out of 21 Floors | East Facing,,"The flat is east-Facing. The floor plan additionally contains 2 bedroom(s), 2 bathrooms . All in all, the flat is spread over a carpet area of 774 sq.Ft. The residential building has 21 floors in total and the flat for sale is located on the 12th floor. Being a ready to move project, you can expect immediate possession of this 1-5 years old property. The vitrified flooring of this flat is beaut...",Parmar Properties and Infrastructure Pvt. Ltd.,Dealer,,https://www.99acres.com/2-bhk-bedroom-apartment-flat-for-sale-in-jivan-prakash-89-buildcon-matunga-west-mumbai-south-774-sqft-spid-R91969740,,5
Z93116464,PROPERTY,"1 BHK Flat in Matunga West, Mumbai","1 BHK Flat in Matunga West, Mumbai",Zara Horizon,"Matunga West, Mumbai",₹2.25 Cr,"₹43,269 /sqft",520 sqft,(48 sqm),Built-up Area,1 BHK,1,Ready To Move,18th out of 23 Floors | Overlooking Main Road,,"This is a east-Facing property. Constructed on a built up area of 520 sq.Ft., the flat comprises 1 bedroom(s), 1 bathroom . The residential building has 23 floors in total and the flat for sale is located on the 18th floor. This 1-5 years old property is available for immediate possession as the project is ready to move. The marble flooring of this flat is beautifully designed and helps to give...",Dream Home Reality,,,https://www.99acres.com/1-bhk-bedroom-apartment-flat-for-sale-in-zara-horizon-matunga-west-mumbai-south-520-sqft-spid-Z93116464,,5
E80015403,PROPERTY,"1 BHK Flat in Matunga East, Mumbai","1 BHK Flat in Matunga East, Mumbai",Maitri Heights,"Matunga East, Mumbai",₹2.05 Cr,"₹45,555 /sqft",450 sqft,(42 sqm),Carpet Area,1 BHK,1,Ready To Move,3rd out of 12 Floors | Overlooking Main Road,,"This lovely 1 bhk apartment/flat in matunga east is available for sale in one of mumbai south's most popular projects, maitri heights. This property faces the north-East direction. The flat is over 450 sq.Ft. Carpet area and comes with 1 bedroom(s), 1 bathroom . The residential building has 12 floors in total and the flat for sale is located on the 3rd floor. An added advantage of this 5-10 yea...",Matrix Realty Solutions,Dealer,,https://www.99acres.com/1-bhk-bedroom-apartment-flat-for-sale-in-maitri-heights-matunga-east-mumbai-south-450-sqft-r7-spid-E80015403,,5
L86978544,PROPERTY,"2 BHK Flat in Matunga West, Mumbai","2 BHK Flat in Matunga West, Mumbai",Jivan Prakash 89 Buildcon,"Matunga West, Mumbai",₹3.59 Cr,"₹52,639 /sqft",682 sqft,(63 sqm),Carpet Area,2 BHK,2,Ready To Move,12th out of 21 Floors | Overlooking Park,,"Situated in matunga west, mumbai south, jivan prakash 89 buildcon is a well planned society that offers a pleasant living experience to its residents. This 1 bhk flat in mumbai south is your opportunity to be a part of this community. This residential flat is west-Facing direction. Containing 1 bedroom(s), 1 bathroom , this flat is spread over a carpet area of 545 sq.Ft. This flat lies on the 1...",Cozy Homes,Dealer,,https://www.99acres.com/2-bhk-bedroom-apartment-flat-for-sale-in-jivan-prakash-89-buildcon-matunga-west-mumbai-south-682-sqft-r3-spid-L86978544,,5
C90969542,PROPERTY,"2 BHK Flat in Matunga West, Mumbai","2 BHK Flat in Matunga West, Mumbai",GOOD BUILDING CHS,"Matunga West, Mumbai",₹3.6 Cr,"₹36,000 /sqft","1,000 sqft",(93 sqm),Super Built-up Area,2 BHK,2,Ready To Move,2nd out of 4 Floors | East Facing,,"An immaculatelt done up flat is available for sale in the matunga west. It is an old charm and comes with good view and sunlight. It is centrally located and access to market, stations, schools and hospitals are all nearby. Connect for more details and schedule the inspection.",Jalaram Real Estate,,,https://www.99acres.com/2-bhk-bedroom-apartment-flat-for-sale-in-matunga-west-mumbai-south-1000-sqft-r1-spid-C90969542,,5
N76893151,PROPERTY,"2 BHK Flat in Matunga, Mumbai","2 BHK Flat in Matunga, Mumbai",Lodha Divino,"Matunga, Mumbai",₹3.96 Cr,"₹38,634 /sqft","1,025 sqft",(95 sqm),Built-up Area,2 BHK,2,Under Construction,32nd out of 38 Floors | Overlooking Main Road,,"Located in the popular residential address of matunga, mumbai south, lodha divino is one of the most preferred destination for apartments in mumbai south. This 2 bhk flat is your ticket to be a part of this community. This residential flat is east-Facing direction. The flat is over 1025 sq.Ft. Built up area and comes with 2 bedroom(s), 2 bathrooms . This flat is situated on the 32nd floor of th...",Parmar Properties and Infrastructure Pvt. Ltd.,Dealer,,https://www.99acres.com/2-bhk-bedroom-apartment-flat-for-sale-in-lodha-divino-matunga-south-mumbai-1025-sqft-r6-spid-N76893151,,5
Z89852760,PROPERTY,"2 BHK Flat in Matunga West, Mumbai","2 BHK Flat in Matunga West, Mumbai",Ruparel Iris,"Matunga West, Mumbai",₹3.5 Cr,"₹38,888 /sqft",900 sqft,(84 sqm),Super Built-up Area,2 BHK,2,Ready To Move,21st out of 40 Floors | East Facing,,"Come & explore this spacious 2bhk apartment in highrise tower located at matunga west. It offers superb view of city skyline, natural lights and lots of breeze passing through. It is conveniently located and access to malls, educational institutions, hospitals, railways and metro etc all in the vicinity. Connect for more details and schedule site inspection at earliest.",Jalaram Real Estate,,,https://www.99acres.com/2-bhk-bedroom-apartment-flat-for-sale-in-ruparel-iris-matunga-west-mumbai-south-900-sqft-r2-spid-Z89852760,,5
P89692094,PROPERTY,"2 BHK Flat in Matunga West, Mumbai","2 BHK Flat in Matunga West, Mumbai",Jivan Prakash 89 Buildcon,"Matunga West, Mumbai",₹3.65 Cr,"₹46,794 /sqft",780 sqft,(72 sqm),Built-up Area,2 BHK,2,Ready To Move,18th out of 21 Floors | Overlooking Main Road,,"The floor plan additionally contains 2 bedroom(s), 2 bathrooms . All in all, the flat is spread over a built up area of 780 sq.Ft. The property is located on the 18th floor of a 21 floors tall building. As the project is already ready to move, so you can easily move into this 1-5 years old property. All the modern amenities such as fitness centre / gym, club house, cctv surveillance and lift(s)...",Dream Properties,,,https://www.99acres.com/2-bhk-bedroom-apartment-flat-for-sale-in-jivan-prakash-89-buildcon-matunga-west-mumbai-south-780-sqft-r1-spid-P89692094,,5
D89118641,PROPERTY,"2 BHK Flat in Joshi vadi, Matunga, Mumbai","2 BHK Flat in Joshi vadi, Matunga, Mumbai",Shreeji Heights,"Joshi vadi, Matunga, Mumbai",₹4.5 Cr,"₹38,494 /sqft","1,169 sqft",(109 sqm),Super Built-up Area,2 BHK,2,Ready To Move,28th out of 31 Floors | East Facing,,"This is a east-Facing property. The floor plan additionally contains 2 bedroom(s), 2 bathrooms and 1 balcony. All in all, the flat is spread over a super built up area of 1169 sq.Ft. The flat has a total of 31 floors and this property is situated on 28th floor. This is a ready to move project and the property is 10+ years old. The floor of this flat is beautifully designed using vitrified floor...",Parmar Properties and Infrastructure Pvt. Ltd.,Dealer,,https://www.99acres.com/2-bhk-bedroom-apartment-flat-for-sale-in-shreeji-heights-joshi-vadi-mumbai-south-1169-sqft-r1-spid-D89118641,,5
K76916785,PROPERTY,"2 BHK Flat in Matunga West, Mumbai","2 BHK Flat in Matunga West, Mumbai",Ruparel Iris,"Matunga West, Mumbai",₹3.5 Cr,"₹43,750 /sqft",800 sqft,(74 sqm),Super Built-up Area,2 BHK,2,Ready To Move,21st out of 40 Floors | Overlooking Main Road,,2 bhk on sale. At prime location at matunga west. Sea link view Please call for more details,Jalaram Real Estate,,,https://www.99acres.com/2-bhk-bedroom-apartment-flat-for-sale-in-ruparel-iris-matunga-west-mumbai-south-800-sqft-r3-spid-K76916785,,5
W89170939,PROPERTY,"1 BHK Flat in Matunga West, Mumbai","1 BHK Flat in Matunga West, Mumbai",swayam by gala,"Matunga West, Mumbai",₹2.4 Cr,"₹60,301 /sqft",398 sqft,(37 sqm),Carpet Area,1 BHK,2,Ready To Move,10th out of 21 Floors | Overlooking Main Road,,"Spacious 1bhk flat available for sale in prime location of matunga west offering excellent connectivity and peaceful residential surroundings Unfurnished apartment giving you full freedom to design and customize your dream home as per your lifestyle Well-Maintained building with good ventilation, natural light, and comfortable living spaces for small families or investors Close to railway stati...",Jugyah,Dealer,,https://www.99acres.com/1-bhk-bedroom-apartment-flat-for-sale-in-matunga-west-mumbai-south-398-sqft-r1-spid-W89170939,,5
N89395367,PROPERTY,"2 BHK Flat in Matunga West, Mumbai","2 BHK Flat in Matunga West, Mumbai",Aangan,"Matunga West, Mumbai",₹4 Cr,"₹59,523 /sqft",672 sqft,(62 sqm),Carpet Area,2 BHK,2,Ready To Move,22nd out of 31 Floors | East Facing,,"This property faces the east direction. The flat is over 887 sq.Ft. Built up area and comes with 2 bedroom(s), 2 bathrooms and 1 balcony. This flat lies on the 22nd level of a 31 storey building. This 1-5 years old property is available for immediate possession as the project is ready to move. The well built vitrified flooring enhances the aesthetic appeal of this flat. The society is well equi...",Parmar Properties and Infrastructure Pvt. Ltd.,Dealer,,https://www.99acres.com/2-bhk-bedroom-apartment-flat-for-sale-in-matunga-west-mumbai-south-672-sqft-r1-spid-N89395367,,6
U89796202,PROPERTY,"2 BHK Flat in Matunga West, Mumbai","2 BHK Flat in Matunga West, Mumbai",Lifescapes Mirage,"Matunga West, Mumbai",₹4.35 Cr,"₹41,428 /sqft","1,050 sqft",(98 sqm),Super Built-up Area,2 BHK,3,Ready To Move,9th out of 20 Floors | 3 Covered Parking,,"An exceptionally doneup 2bhk flat is available for sale in matunga west. It is spacious flat on mid floor of good tower, offering view of city skyline and lots of natural light. It is centrally located and access to railways, mall, educational institutions, corporate office location like bkc or lower parel etc is easy and convenient. Contact for more details and schedule the inspection of this ...",Jalaram Real Estate,,,https://www.99acres.com/2-bhk-bedroom-apartment-flat-for-sale-in-lifescapes-mirage-matunga-west-mumbai-south-1050-sqft-r2-spid-U89796202,,6
X89836718,PROPERTY,"3 BHK Flat in Matunga West, Mumbai","3 BHK Flat in Matunga West, Mumbai",Jivan Prakash 89 Buildcon,"Matunga West, Mumbai",₹4.5 Cr,"₹47,169 /sqft",954 sqft,(111 sqm),Carpet Area,3 BHK,4,Ready To Move,10th out of 21 Floors | East Facing,,"Come & explore this spacious 3bhk apartment in new building located at matunga west. It offers superb view of city skyline with multiple amenities and services catering to all age groups of your families. It is conveniently located and access to malls, educational institutions, hospitals, railways and metro etc all in the vicinity. Connect for more details and schedule site inspection at earliest.",Jalaram Real Estate,,,https://www.99acres.com/3-bhk-bedroom-apartment-flat-for-sale-in-jivan-prakash-89-buildcon-matunga-west-mumbai-south-1200-sqft-r1-spid-X89836718,,6
P93130394,PROPERTY,"2 BHK Flat in Mahalaxmi Sindhi Colony, Matunga, Mumbai","2 BHK Flat in Mahalaxmi Sindhi Colony, Matunga, Mumbai",Wadhwa Pristine,"Mahalaxmi Sindhi Colony, Matunga, Mumbai",₹4.5 Cr,"₹61,475 /sqft",732 sqft,(68 sqm),Carpet Area,2 BHK,2,Ready To Move,30th out of 44 Floors | Overlooking Park,,"The flat is facing the west direction. The flat occupies a carpet area of 732 sq.Ft. That consists of 2 bedrooms, 2 bathrooms . The property is located on the 30th floor of a 44 floors tall building. Being a ready to move project, you can expect immediate possession of this 1-5 years old property. The flat comes well built with vitrified flooring options. The society complex is in the close vic...",K.Hemandas real estate,Dealer,,https://www.99acres.com/2-bhk-bedroom-apartment-flat-for-sale-in-wadhwa-pristine-mahalaxmi-sindhi-colony-mumbai-south-732-sqft-spid-P93130394,,6
O90678954,PROPERTY,"3 BHK Flat in Matunga East, Mumbai","3 BHK Flat in Matunga East, Mumbai",matunga,"Matunga East, Mumbai",₹5.25 Cr,"₹40,384 /sqft","1,300 sqft",(121 sqm),Built-up Area,3 BHK,3,Ready To Move,9th out of 18 Floors | 2 Covered Parking,,"This is a west-Facing property. The flat occupies a built up area of 1300 sq.Ft. That consists of 3 bedrooms, 3 bathrooms . The property is located on the 9th floor of a 18 floors tall building. As the project is already ready to move, so you can easily move into this 10+ years old property. All the modern amenities such as lift(s) will make life easier for you.",Atul Savla Estate Agency,Dealer,,https://www.99acres.com/3-bhk-bedroom-apartment-flat-for-sale-in-matunga-east-mumbai-south-1300-sqft-spid-O90678954,,6
T80136797,PROPERTY,"2 BHK Flat in Mahalaxmi Sindhi Colony, Matunga, Mumbai","2 BHK Flat in Mahalaxmi Sindhi Colony, Matunga, Mumbai",Wadhwa Pristine,"Mahalaxmi Sindhi Colony, Matunga, Mumbai",₹4.75 Cr,"₹62,500 /sqft",760 sqft,(71 sqm),Carpet Area,2 BHK,2,Ready To Move,29th out of 44 Floors | Overlooking Main Road,,"Wadhwa pristine, matunga west 2bhk, 760 sqft carpet Higher floor with clear sea view Price: 4.75 cr About wadhwa pristine: Majestic residential project with 2/3 bhk residences Strategically located in matunga west, mumbai Panoramic views of bandra-Worli sea link & shivaji park Excellent connectivity to dadar metro, matunga road, and eastern express highway Amenities: Gymnasium Landscaped terrac...",K.Hemandas real estate,Dealer,,https://www.99acres.com/2-bhk-bedroom-apartment-flat-for-sale-in-wadhwa-pristine-mahalaxmi-sindhi-colony-mumbai-south-760-sqft-r3-spid-T80136797,,6
O92369974,PROPERTY,"2 BHK Flat in Matunga, Mumbai","2 BHK Flat in Matunga, Mumbai",Lodha Divino,"Matunga, Mumbai",₹4.14 Cr,"₹48,228 /sqft",858 sqft,(80 sqm),Carpet Area,2 BHK,2,Under Construction,10th out of 38 Floors | Overlooking Club House,,"This residential flat is east-Facing direction. Constructed on a carpet area of 858 sq.Ft., the flat comprises 2 bedroom(s), 2 bathrooms and 1 balcony. The residential building has 38 floors in total and the flat for sale is located on the 10th floor. As the property is currently under construction , you can expect to get the possession by december 2028. The floor of this flat is beautifully de...",DHM Estates,Dealer,,https://www.99acres.com/2-bhk-bedroom-apartment-flat-for-sale-in-lodha-divino-matunga-south-mumbai-858-sqft-spid-O92369974,,6
U92346832,PROPERTY,"2 BHK Flat in Matunga, Mumbai","2 BHK Flat in Matunga, Mumbai",Lodha Divino,"Matunga, Mumbai",₹4.12 Cr,"₹48,018 /sqft",858 sqft,(80 sqm),Carpet Area,2 BHK,2,Under Construction,6th out of 38 Floors | Overlooking Club House,,"This is a west-Facing property. Containing 2 bedroom(s), 2 bathrooms and 1 balcony, this flat is spread over a carpet area of 858 sq.Ft. This flat lies on the 6th level of a 38 storey building. As the property is currently under construction , you can expect to get the possession by december 2028. The flat comes well built with marble flooring options. The society complex is in the close vicini...",DHM Estates,Dealer,,https://www.99acres.com/2-bhk-bedroom-apartment-flat-for-sale-in-lodha-divino-matunga-south-mumbai-858-sqft-spid-U92346832,,6
F86821822,PROPERTY,"2 BHK Flat in Matunga West, Mumbai","2 BHK Flat in Matunga West, Mumbai",Ruparel Iris,"Matunga West, Mumbai",₹4.1 Cr,"₹47,126 /sqft",870 sqft,(81 sqm),Built-up Area,2 BHK,2,Under Construction,40th out of 44 Floors | Overlooking Main Road,,"This lovely 2 bhk apartment/flat in matunga west is available for sale in one of mumbai south's most popular projects, ruparel iris. The flat occupies a built up area of 870 sq.Ft. That consists of 2 bedrooms, 2 bathrooms . This flat lies on the 40th level of a 44 storey building. As the property is currently under construction , you can expect to get the possession by march 2026. Ruparel iris ...",Dream Properties,,,https://www.99acres.com/2-bhk-bedroom-apartment-flat-for-sale-in-ruparel-iris-matunga-west-mumbai-south-870-sqft-r3-spid-F86821822,,6
H85494922,PROPERTY,"2 BHK Flat in Matunga West, Mumbai","2 BHK Flat in Matunga West, Mumbai",Ruparel Iris,"Matunga West, Mumbai",₹4.1 Cr,"₹49,397 /sqft",830 sqft,(77 sqm),Carpet Area,2 BHK,2,Under Construction,40th out of 43 Floors | North-East Facing,,"This lovely 2 bhk apartment/flat in matunga west is available for sale in one of mumbai south's most popular projects, ruparel iris. Constructed on a carpet area of 830 sq.Ft., the flat comprises 2 bedroom(s), 2 bathrooms and 1 balcony and it has a beautigul sea view. The residential building has 43 floors in total and the flat for sale is located on the 40th floor. Moreover, the flat is curren...",MANISHA ENTERPRISES,,,https://www.99acres.com/2-bhk-bedroom-apartment-flat-for-sale-in-ruparel-iris-matunga-west-mumbai-south-830-sqft-r3-spid-H85494922,,6
Y89288357,PROPERTY,"2 BHK Flat in Matunga, Mumbai","2 BHK Flat in Matunga, Mumbai",Lodha Divino,"Matunga, Mumbai",₹3.81 Cr,"₹44,405 /sqft",858 sqft,(80 sqm),Carpet Area,2 BHK,2,Under Construction,11th out of 38 Floors | North-East Facing,,"Lodha divino, matunga Location*: Near manav seva sangh, eastern express highway, bhaudaji rd, matunga east, mumbai, maharashtra G + 38 storey homes G + 10 parking 35,000 sq.Ft. Open recreational area. Large integrated development Large open green spaces Ample parking space World class amenities Luxury homes with premium finishes Jain temple with upashray Location proximity 1 minute to eastern e...",Jayesh Realty,Dealer,,https://www.99acres.com/2-bhk-bedroom-apartment-flat-for-sale-in-lodha-divino-matunga-south-mumbai-858-sqft-r1-spid-Y89288357,,6
E92426146,PROPERTY,"2 BHK Flat in Matunga, Mumbai","2 BHK Flat in Matunga, Mumbai",Lodha Divino,"Matunga, Mumbai",₹4.31 Cr,"₹50,233 /sqft",858 sqft,(80 sqm),Carpet Area,2 BHK,2,Under Construction,10th out of 38 Floors | Overlooking Club House,,"This is a east-Facing property. Constructed on a carpet area of 858 sq.Ft., the flat comprises 2 bedroom(s), 2 bathrooms and 1 balcony. The flat has a total of 38 floors and this property is situated on 10th floor. Moreover, the flat is currently under construction and possession is expected by december 2028. The well built marble flooring enhances the aesthetic appeal of this flat. Proximity t...",DHM Estates,Dealer,,https://www.99acres.com/2-bhk-bedroom-apartment-flat-for-sale-in-lodha-divino-matunga-south-mumbai-858-sqft-spid-E92426146,,6
U93131398,PROPERTY,"2 BHK Flat in Mahalaxmi Sindhi Colony, Matunga, Mumbai","2 BHK Flat in Mahalaxmi Sindhi Colony, Matunga, Mumbai",Wadhwa Pristine,"Mahalaxmi Sindhi Colony, Matunga, Mumbai",₹4.5 Cr,"₹57,692 /sqft",780 sqft,(72 sqm),Carpet Area,2 BHK,2,Ready To Move,16th out of 44 Floors | Overlooking Park,,"This is a west-Facing property. The flat occupies a carpet area of 780 sq.Ft. That consists of 2 bedrooms, 2 bathrooms . The flat has a total of 44 floors and this property is situated on 16th floor. An added advantage of this 1-5 years old flat is that it is available for immediate possession as the project is already ready to move. The floor of this flat is beautifully designed using vitrifie...",K.Hemandas real estate,Dealer,,https://www.99acres.com/2-bhk-bedroom-apartment-flat-for-sale-in-wadhwa-pristine-mahalaxmi-sindhi-colony-mumbai-south-780-sqft-spid-U93131398,,6
B91334544,PROPERTY,"2 BHK Flat in Matunga, Mumbai","2 BHK Flat in Matunga, Mumbai",Lodha Divino,"Matunga, Mumbai",₹4.32 Cr,"₹50,349 /sqft",858 sqft,(80 sqm),Carpet Area,2 BHK,2,Under Construction,8th out of 38 Floors | Overlooking Park,,"The flat is east-Facing. The floor plan additionally contains 2 bedroom(s), 2 bathrooms and 1 balcony. All in all, the flat is spread over a carpet area of 858 sq.Ft. The residential building has 38 floors in total and the flat for sale is located on the 8th floor. This residential flat is currently under construction and you can expect the possession of the same by december 2028. The marble fl...",DHM Estates,Dealer,,https://www.99acres.com/2-bhk-bedroom-apartment-flat-for-sale-in-lodha-divino-matunga-south-mumbai-858-sqft-spid-B91334544,,6
O91956048,PROPERTY,"2 BHK Flat in Matunga, Mumbai","2 BHK Flat in Matunga, Mumbai",Lodha Divino,"Matunga, Mumbai",₹4.31 Cr,"₹50,233 /sqft",858 sqft,(80 sqm),Carpet Area,2 BHK,2,Under Construction,23rd out of 38 Floors | Recently Renovated,,"This is a west-Facing property. The flat is over 858 sq.Ft. Carpet area and comes with 2 bedroom(s), 2 bathrooms . This flat is situated on the 23rd floor of this 38 floors tall residential building. The flat is currently under construction stage and you can expect to get the possession of the property by december 2028. The vitrified flooring of this flat is beautifully designed and helps to gi...",Ask realtors,,,https://www.99acres.com/2-bhk-bedroom-apartment-flat-for-sale-in-lodha-divino-matunga-south-mumbai-858-sqft-spid-O91956048,,6
R86789112,PROPERTY,"3 BHK Flat in Matunga West, Mumbai","3 BHK Flat in Matunga West, Mumbai",Jivan Prakash 89 Buildcon,"Matunga West, Mumbai",₹5.5 Cr,"₹50,551 /sqft","1,088 sqft",(101 sqm),Carpet Area,3 BHK,3,Ready To Move,18th out of 21 Floors | Overlooking Main Road,,"Situated in matunga west, mumbai south, jivan prakash 89 buildcon is a well planned society that offers a pleasant living experience to its residents. This 3 bhk flat in mumbai south is your opportunity to be a part of this community. This property faces the north-East direction. Containing 3 bedroom(s), 3 bathrooms , this flat is spread over a carpet area of 1088 sq.Ft. This flat lies on the 1...",MANISHA ENTERPRISES,,,https://www.99acres.com/3-bhk-bedroom-apartment-flat-for-sale-in-jivan-prakash-89-buildcon-matunga-west-mumbai-south-1088-sqft-r2-spid-R86789112,,6
G92928476,PROPERTY,"2 BHK Flat in Matunga, Mumbai","2 BHK Flat in Matunga, Mumbai",Mahavir Arham Aum,"Matunga, Mumbai",₹4.15 Cr,"₹48,823 /sqft",850 sqft,(79 sqm),Carpet Area,2 BHK,2,Ready To Move,3rd out of 38 Floors | Overlooking Park,,"Mahavir arham aum is a boutique residential development in matunga, mumbai, featuring a single 14-Storey tower with only 9 exclusive residences, offering privacy and a premium living experience. Spread across 0.08 acres, the project is thoughtfully designed with modern amenities and excellent connectivity, making it an ideal choice for urban living in south mumbai. The project enjoys seamless a...","Bhavesh Kothari, Property First",,,https://www.99acres.com/2-bhk-bedroom-apartment-flat-for-sale-in-mahavir-arham-aum-matunga-south-mumbai-850-sqft-spid-G92928476,,6
H92971100,PROPERTY,"3 BHK Flat in Matunga East, Mumbai","3 BHK Flat in Matunga East, Mumbai",Matunga,"Matunga East, Mumbai",₹5.25 Cr,"₹51,269 /sqft","1,024 sqft",(95 sqm),Carpet Area,3 BHK,3,Ready To Move,1st out of 15 Floors | North Facing,,"The flat is facing the north direction. Constructed on a carpet area of 1024 sq.Ft., the flat comprises 3 bedroom(s), 3 bathrooms . The flat has a total of 15 floors and this property is situated on 1st floor. The flat is currently under construction stage and you can expect to get the possession of the property immediately. Matunga is designed very well to provide modern facilities such as lif...",Atul Savla Estate Agency,Dealer,,https://www.99acres.com/3-bhk-bedroom-apartment-flat-for-sale-in-matunga-east-mumbai-south-1024-sqft-spid-H92971100,,6
X86789334,PROPERTY,"2 BHK Flat in Matunga West, Mumbai","2 BHK Flat in Matunga West, Mumbai",Jivan Prakash 89 Buildcon,"Matunga West, Mumbai",₹4.5 Cr,"₹50,459 /sqft",891.8 sqft,(83 sqm),Carpet Area,2 BHK,2,Ready To Move,15th out of 21 Floors | Overlooking Main Road,,"Situated in matunga west, mumbai south, jivan prakash 89 buildcon is a well planned society that offers a pleasant living experience to its residents. This 2 bhk flat in mumbai south is your opportunity to be a part of this community. This residential flat is north-East-Facing direction. The flat occupies a carpet area of 892 sq.Ft. That consists of 2 bedrooms, 2 bathrooms . The property is loc...",MANISHA ENTERPRISES,,,https://www.99acres.com/2-bhk-bedroom-apartment-flat-for-sale-in-jivan-prakash-89-buildcon-matunga-west-mumbai-south-892-sqft-r2-spid-X86789334,,6
B93064482,PROPERTY,"2 BHK Flat in Matunga, Mumbai","2 BHK Flat in Matunga, Mumbai",Lodha Divino,"Matunga, Mumbai",₹5.5 Cr,"₹49,283 /sqft","1,116 sqft",(104 sqm),Carpet Area,2 BHK,2,Under Construction,1st out of 38 Floors | 2 side open,,"The flat is west-Facing. The floor plan additionally contains 2 bedroom(s), 2 bathrooms and 1 balcony. All in all, the flat is spread over a carpet area of 1116 sq.Ft. This flat lies on the 1st level of a 38 storey building. The flat is currently under construction stage and you can expect to get the possession of the property by december 2027. The beautifully designed vitrified flooring enhanc...",Ask realtors,,,https://www.99acres.com/2-bhk-bedroom-apartment-flat-for-sale-in-lodha-divino-matunga-south-mumbai-1116-sqft-spid-B93064482,,6
W92874804,PROPERTY,"2 BHK Flat in Matunga, Mumbai","2 BHK Flat in Matunga, Mumbai",Earth Classic,"Matunga, Mumbai",₹3.9 Cr,"₹43,333 /sqft",900 sqft,(84 sqm),Built-up Area,2 BHK,2,Ready To Move,4th out of 7 Floors | Overlooking Main Road,,"The flat is over 900 sq.Ft. Built up area and comes with 2 bedroom(s), 2 bathrooms . This flat lies on the 4th level of a 7 storey building. This residential property is still under construction and will be available for possession immediately. Call us for more info and site visit.",Dream Properties,,,https://www.99acres.com/2-bhk-bedroom-apartment-flat-for-sale-in-earth-classic-matunga-south-mumbai-900-sqft-spid-W92874804,,6
A91968998,PROPERTY,"2 BHK Flat in Matunga West, Mumbai","2 BHK Flat in Matunga West, Mumbai",Rustomjee 180 Bayview,"Matunga West, Mumbai",₹4.55 Cr,"₹54,951 /sqft",828 sqft,(77 sqm),Carpet Area,2 BHK,2,Under Construction,16th out of 37 Floors | Overlooking Park,,"This is a west-Facing property. The floor plan additionally contains 2 bedroom(s), 2 bathrooms and 1 balcony. All in all, the flat is spread over a carpet area of 828 sq.Ft. This flat is situated on the 16th floor of this 37 floors tall residential building. This residential property is still under construction and will be available for possession by june 2029. The beautifully designed vitrifie...",Parmar Properties and Infrastructure Pvt. Ltd.,Dealer,,https://www.99acres.com/2-bhk-bedroom-apartment-flat-for-sale-in-matunga-west-mumbai-south-828-sqft-spid-A91968998,,6
Q89288471,PROPERTY,"2 BHK Flat in Matunga, Mumbai","2 BHK Flat in Matunga, Mumbai",Lodha Divino,"Matunga, Mumbai",₹4 Cr,"₹43,478 /sqft",920 sqft,(85 sqm),Carpet Area,2 BHK,2,Under Construction,11th out of 38 Floors | Overlooking Park,,"Lodha divino, matunga Location*: Near manav seva sangh, eastern express highway, bhaudaji rd, matunga east, mumbai, maharashtra G + 38 storey homes G + 10 parking 35,000 sq.Ft. Open recreational area. Large integrated development Large open green spaces Ample parking space World class amenities Luxury homes with premium finishes Jain temple with upashray Location proximity 1 minute to eastern e...",Jayesh Realty,Dealer,,https://www.99acres.com/2-bhk-bedroom-apartment-flat-for-sale-in-lodha-divino-matunga-south-mumbai-920-sqft-r2-spid-Q89288471,,6
G92767360,PROPERTY,"3 BHK Flat in Matunga West, Mumbai","3 BHK Flat in Matunga West, Mumbai",Ruparel Iris,"Matunga West, Mumbai",₹4 Cr,"₹44,444 /sqft",900 sqft,(84 sqm),Built-up Area,3 BHK,3,Under Construction,40th out of 43 Floors | Overlooking Main Road,,"The flat occupies a built up area of 900 sq.Ft. That consists of 3 bedrooms, 3 bathrooms and 1 balcony. The flat has a total of 43 floors and this property is situated on 40th floor. As the property is currently under construction , you can expect to get the possession within 6 months. Ruparel iris is designed very well to provide modern facilities such as swimming pool, gymnasium, club house, ...",Dream Properties,,,https://www.99acres.com/3-bhk-bedroom-apartment-flat-for-sale-in-ruparel-iris-matunga-west-mumbai-south-900-sqft-spid-G92767360,,6
E89899956,PROPERTY,"2 BHK Flat in Matunga West, Mumbai","2 BHK Flat in Matunga West, Mumbai",Jivan Prakash 89 Buildcon,"Matunga West, Mumbai",₹4.75 Cr,"₹53,263 /sqft",891.8 sqft,(93 sqm),Carpet Area,2 BHK,2,Ready To Move,15th out of 21 Floors | Overlooking Main Road,,"The flat is facing the north-East direction. The floor plan additionally contains 2 bedroom(s), 2 bathrooms and 1 balcony. All in all, the flat is spread over a built up area of 1000 sq.Ft. This flat lies on the 15th level of a 21 storey building. This is a ready to move project and the property is 1-5 years old. The flat comes well built with vitrified flooring options. Another plus point for ...",MANISHA ENTERPRISES,,,https://www.99acres.com/2-bhk-bedroom-apartment-flat-for-sale-in-jivan-prakash-89-buildcon-matunga-west-mumbai-south-1000-sqft-spid-E89899956,,6
O84554804,PROPERTY,"2 BHK Flat in Matunga, Mumbai","2 BHK Flat in Matunga, Mumbai",Nandivardhan Parkway,"Matunga, Mumbai",₹4.65 Cr,"₹54,069 /sqft",860 sqft,(80 sqm),Built-up Area,2 BHK,2,Ready To Move,15th out of 22 Floors | Overlooking Main Road,,One of the best ready to move oc received property of 2 bhk with covered ramp car parking at very affordable price . This property comes up with good constructions quality . From this property all daily to daily needs shops are nearby . Call us for more info and site visit .,Dream Properties,,,https://www.99acres.com/2-bhk-bedroom-apartment-flat-for-sale-in-nandivardhan-parkway-matunga-south-mumbai-860-sqft-r4-spid-O84554804,,7
Y92928082,PROPERTY,"3 BHK Flat in Matunga West, Mumbai","3 BHK Flat in Matunga West, Mumbai",Aditya Elegance,"Matunga West, Mumbai",₹5.5 Cr,"₹54,187 /sqft","1,015 sqft",(94 sqm),Carpet Area,3 BHK,3,Ready To Move,5th out of 18 Floors | High Ceiling height,,Best ambience & well maintained society,Blue point realty,Dealer,,https://www.99acres.com/3-bhk-bedroom-apartment-flat-for-sale-in-aditya-elegance-matunga-west-mumbai-south-1015-sqft-spid-Y92928082,,7
A80012387,PROPERTY,"3 BHK Flat in Matunga East, Mumbai","3 BHK Flat in Matunga East, Mumbai",xenus,"Matunga East, Mumbai",₹5.3 Cr,"₹44,953 /sqft","1,179 sqft",(110 sqm),Carpet Area,3 BHK,3,Ready To Move,20th out of 21 Floors | North-East Facing,,"Looking for a 3 bhk property for sale in mumbai south? Buy this 3 bhk flat in xenus that is situated in matunga east, mumbai south. This property faces the north-East direction. The flat is over 1179 sq.Ft. Carpet area and comes with 3 bedroom(s), 3 bathrooms . This flat lies on the 20th level of a 21 storey building. As the project is already ready to move, so you can easily move into this 0-1...",Matrix Realty Solutions,Dealer,,https://www.99acres.com/3-bhk-bedroom-apartment-flat-for-sale-in-matunga-east-mumbai-south-1179-sqft-r7-spid-A80012387,,7
Y93033874,PROPERTY,"2 BHK Flat in Matunga, Mumbai","2 BHK Flat in Matunga, Mumbai",Lodha Divino,"Matunga, Mumbai",₹4.5 Cr,"₹54,545 /sqft",825 sqft,(77 sqm),Carpet Area,2 BHK,2,Under Construction,35th out of 38 Floors | Overlooking Park,,"This property faces the east direction. The floor plan additionally contains 2 bedroom(s), 2 bathrooms and 1 balcony. All in all, the flat is spread over a carpet area of 825 sq.Ft. The property is located on the 35th floor of a 38 floors tall building. The flat is currently under construction stage and you can expect to get the possession of the property by december 2027. The beautifully desig...",Patel real estate consultancy,Dealer,,https://www.99acres.com/2-bhk-bedroom-apartment-flat-for-sale-in-matunga-south-mumbai-825-sqft-spid-Y93033874,,7
B91764216,PROPERTY,"3 BHK Flat in Mainak Wadi, Matunga, Mumbai","3 BHK Flat in Mainak Wadi, Matunga, Mumbai",Indumani Heights,"Mainak Wadi, Matunga, Mumbai",₹4.6 Cr,"₹49,945 /sqft",921 sqft,(86 sqm),Carpet Area,3 BHK,3,Under Construction,20th out of 21 Floors | Overlooking Park,,"Indumani heights - Matunga (w) Just 5 minute from shivaji park, indumani heights brings you the perfect blend of serenity and city life. Presenting.... Spacious 1 bed recidency 2 bed recidency 3 bed recidency ......Soak in the sea view of the worli-Bandra sea link and step into homes designed for luxury, comfort, and natural light. Site:- Indumani heights, bhagat gali, mainak wadi, lokmanya nag...",High Street Realtors,Dealer,,https://www.99acres.com/3-bhk-bedroom-apartment-flat-for-sale-in-mainak-wadi-mumbai-south-921-sqft-spid-B91764216,,7
X91691226,PROPERTY,"2 BHK Flat in Matunga West, Mumbai","2 BHK Flat in Matunga West, Mumbai",Ruparel Iris,"Matunga West, Mumbai",₹4.98 Cr,"₹60,000 /sqft",830 sqft,(77 sqm),Carpet Area,2 BHK,2,Ready To Move,30th out of 43 Floors | Overlooking Main Road,,"This residential flat is west-Facing direction. Containing 2 bedroom(s), 2 bathrooms , this flat is spread over a carpet area of 830 sq.Ft. The flat has a total of 43 floors and this property is situated on 30th floor. This 0-1 year old property is available for immediate possession as the project is ready to move. The well built vitrified flooring enhances the aesthetic appeal of this flat. Ma...",Ask realtors,,,https://www.99acres.com/2-bhk-bedroom-apartment-flat-for-sale-in-ruparel-iris-matunga-west-mumbai-south-830-sqft-r1-spid-X91691226,,7
X91845032,PROPERTY,"2 BHK Flat in Matunga, Mumbai","2 BHK Flat in Matunga, Mumbai",Lodha Divino,"Matunga, Mumbai",₹4.67 Cr,"₹54,428 /sqft",858 sqft,(80 sqm),Carpet Area,2 BHK,2,Under Construction,26th out of 38 Floors | East Facing,,"The flat is east-Facing. The flat is over 858 sq.Ft. Carpet area and comes with 2 bedroom(s), 2 bathrooms . The residential building has 38 floors in total and the flat for sale is located on the 26th floor. As the property is currently under construction , you can expect to get the possession by december 2027. The beautifully designed marble flooring enhances the beauty of the flat. The flat w...",Parmar Properties and Infrastructure Pvt. Ltd.,Dealer,,https://www.99acres.com/2-bhk-bedroom-apartment-flat-for-sale-in-lodha-divino-matunga-south-mumbai-858-sqft-spid-X91845032,,7
I89898688,PROPERTY,"3 BHK Flat in Matunga West, Mumbai","3 BHK Flat in Matunga West, Mumbai",Jivan Prakash 89 Buildcon,"Matunga West, Mumbai",₹5.6 Cr,"₹51,470 /sqft","1,088 sqft",(121 sqm),Carpet Area,3 BHK,3,Ready To Move,18th out of 21 Floors | North-East Facing,,"This is a north-East-Facing property. Containing 3 bedroom(s), 3 bathrooms and 1 balcony, this flat is spread over a built up area of 1300 sq.Ft. This flat lies on the 18th level of a 21 storey building. This is a ready to move project and the property is 1-5 years old. The floor of this flat is beautifully designed using vitrified flooring, giving the flat an alluring look. This residential pr...",MANISHA ENTERPRISES,,,https://www.99acres.com/3-bhk-bedroom-apartment-flat-for-sale-in-jivan-prakash-89-buildcon-matunga-west-mumbai-south-1300-sqft-spid-I89898688,,7
E92502626,PROPERTY,"2 BHK Flat in Matunga, Mumbai","2 BHK Flat in Matunga, Mumbai",Tridhaatu Amaris Park,"Matunga, Mumbai",₹5 Cr,"₹57,803 /sqft",865 sqft,(80 sqm),Carpet Area,2 BHK,2,Ready To Move,6th out of 8 Floors | Overlooking Main Road,,Beautiful and scenic green views. Quiet lane.,BAKHTHAVAR J. ESTATES,Dealer,,https://www.99acres.com/2-bhk-bedroom-apartment-flat-for-sale-in-tridhaatu-amaris-park-matunga-south-mumbai-865-sqft-spid-E92502626,,7
J86986262,PROPERTY,"3 BHK Flat in Matunga West, Mumbai","3 BHK Flat in Matunga West, Mumbai",Jivan Prakash 89 Buildcon,"Matunga West, Mumbai",₹5 Cr,"₹52,410 /sqft",954 sqft,(89 sqm),Carpet Area,3 BHK,3,Ready To Move,11th out of 21 Floors | Overlooking Park,,"Located in the popular residential address of matunga west, mumbai south, jivan prakash 89 buildcon is one of the most preferred destination for apartments in mumbai south. This 3 bhk flat is your ticket to be a part of this community. The flat is east-Facing. Containing 3 bedroom(s), 3 bathrooms , this flat is spread over a carpet area of 954 sq.Ft. The property is located on the 11th floor of...",Cozy Homes,Dealer,,https://www.99acres.com/3-bhk-bedroom-apartment-flat-for-sale-in-jivan-prakash-89-buildcon-matunga-west-mumbai-south-954-sqft-r3-spid-J86986262,,7
I89303235,PROPERTY,"3 BHK Flat in Matunga, Mumbai","3 BHK Flat in Matunga, Mumbai",Lodha Divino,"Matunga, Mumbai",₹5.59 Cr,"₹43,434 /sqft","1,287 sqft",(120 sqm),Carpet Area,3 BHK,3,Under Construction,11th out of 38 Floors | North-East Facing,,"Lodha divino, matunga Location near manav seva sangh, eastern express highway, bhaudaji rd, matunga east, mumbai, maharashtra G + 38 storey homes G + 10 parking 35,000 sq.Ft. Open recreational area. Large integrated development Large open green spaces Ample parking space World class amenities Luxury homes with premium finishes Jain temple with upashray Location proximity 1 minute to eastern exp...",Jayesh Realty,Dealer,,https://www.99acres.com/3-bhk-bedroom-apartment-flat-for-sale-in-lodha-divino-matunga-south-mumbai-1287-sqft-r1-spid-I89303235,,7
Y92940028,PROPERTY,"3 BHK Flat in Matunga East, Mumbai","3 BHK Flat in Matunga East, Mumbai",matunga,"Matunga East, Mumbai",₹5.25 Cr,"₹56,756 /sqft",925 sqft,(86 sqm),Carpet Area,3 BHK,3,Ready To Move,13th out of 21 Floors | East Facing,,"The flat is east-Facing. The flat occupies a carpet area of 925 sq.Ft. That consists of 3 bedrooms, 3 bathrooms . This flat is situated on the 13th floor of this 21 floors tall residential building. The flat is currently under construction stage and you can expect to get the possession of the property immediately. The society is well equipped with many modern amenities, including lift(s).",Atul Savla Estate Agency,Dealer,,https://www.99acres.com/3-bhk-bedroom-apartment-flat-for-sale-in-matunga-east-mumbai-south-925-sqft-spid-Y92940028,,7
A92427268,PROPERTY,"3 BHK Flat in Matunga, Mumbai","3 BHK Flat in Matunga, Mumbai",Lodha Divino,"Matunga, Mumbai",₹4.92 Cr,"₹53,478 /sqft",920 sqft,(85 sqm),Carpet Area,3 BHK,2,Under Construction,10th out of 38 Floors | Overlooking Club House,,"This residential flat is east-Facing direction. Constructed on a carpet area of 920 sq.Ft., the flat comprises 3 bedroom(s), 2 bathrooms and 1 balcony. The flat has a total of 38 floors and this property is situated on 10th floor. As the property is currently under construction , you can expect to get the possession by december 2028. The marble flooring of this flat is beautifully designed and ...",DHM Estates,Dealer,,https://www.99acres.com/3-bhk-bedroom-apartment-flat-for-sale-in-lodha-divino-matunga-south-mumbai-920-sqft-spid-A92427268,,7
U92372120,PROPERTY,"3 BHK Flat in Matunga, Mumbai","3 BHK Flat in Matunga, Mumbai",Lodha Divino,"Matunga, Mumbai",₹4.93 Cr,"₹53,586 /sqft",920 sqft,(85 sqm),Carpet Area,3 BHK,2,Under Construction,10th out of 38 Floors | Overlooking Club House,,"The flat is facing the east direction. The flat occupies a carpet area of 920 sq.Ft. That consists of 3 bedrooms, 2 bathrooms and 1 balcony. This flat lies on the 10th level of a 38 storey building. The flat is currently under construction stage and you can expect to get the possession of the property by december 2028. The marble flooring of this flat is beautifully designed and helps to give i...",DHM Estates,Dealer,,https://www.99acres.com/3-bhk-bedroom-apartment-flat-for-sale-in-lodha-divino-matunga-south-mumbai-920-sqft-spid-U92372120,,7
C91997544,PROPERTY,"3 BHK Flat in Matunga East, Mumbai","3 BHK Flat in Matunga East, Mumbai",Paramount by Gala Habitats,"Matunga East, Mumbai",₹6.25 Cr,"₹50,200 /sqft","1,245 sqft",(116 sqm),Carpet Area,3 BHK,3,Under Construction,12th out of 19 Floors | North-East Facing,,"The flat is north-East-Facing. The flat is over 1245 sq.Ft. Carpet area and comes with 3 bedroom(s), 3 bathrooms and 2 balconies. The flat has a total of 19 floors and this property is situated on 12th floor. The flat is currently under construction stage and you can expect to get the possession of the property by february 2028. The floor of this flat is beautifully designed using vitrified flo...",Parmar Properties and Infrastructure Pvt. Ltd.,Dealer,,https://www.99acres.com/3-bhk-bedroom-apartment-flat-for-sale-in-matunga-east-mumbai-south-1245-sqft-spid-C91997544,,7
J91528118,PROPERTY,"3 BHK Flat in Matunga East, Mumbai","3 BHK Flat in Matunga East, Mumbai","Paramount of Gala Habitats, Matunga East, Mumbai","Matunga East, Mumbai",₹6.25 Cr,"₹50,200 /sqft","1,245 sqft",(116 sqm),Carpet Area,3 BHK,4,Under Construction,13th out of 19 Floors | Overlooking Park,,"The rare edition matunga central Luxury 3 bhk apartments in matunga east, mumbai The rare edition by paramount is an exclusive residential development offering spacious 3 bhk residences with private sundecks in the heart of matunga east. Designed for discerning homebuyers seeking luxury, connectivity, and long-Term value appreciation, this premium tower combines modern amenities with the charm ...",High Street Realtors,Dealer,,https://www.99acres.com/3-bhk-bedroom-apartment-flat-for-sale-in-matunga-east-mumbai-south-1245-sqft-spid-J91528118,,7
F88919024,PROPERTY,"3 BHK Flat in Matunga, Mumbai","3 BHK Flat in Matunga, Mumbai",Lodha Divino,"Matunga, Mumbai",₹5.5 Cr,"₹44,824 /sqft","1,227 sqft",(114 sqm),Carpet Area,3 BHK,3,Ready To Move,38th out of 38 Floors | Overlooking Park,,"This property faces the west direction. The flat occupies a carpet area of 1227 sq.Ft. That consists of 3 bedrooms, 3 bathrooms and 1 balcony. The property is located on the top floor of a 38 floors tall building. Being a ready to move project, you can expect immediate possession of this 0-1 year old property. The marble flooring of this flat is beautifully designed and helps to give it a pleas...",Easy To Move In,,,https://www.99acres.com/3-bhk-bedroom-apartment-flat-for-sale-in-lodha-divino-matunga-south-mumbai-1227-sqft-spid-F88919024,,7
P92347834,PROPERTY,"2 BHK Flat in Matunga, Mumbai","2 BHK Flat in Matunga, Mumbai",Lodha Divino,"Matunga, Mumbai",₹4.97 Cr,"₹54,021 /sqft",920 sqft,(85 sqm),Carpet Area,2 BHK,2,Under Construction,10th out of 38 Floors | Overlooking Club House,,"The floor plan additionally contains 2.5 bedroom(s), 2 bathrooms and 1 balcony. All in all, the flat is spread over a carpet area of 920 sq.Ft. This flat is situated on the 10th floor of this 38 floors tall residential building. Moreover, the flat is currently under construction and possession is expected by december 2028. All the modern amenities such as swimming pool and gymnasium will make l...",DHM Estates,Dealer,,https://www.99acres.com/2-bhk-bedroom-apartment-flat-for-sale-in-lodha-divino-matunga-south-mumbai-920-sqft-spid-P92347834,,7
S92327572,PROPERTY,"2 BHK Flat in Matunga, Mumbai","2 BHK Flat in Matunga, Mumbai",Lodha Divino,"Matunga, Mumbai",₹4.95 Cr,"₹53,804 /sqft",920 sqft,(85 sqm),Carpet Area,2 BHK,2,Under Construction,21st out of 38 Floors | Overlooking Cityscape,,"Lodha divino matunga will be constructed on approx 6.5 acres of land parcel consisting of approx 9 towers, with each tower of ground+3lodha vero matunga will be constructed on approx 10 acres of land parcel consisting of approx 7 towers, with each tower of 38 storeys having 2 bhk, 3 bhk & 4 bhk residential apartment. Lodha divino project is located on eastern express highway, matunga east, mumb...",JAI AMBE ADVISORY PVT LTD,,,https://www.99acres.com/2-bhk-bedroom-apartment-flat-for-sale-in-lodha-divino-matunga-south-mumbai-920-sqft-spid-S92327572,,7
I91969386,PROPERTY,"3 BHK Flat in Matunga West, Mumbai","3 BHK Flat in Matunga West, Mumbai",Rustomjee 180 Bayview,"Matunga West, Mumbai",₹7.35 Cr,"₹54,973 /sqft","1,337 sqft",(124 sqm),Carpet Area,3 BHK,3,Under Construction,32nd out of 37 Floors | East Facing,,"The flat is facing the east direction. Constructed on a carpet area of 1337 sq.Ft., the flat comprises 3 bedroom(s), 3 bathrooms and 2 balconies. The residential building has 37 floors in total and the flat for sale is located on the 32nd floor. As the property is currently under construction , you can expect to get the possession by june 2029. The beautifully designed vitrified flooring enhanc...",Parmar Properties and Infrastructure Pvt. Ltd.,Dealer,,https://www.99acres.com/3-bhk-bedroom-apartment-flat-for-sale-in-matunga-west-mumbai-south-1337-sqft-spid-I91969386,,7
S92320118,PROPERTY,"3 BHK Flat in Matunga, Mumbai","3 BHK Flat in Matunga, Mumbai",Lodha Divino,"Matunga, Mumbai",₹5.9 Cr,"₹45,843 /sqft","1,287 sqft",(120 sqm),Carpet Area,3 BHK,3,Under Construction,18th out of 38 Floors | Overlooking Club House,,"Amenities at lodha divino matungaexperience an enriched lifestyle with lodha divino thoughtfully curated amenities, such as a spacious gym and efficient power backup.Lodha divino, mumbai, offers a perfect blend of connectivity and serenity. Nestled in a vibrant neighborhood with easy access to key city destinations, it promises modern living with a touch of tranquility. Enjoy the best of both w...",JAI AMBE ADVISORY PVT LTD,,,https://www.99acres.com/3-bhk-bedroom-apartment-flat-for-sale-in-lodha-divino-matunga-south-mumbai-1287-sqft-spid-S92320118,,7
M93064560,PROPERTY,"3 BHK Flat in Matunga, Mumbai","3 BHK Flat in Matunga, Mumbai",Lodha Divino,"Matunga, Mumbai",₹6.11 Cr,"₹49,796 /sqft","1,227 sqft",(114 sqm),Carpet Area,3 BHK,3,Under Construction,28th out of 38 Floors | 2 side open,,"This is a east-Facing property. The floor plan additionally contains 3 bedroom(s), 3 bathrooms and 1 balcony. All in all, the flat is spread over a carpet area of 1227 sq.Ft. The residential building has 38 floors in total and the flat for sale is located on the 28th floor. This residential flat is currently under construction and you can expect the possession of the same by december 2027. The ...",Ask realtors,,,https://www.99acres.com/3-bhk-bedroom-apartment-flat-for-sale-in-lodha-divino-matunga-south-mumbai-1227-sqft-spid-M93064560,,7
V90953364,PROPERTY,"4 BHK Flat in Matunga East, Mumbai","4 BHK Flat in Matunga East, Mumbai",matunga,"Matunga East, Mumbai",₹11 Cr,"₹55,000 /sqft","2,000 sqft",(186 sqm),Built-up Area,4 BHK,4,Ready To Move,20th out of 20 Floors | East Facing,,"This is a east-Facing property. The flat occupies a built up area of 2000 sq.Ft. That consists of 4 bedrooms, 4 bathrooms and 1 balcony. This flat is situated on the top floor of this 20 floors tall residential building. This 5-10 years old property is available for immediate possession as the project is ready to move. Moreover, this property offers close proximity to important landmarks such a...",Atul Savla Estate Agency,Dealer,,https://www.99acres.com/4-bhk-bedroom-apartment-flat-for-sale-in-matunga-east-mumbai-south-2000-sqft-r1-spid-V90953364,,7
I92929450,PROPERTY,"4 BHK Flat in Matunga East, Mumbai","4 BHK Flat in Matunga East, Mumbai",DSS Mahavir Orion,"Matunga East, Mumbai",₹8.46 Cr,"₹50,507 /sqft","1,675 sqft",(156 sqm),Carpet Area,4 BHK,4,Ready To Move,2nd out of 29 Floors | Overlooking Park,,"Dss mahavir orion is an exclusive residential development in matunga east, mumbai, featuring a single 29-Storey tower with only 20 premium residences, ensuring privacy and an elevated lifestyle. Spread across 0.5 acres, the project offers spacious homes with modern amenities in one of south mumbai's most well-Connected neighbourhoods. Designed for luxury living, the development features a 20-St...","Bhavesh Kothari, Property First",,,https://www.99acres.com/4-bhk-bedroom-apartment-flat-for-sale-in-dss-mahavir-orion-matunga-east-mumbai-south-1675-sqft-spid-I92929450,,7
G91956132,PROPERTY,"3 BHK Flat in Matunga, Mumbai","3 BHK Flat in Matunga, Mumbai",Lodha Divino,"Matunga, Mumbai",₹6.1 Cr,"₹47,397 /sqft","1,287 sqft",(120 sqm),Carpet Area,3 BHK,3,Under Construction,22nd out of 38 Floors | Recently Renovated,,"This is a west-Facing property. The flat is over 1227 sq.Ft. Carpet area and comes with 3 bedroom(s), 3 bathrooms and 1 balcony. The flat has a total of 38 floors and this property is situated on 22nd floor. Moreover, the flat is currently under construction and possession is expected by december 2028. The vitrified flooring of this flat is beautifully designed and helps to give it a pleasing l...",Ask realtors,,,https://www.99acres.com/3-bhk-bedroom-apartment-flat-for-sale-in-lodha-divino-matunga-south-mumbai-1287-sqft-spid-G91956132,,7
X93086292,PROPERTY,"3 BHK Flat in Matunga, Mumbai","3 BHK Flat in Matunga, Mumbai",Lodha Divino,"Matunga, Mumbai",₹6.15 Cr,"₹54,861 /sqft","1,121 sqft",(104 sqm),Carpet Area,3 BHK,3,Under Construction,16th out of 38 Floors | Overlooking Cityscape,,"The flat is west-Facing. The flat is over 1121 sq.Ft. Carpet area and comes with 3 bedroom(s), 3 bathrooms . The residential building has 38 floors in total and the flat for sale is located on the 16th floor. As the property is currently under construction , you can expect to get the possession by december 2027. The flat comes well built with vitrified flooring options. The society is well equi...",CUSHMAN AND WAKEFIELD INDIA PRIVATE LIMITED,Dealer,,https://www.99acres.com/3-bhk-bedroom-apartment-flat-for-sale-in-lodha-divino-matunga-south-mumbai-1121-sqft-spid-X93086292,,8
W92347154,PROPERTY,"3 BHK Flat in Matunga, Mumbai","3 BHK Flat in Matunga, Mumbai",Lodha Divino,"Matunga, Mumbai",₹6.87 Cr,"₹61,311 /sqft","1,121 sqft",(104 sqm),Carpet Area,3 BHK,3,Under Construction,10th out of 38 Floors | Overlooking Club House,,"This residential flat is east-Facing direction. Containing 3 bedroom(s), 3 bathrooms and 1 balcony, this flat is spread over a carpet area of 1121 sq.Ft. This flat lies on the 10th level of a 38 storey building. As the property is currently under construction , you can expect to get the possession by december 2028. The marble flooring of this flat is beautifully designed and helps to give it a ...",DHM Estates,Dealer,,https://www.99acres.com/3-bhk-bedroom-apartment-flat-for-sale-in-lodha-divino-matunga-south-mumbai-1121-sqft-spid-W92347154,,8
T92426394,PROPERTY,"3 BHK Flat in Matunga, Mumbai","3 BHK Flat in Matunga, Mumbai",Lodha Divino,"Matunga, Mumbai",₹6.93 Cr,"₹56,479 /sqft","1,227 sqft",(114 sqm),Carpet Area,3 BHK,3,Under Construction,10th out of 38 Floors | Overlooking Club House,,"The flat is east-Facing. The flat is over 1227 sq.Ft. Carpet area and comes with 3 bedroom(s), 3 bathrooms and 1 balcony. This flat lies on the 10th level of a 38 storey building. Moreover, the flat is currently under construction and possession is expected by december 2028. The floor of this flat is beautifully designed using marble flooring, giving the flat an alluring look. The society compl...",DHM Estates,Dealer,,https://www.99acres.com/3-bhk-bedroom-apartment-flat-for-sale-in-lodha-divino-matunga-south-mumbai-1227-sqft-spid-T92426394,,8
X82629798,PROPERTY,"3 BHK Flat in Matunga, Mumbai","3 BHK Flat in Matunga, Mumbai",Lodha Divino,"Matunga, Mumbai",₹6.43 Cr,"₹49,961 /sqft","1,287 sqft",(120 sqm),Carpet Area,3 BHK,3,Under Construction,25th out of 38 Floors | Overlooking Main Road,,"Situated in matunga, mumbai south, lodha divino is a well planned society that offers a pleasant living experience to its residents. This 3 bhk flat in mumbai south is your opportunity to be a part of this community. This residential flat is west-Facing direction. The flat is over 1287 sq.Ft. Carpet area and comes with 3 bedroom(s), 3 bathrooms and 1 balcony. This flat is situated on the 25th f...",Ask realtors,,,https://www.99acres.com/3-bhk-bedroom-apartment-flat-for-sale-in-lodha-divino-matunga-south-mumbai-1287-sqft-r2-spid-X82629798,,8
H91845228,PROPERTY,"3 BHK Flat in Matunga, Mumbai","3 BHK Flat in Matunga, Mumbai",Lodha Divino,"Matunga, Mumbai",₹7 Cr,"₹54,390 /sqft","1,287 sqft",(120 sqm),Carpet Area,3 BHK,3,Under Construction,32nd out of 38 Floors | North Facing,,"This residential flat is north-Facing direction. The flat is over 1287 sq.Ft. Carpet area and comes with 3 bedroom(s), 3 bathrooms and 1 balcony. This flat lies on the 32nd level of a 38 storey building. As the property is currently under construction , you can expect to get the possession by december 2027. The flat comes well built with marble flooring options. Lodha divino is designed very we...",Parmar Properties and Infrastructure Pvt. Ltd.,Dealer,,https://www.99acres.com/3-bhk-bedroom-apartment-flat-for-sale-in-lodha-divino-matunga-south-mumbai-1287-sqft-spid-H91845228,,8
M92427844,PROPERTY,"4 BHK Flat in Matunga, Mumbai","4 BHK Flat in Matunga, Mumbai",Lodha Divino,"Matunga, Mumbai",₹7.37 Cr,"₹53,913 /sqft","1,367 sqft",(127 sqm),Carpet Area,4 BHK,3,Under Construction,10th out of 38 Floors | Overlooking Club House,,"This is a east-Facing property. Containing 4 bedroom(s), 3 bathrooms and 1 balcony, this flat is spread over a carpet area of 1367 sq.Ft. This flat lies on the 10th level of a 38 storey building. This residential flat is currently under construction and you can expect the possession of the same by december 2028. The marble flooring of this flat is beautifully designed and helps to give it a ple...",DHM Estates,Dealer,,https://www.99acres.com/4-bhk-bedroom-apartment-flat-for-sale-in-lodha-divino-matunga-south-mumbai-1367-sqft-spid-M92427844,,8
W93350938,PROPERTY,"4 BHK Flat in Matunga West, Mumbai","4 BHK Flat in Matunga West, Mumbai",Ruparel Iris,"Matunga West, Mumbai",₹10 Cr,"₹60,240 /sqft","1,660 sqft",(154 sqm),Carpet Area,4 BHK,4,Ready To Move,42nd out of 43 Floors | Overlooking Main Road,,"This property faces the west direction. The flat is over 1660 sq.Ft. Carpet area and comes with 4 bedroom(s), 4 bathrooms and 1 balcony. The property is located on the 42nd floor of a 43 floors tall building. As the property is currently under construction , you can expect to get the possession immediately. The floor of this flat is beautifully designed using vitrified flooring, giving the flat...",Ask realtors,,,https://www.99acres.com/4-bhk-bedroom-apartment-flat-for-sale-in-ruparel-iris-matunga-west-mumbai-south-1660-sqft-spid-W93350938,,8
Y82629840,PROPERTY,"4 BHK Flat in Matunga, Mumbai","4 BHK Flat in Matunga, Mumbai",Lodha Divino,"Matunga, Mumbai",₹6.83 Cr,"₹49,963 /sqft","1,367 sqft",(127 sqm),Carpet Area,4 BHK,4,Under Construction,22nd out of 38 Floors | Overlooking Park,,"This lovely 3.5 bhk apartment/flat in matunga is available for sale in one of mumbai south's most popular projects, lodha divino. The flat is east-Facing. The flat is over 1367 sq.Ft. Carpet area and comes with 4 bedroom(s), 4 bathrooms and 1 balcony. The flat has a total of 38 floors and this property is situated on 22nd floor. This residential flat is currently under construction and you can ...",Ask realtors,,,https://www.99acres.com/4-bhk-bedroom-apartment-flat-for-sale-in-lodha-divino-matunga-south-mumbai-1367-sqft-r2-spid-Y82629840,,8
Q92348004,PROPERTY,"3 BHK Flat in Matunga, Mumbai","3 BHK Flat in Matunga, Mumbai",Lodha Divino,"Matunga, Mumbai",₹7.5 Cr,"₹56,348 /sqft","1,331 sqft",(124 sqm),Carpet Area,3 BHK,3,Under Construction,10th out of 38 Floors | Overlooking Club House,,"The floor plan additionally contains 3.5 bedroom(s), 3 bathrooms and 1 balcony. All in all, the flat is spread over a carpet area of 1331 sq.Ft. This flat is situated on the 10th floor of this 38 floors tall residential building. Moreover, the flat is currently under construction and possession is expected by december 2028. All the modern amenities such as swimming pool and gymnasium will make ...",DHM Estates,Dealer,,https://www.99acres.com/3-bhk-bedroom-apartment-flat-for-sale-in-lodha-divino-matunga-south-mumbai-1331-sqft-spid-Q92348004,,8
Q79288117,PROPERTY,"4 BHK Flat in Matunga West, Mumbai","4 BHK Flat in Matunga West, Mumbai",Rustomjee 180 Bayview,"Matunga West, Mumbai",₹9.4 Cr,"₹49,525 /sqft","1,898 sqft",(176 sqm),Carpet Area,4 BHK,5,Under Construction,23rd out of 37 Floors | Overlooking Park,,"Rustomjee 180 bayview, matunga west Experience the pinnacle of luxury living Introducing rustomjee 180 bayview, an ultra-Luxurious residential project in the heart of mumbai south. Project highlights: - 2 majestic towers, 37 floors each, offering breathtaking views - Ultra-Luxurious residences with exquisitely designed apartments - Thoughtfully crafted floor plans ensuring extreme privacy, free...",K.Hemandas real estate,Dealer,,https://www.99acres.com/4-bhk-bedroom-apartment-flat-for-sale-in-matunga-west-mumbai-south-1898-sqft-r3-spid-Q79288117,,8
Y90922572,PROPERTY,"4 BHK Flat in Matunga, Mumbai","4 BHK Flat in Matunga, Mumbai",Nandivardhan Parkway,"Matunga, Mumbai",₹8.25 Cr,"₹45,681 /sqft","1,806 sqft",(168 sqm),Carpet Area,4 BHK,3,Ready To Move,21st out of 22 Floors | East Facing,,"This property faces the east direction. The flat occupies a carpet area of 1806 sq.Ft. That consists of 4 bedrooms, 3 bathrooms and 2 balconies. The property is located on the 21st floor of a 22 floors tall building. This is a ready to move project and the property is 5-10 years old. The well built marble flooring enhances the aesthetic appeal of this flat. The society is well equipped with man...",Ishaan Estate,Dealer,,https://www.99acres.com/4-bhk-bedroom-apartment-flat-for-sale-in-nandivardhan-parkway-matunga-south-mumbai-1806-sqft-r1-spid-Y90922572,,8
N90440648,PROPERTY,"3 BHK Flat in Matunga, Mumbai","3 BHK Flat in Matunga, Mumbai",Kalpataru Matru Ashish,"Matunga, Mumbai",₹10.5 Cr,"₹45,454 /sqft","2,310 sqft",(215 sqm),Built-up Area,3 BHK,3,Ready To Move,6th out of 14 Floors | Overlooking Main Road,,"The flat is east-Facing. The flat occupies a built up area of 2310 sq.Ft. That consists of 3 bedrooms, 3 bathrooms and 1 balcony. This flat is situated on the 6th floor of this 14 floors tall residential building. Being a ready to move project, you can expect immediate possession of this 0-1 year old property. The well built marble flooring enhances the aesthetic appeal of this flat. Many of th...",Parmar Properties and Infrastructure Pvt. Ltd.,Dealer,,https://www.99acres.com/3-bhk-bedroom-apartment-flat-for-sale-in-kalpataru-matru-ashish-matunga-south-mumbai-2310-sqft-spid-N90440648,,8
N90582314,PROPERTY,"4 BHK Flat in Matunga East, Mumbai","4 BHK Flat in Matunga East, Mumbai",matunga,"Matunga East, Mumbai",₹9 Cr,"₹47,368 /sqft","1,900 sqft",(177 sqm),Built-up Area,4 BHK,4,Ready To Move,6th out of 21 Floors | East Facing,,"The flat is east-Facing. Constructed on a built up area of 1900 sq.Ft., the flat comprises 4 bedroom(s), 4 bathrooms and 1 balcony. The residential building has 21 floors in total and the flat for sale is located on the 6th floor. This 1-5 years old property is available for immediate possession as the project is ready to move. Many of the modern amenities being offered, like lift(s), will prov...",Atul Savla Estate Agency,Dealer,,https://www.99acres.com/4-bhk-bedroom-apartment-flat-for-sale-in-matunga-east-mumbai-south-1900-sqft-spid-N90582314,,8
W93097570,PROPERTY,"3 BHK Flat in Matunga, Mumbai","3 BHK Flat in Matunga, Mumbai",amaris sadan,"Matunga, Mumbai",₹9.25 Cr,"₹63,661 /sqft","1,453 sqft",(135 sqm),Carpet Area,3 BHK,3,Ready To Move,10th out of 22 Floors | Overlooking Park,,"The flat is east-Facing. The flat is over 1453 sq.Ft. Carpet area and comes with 3 bedroom(s), 3 bathrooms and 1 balcony. The property is located on the 10th floor of a 22 floors tall building. This 0-1 year old property is available for immediate possession as the project is ready to move. The granite flooring of this flat is beautifully designed and helps to give it a pleasing look. The flat ...",Rajarani realtors,Dealer,,https://www.99acres.com/3-bhk-bedroom-apartment-flat-for-sale-in-matunga-south-mumbai-1453-sqft-spid-W93097570,,8
L88761946,PROPERTY,"3 BHK Flat in Matunga, Mumbai","3 BHK Flat in Matunga, Mumbai",Godrej Five Gardens,"Matunga, Mumbai",₹10.75 Cr,"₹76,241 /sqft","1,410 sqft",(131 sqm),Carpet Area,3 BHK,3,Ready To Move,17th out of 34 Floors | Overlooking Park,,"The flat is west-Facing. The flat occupies a carpet area of 1410 sq.Ft. That consists of 3 bedrooms, 3 bathrooms and 2 balconies. This flat lies on the 17th level of a 34 storey building. An added advantage of this 0-1 year old flat is that it is available for immediate possession as the project is already ready to move. The beautifully designed vitrified flooring enhances the beauty of the fla...",Ask realtors,,,https://www.99acres.com/3-bhk-bedroom-apartment-flat-for-sale-in-matunga-south-mumbai-1410-sqft-r1-spid-L88761946,,8
K93110484,PROPERTY,"4 BHK Flat in Matunga East, Mumbai","4 BHK Flat in Matunga East, Mumbai","Chheda Imperial, Matunga East","Matunga East, Mumbai",₹13 Cr,"₹52,000 /sqft","2,500 sqft",(232 sqm),Built-up Area,4 BHK,4,Under Construction,29th out of 34 Floors | Overlooking Main Road,,"The floor plan additionally contains 4 bedroom(s), 4 bathrooms and 3 balconies. All in all, the flat is spread over a built up area of 2500 sq.Ft. This flat lies on the 29th level of a 34 storey building. Moreover, the flat is currently under construction and possession is expected by july 2028. Call us for more info and site visit.",Dream Properties,,,https://www.99acres.com/4-bhk-bedroom-apartment-flat-for-sale-in-matunga-east-mumbai-south-2500-sqft-spid-K93110484,,8
P89001574,PROPERTY,"3 BHK Flat in Matunga, Mumbai","3 BHK Flat in Matunga, Mumbai",Godrej Five Gardens,"Matunga, Mumbai",₹10.5 Cr,"₹59,591 /sqft","1,762 sqft",(164 sqm),Built-up Area,3 BHK,3,Under Construction,20th out of 34 Floors | East Facing,,"The flat is facing the east direction. The flat occupies a built up area of 1762 sq.Ft. That consists of 3 bedrooms, 3 bathrooms and 2 balconies. This flat is situated on the 20th floor of this 34 floors tall residential building. Moreover, the flat is currently under construction and possession is expected by december 2028. The well built marble flooring enhances the aesthetic appeal of this f...",Parmar Properties and Infrastructure Pvt. Ltd.,Dealer,,https://www.99acres.com/3-bhk-bedroom-apartment-flat-for-sale-in-matunga-south-mumbai-1762-sqft-r1-spid-P89001574,,8
S92927398,PROPERTY,"4 BHK Flat in Matunga, Mumbai","4 BHK Flat in Matunga, Mumbai",Lodha Divino,"Matunga, Mumbai",₹9.43 Cr,"₹54,603 /sqft","1,727 sqft",(160 sqm),Carpet Area,4 BHK,4,Under Construction,2nd out of 38 Floors | Overlooking Club House,,"Lodha divino is a premium 10-Acre private estate in matunga, thoughtfully designed to offer an exceptional luxury lifestyle. With over 70% open green spaces, the development combines expansive landscapes, elegant residences, and world-Class amenities in one of mumbais most sought-After locations. The project features a 35,000+ sq. Ft. Gymkhana-Inspired clubhouse, multiple sports courts and turf...","Bhavesh Kothari, Property First",,,https://www.99acres.com/4-bhk-bedroom-apartment-flat-for-sale-in-lodha-divino-matunga-south-mumbai-1727-sqft-spid-S92927398,,8
K92736396,PROPERTY,"4 BHK Flat in Matunga West, Mumbai","4 BHK Flat in Matunga West, Mumbai",Rustomjee 180 Bayview,"Matunga West, Mumbai",₹17.15 Cr,"₹70,000 /sqft","2,450 sqft",(228 sqm),Carpet Area,4 BHK,4,Under Construction,32nd out of 35 Floors,,"The flat is west-Facing. Containing 4 bedroom(s), 4 bathrooms and 2 balconies, this flat is spread over a carpet area of 2450 sq.Ft. The residential building has 35 floors in total and the flat for sale is located on the 32nd floor. As the property is currently under construction , you can expect to get the possession by december 2029. The beautifully designed marble flooring enhances the beaut...",Parmar Properties and Infrastructure Pvt. Ltd.,Dealer,,https://www.99acres.com/4-bhk-bedroom-apartment-flat-for-sale-in-matunga-west-mumbai-south-2450-sqft-spid-K92736396,,8
Y91956258,PROPERTY,"4 BHK Flat in Matunga, Mumbai","4 BHK Flat in Matunga, Mumbai",Lodha Divino,"Matunga, Mumbai",₹9.87 Cr,"₹54,986 /sqft","1,795 sqft",(167 sqm),Carpet Area,4 BHK,4,Under Construction,25th out of 38 Floors | East Facing,,"This property faces the east direction. Constructed on a carpet area of 1795 sq.Ft., the flat comprises 4 bedroom(s), 4 bathrooms and 1 balcony. The residential building has 38 floors in total and the flat for sale is located on the 25th floor. This residential flat is currently under construction and you can expect the possession of the same by december 2028. The floor of this flat is beautifu...",Ask realtors,,,https://www.99acres.com/4-bhk-bedroom-apartment-flat-for-sale-in-lodha-divino-matunga-south-mumbai-1795-sqft-spid-Y91956258,,8
F92463108,PROPERTY,"4 BHK Flat in Matunga East, Mumbai","4 BHK Flat in Matunga East, Mumbai","Chheda Imperial , Matunga","Matunga East, Mumbai",₹16.4 Cr,"₹66,129 /sqft","2,480 sqft",(230 sqm),Carpet Area,4 BHK,5,Under Construction,18th out of 34 Floors | East Facing,,Luxury living at its finest in matunga east,Ganatra realty,Dealer,,https://www.99acres.com/4-bhk-bedroom-apartment-flat-for-sale-in-matunga-east-mumbai-south-2480-sqft-spid-F92463108,,8
P78134725,PROPERTY,"5 BHK Flat in Matunga, Mumbai","5 BHK Flat in Matunga, Mumbai",Sahaj Saroj9,"Matunga, Mumbai",₹13 Cr,"₹62,620 /sqft","2,076 sqft",(193 sqm),Carpet Area,5 BHK,5,Ready To Move,15th out of 19 Floors | 3 Covered Parking,,Spacious layout with elite location. Offers 2 balconies in the apartment.,Terraa Propex LLP,,,https://www.99acres.com/5-bhk-bedroom-apartment-flat-for-sale-in-sahaj-saroj9-matunga-south-mumbai-2076-sqft-r5-spid-P78134725,,8
I88761828,PROPERTY,"3 BHK Flat in Matunga, Mumbai","3 BHK Flat in Matunga, Mumbai",godrej five gardens,"Matunga, Mumbai",₹11.4 Cr,"₹76,203 /sqft","1,496 sqft",(139 sqm),Carpet Area,3 BHK,3,Ready To Move,20th out of 34 Floors | Overlooking Main Road,,"This residential flat is west-Facing direction. The flat is over 1496 sq.Ft. Carpet area and comes with 3 bedroom(s), 3 bathrooms . This flat is situated on the 20th floor of this 34 floors tall residential building. This is a ready to move project and the property is 0-1 year old. The flat comes well built with vitrified flooring options. The flat will offer a modern lifestyle as it is present...",Ask realtors,,,https://www.99acres.com/3-bhk-bedroom-apartment-flat-for-sale-in-matunga-south-mumbai-1496-sqft-r1-spid-I88761828,,8
E93197042,PROPERTY,"4 BHK Flat in Matunga East, Mumbai","4 BHK Flat in Matunga East, Mumbai",Cheeda imperial,"Matunga East, Mumbai",₹13 Cr,"₹47,531 /sqft","2,735 sqft",(254 sqm),Built-up Area,4 BHK,4,Under Construction,10th out of 36 Floors | Overlooking Main Road,,"This property faces the north-East direction. The flat occupies a built up area of 2735 sq.Ft. That consists of 4 bedrooms, 4 bathrooms and 3 balconies. The flat has a total of 36 floors and this property is situated on 10th floor. The flat is currently under construction stage and you can expect to get the possession of the property by august 2031. The marble flooring of this flat is beautiful...",MG Real Estate,Dealer,,https://www.99acres.com/4-bhk-bedroom-apartment-flat-for-sale-in-matunga-east-mumbai-south-2735-sqft-spid-E93197042,,8
K88909326,PROPERTY,"4 BHK Flat in Matunga, Mumbai","4 BHK Flat in Matunga, Mumbai",Cote De Orient,"Matunga, Mumbai",₹14.5 Cr,"₹51,146 /sqft","2,835 sqft",(263 sqm),Carpet Area,4 BHK,5,Ready To Move,8th out of 12 Floors | Overlooking Main Road,,"Spacious 4bhk unfurnished apartment available for sale in the prime and well-Connected area of matunga. Generous carpet area with a practical layout, perfect for customization as per your lifestyle. Located in a peaceful residential locality with easy access to schools, markets, and daily conveniences. Excellent connectivity to major business hubs, railway stations, and key parts of mumbai. Ide...",Jugyah,Dealer,,https://www.99acres.com/4-bhk-bedroom-apartment-flat-for-sale-in-matunga-south-mumbai-2835-sqft-r1-spid-K88909326,,8
O91633336,PROPERTY,"2 BHK Flat in Matunga West, Mumbai","2 BHK Flat in Matunga West, Mumbai",Sanghvi Aaditya Elegance,"Matunga West, Mumbai",₹3.75 Cr,"₹34,838 /sqft","1,076.39 sqft",(100 sqm),Built-up Area,2 BHK,2,Ready To Move,16th out of 19 Floors | Overlooking Main Road,,"Aaditya elegance apartments feature bright and beautiful living rooms, spacious bedrooms, well equipped bathrooms, well equipped kitchens and airy balconies. It offers the option of choosing between various floor configurations and specifications. These homes feature bright and airy interiors which saves electricity consumption. - Round the clock water supply facility is available which is the ...",Earth Properties,Dealer,,https://www.99acres.com/2-bhk-bedroom-apartment-flat-for-sale-in-sanghvi-aaditya-elegance-matunga-west-mumbai-south-1076-sqft-r1-spid-O91633336,,9
Y87937272,PROPERTY,"2 BHK Flat in Matunga East, Mumbai","2 BHK Flat in Matunga East, Mumbai",Codename Matunga Origins by JP Infra,"Matunga East, Mumbai",₹3.38 Cr,"₹25,762 /sqft","1,312 sqft",(122 sqm),Super Built-up Area,2 BHK,2,Under Construction,12th out of 18 Floors | East Facing,,"This 2 bhk apartment is available for sale in codename matunga origins by jp infra, one of the most prominent projects for flats in matunga east, mumbai south. This residential flat is east-Facing direction. The flat is over 1312 sq.Ft. Super built up area and comes with 2 bedroom(s), 2 bathrooms and 1 balcony. The flat has a total of 18 floors and this property is situated on 12th floor. This ...",Parmar Properties and Infrastructure Pvt. Ltd.,Dealer,,https://www.99acres.com/2-bhk-bedroom-apartment-flat-for-sale-in-matunga-east-mumbai-south-1312-sqft-r1-spid-Y87937272,,9
G87754570,PROPERTY,"2 BHK Flat in Matunga East, Mumbai","2 BHK Flat in Matunga East, Mumbai",Subramanian Road,"Matunga East, Mumbai",₹3.5 Cr,"₹49,019 /sqft",714 sqft,(66 sqm),Carpet Area,2 BHK,2,Ready To Move,14th out of 15 Floors | Close to Other 1,,"Looking for a 2 bhk property for sale in mumbai south? Buy this 2 bhk flat in subramanian road that is situated in matunga east, mumbai south. The flat is facing the north-East direction. The flat occupies a carpet area of 714 sq.Ft. That consists of 2 bedrooms, 2 bathrooms . This flat lies on the 14th level of a 15 storey building. This is a ready to move project and the property is 1-5 years ...",Arham Real Estate Consultants,Dealer,,https://www.99acres.com/2-bhk-bedroom-apartment-flat-for-sale-in-matunga-east-mumbai-south-714-sqft-r1-spid-G87754570,,9
U90726726,PROPERTY,"2 BHK Flat in Matunga, Mumbai","2 BHK Flat in Matunga, Mumbai",Earth Classic,"Matunga, Mumbai",₹3.5 Cr,"₹38,888 /sqft",900 sqft,(84 sqm),Super Built-up Area,2 BHK,2,Ready To Move,3rd out of 7 Floors | Overlooking Main Road,,"This residential flat is south-Facing direction. The floor plan additionally contains 2 bedroom(s), 2 bathrooms . All in all, the flat is spread over a super built up area of 900 sq.Ft. This flat lies on the 3rd level of a 7 storey building. Being a ready to move project, you can expect immediate possession of this 1-5 years old property. The well built marble flooring enhances the aesthetic ap...",Prospect Realty,Dealer,,https://www.99acres.com/2-bhk-bedroom-apartment-flat-for-sale-in-earth-classic-matunga-south-mumbai-900-sqft-r1-spid-U90726726,,9
E92726836,PROPERTY,"2 BHK Flat in Matunga East, Mumbai","2 BHK Flat in Matunga East, Mumbai",GOOD RAIN,"Matunga East, Mumbai",₹3.25 Cr,"₹45,710 /sqft",711 sqft,(66 sqm),Carpet Area,2 BHK,2,Ready To Move,7th out of 11 Floors | Overlooking Main Road,,"This is a north-East-Facing property. The floor plan additionally contains 2 bedroom(s), 2 bathrooms and 1 balcony. All in all, the flat is spread over a carpet area of 711 sq.Ft. This flat lies on the 7th level of a 11 storey building. This residential flat is currently under construction and you can expect the possession of the same immediately. The well built vitrified flooring enhances the ...",Arham Real Estate Consultants,Dealer,,https://www.99acres.com/2-bhk-bedroom-apartment-flat-for-sale-in-matunga-east-mumbai-south-711-sqft-spid-E92726836,,9
Q92899300,PROPERTY,"1 BHK Flat in Matunga West, Mumbai","1 BHK Flat in Matunga West, Mumbai",sky vista,"Matunga West, Mumbai",₹1.2 Cr,"₹26,666 /sqft",450 sqft,(42 sqm),Built-up Area,1 BHK,1,Under Construction,12th out of 22 Floors | Overlooking Park,,"The flat is east-Facing. The flat occupies a built up area of 450 sq.Ft. That consists of 1 bedroom, 1 bathroom . This flat lies on the 12th level of a 22 storey building. As the property is currently under construction , you can expect to get the possession by june 2027. The floor of this flat is beautifully designed using vitrified flooring, giving the flat an alluring look. The flat will off...",Skyline Enterprises,Dealer,,https://www.99acres.com/1-bhk-bedroom-apartment-flat-for-sale-in-matunga-west-mumbai-south-450-sqft-spid-Q92899300,,9
H88254426,PROPERTY,"2 BHK Flat in Matunga East, Mumbai","2 BHK Flat in Matunga East, Mumbai",Viyaara Altiora,"Matunga East, Mumbai",₹3.49 Cr,"₹47,873 /sqft",729 sqft,(68 sqm),Carpet Area,2 BHK,3,Under Construction,13th out of 21 Floors,,"The flat occupies a carpet area of 729 sq.Ft. That consists of 2 bedrooms, 3 bathrooms . This flat is situated on the 13th floor of this 21 floors tall residential building. Moreover, the flat is currently under construction and possession is expected by december 2027.",Winning paths,,,https://www.99acres.com/2-bhk-bedroom-apartment-flat-for-sale-in-matunga-east-mumbai-south-729-sqft-r2-spid-H88254426,,9
U93301310,PROPERTY,"2 BHK Flat in Matunga, Mumbai","2 BHK Flat in Matunga, Mumbai",Tangent Sumati Heights,"Matunga, Mumbai",₹3.5 Cr,"₹46,666 /sqft",750 sqft,(70 sqm),Carpet Area,2 BHK,2,Ready To Move,14th out of 22 Floors | Overlooking Main Road,,"This residential flat is north-West-Facing direction. Constructed on a carpet area of 750 sq.Ft., the flat comprises 2 bedroom(s), 2 bathrooms and 1 balcony. The property is located on the 14th floor of a 22 floors tall building. This is a ready to move project and the property is 1-5 years old.",Vistara Realty,Dealer,,https://www.99acres.com/2-bhk-bedroom-apartment-flat-for-sale-in-tangent-sumati-heights-matunga-south-mumbai-750-sqft-spid-U93301310,,9
E86509502,PROPERTY,"2 BHK Flat in Matunga West, Mumbai","2 BHK Flat in Matunga West, Mumbai",Jivan Prakash 89 Buildcon,"Matunga West, Mumbai",₹3.24 Cr,"₹47,500 /sqft",682 sqft,(63 sqm),Carpet Area,2 BHK,2,Ready To Move,15th out of 21 Floors | Vaastu Compliant,,"This 2 bhk flat is located in jivan prakash 89 buildcon, which houses some of the most spacious flats in matunga west, mumbai south. Containing 2 bedroom(s), 2 bathrooms , this flat is spread over a carpet area of 682 sq.Ft. This flat is situated on the 15th floor of this 21 floors tall residential building. As the project is already ready to move, so you can easily move into this 0-1 year old ...",Winning paths,,,https://www.99acres.com/2-bhk-bedroom-apartment-flat-for-sale-in-jivan-prakash-89-buildcon-matunga-west-mumbai-south-682-sqft-r2-spid-E86509502,,9
B88244824,PROPERTY,"1 BHK Flat in Matunga East, Mumbai","1 BHK Flat in Matunga East, Mumbai",Viyaara Altiora,"Matunga East, Mumbai",₹2.49 Cr,"₹51,875 /sqft",480 sqft,(45 sqm),Carpet Area,1 BHK,2,Under Construction,11th out of 21 Floors,,"Containing 1 bedroom(s), 2 bathrooms , this flat is spread over a carpet area of 480 sq.Ft. The property is located on the 11th floor of a 21 floors tall building. As the property is currently under construction , you can expect to get the possession by december 2027.",Winning paths,,,https://www.99acres.com/1-bhk-bedroom-apartment-flat-for-sale-in-matunga-east-mumbai-south-480-sqft-r1-spid-B88244824,,9
I91978696,PROPERTY,"2 BHK Flat in Matunga East, Mumbai","2 BHK Flat in Matunga East, Mumbai",9 Uma Ishaan,"Matunga East, Mumbai",₹2.5 Cr,"₹45,871 /sqft",545 sqft,(51 sqm),Carpet Area,2 BHK,2,Ready To Move,4th out of 18 Floors | Overlooking Main Road,,"This residential flat is north-Facing direction. The flat is over 545 sq.Ft. Carpet area and comes with 2 bedroom(s), 2 bathrooms . This flat lies on the 4th level of a 18 storey building. Being a ready to move project, you can expect immediate possession of this 1-5 years old property. The well built granite flooring enhances the aesthetic appeal of this flat. All the modern amenities such as ...",Omkar Sawant,Dealer,,https://www.99acres.com/2-bhk-bedroom-apartment-flat-for-sale-in-9-uma-ishaan-matunga-east-mumbai-south-545-sqft-spid-I91978696,,9
N90434902,PROPERTY,"1 BHK Flat in Matunga, Mumbai","1 BHK Flat in Matunga, Mumbai",Nandivardhan Parkway,"Matunga, Mumbai",₹3.55 Cr,"₹72,965 /sqft",486.53 sqft,(45 sqm),Carpet Area,1 BHK,1,Ready To Move,8th out of 22 Floors | Overlooking Park,,"Well-Maintained 1bhk furnished flat available for sale in the prime residential area of matunga west. Compact and efficiently designed layout with good natural light and ventilation. Fully furnished with essential fittings, wardrobes, and a functional kitchen, ready to move in. Located in a well-Connected locality close to railway station, schools, colleges, and daily conveniences. Ideal for en...",Jugyah,Dealer,,https://www.99acres.com/1-bhk-bedroom-apartment-flat-for-sale-in-nandivardhan-parkway-matunga-south-mumbai-487-sqft-spid-N90434902,,9
V80624609,PROPERTY,"2 BHK Flat in Matunga, Mumbai","2 BHK Flat in Matunga, Mumbai",Good matunga W,"Matunga, Mumbai",₹3.7 Cr,"₹49,333 /sqft",750 sqft,(70 sqm),Carpet Area,2 BHK,2,Ready To Move,5th out of 9 Floors | Overlooking Main Road,,"This is a north-East-Facing property. Containing 2 bedroom(s), 2 bathrooms , this flat is spread over a carpet area of 750 sq.Ft. This flat is situated on the 5th floor of this 9 floors tall residential building. This 5-10 years old property is available for immediate possession as the project is ready to move. The floor of this flat is beautifully designed using vitrified flooring, giving the ...",Arham Real Estate Consultants,Dealer,,https://www.99acres.com/2-bhk-bedroom-apartment-flat-for-sale-in-matunga-south-mumbai-750-sqft-r7-spid-V80624609,,9
T88852066,PROPERTY,"2 BHK Flat in Matunga East, Mumbai","2 BHK Flat in Matunga East, Mumbai",matunga heights,"Matunga East, Mumbai",₹3.4 Cr,"₹44,155 /sqft",770 sqft,(72 sqm),Carpet Area,2 BHK,2,Ready To Move,10th out of 20 Floors | Gated Society,,"The flat is over 770 sq.Ft. Carpet area and comes with 2 bedroom(s), 2 bathrooms and 1 balcony. The residential building has 20 floors in total and the flat for sale is located on the 10th floor. As the project is already ready to move, so you can easily move into this 1-5 years old property.",Good Token,,,https://www.99acres.com/2-bhk-bedroom-apartment-flat-for-sale-in-matunga-east-mumbai-south-770-sqft-r2-spid-T88852066,,9
K91902580,PROPERTY,"2 BHK Flat in Matunga East, Mumbai","2 BHK Flat in Matunga East, Mumbai",GOOD CHS,"Matunga East, Mumbai",₹3.75 Cr,"₹48,262 /sqft",777 sqft,(72 sqm),Carpet Area,2 BHK,2,Ready To Move,13th out of 21 Floors | Overlooking Main Road,,"This residential flat is north-East-Facing direction. The flat is over 777 sq.Ft. Carpet area and comes with 2 bedroom(s), 2 bathrooms . The property is located on the 13th floor of a 21 floors tall building. As the project is already ready to move, so you can easily move into this 1-5 years old property. The ceramic flooring of this flat is beautifully designed and helps to give it a pleasing ...",Arham Real Estate Consultants,Dealer,,https://www.99acres.com/2-bhk-bedroom-apartment-flat-for-sale-in-matunga-east-mumbai-south-777-sqft-spid-K91902580,,9
I91880004,PROPERTY,"2 BHK Flat in Matunga West, Mumbai","2 BHK Flat in Matunga West, Mumbai",Vinay Apartment,"Matunga West, Mumbai",₹3.6 Cr,"₹45,000 /sqft",800 sqft,(74 sqm),Carpet Area,2 BHK,2,Ready To Move,3rd out of 5 Floors | 1 Covered Parking,,"Containing 2 bedroom(s), 2 bathrooms , this flat is spread over a carpet area of 800 sq.Ft. The residential building has 5 floors in total and the flat for sale is located on the 3rd floor. This 10+ years old property is available for immediate possession as the project is ready to move. Another plus point for this is that it is situated near close to railway station.",Good Token,,,https://www.99acres.com/2-bhk-bedroom-apartment-flat-for-sale-in-matunga-west-mumbai-south-800-sqft-spid-I91880004,,9
Q89125439,PROPERTY,"1 BHK Flat in Matunga East, Mumbai","1 BHK Flat in Matunga East, Mumbai",GOOD CHS,"Matunga East, Mumbai",₹2.5 Cr,"₹57,870 /sqft",432 sqft,(40 sqm),Carpet Area,1 BHK,2,Ready To Move,13th out of 40 Floors | Overlooking Main Road,,"The flat is facing the north-East direction. The flat occupies a carpet area of 432 sq.Ft. That consists of 1 bedroom, 2 bathrooms . The residential building has 40 floors in total and the flat for sale is located on the 13th floor. As the project is already ready to move, so you can easily move into this 1-5 years old property. The flat comes well built with vitrified flooring options. This fl...",Arham Real Estate Consultants,Dealer,,https://www.99acres.com/1-bhk-bedroom-apartment-flat-for-sale-in-matunga-east-mumbai-south-432-sqft-r2-spid-Q89125439,,9
N84022646,PROPERTY,"1 BHK Flat in Matunga East, Mumbai","1 BHK Flat in Matunga East, Mumbai",Bhaudaji Road Good Chs,"Matunga East, Mumbai",₹2.5 Cr,"₹55,803 /sqft",448 sqft,(42 sqm),Carpet Area,1 BHK,1,Ready To Move,18th out of 22 Floors | Overlooking Main Road,,"This is a north-East-Facing property. The floor plan additionally contains 1 bedroom(s), 1 bathroom . All in all, the flat is spread over a carpet area of 448 sq.Ft. The residential building has 28 floors in total and the flat for sale is located on the 18th floor. An added advantage of this 1-5 years old flat is that it is available for immediate possession as the project is already ready to m...",Arham Real Estate Consultants,Dealer,,https://www.99acres.com/1-bhk-bedroom-apartment-flat-for-sale-in-matunga-east-mumbai-south-448-sqft-r3-spid-N84022646,,9
K89615722,PROPERTY,"1 BHK Flat in Matunga West, Mumbai","1 BHK Flat in Matunga West, Mumbai",Shreeji Villa,"Matunga West, Mumbai",₹2.21 Cr,"₹53,902 /sqft",410 sqft,(38 sqm),Carpet Area,1 BHK,1,Ready To Move,28th out of 30 Floors | Overlooking Main Road,,"Well-Maintained 1bhk furnished apartment available for sale in the prime residential area of matunga west. The flat comes with complete furnishings including wardrobes, beds, and a functional kitchen, ideal for immediate move-In. Compact yet efficiently designed layout with good natural light and ventilation. Located in a well-Connected neighbourhood close to railway station, schools, colleges,...",Jugyah,Dealer,,https://www.99acres.com/1-bhk-bedroom-apartment-flat-for-sale-in-shreeji-villa-matunga-west-mumbai-south-410-sqft-spid-K89615722,,9
O86509918,PROPERTY,"2 BHK Flat in Matunga West, Mumbai","2 BHK Flat in Matunga West, Mumbai",Jivan Prakash 89 Buildcon,"Matunga West, Mumbai",₹3.68 Cr,"₹47,500 /sqft",774 sqft,(72 sqm),Carpet Area,2 BHK,2,Ready To Move,13th out of 21 Floors | Overlooking Park,,"This beautiful 2 bhk flat in matunga west, mumbai south is situated in jivan prakash 89 buildcon, one of the popular residential society in mumbai south. This residential flat is west-Facing direction. Constructed on a carpet area of 774 sq.Ft., the flat comprises 2 bedroom(s), 2 bathrooms . This flat is situated on the 13th floor of this 21 floors tall residential building. An added advantage ...",Winning paths,,,https://www.99acres.com/2-bhk-bedroom-apartment-flat-for-sale-in-jivan-prakash-89-buildcon-matunga-west-mumbai-south-774-sqft-r2-spid-O86509918,,9
R92813760,PROPERTY,"2 BHK Flat in Matunga East, Mumbai","2 BHK Flat in Matunga East, Mumbai",on request,"Matunga East, Mumbai",₹3.95 Cr,"₹35,909 /sqft","1,100 sqft",(102 sqm),Super Built-up Area,2 BHK,2,Ready To Move,6th out of 10 Floors | Overlooking Main Road,,"The flat is east-Facing. Containing 2 bedroom(s), 2 bathrooms and 1 balcony, this flat is spread over a super built up area of 1100 sq.Ft. This flat lies on the 6th level of a 10 storey building. This residential flat is currently under construction and you can expect the possession of the same immediately. The floor of this flat is beautifully designed using marble flooring, giving the flat an...",Prospect Realty,Dealer,,https://www.99acres.com/2-bhk-bedroom-apartment-flat-for-sale-in-matunga-east-mumbai-south-1100-sqft-spid-R92813760,,9
O92726408,PROPERTY,"2 BHK Flat in Matunga East, Mumbai","2 BHK Flat in Matunga East, Mumbai",GOOD RADHA,"Matunga East, Mumbai",₹3.9 Cr,"₹52,702 /sqft",740 sqft,(69 sqm),Carpet Area,2 BHK,2,Ready To Move,7th out of 15 Floors | Overlooking Main Road,,"The flat is facing the north-East direction. Constructed on a carpet area of 740 sq.Ft., the flat comprises 2 bedroom(s), 2 bathrooms . This flat lies on the 7th level of a 15 storey building. This residential flat is currently under construction and you can expect the possession of the same immediately. The floor of this flat is beautifully designed using vitrified flooring, giving the flat an...",Arham Real Estate Consultants,Dealer,,https://www.99acres.com/2-bhk-bedroom-apartment-flat-for-sale-in-matunga-east-mumbai-south-740-sqft-spid-O92726408,,9
I92713962,PROPERTY,"2 BHK Flat in Matunga West, Mumbai","2 BHK Flat in Matunga West, Mumbai",GOOD PRISTINE,"Matunga West, Mumbai",₹4.6 Cr,"₹60,446 /sqft",761 sqft,(71 sqm),Carpet Area,2 BHK,2,Ready To Move,28th out of 40 Floors | Overlooking Main Road,,"This residential flat is north-East-Facing direction. The floor plan additionally contains 2 bedroom(s), 2 bathrooms and 1 balcony. All in all, the flat is spread over a carpet area of 761 sq.Ft. The residential building has 40 floors in total and the flat for sale is located on the 28th floor. As the project is already ready to move, so you can easily move into this 1-5 years old property. The...",Arham Real Estate Consultants,Dealer,,https://www.99acres.com/2-bhk-bedroom-apartment-flat-for-sale-in-matunga-west-mumbai-south-761-sqft-spid-I92713962,,9
D88254744,PROPERTY,"2 BHK Flat in Matunga East, Mumbai","2 BHK Flat in Matunga East, Mumbai",Viyaara Altiora,"Matunga East, Mumbai",₹4 Cr,"₹51,948 /sqft",770 sqft,(72 sqm),Carpet Area,2 BHK,3,Under Construction,20th out of 21 Floors,,"The flat is over 770 sq.Ft. Carpet area and comes with 2 bedroom(s), 3 bathrooms . The property is located on the 20th floor of a 21 floors tall building. As the property is currently under construction , you can expect to get the possession by december 2027.",Winning paths,,,https://www.99acres.com/2-bhk-bedroom-apartment-flat-for-sale-in-matunga-east-mumbai-south-770-sqft-r2-spid-D88254744,,9
S80900271,PROPERTY,"2 BHK Flat in Matunga East, Mumbai","2 BHK Flat in Matunga East, Mumbai",GOOD CHS,"Matunga East, Mumbai",₹4 Cr,"₹51,612 /sqft",775 sqft,(72 sqm),Carpet Area,2 BHK,2,Ready To Move,3rd out of 10 Floors | Overlooking Park,,"This 2 bhk flat is located in good chs, which houses some of the most spacious flats in matunga east, mumbai south. This property faces the north-East direction. Containing 2 bedroom(s), 2 bathrooms , this flat is spread over a carpet area of 775 sq.Ft. This flat is situated on the 3rd floor of this 10 floors tall residential building. This is a ready to move project and the property is 0-1 yea...",Arham Real Estate Consultants,Dealer,,https://www.99acres.com/2-bhk-bedroom-apartment-flat-for-sale-in-matunga-east-mumbai-south-775-sqft-r5-spid-S80900271,,9
H91531418,PROPERTY,"3 BHK Flat in Matunga, Mumbai","3 BHK Flat in Matunga, Mumbai",Heritage Heights,"Matunga, Mumbai",₹4.75 Cr,"₹38,000 /sqft","1,250 sqft",(116 sqm),Built-up Area,3 BHK,3,Ready To Move,6th out of 21 Floors | Overlooking Main Road,,"The flat is west-Facing. Constructed on a built up area of 1250 sq.Ft., the flat comprises 3 bedroom(s), 3 bathrooms and 1 balcony. The property is located on the 6th floor of a 21 floors tall building. As the project is already ready to move, so you can easily move into this 5-10 years old property. The well built marble flooring enhances the aesthetic appeal of this flat. This residential pro...",Prospect Realty,Dealer,,https://www.99acres.com/3-bhk-bedroom-apartment-flat-for-sale-in-heritage-heights-matunga-south-mumbai-1250-sqft-r1-spid-H91531418,,10
H86662018,PROPERTY,"2 BHK Flat in Matunga, Mumbai","2 BHK Flat in Matunga, Mumbai",T kataria road Matunga west,"Matunga, Mumbai",₹4.77 Cr,"₹67,183 /sqft",710 sqft,(66 sqm),Carpet Area,2 BHK,3,Ready To Move,30th out of 32 Floors | Overlooking Main Road,,"Looking for a 2 bhk property for sale in mumbai south? Buy this 2 bhk flat in t kataria road matunga west that is situated in matunga, mumbai south. This is a north-East-Facing property. Constructed on a carpet area of 710 sq.Ft., the flat comprises 2 bedroom(s), 3 bathrooms . The property is located on the 30th floor of a 32 floors tall building. An added advantage of this 0-1 year old flat is...",Arham Real Estate Consultants,Dealer,,https://www.99acres.com/2-bhk-bedroom-apartment-flat-for-sale-in-matunga-south-mumbai-710-sqft-r2-spid-H86662018,,10
U92078826,PROPERTY,"2 BHK Flat in Matunga East, Mumbai","2 BHK Flat in Matunga East, Mumbai",good balkrishna,"Matunga East, Mumbai",₹4.45 Cr,"₹59,571 /sqft",747 sqft,(69 sqm),Carpet Area,2 BHK,2,Under Construction,15th out of 25 Floors | Overlooking Main Road,,"The flat is north-East-Facing. The floor plan additionally contains 2 bedroom(s), 2 bathrooms . All in all, the flat is spread over a carpet area of 747 sq.Ft. The flat has a total of 25 floors and this property is situated on 15th floor. This residential property is still under construction and will be available for possession within 6 months. The well built vitrified flooring enhances the aes...",Arham Real Estate Consultants,Dealer,,https://www.99acres.com/2-bhk-bedroom-apartment-flat-for-sale-in-matunga-east-mumbai-south-747-sqft-spid-U92078826,,10
K93251010,PROPERTY,"2 BHK Flat in Matunga East, Mumbai","2 BHK Flat in Matunga East, Mumbai",Lodha Divino,"Matunga East, Mumbai",₹3.98 Cr,"₹46,386 /sqft",858 sqft,(98 sqm),Carpet Area,2 BHK,2,Under Construction,23rd out of 38 Floors | Overlooking Cityscape,,"This is a east-Facing property. The flat is over 1050 sq.Ft. Super built up area and comes with 2 bedroom(s), 2 bathrooms and 1 balcony. The property is located on the 23rd floor of a 38 floors tall building. This residential flat is currently under construction and you can expect the possession of the same by october 2028. The flat comes well built with vitrified flooring options. Proximity to...",FIVE PILLARS,Dealer,,https://www.99acres.com/2-bhk-bedroom-apartment-flat-for-sale-in-lodha-divino-matunga-east-mumbai-south-1050-sqft-spid-K93251010,,10
J87056522,PROPERTY,"2 BHK Flat in Matunga West, Mumbai","2 BHK Flat in Matunga West, Mumbai",Ruparel Iris,"Matunga West, Mumbai",₹4 Cr,"₹48,019 /sqft",833 sqft,(77 sqm),Super Built-up Area,2 BHK,2,Ready To Move,34th out of 43 Floors | Newly Constructed,,"Located in the popular residential address of matunga west, mumbai south, ruparel iris is one of the most preferred destination for apartments in mumbai south. This 2 bhk flat is your ticket to be a part of this community. This is a west-Facing property. Containing 2 bedroom(s), 2 bathrooms and 1 balcony, this flat is spread over a super built up area of 833 sq.Ft. This flat is situated on the ...",MITESH PRAMOD ADVIRKAR,,,https://www.99acres.com/2-bhk-bedroom-apartment-flat-for-sale-in-ruparel-iris-matunga-west-mumbai-south-833-sqft-r2-spid-J87056522,,10
F90554814,PROPERTY,"2 BHK Builder Floor in Matunga East, Mumbai","2 BHK Builder Floor in Matunga East, Mumbai","Matunga East, Mumbai, Mumbai South","Matunga East, Mumbai",₹5 Cr,"₹29,899 /sqm","1,672.25 sqm","(18,000 sqft)",Plot Area,2 BHK,2,Ready To Move,7th out of 22 Floors | Lift,,A prominent location for residents. Walkable distance from dadar and matunga station.,HSM Realty,Dealer,,https://www.99acres.com/2-bhk-bedroom-independent-builder-floor-for-sale-in-matunga-east-mumbai-south-13500-sqft-spid-F90554814,,10
L93250932,PROPERTY,"2 BHK Flat in Matunga East, Mumbai","2 BHK Flat in Matunga East, Mumbai",Lodha Divino,"Matunga East, Mumbai",₹4.38 Cr,"₹47,608 /sqft",920 sqft,(107 sqm),Carpet Area,2 BHK,2,Under Construction,22nd out of 38 Floors | Overlooking Cityscape,,"This residential flat is south-East-Facing direction. The flat is over 1150 sq.Ft. Super built up area and comes with 2 bedroom(s), 2 bathrooms and 1 balcony. The flat has a total of 38 floors and this property is situated on 22nd floor. The flat is currently under construction stage and you can expect to get the possession of the property by october 2028. The floor of this flat is beautifully ...",FIVE PILLARS,Dealer,,https://www.99acres.com/2-bhk-bedroom-apartment-flat-for-sale-in-lodha-divino-matunga-east-mumbai-south-1150-sqft-spid-L93250932,,10
X88222224,PROPERTY,"2 BHK Flat in Matunga East, Mumbai","2 BHK Flat in Matunga East, Mumbai",Nandivardhan Parkway,"Matunga East, Mumbai",₹4.5 Cr,"₹43,902 /sqft","1,025 sqft",(95 sqm),Super Built-up Area,2 BHK,2,Ready To Move,15th out of 22 Floors | Overlooking Park,,"The flat is east-Facing. Constructed on a super built up area of 1025 sq.Ft., the flat comprises 2 bedroom(s), 2 bathrooms and 1 balcony. The property is located on the 15th floor of a 22 floors tall building. As the project is already ready to move, so you can easily move into this 1-5 years old property. The well built vitrified flooring enhances the aesthetic appeal of this flat. Proximity t...",FIVE PILLARS,Dealer,,https://www.99acres.com/2-bhk-bedroom-apartment-flat-for-sale-in-nandivardhan-parkway-matunga-east-mumbai-south-1025-sqft-r2-spid-X88222224,,10
B92320042,PROPERTY,"2 BHK Flat in Matunga, Mumbai","2 BHK Flat in Matunga, Mumbai",Lodha Divino,"Matunga, Mumbai",₹3.95 Cr,"₹46,037 /sqft",858 sqft,(80 sqm),Carpet Area,2 BHK,2,Under Construction,12th out of 38 Floors | Overlooking Club House,,"Amenities at lodha divino matungaexperience an enriched lifestyle with lodha divino thoughtfully curated amenities, such as a spacious gym and efficient power backup.Lodha divino, mumbai, offers a perfect blend of connectivity and serenity. Nestled in a vibrant neighborhood with easy access to key city destinations, it promises modern living with a touch of tranquility. Enjoy the best of both w...",JAI AMBE ADVISORY PVT LTD,,,https://www.99acres.com/2-bhk-bedroom-apartment-flat-for-sale-in-lodha-divino-matunga-south-mumbai-858-sqft-spid-B92320042,,10
L92320410,PROPERTY,"2 BHK Flat in Matunga, Mumbai","2 BHK Flat in Matunga, Mumbai",Lodha Divino,"Matunga, Mumbai",₹3.95 Cr,"₹45,930 /sqft",860 sqft,(80 sqm),Super Built-up Area,2 BHK,2,Under Construction,13th out of 38 Floors | Open Side,,"The flat occupies a super built up area of 860 sq.Ft. That consists of 2 bedrooms, 2 bathrooms and 1 balcony. The flat has a total of 38 floors and this property is situated on 13th floor. Moreover, the flat is currently under construction and possession is expected by september 2028. Many of the modern amenities being offered, like swimming pool and gymnasium, will provide a pleasant living ex...",JAI AMBE ADVISORY,Dealer,,https://www.99acres.com/2-bhk-bedroom-apartment-flat-for-sale-in-lodha-divino-matunga-south-mumbai-860-sqft-spid-L92320410,,10
Q91471212,PROPERTY,"2 BHK Flat in Matunga East, Mumbai","2 BHK Flat in Matunga East, Mumbai",OnRequest,"Matunga East, Mumbai",₹4.1 Cr,"₹46,590 /sqft",880 sqft,(82 sqm),Carpet Area,2 BHK,2,Ready To Move,2nd out of 5 Floors | North-East Facing,,"This beautifully done-Up 2 bhk is located close to the napoo garden. The unit comprises of a living room, 2 bedrooms with an ensuite washroom each, a kitchen and a small storage area. There is a provision to make a powder washroom as well, if required. Though located on the lower floor, the unit offers reasonably open view from most of the rooms. The property comes with one car parking space in...",Oscar Realty,,,https://www.99acres.com/2-bhk-bedroom-apartment-flat-for-sale-in-matunga-east-mumbai-south-880-sqft-r1-spid-Q91471212,,10
N89902956,PROPERTY,"2 BHK Flat in Matunga East, Mumbai","2 BHK Flat in Matunga East, Mumbai",good chs,"Matunga East, Mumbai",₹4.11 Cr,"₹47,902 /sqft",858 sqft,(80 sqm),Carpet Area,2 BHK,2,Ready To Move,8th out of 12 Floors | North-East Facing,,"This residential flat is north-East-Facing direction. Containing 2 bedroom(s), 2 bathrooms , this flat is spread over a carpet area of 858 sq.Ft. This flat lies on the 8th level of a 12 storey building. This 5-10 years old property is available for immediate possession as the project is ready to move. The floor of this flat is beautifully designed using vitrified flooring, giving the flat an al...",Arham Real Estate Consultants,Dealer,,https://www.99acres.com/2-bhk-bedroom-apartment-flat-for-sale-in-matunga-east-mumbai-south-858-sqft-spid-N89902956,,10
X85321210,PROPERTY,"2 BHK Flat in Matunga West, Mumbai","2 BHK Flat in Matunga West, Mumbai",Rustomjee 180 bayview,"Matunga West, Mumbai",₹4.25 Cr,"₹51,829 /sqft",820 sqft,(76 sqm),Carpet Area,2 BHK,3,Under Construction,20th out of 37 Floors,,"This 2 bhk apartment is available for sale in rustomjee 180 bayview, one of the most prominent projects for flats in matunga west, mumbai south. The flat occupies a carpet area of 820 sq.Ft. That consists of 2 bedrooms, 3 bathrooms and 1 balcony. This flat is situated on the 20th floor of this 37 floors tall residential building. This residential property is still under construction and will be...",Winning paths,,,https://www.99acres.com/2-bhk-bedroom-apartment-flat-for-sale-in-matunga-west-mumbai-south-820-sqft-r4-spid-X85321210,,10
D86510056,PROPERTY,"2 BHK Flat in Matunga West, Mumbai","2 BHK Flat in Matunga West, Mumbai",Jivan Prakash 89 Buildcon,"Matunga West, Mumbai",₹4.24 Cr,"₹47,500 /sqft",892 sqft,(83 sqm),Carpet Area,2 BHK,2,Ready To Move,18th out of 21 Floors | Vaastu Compliant,,"Located in the popular residential address of matunga west, mumbai south, jivan prakash 89 buildcon is one of the most preferred destination for apartments in mumbai south. This 2 bhk flat is your ticket to be a part of this community. The flat occupies a carpet area of 892 sq.Ft. That consists of 2 bedrooms, 2 bathrooms . The residential building has 21 floors in total and the flat for sale is...",Winning paths,,,https://www.99acres.com/2-bhk-bedroom-apartment-flat-for-sale-in-jivan-prakash-89-buildcon-matunga-west-mumbai-south-892-sqft-r2-spid-D86510056,,10
X88222630,PROPERTY,"2 BHK Flat in Matunga East, Mumbai","2 BHK Flat in Matunga East, Mumbai",Nandivardhan Parkway,"Matunga East, Mumbai",₹4.55 Cr,"₹44,390 /sqft","1,025 sqft",(95 sqm),Super Built-up Area,2 BHK,2,Ready To Move,17th out of 22 Floors | Overlooking Park,,"This residential flat is east-Facing direction. Constructed on a super built up area of 1025 sq.Ft., the flat comprises 2 bedroom(s), 2 bathrooms and 1 balcony. This flat lies on the 17th level of a 22 storey building. Being a ready to move project, you can expect immediate possession of this 1-5 years old property. The beautifully designed vitrified flooring enhances the beauty of the flat. Th...",FIVE PILLARS,Dealer,,https://www.99acres.com/2-bhk-bedroom-apartment-flat-for-sale-in-nandivardhan-parkway-matunga-east-mumbai-south-1025-sqft-r2-spid-X88222630,,10
N80847809,PROPERTY,"2 BHK Flat in Matunga, Mumbai","2 BHK Flat in Matunga, Mumbai",Lodha Divino,"Matunga, Mumbai",₹4.2 Cr,"₹51,219 /sqft",820 sqft,(76 sqm),Carpet Area,2 BHK,2,Under Construction,15th out of 38 Floors | East Facing,,"Located in the popular residential address of matunga, mumbai south, lodha divino is one of the most preferred destination for apartments in mumbai south. This 2 bhk flat is your ticket to be a part of this community. This is a east-Facing property. The floor plan additionally contains 2 bedroom(s), 2 bathrooms . All in all, the flat is spread over a carpet area of 820 sq.Ft. The flat has a tot...",Xtreme Properties,Dealer,,https://www.99acres.com/2-bhk-bedroom-apartment-flat-for-sale-in-lodha-divino-matunga-south-mumbai-820-sqft-r6-spid-N80847809,,10
R82629658,PROPERTY,"2 BHK Flat in Matunga, Mumbai","2 BHK Flat in Matunga, Mumbai",Lodha Divino,"Matunga, Mumbai",₹4.29 Cr,"₹50,000 /sqft",858 sqft,(80 sqm),Carpet Area,2 BHK,2,Under Construction,20th out of 38 Floors | Overlooking Park,,"This beautiful 2 bhk flat in matunga, mumbai south is situated in lodha divino, one of the popular residential society in mumbai south. The flat is facing the west direction. Containing 2 bedroom(s), 2 bathrooms and 1 balcony, this flat is spread over a carpet area of 820 sq.Ft. The flat has a total of 38 floors and this property is situated on 20th floor. As the property is currently under con...",Ask realtors,,,https://www.99acres.com/2-bhk-bedroom-apartment-flat-for-sale-in-lodha-divino-matunga-south-mumbai-858-sqft-r2-spid-R82629658,,10
K86510400,PROPERTY,"3 BHK Flat in Matunga West, Mumbai","3 BHK Flat in Matunga West, Mumbai",Jivan Prakash 89 Buildcon,"Matunga West, Mumbai",₹5.17 Cr,"₹47,500 /sqft","1,089 sqft",(101 sqm),Carpet Area,3 BHK,3,Ready To Move,15th out of 21 Floors | Overlooking Park,,"Situated in matunga west, mumbai south, jivan prakash 89 buildcon is a well planned society that offers a pleasant living experience to its residents. This 3 bhk flat in mumbai south is your opportunity to be a part of this community. This is a west-Facing property. Containing 3 bedroom(s), 3 bathrooms , this flat is spread over a carpet area of 954 sq.Ft. This flat lies on the 15th level of a ...",Winning paths,,,https://www.99acres.com/3-bhk-bedroom-apartment-flat-for-sale-in-jivan-prakash-89-buildcon-matunga-west-mumbai-south-1089-sqft-r2-spid-K86510400,,10
X92970220,PROPERTY,"3 BHK Flat in Matunga East, Mumbai","3 BHK Flat in Matunga East, Mumbai",matunga,"Matunga East, Mumbai",₹5.25 Cr,"₹50,480 /sqft","1,040 sqft",(97 sqm),Carpet Area,3 BHK,3,Ready To Move,14th out of 17 Floors,,"The flat is north-Facing. The floor plan additionally contains 3 bedroom(s), 3 bathrooms . All in all, the flat is spread over a carpet area of 1040 sq.Ft. The flat has a total of 17 floors and this property is situated on 14th floor. This residential property is still under construction and will be available for possession immediately. The flat will offer a modern lifestyle as it is presented ...",Atul Savla Estate Agency,Dealer,,https://www.99acres.com/3-bhk-bedroom-apartment-flat-for-sale-in-matunga-east-mumbai-south-1040-sqft-spid-X92970220,,10
T88948622,PROPERTY,"2 BHK Flat in Matunga West, Mumbai","2 BHK Flat in Matunga West, Mumbai",Ruparel Iris,"Matunga West, Mumbai",₹4.45 Cr,"₹53,614 /sqft",830 sqft,(77 sqm),Carpet Area,2 BHK,2,Under Construction,36th out of 40 Floors | Overlooking Main Road,,"Experience refined urban living at ruparel iris, a majestic g+43 storey landmark rising at matunga road with breathtaking views of the iconic bandraworli sea link. Designed for those who appreciate luxury and elevation, the project offers spacious higher-Floor 2 bhk residences with an impressive 830 sq. Ft. Carpet area, many of which enjoy stunning sea link views. Residents can indulge in premi...",K.Hemandas real estate,Dealer,,https://www.99acres.com/2-bhk-bedroom-apartment-flat-for-sale-in-ruparel-iris-matunga-west-mumbai-south-830-sqft-r1-spid-T88948622,,10
J83408910,PROPERTY,"2 BHK Flat in Matunga East, Mumbai","2 BHK Flat in Matunga East, Mumbai",New Chs,"Matunga East, Mumbai",₹4.55 Cr,"₹56,381 /sqft",807 sqft,(75 sqm),Carpet Area,2 BHK,2,Ready To Move,16th out of 25 Floors | Overlooking Main Road,,"Located in the popular residential address of matunga east, mumbai south, new chs is one of the most preferred destination for apartments in mumbai south. This 2 bhk flat is your ticket to be a part of this community. This property faces the north-East direction. The flat occupies a carpet area of 807 sq.Ft. That consists of 2 bedrooms, 2 bathrooms . The residential building has 25 floors in to...",Arham Real Estate Consultants,Dealer,,https://www.99acres.com/2-bhk-bedroom-apartment-flat-for-sale-in-matunga-east-mumbai-south-807-sqft-r3-spid-J83408910,,10
Z83486066,PROPERTY,"2 BHK Flat in Matunga West, Mumbai","2 BHK Flat in Matunga West, Mumbai",Divine Park 55,"Matunga West, Mumbai",₹3.95 Cr,"₹42,888 /sqft",921 sqft,(86 sqm),Built-up Area,2 BHK,2,Under Construction,16th out of 21 Floors | Overlooking Park,,"Situated in matunga west, mumbai south, indumani heights is a well planned society that offers a pleasant living experience to its residents. This 2 bhk flat in mumbai south is your opportunity to be a part of this community. The flat is east-Facing. Constructed on a built up area of 793 sq.Ft., the flat comprises 2 bedroom(s), 2 bathrooms . This flat lies on the 16th level of a 21 storey build...",Parmar Properties and Infrastructure Pvt. Ltd.,Dealer,,https://www.99acres.com/2-bhk-bedroom-apartment-flat-for-sale-in-matunga-west-mumbai-south-921-sqft-r2-spid-Z83486066,,10
U87756698,PROPERTY,"3 BHK Flat in Matunga East, Mumbai","3 BHK Flat in Matunga East, Mumbai",Ambedkar Road,"Matunga East, Mumbai",₹5.25 Cr,"₹48,791 /sqft","1,076 sqft",(100 sqm),Carpet Area,3 BHK,3,Ready To Move,5th out of 15 Floors | Overlooking Main Road,,"This beautiful 3 bhk flat in matunga east, mumbai south is situated in ambedkar road, one of the popular residential society in mumbai south. This is a north-East-Facing property. The flat is over 1076 sq.Ft. Carpet area and comes with 3 bedroom(s), 3 bathrooms . The residential building has 15 floors in total and the flat for sale is located on the 5th floor. As the project is already ready to...",Arham Real Estate Consultants,Dealer,,https://www.99acres.com/3-bhk-bedroom-apartment-flat-for-sale-in-matunga-east-mumbai-south-1076-sqft-r2-spid-U87756698,,10
V87089464,PROPERTY,"2 BHK Flat in Matunga, Mumbai","2 BHK Flat in Matunga, Mumbai",On Request,"Matunga, Mumbai",₹4.5 Cr,"₹55,147 /sqft",816 sqft,(76 sqm),Carpet Area,2 BHK,2,Ready To Move,9th out of 15 Floors | 2 Covered Parking,,"This 2 bhk flat is located in on request, which houses some of the most spacious flats in matunga, mumbai south. The floor plan additionally contains 2 bedroom(s), 2 bathrooms and 1 balcony. All in all, the flat is spread over a carpet area of 816 sq.Ft. The flat has a total of 15 floors and this property is situated on 9th floor. This is a ready to move project and the property is 5-10 years old.",Good Token,,,https://www.99acres.com/2-bhk-bedroom-apartment-flat-for-sale-in-matunga-south-mumbai-816-sqft-r3-spid-V87089464,,10
Q90574800,PROPERTY,"3 BHK Flat in Matunga East, Mumbai","3 BHK Flat in Matunga East, Mumbai",ON REQUEST,"Matunga East, Mumbai",₹4.75 Cr,"₹45,238 /sqft","1,050 sqft",(98 sqm),Super Built-up Area,3 BHK,3,Ready To Move,9th out of 21 Floors | East Facing,,"The flat is over 1050 sq.Ft. Super built up area and comes with 3 bedroom(s), 3 bathrooms . This flat lies on the 9th level of a 21 storey building. This is a ready to move project and the property is 1-5 years old. The society is well equipped with many modern amenities, including , fitness centre / gym, club house, park and lift(s).",Prospect Realty,Dealer,,https://www.99acres.com/3-bhk-bedroom-apartment-flat-for-sale-in-matunga-east-mumbai-south-1050-sqft-r1-spid-Q90574800,,10
H91611036,PROPERTY,"3 BHK Flat in Matunga West, Mumbai","3 BHK Flat in Matunga West, Mumbai",Mayer Enclave,"Matunga West, Mumbai",₹5 Cr,"₹34,722 /sqft","1,440 sqft",(134 sqm),Built-up Area,3 BHK,4,Ready To Move,5th out of 6 Floors | Overlooking Park,,"Available on sale premium 3 bhk flat in matunga Location: Near lokmanya school, matunga Property highlights: 1000 sq.Ft. Carpet area Spacious 3 bhk apartment Middle floor Ready possession 4 bathrooms 24 hours water supply Beautiful greenery view from all sides Adjacent to garden 2 dedicated car parking spaces Cctv security & intercom facility Peaceful & family-Friendly environment",Earth Properties,Dealer,,https://www.99acres.com/3-bhk-bedroom-apartment-flat-for-sale-in-mayer-enclave-matunga-west-mumbai-south-1440-sqft-r1-spid-H91611036,,11
P92427102,PROPERTY,"3 BHK Flat in Matunga East, Mumbai","3 BHK Flat in Matunga East, Mumbai",mot,"Matunga East, Mumbai",₹5.01 Cr,"₹45,545 /sqft","1,100 sqft",(102 sqm),Carpet Area,3 BHK,3,Ready To Move,9th out of 20 Floors | Overlooking Main Road,,Spacious flat rtmi vaastu compliant within the reach to market school college temple railway station highway garden etc....,The Lotus Estate,Dealer,,https://www.99acres.com/3-bhk-bedroom-apartment-flat-for-sale-in-matunga-east-mumbai-south-1100-sqft-spid-P92427102,,11
E92958716,PROPERTY,"2 BHK Flat in Matunga, Mumbai","2 BHK Flat in Matunga, Mumbai",New project,"Matunga, Mumbai",₹4.6 Cr,"₹53,613 /sqft",858 sqft,(80 sqm),Carpet Area,2 BHK,2,Under Construction,15th out of 40 Floors | Overlooking Park,,"The flat occupies a carpet area of 858 sq.Ft. That consists of 2 bedrooms, 2 bathrooms and 1 balcony. The property is located on the 15th floor of a 40 floors tall building. This residential property is still under construction and will be available for possession by december 2028. The society is well equipped with many modern amenities, including gymnasium, visitor parking, swimming pool, club...",Shashii Properties,Dealer,,https://www.99acres.com/2-bhk-bedroom-apartment-flat-for-sale-in-matunga-south-mumbai-858-sqft-spid-E92958716,,11
D89065904,PROPERTY,"2 BHK Flat in Matunga East, Mumbai","2 BHK Flat in Matunga East, Mumbai",Jehangir Mansion CHS,"Matunga East, Mumbai",₹5.5 Cr,"₹63,583 /sqft",865 sqft,(80 sqm),Carpet Area,2 BHK,2,Ready To Move,9th out of 16 Floors | 1 Covered Parking,,"The floor plan additionally contains 2 bedroom(s), 2 bathrooms and 1 balcony. All in all, the flat is spread over a carpet area of 865 sq.Ft. The flat has a total of 16 floors and this property is situated on 9th floor. This 0-1 year old property is available for immediate possession as the project is ready to move. Proximity to landmarks like close to school makes this an ideal property for fa...",Good Token,,,https://www.99acres.com/2-bhk-bedroom-apartment-flat-for-sale-in-jehangir-mansion-chs-matunga-east-mumbai-south-865-sqft-r2-spid-D89065904,,11
F92455182,PROPERTY,"2 BHK Flat in Matunga East, Mumbai","2 BHK Flat in Matunga East, Mumbai",ahan,"Matunga East, Mumbai",₹5.5 Cr,"₹61,797 /sqft",890 sqft,(83 sqm),Carpet Area,2 BHK,2,Ready To Move,15th out of 21 Floors | Overlooking Sea,,Spacious flat can be convert to 3 bhk nice n breezy within the reach to market school college temple railway station highway garden etc..,The Lotus Estate,Dealer,,https://www.99acres.com/2-bhk-bedroom-apartment-flat-for-sale-in-matunga-east-mumbai-south-890-sqft-spid-F92455182,,11
V76893313,PROPERTY,"3 BHK Flat in Matunga, Mumbai","3 BHK Flat in Matunga, Mumbai",Lodha Divino,"Matunga, Mumbai",₹5.62 Cr,"₹36,660 /sqft","1,533 sqft",(142 sqm),Built-up Area,3 BHK,3,Under Construction,22nd out of 38 Floors | Overlooking Main Road,,"Situated in matunga, mumbai south, lodha divino is a well planned society that offers a pleasant living experience to its residents. This 3 bhk flat in mumbai south is your opportunity to be a part of this community. This residential flat is east-Facing direction. The flat occupies a carpet area of 1200 sq.Ft. That consists of 3 bedrooms, 3 bathrooms . This flat lies on the 22nd level of a 38 s...",Parmar Properties and Infrastructure Pvt. Ltd.,Dealer,,https://www.99acres.com/3-bhk-bedroom-apartment-flat-for-sale-in-lodha-divino-matunga-south-mumbai-1533-sqft-r6-spid-V76893313,,11
R81273655,PROPERTY,"3 BHK Flat in Matunga East, Mumbai","3 BHK Flat in Matunga East, Mumbai",Jay Mangal Chs,"Matunga East, Mumbai",₹5.8 Cr,"₹54,003 /sqft","1,074 sqft",(100 sqm),Carpet Area,3 BHK,3,Ready To Move,2nd out of 10 Floors | Overlooking Main Road,,"Amrut smruti is one of mumbai south's most sought after destination for apartments and this 3 bhk flat in matunga east is your opportunity to be a part of this community. This is a east-Facing property. The flat occupies a carpet area of 1074 sq.Ft. That consists of 3 bedrooms, 3 bathrooms . The property is located on the 2nd floor of a 10 floors tall building. An added advantage of this 5-10 y...",Landmark Estates,Dealer,,https://www.99acres.com/3-bhk-bedroom-apartment-flat-for-sale-in-jay-mangal-chs-matunga-east-mumbai-south-1074-sqft-r1-spid-R81273655,,11
T93108122,PROPERTY,"3 BHK Flat in Matunga West, Mumbai","3 BHK Flat in Matunga West, Mumbai",On request,"Matunga West, Mumbai",₹5.75 Cr,"₹48,319 /sqft","1,190 sqft",(111 sqm),Carpet Area,3 BHK,3,Ready To Move,15th out of 19 Floors | High Ceiling height,,"Constructed on a carpet area of 1190 sq.Ft., the flat comprises 3 bedroom(s), 3 bathrooms and 2 balconies. This flat lies on the 15th level of a 19 storey building. An added advantage of this 1-5 years old flat is that it is available for immediate possession as the project is already ready to move. Moreover, this property offers close proximity to important landmarks such as close to metro sta...",Good Token,,,https://www.99acres.com/3-bhk-bedroom-apartment-flat-for-sale-in-matunga-west-mumbai-south-1190-sqft-spid-T93108122,,11
E93165382,PROPERTY,"3 BHK Flat in Matunga East, Mumbai","3 BHK Flat in Matunga East, Mumbai",shiv,"Matunga East, Mumbai",₹5.11 Cr,"₹58,400 /sqft",875 sqft,(81 sqm),Carpet Area,3 BHK,3,Ready To Move,12th out of 20 Floors | Overlooking Park,,Spacious flat bare shell with nice surrounding within the reach to market school college temple railway station highway garden etc....,The Lotus Estate,Dealer,,https://www.99acres.com/3-bhk-bedroom-apartment-flat-for-sale-in-matunga-east-mumbai-south-875-sqft-spid-E93165382,,11
H87569122,PROPERTY,"3 BHK Flat in Matunga East, Mumbai","3 BHK Flat in Matunga East, Mumbai",Kapol Niwas Circle,"Matunga East, Mumbai",₹4.4 Cr,"₹44,897 /sqft",980 sqft,(91 sqm),Carpet Area,3 BHK,3,Ready To Move,6th out of 15 Floors | Overlooking Main Road,,"This lovely 3 bhk apartment/flat in matunga east is available for sale in one of mumbai south's most popular projects, kapol niwas circle. This property faces the north-East direction. Constructed on a carpet area of 980 sq.Ft., the flat comprises 3 bedroom(s), 3 bathrooms . The flat has a total of 15 floors and this property is situated on 6th floor. This is a ready to move project and the pro...",Arham Real Estate Consultants,Dealer,,https://www.99acres.com/3-bhk-bedroom-apartment-flat-for-sale-in-matunga-east-mumbai-south-980-sqft-r3-spid-H87569122,,11
I90434658,PROPERTY,"2 BHK Flat in Matunga, Mumbai","2 BHK Flat in Matunga, Mumbai",Nandivardhan Parkway,"Matunga, Mumbai",₹4.9 Cr,"₹56,967 /sqft",860.14 sqft,(80 sqm),Carpet Area,2 BHK,2,Ready To Move,9th out of 22 Floors | Overlooking Park,,"Well-Maintained 2bhk furnished flat available for sale in the prime residential area of matunga west. Spacious layout with well-Designed living and dining area, offering excellent natural light and ventilation. Fully furnished with quality interiors, wardrobes, modular kitchen, and ready-To-Move condition. Located in a well-Connected locality close to railway station, schools, colleges, and dai...",Jugyah,Dealer,,https://www.99acres.com/2-bhk-bedroom-apartment-flat-for-sale-in-nandivardhan-parkway-matunga-south-mumbai-860-sqft-spid-I90434658,,11
I83923320,PROPERTY,"3 BHK Flat in Matunga, Mumbai","3 BHK Flat in Matunga, Mumbai",Dhanji Ramswaroop Palai Tower,"Matunga, Mumbai",₹5.75 Cr,"₹31,944 /sqft","1,800 sqft",(167 sqm),Built-up Area,3 BHK,3,Ready To Move,17th out of 17 Floors | Overlooking Main Road,,"This lovely 3 bhk apartment/flat in matunga is available for sale in one of mumbai south's most popular projects, dhanji ramswaroop palai tower. This property faces the west direction. The floor plan additionally contains 3 bedroom(s), 3 bathrooms and more than 3 balconies. All in all, the flat is spread over a built up area of 1800 sq.Ft. The flat has a total of 17 floors and this property is ...",Indiassetz Infra Services Pvt Ltd,,,https://www.99acres.com/3-bhk-bedroom-apartment-flat-for-sale-in-dhanji-ramswaroop-palai-tower-matunga-south-mumbai-1800-sqft-r3-spid-I83923320,,11
R80378987,PROPERTY,"3 BHK Flat in Matunga West, Mumbai","3 BHK Flat in Matunga West, Mumbai",Rustomjee 180 Bayview,"Matunga West, Mumbai",₹5.9 Cr,"₹54,178 /sqft","1,089 sqft",(101 sqm),Carpet Area,3 BHK,3,Under Construction,24th out of 37 Floors,,"Looking for a 3 bhk property for sale in mumbai south? Buy this 3 bhk flat in rustomjee 180 bayview that is situated in matunga west, mumbai south. The flat is east-Facing. Constructed on a carpet area of 1221 sq.Ft., the flat comprises 3 bedroom(s), 3 bathrooms and 1 balcony. The property is located on the 24th floor of a 37 floors tall building. As the property is currently under construction...",Value Properties,,,https://www.99acres.com/3-bhk-bedroom-apartment-flat-for-sale-in-matunga-west-mumbai-south-1089-sqft-r5-spid-R80378987,,11
N92154010,PROPERTY,"2 BHK Flat in Matunga, Mumbai","2 BHK Flat in Matunga, Mumbai",Lodha Divino,"Matunga, Mumbai",₹4.81 Cr,"₹52,282 /sqft",920 sqft,(85 sqm),Carpet Area,2 BHK,2,Ready To Move,18th out of 38 Floors | Overlooking Park,,"This property faces the north-East direction. The flat occupies a carpet area of 920 sq.Ft. That consists of 2 bedrooms, 2 bathrooms and 1 balcony. The property is located on the 18th floor of a 38 floors tall building. This is a ready to move project and the property is 0-1 year old. The beautifully designed vitrified flooring enhances the beauty of the flat. Lodha divino is designed very well...",Xtreme Properties,Dealer,,https://www.99acres.com/2-bhk-bedroom-apartment-flat-for-sale-in-lodha-divino-matunga-south-mumbai-920-sqft-spid-N92154010,,11
L79408739,PROPERTY,"3 BHK Flat in Matunga East, Mumbai","3 BHK Flat in Matunga East, Mumbai",good aaina,"Matunga East, Mumbai",₹6 Cr,"₹49,586 /sqft","1,210 sqft",(112 sqm),Carpet Area,3 BHK,3,Under Construction,14th out of 22 Floors | Overlooking Park,,"The flat is facing the north-East direction. The flat occupies a carpet area of 1210 sq.Ft. That consists of 3 bedrooms, 3 bathrooms . This flat lies on the 14th level of a 22 storey building. Moreover, the flat is currently under construction and possession is expected by april 2028. The well built vitrified flooring enhances the aesthetic appeal of this flat. The society is well equipped with...",Arham Real Estate Consultants,Dealer,,https://www.99acres.com/3-bhk-bedroom-apartment-flat-for-sale-in-matunga-east-mumbai-south-1210-sqft-r7-spid-L79408739,,11
G92303204,PROPERTY,"3 BHK Flat in Matunga East, Mumbai","3 BHK Flat in Matunga East, Mumbai",smr,"Matunga East, Mumbai",₹6.01 Cr,"₹49,751 /sqft","1,208 sqft",(112 sqm),Carpet Area,3 BHK,3,Ready To Move,2nd out of 10 Floors | East Facing,,Spacious flat within the reach to market school college temple railway station highway garden etc.....,The Lotus Estate,Dealer,,https://www.99acres.com/3-bhk-bedroom-apartment-flat-for-sale-in-matunga-east-mumbai-south-1208-sqft-spid-G92303204,,11
U92154122,PROPERTY,"3 BHK Flat in Matunga, Mumbai","3 BHK Flat in Matunga, Mumbai",Lodha Divino,"Matunga, Mumbai",₹6 Cr,"₹48,899 /sqft","1,227 sqft",(114 sqm),Carpet Area,3 BHK,3,Ready To Move,30th out of 38 Floors | Overlooking Park,,"The flat is facing the north-East direction. Constructed on a carpet area of 1227 sq.Ft., the flat comprises 3 bedroom(s), 3 bathrooms and 1 balcony. This flat is situated on the 30th floor of this 38 floors tall residential building. An added advantage of this 0-1 year old flat is that it is available for immediate possession as the project is already ready to move. The flat comes well built w...",Xtreme Properties,Dealer,,https://www.99acres.com/3-bhk-bedroom-apartment-flat-for-sale-in-lodha-divino-matunga-south-mumbai-1227-sqft-spid-U92154122,,11
B93250878,PROPERTY,"3 BHK Flat in Matunga East, Mumbai","3 BHK Flat in Matunga East, Mumbai",Lodha Divino,"Matunga East, Mumbai",₹5.97 Cr,"₹46,386 /sqft","1,287 sqft",(135 sqm),Carpet Area,3 BHK,3,Under Construction,21st out of 38 Floors | Overlooking Cityscape,,"This residential flat is north-East-Facing direction. Constructed on a super built up area of 1450 sq.Ft., the flat comprises 3 bedroom(s), 3 bathrooms and 1 balcony. This flat lies on the 21st level of a 38 storey building. This residential flat is currently under construction and you can expect the possession of the same by october 2028. The flat comes well built with vitrified flooring optio...",FIVE PILLARS,Dealer,,https://www.99acres.com/3-bhk-bedroom-apartment-flat-for-sale-in-lodha-divino-matunga-east-mumbai-south-1450-sqft-spid-B93250878,,11
V92321174,PROPERTY,"3 BHK Flat in Matunga, Mumbai","3 BHK Flat in Matunga, Mumbai",Lodha Divino,"Matunga, Mumbai",₹5.9 Cr,"₹45,771 /sqft","1,289 sqft",(120 sqm),Super Built-up Area,3 BHK,3,Under Construction,19th out of 38 Floors | East Facing,,"The flat is over 1289 sq.Ft. Super built up area and comes with 3 bedroom(s), 3 bathrooms and 1 balcony. This flat lies on the 19th level of a 38 storey building. Moreover, the flat is currently under construction and possession is expected by september 2028. Lodha divino is designed very well to provide modern facilities such as swimming pool and gymnasium. For more details call now.",JAI AMBE ADVISORY,Dealer,,https://www.99acres.com/3-bhk-bedroom-apartment-flat-for-sale-in-lodha-divino-matunga-south-mumbai-1289-sqft-spid-V92321174,,11
C92303622,PROPERTY,"3 BHK Flat in Matunga East, Mumbai","3 BHK Flat in Matunga East, Mumbai",man,"Matunga East, Mumbai",₹8.01 Cr,"₹53,400 /sqft","1,500 sqft",(139 sqm),Carpet Area,3 BHK,3,Ready To Move,7th out of 15 Floors | East Facing,,Very spacious flat within the reach to market school college temple railway station highway garden etc.....,The Lotus Estate,Dealer,,https://www.99acres.com/3-bhk-bedroom-apartment-flat-for-sale-in-matunga-east-mumbai-south-1500-sqft-spid-C92303622,,11
O93250788,PROPERTY,"4 BHK Flat in Matunga East, Mumbai","4 BHK Flat in Matunga East, Mumbai",Lodha Divino,"Matunga East, Mumbai",₹7.98 Cr,"₹47,500 /sqft","1,680 sqft",(181 sqm),Carpet Area,4 BHK,4,Under Construction,20th out of 38 Floors | Overlooking Cityscape,,"This is a east-Facing property. The floor plan additionally contains 4 bedroom(s), 4 bathrooms and 1 balcony. All in all, the flat is spread over a super built up area of 1950 sq.Ft. This flat lies on the 20th level of a 38 storey building. This residential property is still under construction and will be available for possession by october 2028. The vitrified flooring of this flat is beautiful...",FIVE PILLARS,Dealer,,https://www.99acres.com/4-bhk-bedroom-apartment-flat-for-sale-in-lodha-divino-matunga-east-mumbai-south-1950-sqft-spid-O93250788,,11
H89302867,PROPERTY,"3 BHK Flat in Matunga, Mumbai","3 BHK Flat in Matunga, Mumbai",Lodha Divino,"Matunga, Mumbai",₹5.99 Cr,"₹43,818 /sqft","1,367 sqft",(127 sqm),Carpet Area,3 BHK,3,Under Construction,10th out of 38 Floors | Overlooking Park,,"Lodha divino, matunga Location*: Near manav seva sangh, eastern express highway, bhaudaji rd, matunga east, mumbai, maharashtra G + 38 storey homes G + 10 parking 35,000 sq.Ft. Open recreational area. Large integrated development Large open green spaces Ample parking space World class amenities Luxury homes with premium finishes Jain temple with upashray Location proximity 1 minute to eastern e...",Jayesh Realty,Dealer,,https://www.99acres.com/3-bhk-bedroom-apartment-flat-for-sale-in-lodha-divino-matunga-south-mumbai-1367-sqft-r2-spid-H89302867,,11
K88885324,PROPERTY,"3 BHK Flat in Matunga East, Mumbai","3 BHK Flat in Matunga East, Mumbai",ps matunga,"Matunga East, Mumbai",₹7 Cr,"₹60,869 /sqft","1,150 sqft",(107 sqm),Carpet Area,3 BHK,3,Ready To Move,9th out of 20 Floors | Furnished,,"The flat occupies a carpet area of 1150 sq.Ft. That consists of 3 bedrooms, 3 bathrooms and 1 balcony. The residential building has 20 floors in total and the flat for sale is located on the 9th floor. As the project is already ready to move, so you can easily move into this 1-5 years old property.",Good Token,,,https://www.99acres.com/3-bhk-bedroom-apartment-flat-for-sale-in-matunga-east-mumbai-south-1150-sqft-r2-spid-K88885324,,11
B72411690,PROPERTY,"4 BHK Flat in Matunga, Mumbai","4 BHK Flat in Matunga, Mumbai","Lodha Divino, Matunga, South Mumbai","Matunga, Mumbai",₹8.23 Cr,"₹48,988 /sqft","1,680 sqft",(156 sqm),Carpet Area,4 BHK,4,Under Construction,15th out of 38 Floors | Overlooking Swimming Pool,,"Lodha divino is one of the most popular destination for buying apartments/ flats in matunga, mumbai south. You too can be a part of this society by purchasing this 4 bhk flat here. The flat is east-Facing. The floor plan additionally contains 4 bedroom(s), 4 bathrooms and 1 balcony. All in all, the flat is spread over a carpet area of 1680 sq.Ft. The residential building has 38 floors in total ...",Value Properties,,,https://www.99acres.com/4-bhk-bedroom-apartment-flat-for-sale-in-matunga-south-mumbai-1680-sqft-r6-spid-B72411690,,11
U89201847,PROPERTY,"3 BHK Flat in Matunga, Mumbai","3 BHK Flat in Matunga, Mumbai",Lodha Divino,"Matunga, Mumbai",₹6.25 Cr,"₹50,937 /sqft","1,227 sqft",(114 sqm),Carpet Area,3 BHK,3,Under Construction,7th out of 38 Floors | Overlooking Park,,"This property faces the north-East direction. The flat occupies a carpet area of 1227 sq.Ft. That consists of 3 bedrooms, 3 bathrooms and 1 balcony. The property is located on the 7th floor of a 38 floors tall building. The flat is currently under construction stage and you can expect to get the possession of the property by december 2026. The floor of this flat is beautifully designed using vi...",Shubh Properties,Dealer,,https://www.99acres.com/3-bhk-bedroom-apartment-flat-for-sale-in-lodha-divino-matunga-south-mumbai-1227-sqft-spid-U89201847,,11
E93320406,PROPERTY,"3 BHK Flat in Matunga West, Mumbai","3 BHK Flat in Matunga West, Mumbai",Rustomjee 180 Bay,"Matunga West, Mumbai",₹6.99 Cr,"₹49,680 /sqft","1,407 sqft",(131 sqm),Carpet Area,3 BHK,3,Under Construction,16th out of 37 Floors | Overlooking Swimming Pool,,37 storey tower | 2 wings | 1.5 acres 180-Degree sea view | amenities on 3 levels Rooftop amenities include an open to sky swimming pool and more Bandra-Worli sea link 6.0 kms Matunga station 0.6 kms Western express highway 2.5 kms Kohinoor square 1.2 kms | phoenix palladium 6.7 kms Jio world drive 4.2 kms Bastian - At the top 1.1 kms | the bombay canteen 4.7 kms Ram ashraya 3.7 kms | caf madra...,Value Properties,,,https://www.99acres.com/3-bhk-bedroom-apartment-flat-for-sale-in-matunga-west-mumbai-south-1407-sqft-spid-E93320406,,12
F85321756,PROPERTY,"3 BHK Flat in Matunga West, Mumbai","3 BHK Flat in Matunga West, Mumbai",Rustomjee 180 bayview,"Matunga West, Mumbai",₹7.31 Cr,"₹51,991 /sqft","1,406 sqft",(131 sqm),Carpet Area,3 BHK,4,Under Construction,20th out of 37 Floors | Gated Society,,"Situated in matunga west, mumbai south, rustomjee 180 bayview is a well planned society that offers a pleasant living experience to its residents. This 3 bhk flat in mumbai south is your opportunity to be a part of this community. This residential flat is west-Facing direction. The flat is over 1406 sq.Ft. Carpet area and comes with 3 bedroom(s), 4 bathrooms and 1 balcony. The flat has a total ...",Winning paths,,,https://www.99acres.com/3-bhk-bedroom-apartment-flat-for-sale-in-matunga-west-mumbai-south-1406-sqft-r4-spid-F85321756,,12
Z92303930,PROPERTY,"3 BHK Flat in Matunga East, Mumbai","3 BHK Flat in Matunga East, Mumbai",rav,"Matunga East, Mumbai",₹7.25 Cr,"₹52,158 /sqft","1,390 sqft",(129 sqm),Carpet Area,3 BHK,3,Ready To Move,9th out of 18 Floors | Overlooking Main Road,,Spacious flat complete furnish within the reach to market school college temple railway station highway garden etc.....,The Lotus Estate,Dealer,,https://www.99acres.com/3-bhk-bedroom-apartment-flat-for-sale-in-matunga-east-mumbai-south-1390-sqft-spid-Z92303930,,12
G92173644,PROPERTY,"3 BHK Flat in Matunga, Mumbai","3 BHK Flat in Matunga, Mumbai",Rigved Windsong,"Matunga, Mumbai",₹7 Cr,"₹57,660 /sqft","1,214 sqft",(113 sqm),Carpet Area,3 BHK,3,Ready To Move,11th out of 22 Floors | East Facing,,"Available 3 bhk + 1 deck for sale @ rigved windsong, matunga east.",MumbaiProperties Consulting Private Limited,,,https://www.99acres.com/3-bhk-bedroom-apartment-flat-for-sale-in-rigved-windsong-matunga-south-mumbai-1214-sqft-spid-G92173644,,12
Q91053508,PROPERTY,"3 BHK Flat in Matunga East, Mumbai","3 BHK Flat in Matunga East, Mumbai",matunga,"Matunga East, Mumbai",₹7.25 Cr,"₹48,333 /sqft","1,500 sqft",(139 sqm),Built-up Area,3 BHK,3,Ready To Move,7th out of 18 Floors | Ruia college Nearby,,"The flat is facing the west direction. The floor plan additionally contains 3 bedroom(s), 3 bathrooms and 1 balcony. All in all, the flat is spread over a built up area of 1500 sq.Ft. This flat lies on the 7th level of a 18 storey building. Being a ready to move project, you can expect immediate possession of this 1-5 years old property. All the modern amenities such as lift(s) will make life e...",Atul Savla Estate Agency,Dealer,,https://www.99acres.com/3-bhk-bedroom-apartment-flat-for-sale-in-matunga-east-mumbai-south-1500-sqft-r1-spid-Q91053508,,12
A92726052,PROPERTY,"4 BHK Flat in Matunga East, Mumbai","4 BHK Flat in Matunga East, Mumbai",GOOD RIDDHI,"Matunga East, Mumbai",₹7.75 Cr,"₹56,363 /sqft","1,375 sqft",(128 sqm),Carpet Area,4 BHK,4,Ready To Move,30th out of 40 Floors | Overlooking Park,,"This is a north-East-Facing property. The floor plan additionally contains 4 bedroom(s), 4 bathrooms . All in all, the flat is spread over a carpet area of 1375 sq.Ft. This flat is situated on the 30th floor of this 40 floors tall residential building. This residential flat is currently under construction and you can expect the possession of the same immediately. The vitrified flooring of this ...",Arham Real Estate Consultants,Dealer,,https://www.99acres.com/4-bhk-bedroom-apartment-flat-for-sale-in-matunga-east-mumbai-south-1375-sqft-spid-A92726052,,12
L92958262,PROPERTY,"3 BHK Flat in Matunga, Mumbai","3 BHK Flat in Matunga, Mumbai",New Project,"Matunga, Mumbai",₹7.5 Cr,"₹58,275 /sqft","1,287 sqft",(120 sqm),Carpet Area,3 BHK,3,Under Construction,31st out of 40 Floors | Overlooking Park,,"Containing 3 bedroom(s), 3 bathrooms and 1 balcony, this flat is spread over a carpet area of 1287 sq.Ft. This flat is situated on the 31st floor of this 40 floors tall residential building. As the property is currently under construction , you can expect to get the possession by december 2028. The flat comes well built with marble flooring options. The flat will offer a modern lifestyle as it ...",Shashii Properties,Dealer,,https://www.99acres.com/3-bhk-bedroom-apartment-flat-for-sale-in-matunga-south-mumbai-1287-sqft-spid-L92958262,,12
L91142950,PROPERTY,"4 BHK Flat in Matunga East, Mumbai","4 BHK Flat in Matunga East, Mumbai",Lodha Divino,"Matunga East, Mumbai",₹7.3 Cr,"₹43,975 /sqft","1,660 sqft",(154 sqm),Super Built-up Area,4 BHK,3,Under Construction,19th out of 38 Floors | Overlooking Swimming Pool,,"This residential flat is east-Facing direction. The floor plan additionally contains 4 bedroom(s), 3 bathrooms and 1 balcony. All in all, the flat is spread over a super built up area of 1660 sq.Ft. The flat has a total of 38 floors and this property is situated on 19th floor. This residential flat is currently under construction and you can expect the possession of the same by october 2028. Th...",FIVE PILLARS,Dealer,,https://www.99acres.com/4-bhk-bedroom-apartment-flat-for-sale-in-lodha-divino-matunga-east-mumbai-south-1660-sqft-r1-spid-L91142950,,12
Y88020362,PROPERTY,"3 BHK Flat in Matunga West, Mumbai","3 BHK Flat in Matunga West, Mumbai",CODENAME FIVE GARDERNS,"Matunga West, Mumbai",₹9.95 Cr,"₹66,333 /sqft","1,500 sqft",(139 sqm),Carpet Area,3 BHK,4,Ready To Move,10th out of 26 Floors | Overlooking Park,,"This 3 bhk apartment is available for sale in codename five garderns, one of the most prominent projects for flats in matunga west, mumbai south. This property faces the east direction. The floor plan additionally contains 3 bedroom(s), 4 bathrooms and 1 balcony. All in all, the flat is spread over a carpet area of 1500 sq.Ft. The property is located on the 10th floor of a 26 floors tall buildi...",Xtreme Properties,Dealer,,https://www.99acres.com/3-bhk-bedroom-apartment-flat-for-sale-in-matunga-west-mumbai-south-1500-sqft-r2-spid-Y88020362,,12
W80379265,PROPERTY,"4 BHK Flat in Matunga West, Mumbai","4 BHK Flat in Matunga West, Mumbai",Rustomjee 180 Bayview,"Matunga West, Mumbai",₹8.5 Cr,"₹51,081 /sqft","1,664 sqft",(155 sqm),Carpet Area,4 BHK,4,Under Construction,17th out of 37 Floors,,"Located in the popular residential address of matunga west, mumbai south, rustomjee 180 bayview is one of the most preferred destination for apartments in mumbai south. This 4 bhk flat is your ticket to be a part of this community. The flat is facing the east direction. The flat is over 1600 sq.Ft. Carpet area and comes with 4 bedroom(s), 4 bathrooms and 1 balcony. The residential building has ...",Value Properties,,,https://www.99acres.com/4-bhk-bedroom-apartment-flat-for-sale-in-matunga-west-mumbai-south-1664-sqft-r5-spid-W80379265,,12
C89176767,PROPERTY,"1 BHK Flat in Matunga East, Mumbai","1 BHK Flat in Matunga East, Mumbai",Jehangir Mansion CHS,"Matunga East, Mumbai",₹6.5 Cr,"₹65,000 /sqft","1,000 sqft",(93 sqm),Carpet Area,1 BHK,1,Ready To Move,16th out of 18 Floors | 1 Covered Parking,,"Constructed on a carpet area of 1000 sq.Ft., the flat comprises 1 bedroom(s), 1 bathroom and 1 balcony. The flat has a total of 18 floors and this property is situated on 16th floor. As the project is already ready to move, so you can easily move into this 0-1 year old property. This residential property is situated near close to school. Many of the modern amenities being offered, like lift(s),...",Good Token,,,https://www.99acres.com/1-bhk-bedroom-apartment-flat-for-sale-in-jehangir-mansion-chs-matunga-east-mumbai-south-1000-sqft-r2-spid-C89176767,,12
T92962402,PROPERTY,"3 BHK Flat in Matunga East, Mumbai","3 BHK Flat in Matunga East, Mumbai",on request,"Matunga East, Mumbai",₹8.54 Cr,"₹52,944 /sqft","1,613 sqft",(150 sqm),Carpet Area,3 BHK,3,Ready To Move,9th out of 10 Floors | Overlooking Main Road,,This apartment is in a newly constructed building on the upper floor with one car parking and is immediately available for occupation,FOUNTAINHEAD REALTORS,Dealer,,https://www.99acres.com/3-bhk-bedroom-apartment-flat-for-sale-in-matunga-east-mumbai-south-1613-sqft-spid-T92962402,,12
U85333798,PROPERTY,"4 BHK Flat in Matunga West, Mumbai","4 BHK Flat in Matunga West, Mumbai",Rustomjee 180 Bayview,"Matunga West, Mumbai",₹8.64 Cr,"₹51,954 /sqft","1,663 sqft",(155 sqm),Carpet Area,4 BHK,4,Under Construction,15th out of 37 Floors,,"Check out this 4 bhk apartment for sale in rustomjee 180 bayview, a popular residential project that houses in-Demand flats in matunga west, mumbai south. The flat occupies a carpet area of 1663 sq.Ft. That consists of 4 bedrooms, 4 bathrooms and 1 balcony. This flat is situated on the 15th floor of this 37 floors tall residential building. Moreover, the flat is currently under construction and...",Winning paths,,,https://www.99acres.com/4-bhk-bedroom-apartment-flat-for-sale-in-matunga-west-mumbai-south-1663-sqft-r4-spid-U85333798,,12
Z87755668,PROPERTY,"5 BHK Flat in Matunga East, Mumbai","5 BHK Flat in Matunga East, Mumbai",GOOD TANISHQ,"Matunga East, Mumbai",₹9 Cr,"₹52,941 /sqft","1,700 sqft",(158 sqm),Carpet Area,5 BHK,2,Ready To Move,2nd out of 7 Floors | Overlooking Main Road,,"Ambedkar road is one of mumbai south's most sought after destination for apartments and this 5 bhk flat in matunga east is your opportunity to be a part of this community. This is a north-East-Facing property. The floor plan additionally contains 5 bedroom(s), 4 bathrooms . All in all, the flat is spread over a carpet area of 1700 sq.Ft. The flat has a total of 14 floors and this property is si...",Arham Real Estate Consultants,Dealer,,https://www.99acres.com/5-bhk-bedroom-apartment-flat-for-sale-in-matunga-east-mumbai-south-1700-sqft-r1-spid-Z87755668,,12
E76848359,PROPERTY,"3 BHK Flat in Matunga East, Mumbai","3 BHK Flat in Matunga East, Mumbai",on request,"Matunga East, Mumbai",₹9.7 Cr,"₹58,223 /sqft","1,666 sqft",(155 sqm),Carpet Area,3 BHK,3,Ready To Move,8th out of 15 Floors | Overlooking Main Road,,This apartment is in a newly constructed building in a builder finish condition with one car parking and amenities is immediately available,FOUNTAINHEAD REALTORS,Dealer,,https://www.99acres.com/3-bhk-bedroom-apartment-flat-for-sale-in-matunga-east-mumbai-south-1666-sqft-r8-spid-E76848359,,12
V93238976,PROPERTY,"5 BHK Flat in Matunga, Mumbai","5 BHK Flat in Matunga, Mumbai",On Request,"Matunga, Mumbai",₹10.9 Cr,"₹54,500 /sqft","2,000 sqft",(186 sqm),Carpet Area,5 BHK,5,Ready To Move,9th out of 12 Floors | Overlooking Main Road,,"Constructed on a carpet area of 2000 sq.Ft., the flat comprises 5 bedroom(s), 5 bathrooms and 1 balcony. This flat lies on the 9th level of a 12 storey building. An added advantage of this 10+ years old flat is that it is available for immediate possession as the project is already ready to move. Proximity to landmarks like close to metro station and close to school makes this an ideal property...",Good Token,,,https://www.99acres.com/5-bhk-bedroom-apartment-flat-for-sale-in-matunga-south-mumbai-2000-sqft-spid-V93238976,,12
A81273913,PROPERTY,"4 BHK Flat in Matunga East, Mumbai","4 BHK Flat in Matunga East, Mumbai",Alliance Legacy,"Matunga East, Mumbai",₹10.1 Cr,"₹54,831 /sqft","1,842 sqft",(171 sqm),Carpet Area,4 BHK,4,Ready To Move,12th out of 21 Floors | Overlooking Park,,"Situated in matunga east, mumbai south, alliance legacy is a well planned society that offers a pleasant living experience to its residents. This 4 bhk flat in mumbai south is your opportunity to be a part of this community. This is a east-Facing property. Containing 4 bedroom(s), 4 bathrooms and 1 balcony, this flat is spread over a carpet area of 1842 sq.Ft. The flat has a total of 21 floors ...",Landmark Estates,Dealer,,https://www.99acres.com/4-bhk-bedroom-apartment-flat-for-sale-in-alliance-legacy-matunga-east-mumbai-south-1842-sqft-r1-spid-A81273913,,12
Z90225468,PROPERTY,"3 BHK Flat in Matunga East, Mumbai","3 BHK Flat in Matunga East, Mumbai",On Request,"Matunga East, Mumbai",₹10.5 Cr,"₹59,794 /sqft","1,756 sqft",(163 sqm),Carpet Area,3 BHK,3,Ready To Move,7th out of 21 Floors | Overlooking Park,,"Bareshell unit, constructed on a carpet area of 1756 sq.Ft., the flat comprises 3 bedroom(s), 3 bathrooms and 1 balcony. This flat is situated on the 7th floor of this 21 floors tall residential building. This 1-5 years old property is available for immediate possession as the project is ready to move.",Landmark Estates,Dealer,,https://www.99acres.com/3-bhk-bedroom-apartment-flat-for-sale-in-matunga-east-mumbai-south-1756-sqft-spid-Z90225468,,12
C85349982,PROPERTY,"4 BHK Flat in Matunga West, Mumbai","4 BHK Flat in Matunga West, Mumbai",Rustomjee 180 Bayview,"Matunga West, Mumbai",₹10 Cr,"₹52,631 /sqft","1,900 sqft",(177 sqm),Carpet Area,4 BHK,4,Under Construction,13th out of 37 Floors | Overlooking Park,,"This beautiful 4 bhk flat in matunga west, mumbai south is situated in rustomjee 180 bayview, one of the popular residential society in mumbai south. The floor plan additionally contains 4 bedroom(s), 4 bathrooms and 2 balconies. All in all, the flat is spread over a carpet area of 1900 sq.Ft. The residential building has 37 floors in total and the flat for sale is located on the 13th floor. Mo...",Winning paths,,,https://www.99acres.com/4-bhk-bedroom-apartment-flat-for-sale-in-matunga-west-mumbai-south-1900-sqft-r4-spid-C85349982,,12
B92519196,PROPERTY,"4 BHK Flat in Matunga East, Mumbai","4 BHK Flat in Matunga East, Mumbai",sidd,"Matunga East, Mumbai",₹9.25 Cr,"₹50,546 /sqft","1,830 sqft",(170 sqm),Carpet Area,4 BHK,4,Ready To Move,18th out of 20 Floors | Overlooking Sea,,Spacious flat vaastu compliant with complete open view within the reach to market school college temple railway station highway garden etc.....,The Lotus Estate,Dealer,,https://www.99acres.com/4-bhk-bedroom-apartment-flat-for-sale-in-matunga-east-mumbai-south-1830-sqft-spid-B92519196,,12
D86238084,PROPERTY,"3 BHK Flat in Matunga, Mumbai","3 BHK Flat in Matunga, Mumbai",godrej five garden,"Matunga, Mumbai",₹10.5 Cr,"₹70,000 /sqft","1,500 sqft",(139 sqm),Carpet Area,3 BHK,4,Under Construction,10th out of 35 Floors | Overlooking Park,,"This is a north-East-Facing property. The flat is over 1500 sq.Ft. Carpet area and comes with 3 bedroom(s), 4 bathrooms and 2 balconies. The flat has a total of 35 floors and this property is situated on 10th floor. This residential property is still under construction and will be available for possession by march 2027. The floor of this flat is beautifully designed using marble flooring, givin...",Diya Real Estate,Dealer,,https://www.99acres.com/3-bhk-bedroom-apartment-flat-for-sale-in-matunga-south-mumbai-1500-sqft-r2-spid-D86238084,,12
Y92154252,PROPERTY,"4 BHK Flat in Matunga, Mumbai","4 BHK Flat in Matunga, Mumbai",Lodha Divino,"Matunga, Mumbai",₹8.96 Cr,"₹51,881 /sqft","1,727 sqft",(160 sqm),Carpet Area,4 BHK,4,Ready To Move,36th out of 38 Floors | Overlooking Park,,"This is a east-Facing property. The floor plan additionally contains 4 bedroom(s), 4 bathrooms and 1 balcony. All in all, the flat is spread over a carpet area of 1727 sq.Ft. This flat is situated on the 36th floor of this 38 floors tall residential building. This is a ready to move project and the property is 0-1 year old. The floor of this flat is beautifully designed using vitrified flooring...",Xtreme Properties,Dealer,,https://www.99acres.com/4-bhk-bedroom-apartment-flat-for-sale-in-lodha-divino-matunga-south-mumbai-1727-sqft-spid-Y92154252,,12
P87667088,PROPERTY,"4 BHK Flat in Matunga East, Mumbai","4 BHK Flat in Matunga East, Mumbai",Golden,"Matunga East, Mumbai",₹14 Cr,"₹63,636 /sqft","2,200 sqft",(204 sqm),Carpet Area,4 BHK,5,Ready To Move,10th out of 21 Floors | 2 Covered Parking,,"Check out this 4 bhk apartment for sale in golden, a popular residential project that houses in-Demand flats in matunga east, mumbai south. Containing 4 bedroom(s), 5 bathrooms and more than 3 balconies, this flat is spread over a carpet area of 2200 sq.Ft. The residential building has 21 floors in total and the flat for sale is located on the 10th floor. Being a ready to move project, you can ...",Good Token,,,https://www.99acres.com/4-bhk-bedroom-apartment-flat-for-sale-in-matunga-east-mumbai-south-2200-sqft-r2-spid-P87667088,,12
H91237124,PROPERTY,"5 BHK Flat in Matunga East, Mumbai","5 BHK Flat in Matunga East, Mumbai",Lodha Divino,"Matunga East, Mumbai",₹13.1 Cr,"₹47,122 /sqft","2,780 sqft",(258 sqm),Super Built-up Area,5 BHK,4,Under Construction,15th out of 38 Floors | Overlooking Park,,"Lodha divino a luxury residential landmark in matunga, offering premium 2 & 3 bhk homes crafted for refined, modern living. These spacious residences feature elegant interiors, smart layouts, and serene views, perfect for families seeking comfort and connectivity. Own a premium home at lodha divino, matunga. Limited units. Secure early for the best value.",FIVE PILLARS,Dealer,,https://www.99acres.com/5-bhk-bedroom-apartment-flat-for-sale-in-lodha-divino-matunga-east-mumbai-south-2780-sqft-r1-spid-H91237124,,12
U76848235,PROPERTY,"4 BHK Flat in Matunga East, Mumbai","4 BHK Flat in Matunga East, Mumbai",on request,"Matunga East, Mumbai",₹14 Cr,"₹57,899 /sqft","2,418 sqft",(225 sqm),Carpet Area,4 BHK,4,Ready To Move,7th out of 15 Floors | Overlooking Main Road,,This apartment is in a newly constructed building its in a builder finish with two car parking and amenities its available,FOUNTAINHEAD REALTORS,Dealer,,https://www.99acres.com/4-bhk-bedroom-apartment-flat-for-sale-in-matunga-east-mumbai-south-2418-sqft-r8-spid-U76848235,,12
P88890788,PROPERTY,"2 BHK Flat in Matunga East, Mumbai","2 BHK Flat in Matunga East, Mumbai",joh,"Matunga East, Mumbai",₹3.54 Cr,"₹56,459 /sqft",627 sqft,(58 sqm),Carpet Area,2 BHK,2,Ready To Move,6th out of 21 Floors | Overlooking Park,,Decent flat for a small family with in the reach to best school / college / market / temple / gardens ( Kids to play ) highway etc .... A proper vaastu compliant .....,The Lotus Estate,Dealer,,https://www.99acres.com/2-bhk-bedroom-apartment-flat-for-sale-in-matunga-east-mumbai-south-627-sqft-r1-spid-P88890788,,13
S85959298,PROPERTY,"2 BHK Flat in Matunga East, Mumbai","2 BHK Flat in Matunga East, Mumbai",Hubtown Harmony,"Matunga East, Mumbai",₹1.85 Cr,"₹21,022 /sqft",880 sqft,(82 sqm),Super Built-up Area,2 BHK,2,Ready To Move,6th out of 17 Floors | Overlooking Swimming Pool,,"This lovely 2 bhk apartment/flat in matunga east is available for sale in one of mumbai south's most popular projects, hubtown harmony. This is a east-Facing property. The flat is over 880 sq.Ft. Super built up area and comes with 2 bedroom(s), 2 bathrooms and 1 balcony. The residential building has 17 floors in total and the flat for sale is located on the 6th floor. This is a ready to move pr...",HARI ESTATE,Dealer,,https://www.99acres.com/2-bhk-bedroom-apartment-flat-for-sale-in-hubtown-harmony-matunga-east-mumbai-south-880-sqft-r5-spid-S85959298,,13
R89848122,PROPERTY,"2 BHK Flat in Matunga West, Mumbai","2 BHK Flat in Matunga West, Mumbai",Good Apartment,"Matunga West, Mumbai",₹2.9 Cr,"₹36,250 /sqft",800 sqft,(74 sqm),Super Built-up Area,2 BHK,2,Ready To Move,7th out of 18 Floors | East Facing,,Available 2 bhk for sale in matunga west area 700 carpet semi furnished flat lift and 1 car parking available price 2.90 cr negotiable new building gym /club house,Padmavati Estate Agency,Dealer,,https://www.99acres.com/2-bhk-bedroom-apartment-flat-for-sale-in-matunga-west-mumbai-south-800-sqft-r1-spid-R89848122,,13
M92900052,PROPERTY,"1 BHK Flat in Matunga East, Mumbai","1 BHK Flat in Matunga East, Mumbai",Sky Vista,"Matunga East, Mumbai",₹1.18 Cr,"₹24,842 /sqft",475 sqft,(44 sqm),Built-up Area,1 BHK,1,Under Construction,16th out of 22 Floors | Overlooking Park,,"This residential flat is east-Facing direction. Constructed on a built up area of 475 sq.Ft., the flat comprises 1 bedroom(s), 1 bathroom . The residential building has 22 floors in total and the flat for sale is located on the 16th floor. As the property is currently under construction , you can expect to get the possession by june 2027. The flat comes well built with vitrified flooring option...",Skyline Enterprises,Dealer,,https://www.99acres.com/1-bhk-bedroom-apartment-flat-for-sale-in-matunga-east-mumbai-south-475-sqft-spid-M92900052,,13
X71965152,PROPERTY,"2 BHK Flat in Matunga East, Mumbai","2 BHK Flat in Matunga East, Mumbai",9 uma ishaan,"Matunga East, Mumbai",₹2.5 Cr,"₹46,296 /sqft",540 sqft,(50 sqm),Carpet Area,2 BHK,2,Ready To Move,4th out of 18 Floors | East Facing,,"This beautiful 2 bhk flat in matunga east, south mumbai is situated in 9 uma ishaan, one of the popular residential society in south mumbai. The flat is facing the east direction. The flat occupies a carpet area of 629 sq.Ft. That consists of 2 bedrooms, 2 bathrooms . The flat has a total of 18 floors and this property is situated on 15th floor. Being a ready to move project, you can expect imm...",Matrix Realty Solutions,Dealer,,https://www.99acres.com/2-bhk-bedroom-apartment-flat-for-sale-in-matunga-east-mumbai-south-540-sqft-r11-spid-X71965152,,13
I92915288,PROPERTY,"Studio Apartments / 1 RK Flats in Matunga West, Mumbai","Studio Apartments / 1 RK Flats in Matunga West, Mumbai",sky vista,"Matunga West, Mumbai",₹95 Lac,"₹35,185 /sqft",360 sqft,(33 sqm),Built-up Area,1 BHK,1,Under Construction,East Facing | Overlooking Park,,1rk studio flat apartment in matunga west,Skyline Enterprises,Dealer,,https://www.99acres.com/studio-apartment-flat-for-sale-in-matunga-west-mumbai-south-360-sqft-spid-I92915288,,13
U90073960,PROPERTY,"2 BHK Flat in Matunga East, Mumbai","2 BHK Flat in Matunga East, Mumbai",Riddhi Siddhi Apartment,"Matunga East, Mumbai",₹3.4 Cr,"₹48,295 /sqft",704 sqft,(65 sqm),Carpet Area,2 BHK,2,Ready To Move,18th out of 42 Floors | Overlooking Park,,"Tallest and most prestigious building in matunga east ( Cr ). Full sized swimming pool, gymnasium, terrace garden and badminton court and club house inclusive building.",Owner,4mo ago,,https://www.99acres.com/2-bhk-bedroom-apartment-flat-for-sale-in-riddhi-siddhi-apartment-matunga-east-mumbai-south-704-sqft-spid-U90073960,,13
W92799418,PROPERTY,"Studio Apartments / 1 RK Flats in Matunga West, Mumbai","Studio Apartments / 1 RK Flats in Matunga West, Mumbai",sky vista,"Matunga West, Mumbai",₹98.28 Lac,"₹36,000 /sqft",368 sqft,(34 sqm),Built-up Area,1 BHK,1,Under Construction,East Facing | Overlooking Main Road,,"Spacious 1rk in matunga west railway station js nearby walkable distance 10 mins ,metro station is nearby walkable distance 4 -5 mins",Skyline Enterprises,Dealer,,https://www.99acres.com/studio-apartment-flat-for-sale-in-matunga-west-mumbai-south-368-sqft-spid-W92799418,,13
Q79045499,PROPERTY,"1 BHK Flat in Mahalaxmi Sindhi Colony, Matunga, Mumbai","1 BHK Flat in Mahalaxmi Sindhi Colony, Matunga, Mumbai",Wadhwa Pristine,"Mahalaxmi Sindhi Colony, Matunga, Mumbai",₹2.65 Cr,"₹52,683 /sqft",503 sqft,(47 sqm),Carpet Area,1 BHK,2,Ready To Move,19th out of 44 Floors | Overlooking Park,,"Presenting wadhwa pristine, nestled in the heart of mumbai at matunga west. Step into a world of pure bliss in a serene neighborhood, overlooking the lush green lawns of ruparel college on one side and mesmerizing views of the bandra-Worli sea link on the other. Easy access to everyday utility such as hospitals, schools, supercars, parks, recreational centers etc. Contact us to schedule a viewi...",K.Hemandas real estate,Dealer,,https://www.99acres.com/1-bhk-bedroom-apartment-flat-for-sale-in-wadhwa-pristine-mahalaxmi-sindhi-colony-mumbai-south-503-sqft-r3-spid-Q79045499,,13
G90082090,PROPERTY,"Residential land / Plot in Matunga West, Mumbai","Residential land / Plot in Matunga West, Mumbai","Matunga West, Mumbai, Mumbai South","Matunga West, Mumbai",₹3 Cr,₹2.15 L /sqm,139.35 sqm,"(1,500 sqft)",Plot Area,Plot/Land,,Ready To Move,,,"Available for immediate sale, this 1500 sq.Ft. Residential plot in matunga west offers a prime opportunity. Located near key amenities like swami samartha maharajas math and multiple hospitals, it provides convenience and accessibility. The land, ready for development, is situated on favorable floors and is ideal for residential use.",Owner,4mo ago,,https://www.99acres.com/residential-land-plot-for-sale-in-matunga-west-mumbai-south-167-sqyd-spid-G90082090,,13
D93269028,PROPERTY,"2 BHK Flat in Matunga East, Mumbai","2 BHK Flat in Matunga East, Mumbai",Janki Jevan,"Matunga East, Mumbai",₹1.15 Cr,"₹19,327 /sqft",595 sqft,(55 sqm),Built-up Area,2 BHK,2,Ready To Move,12th out of 25 Floors | Overlooking Park,,"The flat is south-West-Facing. Containing 2 bedroom(s), 2 bathrooms and 1 balcony, this flat is spread over a built up area of 595 sq.Ft. This flat is situated on the 12th floor of this 25 floors tall residential building. This residential flat is currently under construction and you can expect the possession of the same immediately. The society is well equipped with many modern amenities, incl...",Novel Homes,Dealer,,https://www.99acres.com/2-bhk-bedroom-apartment-flat-for-sale-in-janki-jevan-matunga-east-mumbai-south-595-sqft-spid-D93269028,,13
E80720883,PROPERTY,"2 BHK Flat in Matunga, Mumbai","2 BHK Flat in Matunga, Mumbai",Evergreen Aastha Heights,"Matunga, Mumbai",₹1.12 Cr,"₹9,613 /sqft","1,165 sqft",(108 sqm),Super Built-up Area,2 BHK,3,Ready To Move,8th out of 44 Floors | 2 Covered Parking,,"This lovely 2 bhk apartment/flat in matunga is available for sale in one of mumbai south's most popular projects, evergreen aastha heights. This property faces the south-West direction. The flat is over 1165 sq.Ft. Super built up area and comes with 2 bedroom(s), 3 bathrooms and 2 balconies. This flat lies on the 8th level of a 44 storey building. This 1-5 years old property is available for im...",Novel Homes,Dealer,,https://www.99acres.com/2-bhk-bedroom-apartment-flat-for-sale-in-evergreen-aastha-heights-matunga-south-mumbai-1165-sqft-r3-spid-E80720883,,13
G84713308,PROPERTY,"2 BHK Flat in Matunga East, Mumbai","2 BHK Flat in Matunga East, Mumbai",Good Chs,"Matunga East, Mumbai",₹3.51 Cr,"₹47,885 /sqft",733 sqft,(68 sqm),Carpet Area,2 BHK,2,Ready To Move,15th out of 30 Floors | Overlooking Main Road,,"This 2 bhk apartment is available for sale in good chs, one of the most prominent projects for flats in matunga east, mumbai south. The flat is north-East-Facing. The floor plan additionally contains 2 bedroom(s), 2 bathrooms . All in all, the flat is spread over a carpet area of 733 sq.Ft. The residential building has 30 floors in total and the flat for sale is located on the 15th floor. An ad...",Arham Real Estate Consultants,Dealer,,https://www.99acres.com/2-bhk-bedroom-apartment-flat-for-sale-in-matunga-east-mumbai-south-733-sqft-r3-spid-G84713308,,13
F90649558,PROPERTY,"1 Bedroom House in Matunga East, Mumbai","1 Bedroom House in Matunga East, Mumbai",Sai visawa,"Matunga East, Mumbai",₹90 Lac,₹3.23 L /sqm,27.87 sqm,(300 sqft),Plot Area,1 BHK,1,Ready To Move,1 Open Parking | High Ceiling height,,"The property is well-Maintained and comes fully furnished, equipped with all essential amenities. The walls are coated with high-Quality, washable paint, and the bathroom is in good condition, with a geyser installed.",Owner,3mo ago,,https://www.99acres.com/1-bhk-bedroom-independent-house-villa-for-sale-in-matunga-east-mumbai-south-300-sqft-spid-F90649558,,13
L89052828,PROPERTY,"1 BHK Flat in Matunga West, Mumbai","1 BHK Flat in Matunga West, Mumbai",N/A,"Matunga West, Mumbai",₹90 Lac,"₹36,000 /sqft",250 sqft,(23 sqm),Built-up Area,1 BHK,1,Ready To Move,GF out of 1 Floors,,"The flat occupies a built up area of 250 sq.Ft. That consists of 1 bedroom, 1 bathroom . This flat lies on the ground level of a 1 storey building. This 1-5 years old property is available for immediate possession as the project is ready to move.",Owner,5mo ago,,https://www.99acres.com/1-bhk-bedroom-apartment-flat-for-sale-in-matunga-west-mumbai-south-250-sqft-spid-L89052828,,13
T89434120,PROPERTY,"2 BHK Flat in Matunga East, Mumbai","2 BHK Flat in Matunga East, Mumbai",Tanishq Holihock,"Matunga East, Mumbai",₹3.25 Cr,"₹43,218 /sqft",752 sqft,(70 sqm),Carpet Area,2 BHK,2,Ready To Move,5th out of 7 Floors | 1 Covered Parking,,"Situated in matunga east, this 2 bhk flat spans 752 sq.Ft. On the 5th floor of a mid-Rise building. A 5-10 year old residential property, it offers immediate availability and includes 2 bedrooms, 2 bathrooms, lift access, and rainwater harvesting. Close to gandhi market, sabji market, and key hospitals, it combines convenience with comfort.",Owner,5mo ago,,https://www.99acres.com/2-bhk-bedroom-apartment-flat-for-sale-in-tanishq-holihock-matunga-east-mumbai-south-752-sqft-spid-T89434120,,13
F90710408,PROPERTY,"1 BHK Flat in Matunga East, Mumbai","1 BHK Flat in Matunga East, Mumbai",View Villa,"Matunga East, Mumbai",₹1.7 Cr,"₹36,956 /sqft",460 sqft,(43 sqm),Carpet Area,1 BHK,1,Ready To Move,6th out of 12 Floors | Overlooking Park,,"This residential flat is north-East-Facing direction. The floor plan additionally contains 1 bedroom(s), 1 bathroom . All in all, the flat is spread over a carpet area of 460 sq.Ft. This flat lies on the 6th level of a 12 storey building. This is a ready to move project and the property is 5-10 years old. The vitrified flooring of this flat is beautifully designed and helps to give it a pleasin...",D A Ventures,Dealer,,https://www.99acres.com/1-bhk-bedroom-apartment-flat-for-sale-in-matunga-east-mumbai-south-460-sqft-r1-spid-F90710408,,13
C92952922,PROPERTY,"Studio Apartments / 1 RK Flats in Matunga West, Mumbai","Studio Apartments / 1 RK Flats in Matunga West, Mumbai",Sky Vista,"Matunga West, Mumbai",₹63 Lac,"₹23,773 /sqft",265 sqft,(25 sqm),Built-up Area,1 BHK,1,Under Construction,East Facing | Overlooking Main Road,,Spacious 1rk in matunga west 10 to 15 mins walking from matunga station,Skyline Enterprises,Dealer,,https://www.99acres.com/studio-apartment-flat-for-sale-in-matunga-west-mumbai-south-265-sqft-spid-C92952922,,13
L84957022,PROPERTY,"1 BHK Flat in Matunga East, Mumbai","1 BHK Flat in Matunga East, Mumbai",Matunga Labour Camp,"Matunga East, Mumbai",₹90 Lac,"₹36,000 /sqft",250 sqft,(23 sqm),Built-up Area,1 BHK,1,Ready To Move,1st out of 7 Floors | Overlooking Main Road,,"Self owned - Title free property No brokerage payable Loan possible- Govt / pvt banks fii Oc available Matunga west & mahim railway station - 15 mins Sion / gtb railway stn - Central & harbour line 20 min Dadar, bkc, sion, shivaj park, worli - 20 mins by road Aqualine metro3 station - 15 mins ************************** Concealed ele. Fittings + tiling in hall & kitchen, Overhead storage in kitc...",Owner,Today,,https://www.99acres.com/1-bhk-bedroom-apartment-flat-for-sale-in-matunga-east-mumbai-south-250-sqft-spid-L84957022,,13
B92798254,PROPERTY,"1 BHK Flat in Matunga West, Mumbai","1 BHK Flat in Matunga West, Mumbai",Sky Vista,"Matunga West, Mumbai",₹1.33 Cr,"₹26,078 /sqft",510 sqft,(47 sqm),Built-up Area,1 BHK,1,Under Construction,14th out of 22 Floors | Overlooking Main Road,,"This is a east-Facing property. Containing 1 bedroom(s), 1 bathroom , this flat is spread over a built up area of 510 sq.Ft. The flat has a total of 22 floors and this property is situated on 14th floor. The flat is currently under construction stage and you can expect to get the possession of the property by june 2027. The vitrified flooring of this flat is beautifully designed and helps to gi...",Skyline Enterprises,Dealer,,https://www.99acres.com/1-bhk-bedroom-apartment-flat-for-sale-in-matunga-west-mumbai-south-510-sqft-spid-B92798254,,13
P92900214,PROPERTY,"1 BHK Flat in Matunga West, Mumbai","1 BHK Flat in Matunga West, Mumbai",sky vista,"Matunga West, Mumbai",₹1.17 Cr,"₹26,590 /sqft",440 sqft,(41 sqm),Built-up Area,1 BHK,1,Under Construction,12th out of 22 Floors | Overlooking Park,,"This residential flat is east-Facing direction. Constructed on a built up area of 440 sq.Ft., the flat comprises 1 bedroom(s), 1 bathroom . The property is located on the 12th floor of a 22 floors tall building. As the property is currently under construction , you can expect to get the possession by june 2027. The flat comes well built with vitrified flooring options. Another plus point for th...",Skyline Enterprises,Dealer,,https://www.99acres.com/1-bhk-bedroom-apartment-flat-for-sale-in-matunga-west-mumbai-south-440-sqft-spid-P92900214,,13
I92772932,PROPERTY,"1 BHK Flat in Matunga East, Mumbai","1 BHK Flat in Matunga East, Mumbai",Diva Niketan,"Matunga East, Mumbai",₹14 Lac,"₹2,641 /sqft",530 sqft,(49 sqm),Super Built-up Area,1 BHK,1,Ready To Move,1st out of 6 Floors,,"Looking for buyer to purchase our apartment available for sell in diva, mumbai. Available at price of rs 14 lacs. It has super area of 530 sq ft. It has 1 bhk, 1 bathroom, 1 bathroom.It is a freehold property",Owner,3w ago,,https://www.99acres.com/1-bhk-bedroom-apartment-flat-for-sale-in-diva-niketan-matunga-east-mumbai-south-530-sqft-spid-I92772932,,13
M89740754,PROPERTY,"2 BHK Flat in Matunga East, Mumbai","2 BHK Flat in Matunga East, Mumbai",Hubtown Harmony,"Matunga East, Mumbai",₹2.4 Cr,"₹34,285 /sqft",700 sqft,(65 sqm),Built-up Area,2 BHK,2,Ready To Move,GF out of 1 Floors | Furnished,,"Constructed on a built up area of 700 sq.Ft., the flat comprises 2 bedroom(s), 2 bathrooms . The residential building has 1 floor in total and the flat for sale is located on the ground floor. As the project is already ready to move, so you can easily move into this 5-10 years old property.",Owner,4mo ago,,https://www.99acres.com/2-bhk-bedroom-apartment-flat-for-sale-in-matunga-east-mumbai-south-700-sqft-spid-M89740754,,13
S80013321,PROPERTY,"2 BHK Flat in Matunga East, Mumbai","2 BHK Flat in Matunga East, Mumbai",Riddhi Siddhi Apartment,"Matunga East, Mumbai",₹3.65 Cr,"₹53,052 /sqft",688 sqft,(64 sqm),Carpet Area,2 BHK,2,Ready To Move,18th out of 42 Floors | Overlooking Park,,"Riddhi siddhi apartment is one of mumbai south's most sought after destination for apartments and this 2 bhk flat in matunga east is your opportunity to be a part of this community. This is a north-East-Facing property. The flat is over 688 sq.Ft. Carpet area and comes with 2 bedroom(s), 2 bathrooms . The flat has a total of 42 floors and this property is situated on 18th floor. As the project ...",Matrix Realty Solutions,Dealer,,https://www.99acres.com/2-bhk-bedroom-apartment-flat-for-sale-in-riddhi-siddhi-apartment-matunga-east-mumbai-south-688-sqft-r8-spid-S80013321,,13
F86299944,PROPERTY,"1 BHK Flat in Western Railway Colony, Matunga, Mumbai","1 BHK Flat in Western Railway Colony, Matunga, Mumbai",radhika chs,"Western Railway Colony, Matunga, Mumbai",₹1.2 Cr,"₹26,666 /sqft",450 sqft,(42 sqm),Carpet Area,1 BHK,1,Ready To Move,2nd out of 4 Floors,,"We are the proud owners of this 1 bhk apartment available in radhika chs, western railway colony, mumbai south. This it is a and the unit is located on 2nd floor and has a carpet area of 450 sq.Ft. . It has 1 bathroom(s). The unit is located in a co-Operative society.",Owner,3w ago,,https://www.99acres.com/1-bhk-bedroom-apartment-flat-for-sale-in-western-railway-colony-hanuman-nagar-mumbai-south-450-sqft-r1-spid-F86299944,,13
U92158374,PROPERTY,"2 BHK Flat in Matunga East, Mumbai","2 BHK Flat in Matunga East, Mumbai",Shree co op houSociety,"Matunga East, Mumbai",₹2.25 Cr,"₹42,857 /sqft",525 sqft,(49 sqm),Carpet Area,2 BHK,2,Ready To Move,4th out of 7 Floors,,"We are the proud owners of this 2 bhk apartment available in colleagues co operative housing society, matunga east mumbai south. This it is a and the unit is located on 4th floor and has a carpet area of 525 sq.Ft. . It has 2 bathroom(s). The ownership is freehold type.Matunga east is also called mini madras. One must google matunga east to know its coolest place in mumbai",Owner,1mo ago,,https://www.99acres.com/2-bhk-bedroom-apartment-flat-for-sale-in-matunga-east-mumbai-south-525-sqft-spid-U92158374,,14
R89231123,PROPERTY,"Residential property in Matunga East, Mumbai","Residential property in Matunga East, Mumbai",Maheshwari Circle,"Matunga East, Mumbai",₹85 Lac,"₹42,500 /sqft",200 sqft,(19 sqm),Plot Area,Plot/Land,,Ready To Move,,,"It's a wadi, all residents of the society are . It's in a city centre. King's cirlcle railway station is like a next building. Matunga east railway station 15 minutes walking. Very peaceful, educated people and decent residential area. Its a wadi chawl, two rooms of 10/10 with one common gallery. One small western toilet and separate bathroom. Partially furnished.",Owner,5mo ago,,https://www.99acres.com/other-residential-property-for-sale-in-maheshwari-circle-matunga-east-mumbai-south-200-sqft-spid-R89231123,,14
W90093538,PROPERTY,"2 BHK Flat in Matunga, Mumbai","2 BHK Flat in Matunga, Mumbai",Satra Mahavir Ville,"Matunga, Mumbai",₹2.3 Cr,"₹43,809 /sqft",525 sqft,(49 sqm),Carpet Area,2 BHK,2,Ready To Move,12th out of 22 Floors | Overlooking Swimming Pool,,"This residential flat is west-Facing direction. Constructed on a carpet area of 525 sq.Ft., the flat comprises 2 bedroom(s), 2 bathrooms and more than 3 balconies. The property is located on the 12th floor of a 22 floors tall building. An added advantage of this 1-5 years old flat is that it is available for immediate possession as the project is already ready to move. The beautifully designed ...",Om Properties,Dealer,,https://www.99acres.com/2-bhk-bedroom-apartment-flat-for-sale-in-satra-mahavir-ville-matunga-south-mumbai-525-sqft-r1-spid-W90093538,,14
A91566236,PROPERTY,"1 BHK Flat in Matunga East, Mumbai","1 BHK Flat in Matunga East, Mumbai",Tanishq Holihock,"Matunga East, Mumbai",₹2.1 Cr,"₹41,501 /sqft",506 sqft,(47 sqm),Carpet Area,1 BHK,2,Ready To Move,2nd out of 7 Floors | East Facing,,"Serious inquiries only! Mumbai's investment: Direct-To-Owner sale - 1br in south-Central Looking for a high-Yield asset in most resilient real estate market? This is an exclusive, direct to owner opportunity to buy a premium 1 bed / 2 bath condo in the absolute heart of mumbai or secure it early to rent to top-Tier corporate tenants. The location: Perfectly positioned in matunga, right between ...",Owner,2mo ago,,https://www.99acres.com/1-bhk-bedroom-apartment-flat-for-sale-in-tanishq-holihock-matunga-east-mumbai-south-506-sqft-spid-A91566236,,14
B93270916,PROPERTY,"2 BHK Flat in Matunga, Mumbai","2 BHK Flat in Matunga, Mumbai",Nandivardhan Parkway,"Matunga, Mumbai",₹3 Cr,"₹33,333 /sqft",900 sqft,(84 sqm),Built-up Area,2 BHK,2,Ready To Move,10th out of 45 Floors | Overlooking Park,,"The flat is facing the east direction. Containing 2 bedroom(s), 2 bathrooms and 1 balcony, this flat is spread over a built up area of 900 sq.Ft. This flat lies on the 10th level of a 45 storey building. This residential property is still under construction and will be available for possession immediately. Nandivardhan parkway is designed very well to provide modern facilities such as security ...",Novel Homes,Dealer,,https://www.99acres.com/2-bhk-bedroom-apartment-flat-for-sale-in-nandivardhan-parkway-matunga-south-mumbai-900-sqft-spid-B93270916,,14
X91218226,PROPERTY,"2 BHK Flat in Matunga East, Mumbai","2 BHK Flat in Matunga East, Mumbai",DVK EL Mejor,"Matunga East, Mumbai",₹2.25 Cr,"₹50,111 /sqft",449 sqft,(42 sqm),Built-up Area,2 BHK,2,Ready To Move,GF out of 1 Floors,,"The flat is over 449 sq.Ft. Built up area and comes with 2 bedroom(s), 2 bathrooms . The property is located on the ground floor of a 1 floor tall building. This is a ready to move project and the property is 0-1 year old.",Owner,2mo ago,,https://www.99acres.com/2-bhk-bedroom-apartment-flat-for-sale-in-matunga-east-mumbai-south-449-sqft-spid-X91218226,,14
E80720791,PROPERTY,"3 BHK Flat in Mahalaxmi Sindhi Colony, Matunga, Mumbai","3 BHK Flat in Mahalaxmi Sindhi Colony, Matunga, Mumbai",Wadhwa W54,"Mahalaxmi Sindhi Colony, Matunga, Mumbai",₹4.05 Cr,"₹22,355 /sqft","1,811.67 sqft",(168 sqm),Carpet Area,3 BHK,3,Ready To Move,13th out of 44 Floors | East Facing,,"This 3 bhk apartment is available for sale in wadhwa w54, one of the most prominent projects for flats in mahalaxmi sindhi colony, mumbai south. This is a east-Facing property. Constructed on a carpet area of 168 sq.M., the flat comprises 3 bedroom(s), 3 bathrooms and 2 balconies. The flat has a total of 44 floors and this property is situated on 13th floor. This 1-5 years old property is avail...",Novel Homes,Dealer,,https://www.99acres.com/3-bhk-bedroom-apartment-flat-for-sale-in-wadhwa-w54-mahalaxmi-sindhi-colony-mumbai-south-1812-sqft-r3-spid-E80720791,,14
X91512930,PROPERTY,"1 BHK Flat in Mainak Wadi, Matunga, Mumbai","1 BHK Flat in Mainak Wadi, Matunga, Mumbai",Indumani Heights,"Mainak Wadi, Matunga, Mumbai",₹2.12 Cr,"₹48,000 /sqft",441 sqft,(41 sqm),Carpet Area,1 BHK,2,Under Construction,12th out of 21 Floors | Overlooking Park,,"Just 5 minute from shivaji park, we bring you the perfect blend of serenity and city life. Spacious 1 bed recidency 2 bed recidency 3 bed recidency Soak in the sea view of the worli-Bandra sea link and step into homes designed for luxury, comfort, and natural light. Site: Lokmanya nagar, joshi vadi, matunga west, mumbai, maharashtra Added advantages- * 2 way podium ramp car parking * swimming p...",High Street Realtors,Dealer,,https://www.99acres.com/1-bhk-bedroom-apartment-flat-for-sale-in-mainak-wadi-mumbai-south-441-sqft-spid-X91512930,,14
Z92303516,PROPERTY,"1 BHK Flat in Matunga East, Mumbai","1 BHK Flat in Matunga East, Mumbai",ann,"Matunga East, Mumbai",₹2 Cr,"₹41,666 /sqft",480 sqft,(45 sqm),Carpet Area,1 BHK,2,Ready To Move,3rd out of 12 Floors | Centrally Air Conditioned,,Spacious flat within the reach to market school college temple railway station highway garden etc.....,The Lotus Estate,Dealer,,https://www.99acres.com/1-bhk-bedroom-apartment-flat-for-sale-in-matunga-east-mumbai-south-480-sqft-spid-Z92303516,,14
S91864520,PROPERTY,"Studio Apartments / 1 RK Flats in Matunga, Mumbai","Studio Apartments / 1 RK Flats in Matunga, Mumbai",Sai Visava Sra CHS,"Matunga, Mumbai",₹95 Lac,"₹42,222 /sqft",250 sqft,(23 sqm),Built-up Area,1 BHK,1,Ready To Move,,,"This furnished 1 rk studio apartment in sai visava sra chs, matunga spans 250 sqft on the 4th floor of a 7-Story mid-Rise building. Over 10 years old and available immediately, it offers 1 bedroom and 1 bathroom. Conveniently close to gandhi market and several hospitals, it suits urban living with easy access to essential amenities.",Owner,1mo ago,,https://www.99acres.com/studio-apartment-flat-for-sale-in-sai-visava-sra-chs-matunga-south-mumbai-250-sqft-spid-S91864520,,14
L92199964,PROPERTY,"2 BHK Flat in Matunga East, Mumbai","2 BHK Flat in Matunga East, Mumbai",good hub chs,"Matunga East, Mumbai",₹1.72 Cr,"₹43,000 /sqft",400 sqft,(37 sqm),Carpet Area,2 BHK,2,Ready To Move,1st out of 18 Floors | Overlooking Main Road,,"The flat is facing the north-East direction. The floor plan additionally contains 2 bedroom(s), 2 bathrooms . All in all, the flat is spread over a carpet area of 400 sq.Ft. The flat has a total of 18 floors and this property is situated on 1st floor. An added advantage of this 1-5 years old flat is that it is available for immediate possession as the project is already ready to move. The well ...",Arham Real Estate Consultants,Dealer,,https://www.99acres.com/2-bhk-bedroom-apartment-flat-for-sale-in-matunga-east-mumbai-south-400-sqft-spid-L92199964,,14
S84133514,PROPERTY,"1 BHK Flat in Matunga East, Mumbai","1 BHK Flat in Matunga East, Mumbai",Jame Jamshed Road Good Chs,"Matunga East, Mumbai",₹2.25 Cr,"₹52,941 /sqft",425 sqft,(39 sqm),Carpet Area,1 BHK,1,Ready To Move,11th out of 20 Floors | Overlooking Main Road,,"The flat is facing the north-East direction. The flat is over 425 sq.Ft. Carpet area and comes with 1 bedroom(s), 1 bathroom . The residential building has 20 floors in total and the flat for sale is located on the 11th floor. This is a ready to move project and the property is 1-5 years old. The vitrified flooring of this flat is beautifully designed and helps to give it a pleasing look. The f...",Arham Real Estate Consultants,Dealer,,https://www.99acres.com/1-bhk-bedroom-apartment-flat-for-sale-in-matunga-east-mumbai-south-425-sqft-r5-spid-S84133514,,14
X89100161,PROPERTY,"2 BHK Flat in Matunga, Mumbai","2 BHK Flat in Matunga, Mumbai",Lodha Divino,"Matunga, Mumbai",₹3.6 Cr,"₹43,902 /sqft",820 sqft,(76 sqm),Carpet Area,2 BHK,2,Ready To Move,19th out of 38 Floors | Overlooking Main Road,,"The flat is west-Facing. Constructed on a carpet area of 820 sq.Ft., the flat comprises 2 bedroom(s), 2 bathrooms and 1 balcony. This flat is situated on the 19th floor of this 38 floors tall residential building. Being a ready to move project, you can expect immediate possession of this 0-1 year old property. The flat comes well built with marble flooring options. All the modern amenities such...",Easy To Move In,,,https://www.99acres.com/2-bhk-bedroom-apartment-flat-for-sale-in-lodha-divino-matunga-south-mumbai-820-sqft-spid-X89100161,,14
J89978422,PROPERTY,"1 BHK Flat in Matunga West, Mumbai","1 BHK Flat in Matunga West, Mumbai",chs apartment,"Matunga West, Mumbai",₹1.4 Cr,"₹46,666 /sqft",300 sqft,(28 sqm),Carpet Area,1 BHK,2,Ready To Move,2nd out of 3 Floors,,"Located in matunga west, this 300 sq.Ft. 1 bhk flat on the 2nd floor of a low-Rise building offers immediate availability. With 1 bedroom and 2 bathrooms, the 10+ year old, semi-Furnished apartment provides convenient access to nearby hospitals and banks, making it ideal for comfortable city living in mumbai south.",Owner,4mo ago,,https://www.99acres.com/1-bhk-bedroom-apartment-flat-for-sale-in-matunga-west-mumbai-south-300-sqft-spid-J89978422,,14
D67112138,PROPERTY,"2 BHK Flat in Matunga East, Mumbai","2 BHK Flat in Matunga East, Mumbai",On request,"Matunga East, Mumbai",₹3.75 Cr,"₹50,000 /sqft",750 sqft,(70 sqm),Carpet Area,2 BHK,2,Ready To Move,10th out of 12 Floors | North Facing,,"Looking for a 2 bhk property for sale in south mumbai? Buy this 2 bhk flat in on request that is situated in matunga east, south mumbai. This property faces the north direction. The flat is over 800 sq.Ft. Carpet area and comes with 2 bedroom(s), 2 bathrooms . The residential building has 12 floors in total and the flat for sale is located on the 7th floor. This 1-5 years old property is availa...",Matrix Realty Solutions,Dealer,,https://www.99acres.com/2-bhk-bedroom-apartment-flat-for-sale-in-matunga-east-mumbai-south-750-sqft-r9-spid-D67112138,,14
Q90434124,PROPERTY,"1 BHK Flat in Matunga, Mumbai","1 BHK Flat in Matunga, Mumbai",1 OSR,"Matunga, Mumbai",₹2.21 Cr,"₹50,227 /sqft",440 sqft,(41 sqm),Carpet Area,1 BHK,1,Ready To Move,2nd out of 22 Floors | Overlooking Park,,"Well-Maintained 1bhk semi-Furnished flat available for sale in the prime residential area of matunga. Smartly designed layout with good natural light and ventilation, ideal for comfortable living. Comes with basic furnishings like wardrobes, modular kitchen, and essential fittings. Located in a well-Connected locality close to railway station, schools, colleges, and daily conveniences. Perfect ...",Jugyah,Dealer,,https://www.99acres.com/1-bhk-bedroom-apartment-flat-for-sale-in-matunga-south-mumbai-440-sqft-spid-Q90434124,,14
H91293920,PROPERTY,"1 BHK Flat in Matunga West, Mumbai","1 BHK Flat in Matunga West, Mumbai",Lifescapes Mirage,"Matunga West, Mumbai",₹2.35 Cr,"₹58,750 /sqft",400 sqft,(37 sqm),Carpet Area,1 BHK,2,Ready To Move,16th out of 20 Floors | Open Side,,"The floor plan additionally contains 1 bedroom(s), 2 bathrooms . All in all, the flat is spread over a carpet area of 400 sq.Ft. The flat has a total of 20 floors and this property is situated on 16th floor. This 5-10 years old property is available for immediate possession as the project is ready to move. The beautifully designed vitrified flooring enhances the beauty of the flat. This flat is...",Owner,2mo ago,,https://www.99acres.com/1-bhk-bedroom-apartment-flat-for-sale-in-lifescapes-mirage-matunga-west-mumbai-south-400-sqft-spid-H91293920,,14
Y92458436,PROPERTY,"1 BHK Flat in Matunga West, Mumbai","1 BHK Flat in Matunga West, Mumbai",Laxmi Ratan,"Matunga West, Mumbai",₹1.35 Cr,"₹49,632 /sqft",272 sqft,(25 sqm),Built-up Area,1 BHK,1,Ready To Move,GF out of 1 Floors,,"Constructed on a built up area of 272 sq.Ft., the flat comprises 1 bedroom(s), 1 bathroom . The residential building has 1 floor in total and the flat for sale is located on the ground floor. An added advantage of this 0-1 year old flat is that it is available for immediate possession as the project is already ready to move.",Owner,2d ago,,https://www.99acres.com/1-bhk-bedroom-apartment-flat-for-sale-in-matunga-west-mumbai-south-272-sqft-r1-spid-Y92458436,,14
W67117618,PROPERTY,"2 BHK Flat in Matunga East, Mumbai","2 BHK Flat in Matunga East, Mumbai",On request,"Matunga East, Mumbai",₹3.8 Cr,"₹50,000 /sqft",760 sqft,(71 sqm),Carpet Area,2 BHK,2,Ready To Move,8th out of 19 Floors | East Facing,,"Situated in matunga east, south mumbai, on request is a well planned society that offers a pleasant living experience to its residents. This 2 bhk flat in south mumbai is your opportunity to be a part of this community. This is a east-Facing property. The flat occupies a carpet area of 760 sq.Ft. That consists of 2 bedrooms, 2 bathrooms . This flat lies on the 8th level of a 19 storey building....",Matrix Realty Solutions,Dealer,,https://www.99acres.com/2-bhk-bedroom-apartment-flat-for-sale-in-matunga-east-mumbai-south-760-sqft-r12-spid-W67117618,,14
X87800750,PROPERTY,"1 BHK Flat in Matunga West, Mumbai","1 BHK Flat in Matunga West, Mumbai","CHS, matunga west","Matunga West, Mumbai",₹1.4 Cr,"₹46,666 /sqft",300 sqft,(28 sqm),Carpet Area,1 BHK,2,Ready To Move,2nd out of 3 Floors | Overlooking Main Road,,"Spacious 1rk, 300 carpet with balconies, convertible into smart 1bhk, redevelopment potential. 1.40cr Close proximity to railway station, bus stops, metro station, temples, market, and hospitals. In a quiet lane at 1 minute, walk away from a well maintained garden. Parking space available in compound with added advantage of dead end lane for parking.",Owner,7mo ago,,https://www.99acres.com/1-bhk-bedroom-apartment-flat-for-sale-in-matunga-west-mumbai-south-300-sqft-spid-X87800750,,14
O80723399,PROPERTY,"2 BHK Flat in Matunga, Mumbai","2 BHK Flat in Matunga, Mumbai",Lodha Divino,"Matunga, Mumbai",₹3.69 Cr,"₹51,682 /sqft",713.97 sqft,(66 sqm),Carpet Area,2 BHK,2,Ready To Move,13th out of 38 Floors | 2 Covered Parking,,"Looking for a 2 bhk property for sale in mumbai south? Buy this 2 bhk flat in lodha divino that is situated in matunga, mumbai south. The flat is south-West-Facing. The floor plan additionally contains 2 bedroom(s), 2 bathrooms and 1 balcony. All in all, the flat is spread over a carpet area of 66 sq.M. The property is located on the 13th floor of a 38 floors tall building. This 1-5 years old p...",Novel Homes,Dealer,,https://www.99acres.com/2-bhk-bedroom-apartment-flat-for-sale-in-lodha-divino-matunga-south-mumbai-713-sqft-r3-spid-O80723399,,14
Z91220814,PROPERTY,"1 BHK Flat in Matunga, Mumbai","1 BHK Flat in Matunga, Mumbai",Happy Home Kalpavruksh Residency,"Matunga, Mumbai",₹1.48 Cr,"₹46,540 /sqft",318 sqft,(30 sqm),Carpet Area,1 BHK,1,Ready To Move,1st out of 8 Floors | 1 Covered Parking,,"Located in matungas happy home kalpavruksh residency, this 1 bhk flat offers 318 sq ft of semi-Furnished living space on the 1st floor of an 8-Story mid-Rise building. Over 10 years old, the apartment is available immediately and features a modular kitchen, parking access, and proximity to markets and hospitals for added convenience.",Owner,2mo ago,,https://www.99acres.com/1-bhk-bedroom-apartment-flat-for-sale-in-happy-home-kalpavruksh-residency-matunga-south-mumbai-318-sqft-spid-Z91220814,,14
X92182284,PROPERTY,"2 BHK Flat in Matunga East, Mumbai","2 BHK Flat in Matunga East, Mumbai",Hubtown Harmony,"Matunga East, Mumbai",₹1.8 Cr,"₹42,442 /sqft",424.1 sqft,(39 sqm),Carpet Area,2 BHK,2,Ready To Move,1st out of 17 Floors | Overlooking Main Road,,"This residential flat is east-Facing direction. Containing 2 bedroom(s), 2 bathrooms and 3 balconies, this flat is spread over a carpet area of 39 sq.M. This flat is situated on the 1st floor of this 17 floors tall residential building. This is a ready to move project and the property is 0-1 year old. All the modern amenities such as gymnasium, club house, lift(s), visitor parking, maintenance ...",Om Properties,Dealer,,https://www.99acres.com/2-bhk-bedroom-apartment-flat-for-sale-in-hubtown-harmony-matunga-east-mumbai-south-424-sqft-spid-X92182284,,14
C78031317,PROPERTY,"2 BHK Flat in Matunga West, Mumbai","2 BHK Flat in Matunga West, Mumbai",Jivan Prakash 89 Buildcon,"Matunga West, Mumbai",₹3.85 Cr,"₹49,741 /sqft",774 sqft,(72 sqm),Carpet Area,2 BHK,2,Ready To Move,16th out of 21 Floors | East Facing,,"This 2 bhk flat is located in jivan prakash 89 buildcon, which houses some of the most spacious flats in matunga west, mumbai south. This property faces the east direction. Containing 2 bedroom(s), 2 bathrooms , this flat is spread over a carpet area of 774 sq.Ft. This flat is situated on the 16th floor of this 21 floors tall residential building. An added advantage of this 0-1 year old flat is...",Mani solanki,Dealer,,https://www.99acres.com/2-bhk-bedroom-apartment-flat-for-sale-in-jivan-prakash-89-buildcon-matunga-west-mumbai-south-774-sqft-r5-spid-C78031317,,14
D86889410,PROPERTY,"2 BHK Flat in Matunga West, Mumbai","2 BHK Flat in Matunga West, Mumbai",Ruparel Iris,"Matunga West, Mumbai",₹3.75 Cr,"₹31,250 /sqft","1,200 sqft",(111 sqm),Super Built-up Area,2 BHK,2,Ready To Move,30th out of 40 Floors | Overlooking Main Road,,"This 2 bhk apartment is available for sale in ruparel iris, one of the most prominent projects for flats in matunga west, mumbai south. The flat is east-Facing. Constructed on a super built up area of 1200 sq.Ft., the flat comprises 2 bedroom(s), 2 bathrooms and 1 balcony. The property is located on the 30th floor of a 40 floors tall building. Being a ready to move project, you can expect immed...",FIVE PILLARS,Dealer,,https://www.99acres.com/2-bhk-bedroom-apartment-flat-for-sale-in-ruparel-iris-matunga-west-mumbai-south-1200-sqft-r1-spid-D86889410,,14
P92075768,PROPERTY,"1 BHK Flat in Matunga, Mumbai","1 BHK Flat in Matunga, Mumbai",Heritage Heights,"Matunga, Mumbai",₹1.85 Cr,"₹41,111 /sqft",450 sqft,(42 sqm),Carpet Area,1 BHK,2,Ready To Move,7th out of 21 Floors | Overlooking Main Road,,"The floor plan additionally contains 1 bedroom(s), 2 bathrooms and 1 balcony. All in all, the flat is spread over a carpet area of 450 sq.Ft. The flat has a total of 21 floors and this property is situated on 7th floor. This 1-5 years old property is available for immediate possession as the project is ready to move. The beautifully designed marble flooring enhances the beauty of the flat. This...",Owner,1mo ago,,https://www.99acres.com/1-bhk-bedroom-apartment-flat-for-sale-in-heritage-heights-matunga-south-mumbai-450-sqft-spid-P92075768,,15
E67111434,PROPERTY,"2 BHK Flat in Matunga East, Mumbai","2 BHK Flat in Matunga East, Mumbai",ON REQUEST,"Matunga East, Mumbai",₹3.75 Cr,"₹46,875 /sqft",800 sqft,(74 sqm),Carpet Area,2 BHK,2,Ready To Move,3rd out of 18 Floors | Overlooking Park,,"This beautiful 2 bhk flat in matunga east, south mumbai is situated in on request, one of the popular residential society in south mumbai. This residential flat is east-Facing direction. The floor plan additionally contains 2 bedroom(s), 2 bathrooms . All in all, the flat is spread over a carpet area of 800 sq.Ft. The flat has a total of 18 floors and this property is situated on 2nd floor. An ...",Matrix Realty Solutions,Dealer,,https://www.99acres.com/2-bhk-bedroom-apartment-flat-for-sale-in-matunga-east-mumbai-south-800-sqft-r10-spid-E67111434,,15
S89330799,PROPERTY,"2 BHK Flat in Matunga West, Mumbai","2 BHK Flat in Matunga West, Mumbai",The Aangan,"Matunga West, Mumbai",₹3.9 Cr,"₹58,035 /sqft",672 sqft,(62 sqm),Carpet Area,2 BHK,2,Ready To Move,27th out of 30 Floors,,"This property faces the west direction. Constructed on a carpet area of 672 sq.Ft., the flat comprises 2 bedroom(s), 2 bathrooms . This flat lies on the 27th level of a 30 storey building. An added advantage of this 0-1 year old flat is that it is available for immediate possession as the project is already ready to move. Another plus point for this is that it is situated near close to metro st...",Resipro,Dealer,,https://www.99acres.com/2-bhk-bedroom-apartment-flat-for-sale-in-matunga-west-mumbai-south-672-sqft-spid-S89330799,,15
C89929608,PROPERTY,"2 BHK Flat in Matunga, Mumbai","2 BHK Flat in Matunga, Mumbai",mandhana manor cooperative housing society,"Matunga, Mumbai",₹4.25 Cr,"₹38,636 /sqft","1,100 sqft",(102 sqm),Super Built-up Area,2 BHK,2,Ready To Move,6th out of 6 Floors,,"We are the proud owners of this 2 bhk apartment available in mandhana manor cooperative housing society, matunga, mumbai south. This it is a and the unit is located on 6th floor and has a super built-Up area of 1100 sq.Ft. . It has 2 bathroom(s). The ownership is freehold type.",Owner,4mo ago,,https://www.99acres.com/2-bhk-bedroom-apartment-flat-for-sale-in-matunga-south-mumbai-1100-sqft-spid-C89929608,,15
B89333119,PROPERTY,"2 BHK Flat in Matunga West, Mumbai","2 BHK Flat in Matunga West, Mumbai",The Aangan,"Matunga West, Mumbai",₹4.25 Cr,"₹58,219 /sqft",730 sqft,(68 sqm),Carpet Area,2 BHK,2,Ready To Move,28th out of 30 Floors | Overlooking Park,,"This property faces the west direction. The floor plan additionally contains 2 bedroom(s), 2 bathrooms . All in all, the flat is spread over a carpet area of 730 sq.Ft. The residential building has 30 floors in total and the flat for sale is located on the 28th floor. This 0-1 year old property is available for immediate possession as the project is ready to move. Proximity to landmarks like cl...",Resipro,Dealer,,https://www.99acres.com/2-bhk-bedroom-apartment-flat-for-sale-in-matunga-west-mumbai-south-730-sqft-spid-B89333119,,15
I89438346,PROPERTY,"1 BHK Flat in Matunga West, Mumbai","1 BHK Flat in Matunga West, Mumbai",Shreeji Villa,"Matunga West, Mumbai",₹1.99 Cr,"₹48,536 /sqft",410 sqft,(38 sqm),Carpet Area,1 BHK,1,Ready To Move,27th out of 27 Floors | East Facing,,"Premium view 1 bhk | 27th floor | fully furnished | east-West facing Beautifully maintained 1 bhk apartment (410 sq.Ft usable carpet) located on the 27th floor, offering breathtaking panoramic views of atal setu and bandra-Worli sea link. The flat is east-West facing, ensuring excellent natural light, ventilation, and stunning sunrise & sunset views. The apartment is fully furnished and tastefu...",Owner,5mo ago,,https://www.99acres.com/1-bhk-bedroom-apartment-flat-for-sale-in-shreeji-villa-matunga-west-mumbai-south-410-sqft-spid-I89438346,,15
X80010897,PROPERTY,"2 BHK Flat in Matunga, Mumbai","2 BHK Flat in Matunga, Mumbai",Sugee Paavan,"Matunga, Mumbai",₹4.1 Cr,"₹57,422 /sqft",714 sqft,(66 sqm),Carpet Area,2 BHK,2,Ready To Move,14th out of 17 Floors | North-East Facing,,"This lovely 2 bhk apartment/flat in matunga is available for sale in one of mumbai south's most popular projects, sugee paavan. The flat is north-East-Facing. The floor plan additionally contains 2 bedroom(s), 2 bathrooms . All in all, the flat is spread over a carpet area of 714 sq.Ft. The property is located on the 14th floor of a 17 floors tall building. As the project is already ready to mo...",Matrix Realty Solutions,Dealer,,https://www.99acres.com/2-bhk-bedroom-apartment-flat-for-sale-in-sugee-paavan-matunga-south-mumbai-714-sqft-r7-spid-X80010897,,15
U90568078,PROPERTY,"1 BHK Flat in Matunga West, Mumbai","1 BHK Flat in Matunga West, Mumbai",skyvista,"Matunga West, Mumbai",₹2 Cr,"₹45,558 /sqft",439 sqft,(41 sqm),Carpet Area,1 BHK,1,Under Construction,10th out of 17 Floors | 1 Covered Parking,,"Located in skyvista, matunga west, this under-Construction 1 bhk flat spans 439 sq.Ft. On the 10th floor of a 17-Story high-Rise. Available by late 2027, the residential apartment features a functional layout with 1 bedroom and 1 bathroom. Residents benefit from proximity to religious sites, banks, and multiple healthcare facilities in mumbai south.",Owner,3mo ago,,https://www.99acres.com/1-bhk-bedroom-apartment-flat-for-sale-in-matunga-west-mumbai-south-439-sqft-spid-U90568078,,15
B87907306,PROPERTY,"2 BHK Flat in Matunga East, Mumbai","2 BHK Flat in Matunga East, Mumbai",N/A,"Matunga East, Mumbai",₹4.5 Cr,"₹37,500 /sqft","1,200 sqft",(111 sqm),Built-up Area,2 BHK,2,Ready To Move,GF out of 1 Floors | Furnished,,"Situated in matunga east, mumbai south, n/a is a well planned society that offers a pleasant living experience to its residents. This 2 bhk flat in mumbai south is your opportunity to be a part of this community. The flat is over 1200 sq.Ft. Built up area and comes with 2 bedroom(s), 2 bathrooms . This flat lies on the ground level of a 1 storey building. An added advantage of this 0-1 year old...",Owner,7mo ago,,https://www.99acres.com/2-bhk-bedroom-apartment-flat-for-sale-in-matunga-east-mumbai-south-1200-sqft-spid-B87907306,,15
H91829462,PROPERTY,"1 BHK Flat in Matunga, Mumbai","1 BHK Flat in Matunga, Mumbai",Rajasthan Surya Square,"Matunga, Mumbai",₹1.8 Cr,"₹42,755 /sqft",421 sqft,(39 sqm),Carpet Area,1 BHK,1,Ready To Move,11th out of 21 Floors | Overlooking Main Road,,"Standalone building ,open to sky garden ,opp.Ram mandir,close to dadar station,",D A Ventures,Dealer,,https://www.99acres.com/1-bhk-bedroom-apartment-flat-for-sale-in-rajasthan-surya-square-matunga-south-mumbai-421-sqft-spid-H91829462,,15
F91991080,PROPERTY,"2 BHK Flat in Matunga, Mumbai","2 BHK Flat in Matunga, Mumbai",Rigved Windsong,"Matunga, Mumbai",₹4.5 Cr,"₹61,299 /sqft",734.1 sqft,(68 sqm),Carpet Area,2 BHK,2,Ready To Move,11th out of 20 Floors | Overlooking Park,,"The flat is east-Facing. Constructed on a carpet area of 68 sq.M., the flat comprises 2 bedroom(s), 2 bathrooms and more than 3 balconies. This flat is situated on the 11th floor of this 20 floors tall residential building. This 0-1 year old property is available for immediate possession as the project is ready to move. The ceramic flooring of this flat is beautifully designed and helps to give...",Om Properties,Dealer,,https://www.99acres.com/2-bhk-bedroom-apartment-flat-for-sale-in-rigved-windsong-matunga-south-mumbai-734-sqft-spid-F91991080,,15
V90261674,PROPERTY,"2 BHK Flat in Matunga East, Mumbai","2 BHK Flat in Matunga East, Mumbai",Eveready Balaji Sharan,"Matunga East, Mumbai",₹4.15 Cr,"₹48,996 /sqft",847 sqft,(79 sqm),Built-up Area,2 BHK,2,Ready To Move,GF out of 1 Floors,,"Constructed on a built up area of 847 sq.Ft., the flat comprises 1 bedroom(s), 1 bathroom . The residential building has 1 floor in total and the flat for sale is located on the ground floor. An added advantage of this 0-1 year old flat is that it is available for immediate possession as the project is already ready to move.",Owner,4mo ago,,https://www.99acres.com/2-bhk-bedroom-apartment-flat-for-sale-in-matunga-east-mumbai-south-847-sqft-spid-V90261674,,15
O90427688,PROPERTY,"Residential land / Plot in Matunga West, Mumbai","Residential land / Plot in Matunga West, Mumbai","Matunga West, Mumbai, Mumbai South","Matunga West, Mumbai",₹27 Cr,₹1.89 L /sqm,"1,425 sqm","(15,338 sqft)",Plot Area,Plot/Land,,Under Construction,Gated Society | On 60 ft Wide Road,,Landlord is selling title (Conveyance). It's a cessed property. All tenants are ready for redevelopment. Surrounding residencial price is 45000/- Apx.,HSM Realty,Dealer,,https://www.99acres.com/residential-land-plot-for-sale-in-matunga-west-mumbai-south-1704-sqyd-spid-O90427688,,15
T67111658,PROPERTY,"2 BHK Flat in Matunga East, Mumbai","2 BHK Flat in Matunga East, Mumbai",On request,"Matunga East, Mumbai",₹4 Cr,"₹50,000 /sqft",800 sqft,(74 sqm),Carpet Area,2 BHK,2,Ready To Move,5th out of 18 Floors | North Facing,,"This beautiful 2 bhk flat in matunga east, south mumbai is situated in on request, one of the popular residential society in south mumbai. This residential flat is north-Facing direction. The flat occupies a carpet area of 800 sq.Ft. That consists of 2 bedrooms, 2 bathrooms . The property is located on the 5th floor of a 18 floors tall building. Being a ready to move project, you can expect imm...",Matrix Realty Solutions,Dealer,,https://www.99acres.com/2-bhk-bedroom-apartment-flat-for-sale-in-matunga-east-mumbai-south-800-sqft-r10-spid-T67111658,,15
N88091326,PROPERTY,"2 BHK Flat in Matunga East, Mumbai","2 BHK Flat in Matunga East, Mumbai",Raghdev Bhuvan,"Matunga East, Mumbai",₹4.85 Cr,"₹62,580 /sqft",775 sqft,(72 sqm),Carpet Area,2 BHK,2,Ready To Move,10th out of 18 Floors | North-East Facing,,"Raghdev bhuvan is one of mumbai south's most sought after destination for apartments and this 2 bhk flat in matunga east is your opportunity to be a part of this community. This property faces the north-East direction. The floor plan additionally contains 2 bedroom(s), 2 bathrooms . All in all, the flat is spread over a carpet area of 775 sq.Ft. The property is located on the 10th floor of a 18...",Matrix Realty Solutions,Dealer,,https://www.99acres.com/2-bhk-bedroom-apartment-flat-for-sale-in-raghdev-bhuvan-matunga-east-mumbai-south-775-sqft-r3-spid-N88091326,,15
T90285318,PROPERTY,"2 BHK Flat in Mahalaxmi Sindhi Colony, Matunga, Mumbai","2 BHK Flat in Mahalaxmi Sindhi Colony, Matunga, Mumbai",Wadhwa Pristine,"Mahalaxmi Sindhi Colony, Matunga, Mumbai",₹4.9 Cr,"₹64,388 /sqft",761 sqft,(71 sqm),Carpet Area,2 BHK,2,Ready To Move,1st out of 44 Floors | 1 Covered Parking,,"The floor plan additionally contains 2 bedroom(s), 2 bathrooms . All in all, the flat is spread over a carpet area of 761 sq.Ft. The residential building has 44 floors in total and the flat for sale is located on the 1st floor. An added advantage of this 1-5 years old flat is that it is available for immediate possession as the project is already ready to move. Many of the modern amenities bein...",Sonal Gupta,Dealer,,https://www.99acres.com/2-bhk-bedroom-apartment-flat-for-sale-in-wadhwa-pristine-mahalaxmi-sindhi-colony-mumbai-south-761-sqft-r1-spid-T90285318,,15
P93274206,PROPERTY,"2 BHK Flat in Matunga East, Mumbai","2 BHK Flat in Matunga East, Mumbai",Alliance Legacy,"Matunga East, Mumbai",₹3.99 Cr,"₹45,809 /sqft",871 sqft,(81 sqm),Super Built-up Area,2 BHK,2,Ready To Move,17th out of 45 Floors | Overlooking Park,,"This property faces the south-West direction. The flat is over 871 sq.Ft. Super built up area and comes with 2 bedroom(s), 2 bathrooms and 1 balcony. The property is located on the 17th floor of a 45 floors tall building. This residential property is still under construction and will be available for possession immediately. All the modern amenities such as gymnasium will make life easier for you.",Novel Homes,Dealer,,https://www.99acres.com/2-bhk-bedroom-apartment-flat-for-sale-in-alliance-legacy-matunga-east-mumbai-south-871-sqft-spid-P93274206,,15
L92150756,PROPERTY,"2 BHK Flat in Matunga, Mumbai","2 BHK Flat in Matunga, Mumbai",Lodha Divino,"Matunga, Mumbai",₹3.95 Cr,"₹48,170 /sqft",820 sqft,(76 sqm),Carpet Area,2 BHK,2,Ready To Move,35th out of 38 Floors | Overlooking Club House,,"This property faces the east direction. Containing 2 bedroom(s), 2 bathrooms and 1 balcony, this flat is spread over a carpet area of 820 sq.Ft. The flat has a total of 38 floors and this property is situated on 35th floor. Being a ready to move project, you can expect immediate possession of this 0-1 year old property. The floor of this flat is beautifully designed using vitrified flooring, gi...",Xtreme Properties,Dealer,,https://www.99acres.com/2-bhk-bedroom-apartment-flat-for-sale-in-lodha-divino-matunga-south-mumbai-820-sqft-spid-L92150756,,15
K68456362,PROPERTY,"2 BHK Flat in Matunga East, Mumbai","2 BHK Flat in Matunga East, Mumbai",On request,"Matunga East, Mumbai",₹4.25 Cr,"₹50,000 /sqft",850 sqft,(79 sqm),Carpet Area,2 BHK,2,Ready To Move,6th out of 9 Floors | Overlooking Main Road,,"On request is one of the most popular destination for buying apartments/ flats in matunga east, south mumbai. You too can be a part of this society by purchasing this 2 bhk flat here. The flat is north-East-Facing. The flat is over 900 sq.Ft. Carpet area and comes with 2 bedroom(s), 2 bathrooms . The flat has a total of 9 floors and this property is situated on 3rd floor. Being a ready to move ...",Matrix Realty Solutions,Dealer,,https://www.99acres.com/2-bhk-bedroom-apartment-flat-for-sale-in-matunga-east-mumbai-south-850-sqft-r10-spid-K68456362,,15
V67116014,PROPERTY,"2 BHK Flat in Matunga East, Mumbai","2 BHK Flat in Matunga East, Mumbai",On request,"Matunga East, Mumbai",₹4.25 Cr,"₹48,022 /sqft",885 sqft,(82 sqm),Carpet Area,2 BHK,2,Ready To Move,15th out of 21 Floors | North-East Facing,,"Looking for a 2 bhk property for sale in south mumbai? Buy this 2 bhk flat in on request that is situated in matunga east, south mumbai. The flat is north-East-Facing. The flat is over 885 sq.Ft. Carpet area and comes with 2 bedroom(s), 2 bathrooms . The property is located on the 15th floor of a 21 floors tall building. An added advantage of this 0-1 year old flat is that it is available for i...",Matrix Realty Solutions,Dealer,,https://www.99acres.com/2-bhk-bedroom-apartment-flat-for-sale-in-matunga-east-mumbai-south-885-sqft-r10-spid-V67116014,,15
R79191829,PROPERTY,"3 BHK Flat in Matunga, Mumbai","3 BHK Flat in Matunga, Mumbai",Satra Mahavir Ville,"Matunga, Mumbai",₹4 Cr,"₹47,058 /sqft",850 sqft,(79 sqm),Carpet Area,3 BHK,2,Ready To Move,20th out of 22 Floors | Overlooking Park,,"Ready to move-In fully furnished home Prime & centrally located Wide living room very spacious, 2 master bedroom with 2 washrooms 1 kitchen fully furnished 1 spacious kids room/study room/prayer room, you can convert part of living room into additional bedroom with wash room for adults i.E. Total 3 bhk with 3 washrooms house, Premium interior done, fully furnished Building is just 1 year old. J...",Owner,3mo ago,,https://www.99acres.com/3-bhk-bedroom-apartment-flat-for-sale-in-satra-mahavir-ville-matunga-south-mumbai-850-sqft-r1-spid-R79191829,,15
H82294948,PROPERTY,"3 BHK Flat in Matunga East, Mumbai","3 BHK Flat in Matunga East, Mumbai",On request,"Matunga East, Mumbai",₹5.5 Cr,"₹49,415 /sqft","1,113 sqft",(103 sqm),Carpet Area,3 BHK,3,Ready To Move,8th out of 10 Floors | Overlooking Main Road,,"Located in the popular residential address of matunga east, mumbai south, on request is one of the most preferred destination for apartments in mumbai south. This 3 bhk flat is your ticket to be a part of this community. This property faces the north-East direction. Containing 3 bedroom(s), 3 bathrooms , this flat is spread over a carpet area of 1113 sq.Ft. The flat has a total of 10 floors and...",Matrix Realty Solutions,Dealer,,https://www.99acres.com/3-bhk-bedroom-apartment-flat-for-sale-in-matunga-east-mumbai-south-1113-sqft-r6-spid-H82294948,,15
C92533080,PROPERTY,"3 BHK Flat in Matunga East, Mumbai","3 BHK Flat in Matunga East, Mumbai",her,"Matunga East, Mumbai",₹4.71 Cr,"₹42,818 /sqft","1,100 sqft",(102 sqm),Carpet Area,3 BHK,3,Ready To Move,10th out of 19 Floors | Overlooking Main Road,,Spacious flat rtmi within the reach to market school college temple railway station highway garden etc.....,The Lotus Estate,Dealer,,https://www.99acres.com/3-bhk-bedroom-apartment-flat-for-sale-in-matunga-east-mumbai-south-1100-sqft-spid-C92533080,,15
F86510260,PROPERTY,"3 BHK Flat in Matunga West, Mumbai","3 BHK Flat in Matunga West, Mumbai",Jivan Prakash 89 Buildcon,"Matunga West, Mumbai",₹4.53 Cr,"₹47,500 /sqft",954 sqft,(89 sqm),Carpet Area,3 BHK,3,Ready To Move,14th out of 21 Floors | Overlooking Park,,"Jivan prakash 89 buildcon is one of mumbai south's most sought after destination for apartments and this 3 bhk flat in matunga west is your opportunity to be a part of this community. Constructed on a carpet area of 954 sq.Ft., the flat comprises 3 bedroom(s), 3 bathrooms . The property is located on the 14th floor of a 21 floors tall building. Being a ready to move project, you can expect imme...",Winning paths,,,https://www.99acres.com/3-bhk-bedroom-apartment-flat-for-sale-in-jivan-prakash-89-buildcon-matunga-west-mumbai-south-954-sqft-r2-spid-F86510260,,15
T85833160,PROPERTY,"3 BHK Flat in Matunga West, Mumbai","3 BHK Flat in Matunga West, Mumbai",Jivan Prakash 89 Buildcon,"Matunga West, Mumbai",₹5.85 Cr,"₹53,768 /sqft","1,088 sqft",(101 sqm),Carpet Area,3 BHK,3,Ready To Move,16th out of 21 Floors | 1 Covered Parking,,"Check out this 3 bhk apartment for sale in jivan prakash 89 buildcon, a popular residential project that houses in-Demand flats in matunga west, mumbai south. The flat is over 1088 sq.Ft. Carpet area and comes with 3 bedroom(s), 3 bathrooms . This flat is situated on the 16th floor of this 21 floors tall residential building. This is a ready to move project and the property is 0-1 year old. Jiv...",Mani solanki,Dealer,,https://www.99acres.com/3-bhk-bedroom-apartment-flat-for-sale-in-jivan-prakash-89-buildcon-matunga-west-mumbai-south-1088-sqft-r2-spid-T85833160,,15
Z81175567,PROPERTY,"2 BHK Flat in Matunga East, Mumbai","2 BHK Flat in Matunga East, Mumbai",Happy Home Pranav Residency,"Matunga East, Mumbai",₹4.7 Cr,"₹52,808 /sqft",890 sqft,(83 sqm),Carpet Area,2 BHK,2,Ready To Move,2nd out of 9 Floors | North-East Facing,,"This lovely 2 bhk apartment/flat in matunga east is available for sale in one of mumbai south's most popular projects, happy home pranav residency. This residential flat is north-East-Facing direction. Containing 2 bedroom(s), 2 bathrooms , this flat is spread over a carpet area of 890 sq.Ft. This flat lies on the 2nd level of a 9 storey building. As the project is already ready to move, so you...",Matrix Realty Solutions,Dealer,,https://www.99acres.com/2-bhk-bedroom-apartment-flat-for-sale-in-happy-home-pranav-residency-matunga-east-mumbai-south-890-sqft-r7-spid-Z81175567,,16
U93274022,PROPERTY,"2 BHK Flat in Matunga West, Mumbai","2 BHK Flat in Matunga West, Mumbai",Ruparel Iris,"Matunga West, Mumbai",₹4.99 Cr,"₹72,318 /sqft",690 sqft,(111 sqm),Carpet Area,2 BHK,2,Ready To Move,10th out of 40 Floors | Overlooking Park,,"This residential flat is south-West-Facing direction. The floor plan additionally contains 2 bedroom(s), 2 bathrooms and 1 balcony. All in all, the flat is spread over a super built up area of 1200 sq.Ft. The property is located on the 10th floor of a 40 floors tall building. This residential property is still under construction and will be available for possession immediately. Ruparel iris is ...",Novel Homes,Dealer,,https://www.99acres.com/2-bhk-bedroom-apartment-flat-for-sale-in-ruparel-iris-matunga-west-mumbai-south-1200-sqft-spid-U93274022,,16
U90606386,PROPERTY,"3 BHK Flat in Matunga East, Mumbai","3 BHK Flat in Matunga East, Mumbai",Amrut Dhara Heights,"Matunga East, Mumbai",₹5.75 Cr,"₹52,272 /sqft","1,100 sqft",(102 sqm),Carpet Area,3 BHK,3,Ready To Move,4th out of 10 Floors | Overlooking Main Road,,"Located in amrut dhara heights, matunga east, this 1100 sq.Ft. 3 bhk flat on the 4th floor of a mid-Rise building offers immediate availability. The 10+ year old apartment features three bedrooms and bathrooms, and comes unfurnished. Enjoy proximity to gandhi market, jashem eye institute, and other key local amenities.",Owner,3mo ago,,https://www.99acres.com/3-bhk-bedroom-apartment-flat-for-sale-in-amrut-dhara-heights-matunga-east-mumbai-south-1100-sqft-spid-U90606386,,16
G90714348,PROPERTY,"1 BHK Flat in Matunga East, Mumbai","1 BHK Flat in Matunga East, Mumbai",N/A,"Matunga East, Mumbai",₹5.75 Cr,"₹44,230 /sqft","1,300 sqft",(121 sqm),Built-up Area,1 BHK,1,Ready To Move,GF out of 1 Floors,,"The floor plan additionally contains 1 bedroom(s), 1 bathroom . All in all, the flat is spread over a built up area of 1300 sq.Ft. The residential building has 1 floor in total and the flat for sale is located on the ground floor. Being a ready to move project, you can expect immediate possession of this 0-1 year old property.",Owner,3mo ago,,https://www.99acres.com/1-bhk-bedroom-apartment-flat-for-sale-in-matunga-east-mumbai-south-1300-sqft-spid-G90714348,,16
S85826584,PROPERTY,"2 BHK Flat in Matunga, Mumbai","2 BHK Flat in Matunga, Mumbai",Nandivardhan Parkway,"Matunga, Mumbai",₹4.85 Cr,"₹59,509 /sqft",815 sqft,(76 sqm),Carpet Area,2 BHK,2,Ready To Move,15th out of 22 Floors,,"This lovely 2 bhk apartment/flat in matunga is available for sale in one of mumbai south's most popular projects, nandivardhan parkway. This is a east-Facing property. The floor plan additionally contains 2 bedroom(s), 2 bathrooms and 1 balcony. All in all, the flat is spread over a carpet area of 815 sq.Ft. This flat lies on the 15th level of a 22 storey building. As the project is already rea...",Mani solanki,Dealer,,https://www.99acres.com/2-bhk-bedroom-apartment-flat-for-sale-in-nandivardhan-parkway-matunga-south-mumbai-815-sqft-r2-spid-S85826584,,16
M93165036,PROPERTY,"4 BHK Flat in Matunga East, Mumbai","4 BHK Flat in Matunga East, Mumbai",ont,"Matunga East, Mumbai",₹7.51 Cr,"₹41,722 /sqft","1,800 sqft",(167 sqm),Carpet Area,4 BHK,4,Ready To Move,7th out of 15 Floors | Overlooking Park,,Very spacious flat n rare to find with nnice n peaceful surrounding n open view within the reach to market school college temple railway station highway garden etc.....,The Lotus Estate,Dealer,,https://www.99acres.com/4-bhk-bedroom-apartment-flat-for-sale-in-matunga-east-mumbai-south-1800-sqft-spid-M93165036,,16
L92501766,PROPERTY,"4 BHK Flat in Matunga, Mumbai","4 BHK Flat in Matunga, Mumbai",Lodha Divino,"Matunga, Mumbai",₹7.87 Cr,"₹46,845 /sqft","1,680 sqft",(156 sqm),Carpet Area,4 BHK,4,Under Construction,7th out of 37 Floors | Overlooking Park,,"Explore this elegant 4 bhk residence in matunga east, available for sale at 7.87 cr++. The flat occupies a carpet area of 1680 sq.Ft. That consists of 4 bedrooms, 4 bathrooms and 1 balcony. The property is located on the 7th floor of a 37 floors tall building and comes with 3 car arks. The flat is currently under construction stage and you can expect to get the possession of the property within...",Highrise Estates,Dealer,,https://www.99acres.com/4-bhk-bedroom-apartment-flat-for-sale-in-lodha-divino-matunga-south-mumbai-1680-sqft-spid-L92501766,,16
U93054110,PROPERTY,"3 BHK Flat in Matunga, Mumbai","3 BHK Flat in Matunga, Mumbai",Supreme Melange,"Matunga, Mumbai",₹6.15 Cr,"₹36,826 /sqft","1,670 sqft",(155 sqm),Super Built-up Area,3 BHK,3,Ready To Move,9th out of 19 Floors | Overlooking Main Road,,"3bhk brand new apartment available for sale at new residential building called as supreme melange located at dadar east. This is stand alone residential tower soaring 19 floors having an amazing amenities such as swimming pool , gymnasium , yoga room etc , there is 1 dedicated car parking space , ready to move",Veda Realty,Dealer,,https://www.99acres.com/3-bhk-bedroom-apartment-flat-for-sale-in-supreme-melange-matunga-south-mumbai-1670-sqft-spid-U93054110,,16
I93273766,PROPERTY,"3 BHK Flat in Matunga West, Mumbai","3 BHK Flat in Matunga West, Mumbai",Tridhaatu Kshitij,"Matunga West, Mumbai",₹6.66 Cr,"₹60,108 /sqft","1,108 sqft",(103 sqm),Carpet Area,3 BHK,3,Ready To Move,11th out of 33 Floors | Overlooking Park,,"The flat is south-West-Facing. Constructed on a carpet area of 1108 sq.Ft., the flat comprises 3 bedroom(s), 3 bathrooms and 2 balconies. The property is located on the 11th floor of a 33 floors tall building. This residential property is still under construction and will be available for possession immediately. The society is well equipped with many modern amenities, including gymnasium, park,...",Novel Homes,Dealer,,https://www.99acres.com/3-bhk-bedroom-apartment-flat-for-sale-in-tridhaatu-kshitij-matunga-west-mumbai-south-1108-sqft-spid-I93273766,,16
H82614086,PROPERTY,"3 BHK Flat in Matunga East, Mumbai","3 BHK Flat in Matunga East, Mumbai",bhaudaji road Good Chs,"Matunga East, Mumbai",₹6.1 Cr,"₹42,068 /sqft","1,450 sqft",(135 sqm),Carpet Area,3 BHK,3,Ready To Move,12th out of 20 Floors | Overlooking Main Road,,"The flat is facing the north-East direction. The floor plan additionally contains 3 bedroom(s), 3 bathrooms . All in all, the flat is spread over a carpet area of 1450 sq.Ft. This flat is situated on the 12th floor of this 20 floors tall residential building. Being a ready to move project, you can expect immediate possession of this 1-5 years old property. The floor of this flat is beautifully ...",Arham Real Estate Consultants,Dealer,,https://www.99acres.com/3-bhk-bedroom-apartment-flat-for-sale-in-matunga-east-mumbai-south-1450-sqft-r3-spid-H82614086,,16
C67154306,PROPERTY,"4 BHK Flat in Matunga East, Mumbai","4 BHK Flat in Matunga East, Mumbai",On request,"Matunga East, Mumbai",₹7.5 Cr,"₹42,134 /sqft","1,780 sqft",(165 sqm),Carpet Area,4 BHK,4,Ready To Move,2nd out of 7 Floors | Overlooking Park,,"Check out this 3 bhk apartment for sale in on request, a popular residential project that houses in-Demand flats in matunga east, south mumbai. This residential flat is north-East-Facing direction. The flat occupies a carpet area of 1600 sq.Ft. That consists of 3 bedrooms, 3 bathrooms . This flat is situated on the 5th floor of this 7 floors tall residential building. As the project is already ...",Matrix Realty Solutions,Dealer,,https://www.99acres.com/4-bhk-bedroom-apartment-flat-for-sale-in-matunga-east-mumbai-south-1780-sqft-r12-spid-C67154306,,16
P84872612,PROPERTY,"3 BHK Flat in Matunga, Mumbai","3 BHK Flat in Matunga, Mumbai",Praman Splendour,"Matunga, Mumbai",₹7.75 Cr,"₹64,583 /sqft","1,200 sqft",(111 sqm),Carpet Area,3 BHK,3,Ready To Move,12th out of 18 Floors | North-East Facing,,"Looking for a 3 bhk property for sale in mumbai south? Buy this 3 bhk flat in praman splendour that is situated in matunga, mumbai south. The flat is facing the north-East direction. The flat occupies a carpet area of 1150 sq.Ft. That consists of 3 bedrooms, 3 bathrooms . This flat is situated on the 15th floor of this 18 floors tall residential building. This 5-10 years old property is availab...",Matrix Realty Solutions,Dealer,,https://www.99acres.com/3-bhk-bedroom-apartment-flat-for-sale-in-praman-splendour-matunga-south-mumbai-1200-sqft-r5-spid-P84872612,,16
M82294152,PROPERTY,"3 BHK Flat in Matunga East, Mumbai","3 BHK Flat in Matunga East, Mumbai",On request,"Matunga East, Mumbai",₹7.75 Cr,"₹64,583 /sqft","1,200 sqft",(111 sqm),Carpet Area,3 BHK,3,Ready To Move,11th out of 18 Floors | North-East Facing,,"The flat is facing the north-East direction. Containing 3 bedroom(s), 3 bathrooms , this flat is spread over a carpet area of 1200 sq.Ft. The property is located on the 11th floor of a 18 floors tall building. This 5-10 years old property is available for immediate possession as the project is ready to move. The well built marble flooring enhances the aesthetic appeal of this flat. All the mode...",Matrix Realty Solutions,Dealer,,https://www.99acres.com/3-bhk-bedroom-apartment-flat-for-sale-in-matunga-east-mumbai-south-1200-sqft-r5-spid-M82294152,,16
I67923390,PROPERTY,"3 BHK Flat in Matunga East, Mumbai","3 BHK Flat in Matunga East, Mumbai",On request,"Matunga East, Mumbai",₹7 Cr,"₹52,395 /sqft","1,336 sqft",(124 sqm),Carpet Area,3 BHK,3,Ready To Move,27th out of 32 Floors | North-East Facing,,"This beautiful 3 bhk flat in matunga east, south mumbai is situated in on request, one of the popular residential society in south mumbai. The flat is north-East-Facing. The flat is over 1265 sq.Ft. Carpet area and comes with 3 bedroom(s), 3 bathrooms . This flat is situated on the 9th floor of this 32 floors tall residential building. An added advantage of this 0-1 year old flat is that it is ...",Matrix Realty Solutions,Dealer,,https://www.99acres.com/3-bhk-bedroom-apartment-flat-for-sale-in-matunga-east-mumbai-south-1336-sqft-r12-spid-I67923390,,16
B82699558,PROPERTY,"4 BHK Flat in Matunga, Mumbai","4 BHK Flat in Matunga, Mumbai",Happy Home Siddhachal,"Matunga, Mumbai",₹10.5 Cr,"₹57,377 /sqft","1,830 sqft",(170 sqm),Super Built-up Area,4 BHK,4,Ready To Move,20th out of 20 Floors | Overlooking Main Road,,"Happy home siddhachal is one of the most popular destination for buying apartments/ flats in matunga, mumbai south. You too can be a part of this society by purchasing this 4 bhk flat here. The flat is facing the north-East direction. Constructed on a super built up area of 1830 sq.Ft., the flat comprises 4 bedroom(s), 4 bathrooms . The property is located on the top floor of a 20 floors tall b...",Matrix Realty Solutions,Dealer,,https://www.99acres.com/4-bhk-bedroom-apartment-flat-for-sale-in-happy-home-siddhachal-matunga-south-mumbai-1830-sqft-r4-spid-B82699558,,16
P67154174,PROPERTY,"3 BHK Flat in Matunga East, Mumbai","3 BHK Flat in Matunga East, Mumbai",On request,"Matunga East, Mumbai",₹8.25 Cr,"₹44,959 /sqft","1,835 sqft",(170 sqm),Carpet Area,3 BHK,3,Ready To Move,18th out of 21 Floors | Overlooking Main Road,,"Looking for a 3 bhk property for sale in south mumbai? Buy this 3 bhk flat in on request that is situated in matunga east, south mumbai. The flat is facing the north direction. Containing 3 bedroom(s), 3 bathrooms , this flat is spread over a carpet area of 1835 sq.Ft. The property is located on the 18th floor of a 21 floors tall building. This is a ready to move project and the property is 0-1...",Matrix Realty Solutions,Dealer,,https://www.99acres.com/3-bhk-bedroom-apartment-flat-for-sale-in-matunga-east-mumbai-south-1835-sqft-r11-spid-P67154174,,16
H84239326,PROPERTY,"3 BHK Flat in Matunga East, Mumbai","3 BHK Flat in Matunga East, Mumbai",Telang Road,"Matunga East, Mumbai",₹7 Cr,"₹47,233 /sqft","1,482 sqft",(138 sqm),Carpet Area,3 BHK,3,Ready To Move,15th out of 16 Floors | Overlooking Main Road,,"Situated in matunga east, mumbai south, telang road is a well planned society that offers a pleasant living experience to its residents. This 3 bhk flat in mumbai south is your opportunity to be a part of this community. This property faces the north-East direction. The flat is over 1482 sq.Ft. Carpet area and comes with 3 bedroom(s), 3 bathrooms . The residential building has 16 floors in tota...",Arham Real Estate Consultants,Dealer,,https://www.99acres.com/3-bhk-bedroom-apartment-flat-for-sale-in-matunga-east-mumbai-south-1482-sqft-r3-spid-H84239326,,16
H92504146,PROPERTY,"5 BHK Flat in Matunga, Mumbai","5 BHK Flat in Matunga, Mumbai",Lodha Divino,"Matunga, Mumbai",₹18 Cr,"₹56,057 /sqft","3,211 sqft",(298 sqm),Carpet Area,5 BHK,5,Under Construction,36th out of 37 Floors | Overlooking Cityscape,,"Experience elevated luxury with this magnificent 5 bhk penthouse at the prestigious lodha divino, matunga east, offered at 18 crore. Spanning an expansive 3,211 sq. Ft. Carpet area, this exceptional residence features 5 spacious bedrooms, 5 elegantly designed bathrooms, and 3+ private balconies, offering breathtaking views. Situated on the 36th floor of a landmark 37-Storey tower. The residence...",Highrise Estates,Dealer,,https://www.99acres.com/5-bhk-bedroom-apartment-flat-for-sale-in-lodha-divino-matunga-south-mumbai-3211-sqft-spid-H92504146,,16
F92505950,PROPERTY,"5 BHK Flat in Matunga, Mumbai","5 BHK Flat in Matunga, Mumbai",Lodha Divino,"Matunga, Mumbai",₹24.77 Cr,"₹61,205 /sqft","4,047 sqft",(376 sqm),Carpet Area,5 BHK,5,Under Construction,36th out of 37 Floors | Overlooking Cityscape,,"Own this spacious 5 bhk sea view apartment in the prestigious lodha divino, matunga east, offered at 24.77 cr++. Spanning an expansive 4,047 sq. Ft. Carpet area, this luxurious residence features 5 spacious bedrooms, 5 bathrooms, and 3+ balconies, along with 4 dedicated car parking spaces. Situated on the 36th floor of an elegant 37-Storey tower, the apartment offers spectacular views. Currentl...",Highrise Estates,Dealer,,https://www.99acres.com/5-bhk-bedroom-apartment-flat-for-sale-in-lodha-divino-matunga-south-mumbai-4047-sqft-spid-F92505950,,16
F72524080,PROPERTY,"3 BHK Flat in Matunga East, Mumbai","3 BHK Flat in Matunga East, Mumbai",Krishna Kunj Apartment,"Matunga East, Mumbai",₹6.25 Cr,"₹43,859 /sqft","1,425 sqft",(132 sqm),Carpet Area,3 BHK,3,Ready To Move,14th out of 18 Floors | North-East Facing,,"This lovely 3 bhk apartment/flat in matunga east is available for sale in one of south mumbai's most popular projects, krishna kunj apartment. This residential flat is north-East-Facing direction. Containing 3 bedroom(s), 3 bathrooms , this flat is spread over a carpet area of 1425 sq.Ft. The residential building has 18 floors in total and the flat for sale is located on the 14th floor. Being a...",Matrix Realty Solutions,Dealer,,https://www.99acres.com/3-bhk-bedroom-apartment-flat-for-sale-in-krishna-kunj-apartment-matunga-east-mumbai-south-1425-sqft-r8-spid-F72524080,,16
L67093778,PROPERTY,"3 BHK Flat in Matunga East, Mumbai","3 BHK Flat in Matunga East, Mumbai",on request,"Matunga East, Mumbai",₹9.35 Cr,"₹55,162 /sqft","1,695 sqft",(157 sqm),Carpet Area,3 BHK,3,Ready To Move,12th out of 21 Floors | North-East Facing,,"This 3 bhk flat is located in on request, which houses some of the most spacious flats in matunga east, south mumbai. This is a north-East-Facing property. Constructed on a carpet area of 1695 sq.Ft., the flat comprises 3 bedroom(s), 2 bathrooms . This flat lies on the 12th level of a 21 storey building. This is a ready to move project and the property is 1-5 years old. The floor of this flat i...",Matrix Realty Solutions,Dealer,,https://www.99acres.com/3-bhk-bedroom-apartment-flat-for-sale-in-matunga-east-mumbai-south-1695-sqft-r9-spid-L67093778,,16
C67155482,PROPERTY,"4 BHK Flat in Matunga East, Mumbai","4 BHK Flat in Matunga East, Mumbai",On request,"Matunga East, Mumbai",₹16.25 Cr,"₹65,000 /sqft","2,500 sqft",(232 sqm),Carpet Area,4 BHK,4,Ready To Move,11th out of 16 Floors | Overlooking Park,,"On request is one of the most popular destination for buying apartments/ flats in matunga east, south mumbai. You too can be a part of this society by purchasing this 4 bhk flat here. The flat is facing the east direction. The floor plan additionally contains 4 bedroom(s), 4 bathrooms . All in all, the flat is spread over a carpet area of 2700 sq.Ft. The flat has a total of 16 floors and this p...",Matrix Realty Solutions,Dealer,,https://www.99acres.com/4-bhk-bedroom-apartment-flat-for-sale-in-matunga-east-mumbai-south-2500-sqft-r11-spid-C67155482,,16
S81175651,PROPERTY,"3 BHK Flat in Matunga East, Mumbai","3 BHK Flat in Matunga East, Mumbai",Happy Home Pranav Residency,"Matunga East, Mumbai",₹7.11 Cr,"₹52,666 /sqft","1,350 sqft",(125 sqm),Carpet Area,3 BHK,3,Ready To Move,3rd out of 9 Floors | North-East Facing,,"This property faces the north-East direction. The floor plan additionally contains 3 bedroom(s), 3 bathrooms . All in all, the flat is spread over a carpet area of 1350 sq.Ft. The property is located on the 3rd floor of a 9 floors tall building. This is a ready to move project and the property is 10+ years old. The well built marble flooring enhances the aesthetic appeal of this flat. Happy hom...",Matrix Realty Solutions,Dealer,,https://www.99acres.com/3-bhk-bedroom-apartment-flat-for-sale-in-happy-home-pranav-residency-matunga-east-mumbai-south-1350-sqft-r7-spid-S81175651,,16
F92300342,PROPERTY,"3 BHK Flat in Matunga East, Mumbai","3 BHK Flat in Matunga East, Mumbai",JPV Manav Heights,"Matunga East, Mumbai",₹8.75 Cr,"₹57,947 /sqft","1,510 sqft",(140 sqm),Built-up Area,3 BHK,4,Ready To Move,GF out of 1 Floors | Furnished,,"The flat is over 1510 sq.Ft. Built up area and comes with 3 bedroom(s), 4 bathrooms . This flat lies on the ground level of a 1 storey building. This is a ready to move project and the property is 0-1 year old.",Owner,1mo ago,,https://www.99acres.com/3-bhk-bedroom-apartment-flat-for-sale-in-matunga-east-mumbai-south-1510-sqft-spid-F92300342,,16
B92505198,PROPERTY,"5 BHK Flat in Matunga, Mumbai","5 BHK Flat in Matunga, Mumbai",Lodha Divino,"Matunga, Mumbai",₹25.22 Cr,"₹60,363 /sqft","4,178 sqft",(388 sqm),Carpet Area,5 BHK,5,Under Construction,36th out of 37 Floors | Overlooking Cityscape,,"Discover luxury living with this spacious 5 bhk penthouse in matunga east, offered at 25.22 cr++. Spread across an impressive 4,178 sq. Ft. Carpet area, this premium residence features 5 bedrooms, 5 bathrooms, 4 balconies, and 4 dedicated car parking spaces. Located on the 36th floor of an elegant 37-Storey tower, the apartment offers stunning views. The project is currently under construction,...",Highrise Estates,Dealer,,https://www.99acres.com/5-bhk-bedroom-apartment-flat-for-sale-in-lodha-divino-matunga-south-mumbai-4178-sqft-spid-B92505198,,16
456986,PROJECT,Sobha Inizio,Sobha Inizio,,"Parel, Mumbai",₹2.74 Cr | ₹4.66 Cr | ₹5.62 - 6.74 Cr,,,,,3 BHK,,,,JBCN International School | Eastern Express Highway,"Here are beautifully built 1,2,3 BHK apartments in Parel, available for sale at Sobha Inizio. Prices of apartments in this project, vary between Rs. 2.74 - 6.74 Cr. Sobha Inizio apartments are available in multiples sizes, ranging from 498 - 1,225 sqft CARPET area. Sobha Inizio is a RERA- registered society and PR1170002501523 is the RERA registration number",Sobha,,,https://www.99acres.com/sobha-inizio-parel-south-mumbai-npxid-r456986,1 BHK Apartment: ₹2.74 Cr | 2 BHK Apartment: ₹4.66 Cr | 3 BHK Apartment: ₹5.62 - 6.74 Cr,1
426079,PROJECT,Darsshan Promesa Fremont,Darsshan Promesa Fremont,,"Lalbaug, Parel",₹2.79 Cr | ₹3.04 - 3.73 Cr | ₹4.62 - 4.7 Cr,,,,,3 BHK,,,,Chinchpokli Railway Station | ITC Grand Central,"Darsshan Promesa Fremont, one of the known housing societes in Mumbai South, brings classic yet modern 1,2,3 BHK apartments in Lalbaug. Darsshan Promesa Fremont is a RERA- registered society and P51900055088 is the RERA registration number. Darsshan Promesa Fremont apartments are available in multiples sizes, ranging from 621 - 1,044 sqft CARPET area. Prices of apartments in this project, vary between Rs. 2.79 - 4.7 Cr",Darsshan Properties,,,https://www.99acres.com/darsshan-promesa-fremont-lalbaug-south-mumbai-npxid-r426079,1 BHK Apartment: ₹2.79 Cr | 2 BHK Apartment: ₹3.04 - 3.73 Cr | 3 BHK Apartment: ₹4.62 - 4.7 Cr,1
R91161892,PROPERTY,"5 BHK Flat in Parel, Mumbai","5 BHK Flat in Parel, Mumbai",Peninsula Ashok Towers,"Parel, Mumbai",₹24.5 Cr,"₹70,747 /sqft","3,463 sqft",(322 sqm),Super Built-up Area,5 BHK,6,Ready To Move,GF out of 49 Floors | 3 Covered Parking,,"Residential apartment This is your chance to a 5 bhk apartment / flat for sale in peninsula ashok towers parel mumbai . Where luxury comes with affordability. Basic details: You will love this bright and spacious 5 bedroom apartment with 6 bathrooms, modular kitchen, spacious hall and 4 balconies.The balcony offers a great view and is a place to enjoy at any time. This house provides ample natu...",Owner,2mo ago,,https://www.99acres.com/5-bhk-bedroom-apartment-flat-for-sale-in-peninsula-ashok-towers-parel-south-mumbai-3463-sqft-spid-R91161892,,1
387513,PROJECT,Bhoomi Simana,Bhoomi Simana,,"Parel, Mumbai",₹4.96 Cr | ₹5.69 - 6.8 Cr | ₹10.04 Cr | ₹12.62 Cr,,,,,5 BHK,,,,Mint Colony Metro Station | JBCN International School,"Finest 2,3,4,5 BHK apartments in Parel available for sale in Bhoomi Simana. Apartments in Bhoomi Simana have CARPET area ranging between 826 - 2,104 sqft. Bhoomi Simana 's RERA registration number is P51900033360. Apartments in this complex are available in price range of Rs. 4.96 - 12.62 Cr",Bhoomi Properties,,,https://www.99acres.com/bhoomi-simana-parel-south-mumbai-npxid-r387513,2 BHK Apartment: ₹4.96 Cr | 3 BHK Apartment: ₹5.69 - 6.8 Cr | 4 BHK Apartment: ₹10.04 Cr | 5 BHK Apartment: ₹12.62 Cr,1
A91846982,PROPERTY,"4 BHK Flat in Parel, Mumbai","4 BHK Flat in Parel, Mumbai",L&T Crescent Bay,"Parel, Mumbai",₹15.56 Cr,"₹59,754 /sqft","2,604 sqft",(242 sqm),Carpet Area,4 BHK,4,Ready To Move,51st out of 59 Floors | Overlooking Sea,,Lavish 4 bhk of 2600 sq feet carpet area in crescnet bay. Its untouched and unused flat. The project is got all modern amenities. Every apartment is got full sea views.,GOLD PROPERTIES,Dealer,,https://www.99acres.com/4-bhk-bedroom-apartment-flat-for-sale-in-l-t-crescent-bay-parel-south-mumbai-2604-sqft-spid-A91846982,,1
11366,PROJECT,L&T Crescent Bay,L&T Crescent Bay,,"Parel, Mumbai",₹3.97 - 4.05 Cr | ₹5.43 - 8.62 Cr | ₹7.79 - 12.15 Cr,,,,,4 BHK,,,,King Edward Memorial Hospital | Fatima High School,"Looking for your dream home? Explore 2,3,4 BHK apartments in Parel, now available in L&T Crescent Bay. L&T Crescent Bay 's RERA registration number is P51900005188. Apartment prices in this housing society vary in the range of Rs. 3.97 - 12.15 Cr. Here units have different sizes, mostly in range of 900 - 2,700 sqft CARPET area",L and T Realty,,,https://www.99acres.com/l-t-crescent-bay-parel-south-mumbai-npxid-r11366,2 BHK Apartment: ₹3.97 - 4.05 Cr | 3 BHK Apartment: ₹5.43 - 8.62 Cr | 4 BHK Apartment: ₹7.79 - 12.15 Cr,1
262038,PROJECT,Ruparel Jewel,Ruparel Jewel,,"Parel, Mumbai",₹3.25 - 3.27 Cr | ₹4.05 - 4.09 Cr,,,,,3 BHK,,,,Mono Rail Station | Tata Memorial Hospital,"Here are beautifully built 2,3 BHK apartments in Parel, available for sale at Ruparel Jewel. Apartments in Ruparel Jewel have CARPET area ranging between 826 - 1,040 sqft. This society offers apartments in the price range of Rs. 3.25 - 4.09 Cr. Ruparel Jewel is a RERA- registered society and P51900003058 is the RERA registration number",Ruparel Realty,,,https://www.99acres.com/ruparel-jewel-parel-south-mumbai-npxid-r262038,2 BHK Apartment: ₹3.25 - 3.27 Cr | 3 BHK Apartment: ₹4.05 - 4.09 Cr,1
D89347141,PROPERTY,"Studio Apartments / 1 RK Flats in Parel, Mumbai","Studio Apartments / 1 RK Flats in Parel, Mumbai",Rameshwar CHS,"Parel, Mumbai",₹1.5 Cr,"₹40,000 /sqft",375 sqft,(35 sqm),Built-up Area,1 BHK,1,Ready To Move,,,"The property is located in a very peaceful area surrounded by a good neighborhood. All three railway stations central, western & harbour nearby, all prominent hospitals (Kem, tata cancer, global, mahata gandhi) also nearby, school, colleges and market area is also very close. On the verge of redevelopment very soon and a major advantage is already lt cresent bay & runwal nirvana have been two s...",Owner,1mo ago,,https://www.99acres.com/studio-apartment-flat-for-sale-in-rameshwar-chs-parel-south-mumbai-375-sqft-r1-spid-D89347141,,1
J91409052,PROPERTY,"1 Bedroom House in Cotton Green Zakaria B, Parel","1 Bedroom House in Cotton Green Zakaria B, Parel",Abhyudaya Nagar CCHS,"Cotton Green Zakaria B, Parel",₹80 Lac,₹4.31 L /sqm,18.58 sqm,(200 sqft),Plot Area,1 BHK,1,Ready To Move,On 40 ft Wide Road | Overlooking Main Road,,Near by station... Near by market Near by school All facilities its near by property,Owner,2mo ago,,https://www.99acres.com/1-bhk-bedroom-independent-house-villa-for-sale-in-abhyudaya-nagar-cchs-cotton-green-zakaria-b-south-mumbai-200-sqft-spid-J91409052,,1
A92209144,PROPERTY,"2 BHK Flat in Parmanand Wadi, Parel","2 BHK Flat in Parmanand Wadi, Parel",Omkar Veda Exclusive,"Parmanand Wadi, Parel",₹3.5 Cr,"₹36,880 /sqft",949 sqft,(88 sqm),Carpet Area,2 BHK,3,Ready To Move,24th out of 34 Floors | Overlooking Park,,"This property faces the north-East direction. Constructed on a carpet area of 949 sq.Ft., the flat comprises 2 bedroom(s), 3 bathrooms and 1 balcony. The property is located on the 24th floor of a 34 floors tall building. An added advantage of this 5-10 years old flat is that it is available for immediate possession as the project is already ready to move. The ceramic flooring of this flat is b...",SOBO PROPERTIES & SERVICES,Dealer,,https://www.99acres.com/2-bhk-bedroom-apartment-flat-for-sale-in-omkar-veda-exclusive-parmanand-wadi-mumbai-south-949-sqft-spid-A92209144,,1
S91954974,PROPERTY,"2 BHK Flat in Parmanand Wadi, Parel","2 BHK Flat in Parmanand Wadi, Parel",Omkar Veda Exclusive,"Parmanand Wadi, Parel",₹3.35 Cr,"₹30,875 /sqft","1,085 sqft",(116 sqm),Carpet Area,2 BHK,2,Ready To Move,6th out of 34 Floors | Overlooking Park,,"Constructed on a super built up area of 1250 sq.Ft., the flat comprises 2 bedroom(s), 2 bathrooms and 2 balconies. This flat has a sea view & atal setu view. The flat has a total of 27floors and this property is situated on 6th floor. Being a ready to move project, you can expect immediate possession of this 5-10 years old property. Many of the modern amenities being offered, like swimming pool...",Owner,1mo ago,,https://www.99acres.com/2-bhk-bedroom-apartment-flat-for-sale-in-omkar-veda-exclusive-parmanand-wadi-mumbai-south-1250-sqft-spid-S91954974,,1
U91862168,PROPERTY,"2 BHK Flat in Parel, Mumbai","2 BHK Flat in Parel, Mumbai",Rajkamal Heights,"Parel, Mumbai",₹3.5 Cr,"₹35,000 /sqft","1,000 sqft",(93 sqm),Built-up Area,2 BHK,2,Ready To Move,2nd out of 14 Floors | North Facing,,"The flat is facing the north direction. The flat occupies a built up area of 1000 sq.Ft. That consists of 2 bedrooms, 2 bathrooms . The residential building has 14 floors in total and the flat for sale is located on the 2nd floor. An added advantage of this 10+ years old flat is that it is available for immediate possession as the project is already ready to move. The flat comes well built with...",Kumar Estate Agency,Dealer,,https://www.99acres.com/2-bhk-bedroom-apartment-flat-for-sale-in-rajkamal-heights-parel-south-mumbai-1000-sqft-spid-U91862168,,1
W88466788,PROPERTY,"2 BHK Flat in Parel, Mumbai","2 BHK Flat in Parel, Mumbai",L&T Crescent Bay,"Parel, Mumbai",₹3.55 Cr,"₹39,444 /sqft",900 sqft,(84 sqm),Carpet Area,2 BHK,2,Ready To Move,10th out of 59 Floors | Overlooking Park,,"This property faces the east direction. The floor plan additionally contains 2 bedroom(s), 2 bathrooms and 1 balcony. All in all, the flat is spread over a carpet area of 900 sq.Ft. This flat lies on the 10th level of a 59 storey building. An added advantage of this 1-5 years old flat is that it is available for immediate possession as the project is already ready to move. The beautifully desig...",Kothari Realtors,,,https://www.99acres.com/2-bhk-bedroom-apartment-flat-for-sale-in-l-t-crescent-bay-parel-south-mumbai-900-sqft-r1-spid-W88466788,,1
T92113068,PROPERTY,"3 BHK Flat in Parmanand Wadi, Parel","3 BHK Flat in Parmanand Wadi, Parel",Omkar Veda Exclusive,"Parmanand Wadi, Parel",₹4.5 Cr,"₹32,608 /sqft","1,380 sqft",(128 sqm),Built-up Area,3 BHK,4,Ready To Move,21st out of 27 Floors | Overlooking Park,,Multistorey apartment is available for sale. Beautiful sea views from the balconies. Natural light and good ventilation.Please contact for more details.,Homes For All Real Estate Private Limited,,,https://www.99acres.com/3-bhk-bedroom-apartment-flat-for-sale-in-omkar-veda-exclusive-parmanand-wadi-mumbai-south-1380-sqft-spid-T92113068,,1
385401,PROJECT,The Edge,The Edge,,"Lalbaug, Parel",₹4.09 - 4.48 Cr | ₹6.5 Cr,,,,,3 BHK,,,,Pathfinders Preschool LLP | ESI Mahatma Gandhi Hospital,"Spacious 2,3 BHK apartments in Lalbaug are available for sale.Check out latest property options at The Edge housing society. Prices of apartments in this project, vary between Rs. 4.09 - 6.5 Cr. The Edge has apartments in multiple configurations, in range of 804 - 1,279 sqft. The Edge 's RERA registration number is P51900032613",Tejukaya Corp,,,https://www.99acres.com/the-edge-lalbaug-south-mumbai-npxid-r385401,2 BHK Apartment: ₹4.09 - 4.48 Cr | 3 BHK Apartment: ₹6.5 Cr,1
267047,PROJECT,Runwal Nirvana,Runwal Nirvana,,"Parel, Mumbai",₹3.49 Cr | ₹4.63 Cr,,,,,3 BHK,,,,JBCN International School in Parel | Ambedkar Nagar Monorail,"Beautiful 2,3 BHK apartments in Parel, are now available in Runwal Nirvana housing project. The housing society is RERA-registered with P51900010100 registration number. Apartments in Runwal Nirvana have CARPET area ranging between 758 - 1,006 sqft. Prices of apartments in this project, vary between Rs. 3.49 - 4.63 Cr",Runwal Realty,,,https://www.99acres.com/runwal-nirvana-parel-south-mumbai-npxid-r267047,2 BHK Apartment: ₹3.49 Cr | 3 BHK Apartment: ₹4.63 Cr,1
T88467006,PROPERTY,"2 BHK Flat in Parel, Mumbai","2 BHK Flat in Parel, Mumbai",L&T Crescent Bay,"Parel, Mumbai",₹3.65 Cr,"₹38,179 /sqft",956 sqft,(89 sqm),Carpet Area,2 BHK,2,Ready To Move,2nd out of 59 Floors | Overlooking Park,,"This property faces the east direction. Containing 2 bedroom(s), 2 bathrooms and 2 balconies, this flat is spread over a carpet area of 956 sq.Ft. This flat lies on the 2nd level of a 59 storey building. This is a ready to move project and the property is 1-5 years old. The well built vitrified flooring enhances the aesthetic appeal of this flat. Many of the modern amenities being offered, like...",Kothari Realtors,,,https://www.99acres.com/2-bhk-bedroom-apartment-flat-for-sale-in-l-t-crescent-bay-parel-south-mumbai-956-sqft-r1-spid-T88467006,,1
Y85319386,PROPERTY,"2 BHK Flat in Parel, Mumbai","2 BHK Flat in Parel, Mumbai",L&T Crescent Bay,"Parel, Mumbai",₹3.63 Cr,"₹40,333 /sqft",900 sqft,(84 sqm),Carpet Area,2 BHK,2,Ready To Move,15th out of 59 Floors | Overlooking Park,,"This 2 bhk flat is located in l&t crescent bay, which houses some of the most spacious flats in parel, mumbai south. This is a east-Facing property. Constructed on a carpet area of 900 sq.Ft., the flat comprises 2 bedroom(s), 2 bathrooms and 1 balcony. The property is located on the 15th floor of a 59 floors tall building. Being a ready to move project, you can expect immediate possession of th...",Kothari Realtors,,,https://www.99acres.com/2-bhk-bedroom-apartment-flat-for-sale-in-l-t-crescent-bay-parel-south-mumbai-900-sqft-r3-spid-Y85319386,,1
O92621824,PROPERTY,"3 BHK Flat in Parel East, Mumbai","3 BHK Flat in Parel East, Mumbai",Ruparel Jewel,"Parel East, Mumbai",₹7.5 Cr,"₹30,000 /sqft","2,500 sqft",(232 sqm),Super Built-up Area,3 BHK,4,Ready To Move,27th out of 63 Floors | Overlooking Park,,"The flat is south-East-Facing. Containing 3 bedroom(s), 4 bathrooms and 2 balconies, this flat is spread over a super built up area of 2500 sq.Ft. The residential building has 63 floors in total and the flat for sale is located on the 27th floor. As the project is already ready to move, so you can easily move into this 1-5 years old property. The well built vitrified flooring enhances the aesth...",FIVE PILLARS,Dealer,,https://www.99acres.com/3-bhk-bedroom-apartment-flat-for-sale-in-ruparel-jewel-parel-east-south-mumbai-2500-sqft-spid-O92621824,,1
W92571700,PROPERTY,"2 BHK Flat in Parel, Mumbai","2 BHK Flat in Parel, Mumbai",L&T Crescent Bay,"Parel, Mumbai",₹3.75 Cr,"₹43,757 /sqft",857 sqft,(124 sqm),Carpet Area,2 BHK,2,Ready To Move,40th out of 59 Floors | Overlooking Sea,,"This is market priced 2bhk available for immediate purchase in tower 2 - 40th floor of l&t crescent bay parel. Refer the attached photographs for a preview and if you are a genuine buyer with ready funds, looking for a deal under 4cr all inclusive.... Then this is the matching option for you.",Ameya Digambar Nar Real Estate Advisor And Cons,Dealer,,https://www.99acres.com/2-bhk-bedroom-apartment-flat-for-sale-in-l-t-crescent-bay-parel-south-mumbai-1335-sqft-spid-W92571700,,1
X92036250,PROPERTY,"2 BHK Flat in Parel, Mumbai","2 BHK Flat in Parel, Mumbai",L&T Crescent Bay,"Parel, Mumbai",₹3.55 Cr,"₹44,375 /sqft",800 sqft,(74 sqm),Carpet Area,2 BHK,2,Ready To Move,19th out of 59 Floors | Overlooking Park,,"L&t crescent bay is a prominent residential complex, with all the modern amenities, 21 st floor features, gym, cafe lounge, yoga room & restaurant. World class amenities: Club house, swimming pool, garden, kids play area and more. This 2bhk flat features a balcony, offering open city view, from the 21st floor. Its a semi furnished flat, with wardrobes, and other basic fit outs. For more details...",Naman Reality,Dealer,,https://www.99acres.com/2-bhk-bedroom-apartment-flat-for-sale-in-l-t-crescent-bay-parel-south-mumbai-800-sqft-spid-X92036250,,1
G89403377,PROPERTY,"3 BHK Flat in Bhoiwada, Parel","3 BHK Flat in Bhoiwada, Parel",L&T Crescent Bay,"Bhoiwada, Parel",₹6.1 Cr,"₹29,047 /sqft","2,100 sqft",(195 sqm),Built-up Area,3 BHK,3,Ready To Move,20th out of 50 Floors | Vaastu Compliant,,"3bhk in crescent bay well light and ventilated with uninstructed view on 20 floor. Newly refurbished with modern cupboards, wooden flooring and modular kitchen available for immediate sale.",Owner,1mo ago,,https://www.99acres.com/3-bhk-bedroom-apartment-flat-for-sale-in-l-t-crescent-bay-bhoiwada-parel-2100-sqft-r1-spid-G89403377,,1
N85319472,PROPERTY,"2 BHK Flat in Parel, Mumbai","2 BHK Flat in Parel, Mumbai",L&T Crescent Bay,"Parel, Mumbai",₹3.63 Cr,"₹42,209 /sqft",860 sqft,(80 sqm),Carpet Area,2 BHK,2,Ready To Move,25th out of 59 Floors | Overlooking Park,,"L&t crescent bay is one of the most popular destination for buying apartments/ flats in parel, mumbai south. You too can be a part of this society by purchasing this 2 bhk flat here. The flat is facing the east direction. Constructed on a carpet area of 860 sq.Ft., the flat comprises 2 bedroom(s), 2 bathrooms . The flat has a total of 59 floors and this property is situated on 25th floor. An ad...",Kothari Realtors,,,https://www.99acres.com/2-bhk-bedroom-apartment-flat-for-sale-in-l-t-crescent-bay-parel-south-mumbai-860-sqft-r1-spid-N85319472,,1
O90172988,PROPERTY,"2 BHK Flat in Parel, Mumbai","2 BHK Flat in Parel, Mumbai",Peninsula Celestia Spaces,"Parel, Mumbai",₹3.6 Cr,"₹42,806 /sqft",841 sqft,(78 sqm),Carpet Area,2 BHK,2,Under Construction,18th out of 50 Floors | North-East Facing,,"The flat is north-East-Facing. Containing 2 bedroom(s), 2 bathrooms , this flat is spread over a carpet area of 841 sq.Ft. The flat has a total of 50 floors and this property is situated on 18th floor. The flat comes well built with vitrified flooring options. The society complex is in the close vicinity of close to railway station, making it an ideal home for a relaxed lifestyle. The flat will...",THRIVE SPACES PRIVATE LIMITED,,,https://www.99acres.com/2-bhk-bedroom-apartment-flat-for-sale-in-peninsula-celestia-spaces-parel-south-mumbai-841-sqft-r1-spid-O90172988,,1
Y92046472,PROPERTY,"2 BHK Flat in Parel, Mumbai","2 BHK Flat in Parel, Mumbai",Peninsula Celestia Spaces,"Parel, Mumbai",₹3.85 Cr,"₹28,667 /sqft","1,343 sqft",(125 sqm),Super Built-up Area,2 BHK,2,Ready To Move,28th out of 50 Floors | Overlooking Park,,"Peninsula celestia spaces in parel, mumbai is a ready-To-Move housing society. It offers apartments in varied budget range. These units are a perfect combination of comfort and style, specifically designed to suit your requirements and conveniences. There are 2bhk and 3bhk apartments available in this project. This housing society is now ready to be called home as families have started moving i...",Vaibhav Realty,Dealer,,https://www.99acres.com/2-bhk-bedroom-apartment-flat-for-sale-in-peninsula-celestia-spaces-parel-south-mumbai-1343-sqft-spid-Y92046472,,1
Z77449491,PROPERTY,"2 BHK Flat in Parel, Mumbai","2 BHK Flat in Parel, Mumbai",Lodha Venezia,"Parel, Mumbai",₹4.1 Cr,"₹39,385 /sqft","1,041 sqft",(97 sqm),Built-up Area,2 BHK,2,Ready To Move,55th out of 65 Floors | Overlooking Main Road,,"This beautiful 2 bhk flat in parel, mumbai south is situated in lodha venezia, one of the popular residential society in mumbai south. The flat is east-Facing. The floor plan additionally contains 2 bedroom(s), 2 bathrooms and 1 balcony. All in all, the flat is spread over a built up area of 1042 sq.Ft. The residential building has 65 floors in total and the flat for sale is located on the 55th...",Parmar Properties and Infrastructure Pvt. Ltd.,Dealer,,https://www.99acres.com/2-bhk-bedroom-apartment-flat-for-sale-in-lodha-venezia-parel-south-mumbai-1041-sqft-r6-spid-Z77449491,,2
Z85318762,PROPERTY,"2 BHK Flat in Parel, Mumbai","2 BHK Flat in Parel, Mumbai",L&T Crescent Bay,"Parel, Mumbai",₹3.7 Cr,"₹38,702 /sqft",956 sqft,(89 sqm),Carpet Area,2 BHK,2,Ready To Move,17th out of 59 Floors | Overlooking Park,,"Check out this 2 bhk apartment for sale in l&t crescent bay, a popular residential project that houses in-Demand flats in parel, mumbai south. The flat is east-Facing. The flat is over 956 sq.Ft. Carpet area and comes with 2 bedroom(s), 2 bathrooms . The residential building has 59 floors in total and the flat for sale is located on the 17th floor. An added advantage of this 1-5 years old flat ...",Kothari Realtors,,,https://www.99acres.com/2-bhk-bedroom-apartment-flat-for-sale-in-l-t-crescent-bay-parel-south-mumbai-956-sqft-r1-spid-Z85318762,,2
W92312640,PROPERTY,"2 BHK Flat in Parel, Mumbai","2 BHK Flat in Parel, Mumbai",Bhoomi Simana,"Parel, Mumbai",₹4.45 Cr,"₹37,332 /sqft","1,192 sqft",(111 sqm),Super Built-up Area,2 BHK,2,Ready To Move,20th out of 53 Floors | North-East Facing,,"The flat is facing the north-East direction. Containing 2 bedroom(s), 2 bathrooms , this flat is spread over a super built up area of 1192 sq.Ft. The flat has a total of 53 floors and this property is situated on 20th floor. As the project is already ready to move, so you can easily move into this 0-1 year old property. The well built vitrified flooring enhances the aesthetic appeal of this fla...",PROPSERVE INDIA REALTY LLP,,,https://www.99acres.com/2-bhk-bedroom-apartment-flat-for-sale-in-bhoomi-simana-parel-south-mumbai-1192-sqft-spid-W92312640,,2
S92312894,PROPERTY,"2 BHK Flat in Parel, Mumbai","2 BHK Flat in Parel, Mumbai",Bhoomi Simana,"Parel, Mumbai",₹4.46 Cr,"₹37,510 /sqft","1,189 sqft",(110 sqm),Super Built-up Area,2 BHK,2,Ready To Move,21st out of 53 Floors | North-East Facing,,"This is a north-East-Facing property. The flat occupies a super built up area of 1189 sq.Ft. That consists of 2 bedrooms, 2 bathrooms . The property is located on the 21st floor of a 53 floors tall building. An added advantage of this 0-1 year old flat is that it is available for immediate possession as the project is already ready to move. The floor of this flat is beautifully designed using v...",PROPSERVE INDIA REALTY LLP,,,https://www.99acres.com/2-bhk-bedroom-apartment-flat-for-sale-in-bhoomi-simana-parel-south-mumbai-1189-sqft-spid-S92312894,,2
C92240862,PROPERTY,"3 BHK Flat in Parel, Mumbai","3 BHK Flat in Parel, Mumbai",Ruparel Ariana,"Parel, Mumbai",₹4.5 Cr,"₹36,691 /sqft","1,226.44 sqft",(114 sqm),Carpet Area,3 BHK,3,Ready To Move,55th out of 73 Floors | Overlooking Park,,"This residential flat is east-Facing direction. The flat is over 114 sq.M. Carpet area and comes with 3 bedroom(s), 3 bathrooms . The residential building has 73 floors in total and the flat for sale is located on the 55th floor. This is a ready to move project and the property is 1-5 years old. The vitrified flooring of this flat is beautifully designed and helps to give it a pleasing look. Th...",IMPERIAL ESTATE,Dealer,,https://www.99acres.com/3-bhk-bedroom-apartment-flat-for-sale-in-ruparel-ariana-parel-south-mumbai-1226-sqft-spid-C92240862,,2
J91899458,PROPERTY,"3 BHK Flat in Parel, Mumbai","3 BHK Flat in Parel, Mumbai",Ruparel Ariana,"Parel, Mumbai",₹4.31 Cr,"₹35,154 /sqft","1,226 sqft",(114 sqm),Carpet Area,3 BHK,3,Ready To Move,71st out of 73 Floors | Overlooking Park,,"The flat is east-Facing. The flat is over 1226 sq.Ft. Carpet area and comes with 3 bedroom(s), 3 bathrooms . The flat has a total of 73 floors and this property is situated on 71st floor. An added advantage of this 0-1 year old flat is that it is available for immediate possession as the project is already ready to move. The concrete flooring of this flat is beautifully designed and helps to gi...",Real Estate Master,Dealer,,https://www.99acres.com/3-bhk-bedroom-apartment-flat-for-sale-in-ruparel-ariana-parel-south-mumbai-1226-sqft-spid-J91899458,,2
33652,PROJECT,Peninsula Celestia Spaces,Peninsula Celestia Spaces,,"Parel, Mumbai",₹3.5 Cr | ₹8 Cr,,,,,3 BHK,,,,King Edward Memorial Hospital | Eastern Freeway,"Peninsula Celestia Spaces society now offers elegantly built 2,3 BHK apartments in Parel. Apartment prices in this housing society vary in the range of Rs. 3.5 - 8 Cr. Here units have different sizes, mostly in range of 1,343 - 1,397 sqft SUPER area. Peninsula Celestia Spaces is a RERA- registered society and P51900005432 is the RERA registration number",Peninsula Land,,,https://www.99acres.com/peninsula-celestia-spaces-parel-south-mumbai-npxid-r33652,2 BHK Apartment: ₹3.5 Cr | 3 BHK Apartment: ₹8 Cr,2
S91694312,PROPERTY,"3 BHK Flat in Parel, Mumbai","3 BHK Flat in Parel, Mumbai",Ruparel Ariana,"Parel, Mumbai",₹4.3 Cr,"₹35,073 /sqft","1,226 sqft",(114 sqm),Carpet Area,3 BHK,3,Ready To Move,50th out of 73 Floors | Overlooking Park,,"This is a east-Facing property. The flat is over 1226 sq.Ft. Carpet area and comes with 3 bedroom(s), 3 bathrooms and 1 balcony. The flat has a total of 73 floors and this property is situated on 50th floor. This 0-1 year old property is available for immediate possession as the project is ready to move. The well built concrete flooring enhances the aesthetic appeal of this flat. All the modern...",Real Estate Master,Dealer,,https://www.99acres.com/3-bhk-bedroom-apartment-flat-for-sale-in-ruparel-ariana-parel-south-mumbai-1226-sqft-spid-S91694312,,2
V93082720,PROPERTY,"2 BHK Flat in Parel, Mumbai","2 BHK Flat in Parel, Mumbai",Ruparel Ariana,"Parel, Mumbai",₹3.9 Cr,"₹48,447 /sqft",805 sqft,(75 sqm),Carpet Area,2 BHK,2,Ready To Move,58th out of 65 Floors | Overlooking Main Road,,"Behold the splendour of ruperal ariana. Where luxury is redefined. Where every inch is moulded to perfection. And where unstinting luxury speaks about the grandness, sprawled all around it. With its massive height making it a 73 storeyed elegant tower, ariana is all set to give you a life as majestic as kings. As grand as the grandness itself.",Property Pro,,,https://www.99acres.com/2-bhk-bedroom-apartment-flat-for-sale-in-ruparel-ariana-parel-south-mumbai-805-sqft-spid-V93082720,,2
Q93139122,PROPERTY,"2 BHK Flat in Parel, Mumbai","2 BHK Flat in Parel, Mumbai",Peninsula Celestia Spaces,"Parel, Mumbai",₹4 Cr,"₹40,000 /sqft","1,000 sqft",(93 sqm),Built-up Area,2 BHK,2,Ready To Move,30th out of 50 Floors | Vaastu Compliant,,"This residential flat is east-Facing direction. The flat is over 1000 sq.Ft. Built up area and comes with 2 bedroom(s), 2 bathrooms . The residential building has 50 floors in total and the flat for sale is located on the 30th floor. An added advantage of this 1-5 years old flat is that it is available for immediate possession as the project is already ready to move. The beautifully designed ma...",BRC REALTY,Dealer,,https://www.99acres.com/2-bhk-bedroom-apartment-flat-for-sale-in-peninsula-celestia-spaces-parel-south-mumbai-1000-sqft-spid-Q93139122,,2
F92604176,PROPERTY,"2 BHK Flat in Parel, Mumbai","2 BHK Flat in Parel, Mumbai",Rajkamal Heights,"Parel, Mumbai",₹4 Cr,"₹40,000 /sqft","1,000 sqft",(93 sqm),Built-up Area,2 BHK,2,Ready To Move,6th out of 11 Floors | East Facing,,"This is a east-Facing property. The floor plan additionally contains 2 bedroom(s), 2 bathrooms . All in all, the flat is spread over a built up area of 1000 sq.Ft. This flat is situated on the 6th floor of this 11 floors tall residential building. As the project is already ready to move, so you can easily move into this 10+ years old property. The well built ceramic flooring enhances the aesthe...",Kumar Estate Agency,Dealer,,https://www.99acres.com/2-bhk-bedroom-apartment-flat-for-sale-in-rajkamal-heights-parel-south-mumbai-1000-sqft-spid-F92604176,,2
B92388554,PROPERTY,"2 BHK Flat in Parel, Mumbai","2 BHK Flat in Parel, Mumbai",L&T Crescent Bay,"Parel, Mumbai",₹3.8 Cr,"₹42,222 /sqft",900 sqft,(84 sqm),Carpet Area,2 BHK,2,Under Construction,39th out of 49 Floors,,"The flat is south-East-Facing. The flat is over 900 sq.Ft. Carpet area and comes with 2 bedroom(s), 2 bathrooms and 1 balcony. The residential building has 49 floors in total and the flat for sale is located on the 39th floor. The well built marble flooring enhances the aesthetic appeal of this flat. Proximity to landmarks like close to school, close to hospital and close to railway station mak...",IMPERIAL ESTATE,Dealer,,https://www.99acres.com/2-bhk-bedroom-apartment-flat-for-sale-in-l-t-crescent-bay-parel-south-mumbai-900-sqft-spid-B92388554,,2
C92036456,PROPERTY,"2 BHK Flat in Parel, Mumbai","2 BHK Flat in Parel, Mumbai",Peninsula Ashok Towers,"Parel, Mumbai",₹5 Cr,"₹66,666 /sqft",750 sqft,(70 sqm),Carpet Area,2 BHK,2,Ready To Move,24th out of 50 Floors | Overlooking Park,,"Set within an expansive 22acre land parcel, ashok towers, with its 4 iconic towers, redefines luxury living as parels most prestigious residential project. Offering unmatched modern amenities and a lifestyle of elegance. This 2 bhk flat is available for rent in peninsula ashok towers at a monthly rent of 5.50 cr. Carpet area 800 sq.Ftt, in a semi furnished condition, situated on the 20th floor ...",Naman Reality,Dealer,,https://www.99acres.com/2-bhk-bedroom-apartment-flat-for-sale-in-peninsula-ashok-towers-parel-south-mumbai-750-sqft-spid-C92036456,,2
J85624404,PROPERTY,"3 BHK Flat in Parel, Mumbai","3 BHK Flat in Parel, Mumbai",L&T Crescent Bay,"Parel, Mumbai",₹5.08 Cr,"₹41,067 /sqft","1,237 sqft",(115 sqm),Carpet Area,3 BHK,2,Ready To Move,25th out of 59 Floors | Overlooking Park,,"This beautiful 3 bhk flat in parel, mumbai south is situated in l&t crescent bay, one of the popular residential society in mumbai south. The flat is east-Facing. The flat occupies a carpet area of 1237 sq.Ft. That consists of 3 bedrooms, 2 bathrooms and 2 balconies. The flat has a total of 59 floors and this property is situated on 25th floor. This 1-5 years old property is available for immed...",Kothari Realtors,,,https://www.99acres.com/3-bhk-bedroom-apartment-flat-for-sale-in-l-t-crescent-bay-parel-south-mumbai-1237-sqft-r2-spid-J85624404,,2
L93351528,PROPERTY,"3 BHK Flat in Parel, Mumbai","3 BHK Flat in Parel, Mumbai",Rajkamal Heights,"Parel, Mumbai",₹4.6 Cr,"₹32,857 /sqft","1,400 sqft",(130 sqm),Built-up Area,3 BHK,3,Ready To Move,7th out of 20 Floors | North Facing,,"This is a north-Facing property. The floor plan additionally contains 3 bedroom(s), 3 bathrooms . All in all, the flat is spread over a built up area of 1400 sq.Ft. This flat is situated on the 7th floor of this 20 floors tall residential building. This 10+ years old property is available for immediate possession as the project is ready to move. The flat comes well built with ceramic flooring o...",Kumar Estate Agency,Dealer,,https://www.99acres.com/3-bhk-bedroom-apartment-flat-for-sale-in-rajkamal-heights-parel-south-mumbai-1400-sqft-spid-L93351528,,2
H91501930,PROPERTY,"3 BHK Flat in Parel, Mumbai","3 BHK Flat in Parel, Mumbai",Peninsula Celestia Spaces,"Parel, Mumbai",₹5.1 Cr,"₹27,567 /sqft","1,850 sqft",(172 sqm),Super Built-up Area,3 BHK,3,Ready To Move,5th out of 50 Floors | Overlooking Park,,"Peninsula celestia spaces in parel, mumbai is a ready-To-Move housing society. It offers apartments in varied budget range. These units are a perfect combination of comfort and style, specifically designed to suit your requirements and conveniences. There are 2bhk and 3bhk apartments available in this project. This housing society is now ready to be called home as families have started moving i...",Vaibhav Realty,Dealer,,https://www.99acres.com/3-bhk-bedroom-apartment-flat-for-sale-in-peninsula-celestia-spaces-parel-south-mumbai-1850-sqft-spid-H91501930,,2
O92348560,PROPERTY,"2 BHK Flat in Parel, Mumbai","2 BHK Flat in Parel, Mumbai",Peninsula Celestia Spaces,"Parel, Mumbai",₹4.25 Cr,"₹48,850 /sqft",870 sqft,(81 sqm),Carpet Area,2 BHK,2,Ready To Move,49th out of 50 Floors | Overlooking Park,,"Situated on the 49th floor of a high-Rise at peninsula celestia spaces, this 2 bhk flat offers 870 sqft of modern living space. With 2 bedrooms and 2 bathrooms, the unit is just 1-5 years old and available immediately. Enjoy nearby amenities including a gym, clubhouse, pool, and excellent connectivity to mumbai sewri railway and mint colony metro station.",Owner,1mo ago,,https://www.99acres.com/2-bhk-bedroom-apartment-flat-for-sale-in-peninsula-celestia-spaces-parel-south-mumbai-870-sqft-spid-O92348560,,2
Z92621936,PROPERTY,"3 BHK Flat in Parel East, Mumbai","3 BHK Flat in Parel East, Mumbai",Ruparel Jewel,"Parel East, Mumbai",₹7.75 Cr,"₹32,024 /sqft","2,420 sqft",(225 sqm),Super Built-up Area,3 BHK,4,Ready To Move,30th out of 63 Floors | Overlooking Park,,"The flat is facing the north-East direction. The flat is over 2420 sq.Ft. Super built up area and comes with 3 bedroom(s), 4 bathrooms and 2 balconies. This flat lies on the 30th level of a 63 storey building. Being a ready to move project, you can expect immediate possession of this 1-5 years old property. The vitrified flooring of this flat is beautifully designed and helps to give it a pleas...",FIVE PILLARS,Dealer,,https://www.99acres.com/3-bhk-bedroom-apartment-flat-for-sale-in-ruparel-jewel-parel-east-south-mumbai-2420-sqft-spid-Z92621936,,2
G85607144,PROPERTY,"2 BHK Flat in Parel, Mumbai","2 BHK Flat in Parel, Mumbai",L&T Crescent Bay,"Parel, Mumbai",₹3.68 Cr,"₹42,790 /sqft",860 sqft,(80 sqm),Carpet Area,2 BHK,2,Ready To Move,33rd out of 59 Floors | Overlooking Park,,"This 2 bhk apartment is available for sale in l&t crescent bay, one of the most prominent projects for flats in parel, mumbai south. The flat is east-Facing. Constructed on a carpet area of 860 sq.Ft., the flat comprises 2 bedroom(s), 2 bathrooms . This flat is situated on the 33rd floor of this 59 floors tall residential building. An added advantage of this 1-5 years old flat is that it is ava...",Kothari Realtors,,,https://www.99acres.com/2-bhk-bedroom-apartment-flat-for-sale-in-l-t-crescent-bay-parel-south-mumbai-860-sqft-r1-spid-G85607144,,2
T93022692,PROPERTY,"3 BHK Flat in Parel, Mumbai","3 BHK Flat in Parel, Mumbai",L&T Crescent Bay,"Parel, Mumbai",₹6.35 Cr,"₹28,222 /sqft","2,250 sqft",(209 sqm),Super Built-up Area,3 BHK,3,Ready To Move,30th out of 54 Floors | Overlooking Sea,,"Constructed on a super built up area of 2250 sq.Ft., the flat comprises 3 bedroom(s), 3 bathrooms and more than 3 balconies. The residential building has 54 floors in total and the flat for sale is located on the 30th floor, series 4. This residential property is still under construction and will be available for possession immediately. Many of the modern amenities being offered, like swimming ...",Owner,1w ago,,https://www.99acres.com/3-bhk-bedroom-apartment-flat-for-sale-in-l-t-crescent-bay-parel-south-mumbai-2250-sqft-spid-T93022692,,2
O93359704,PROPERTY,"3 BHK Flat in Parel, Mumbai","3 BHK Flat in Parel, Mumbai",Om Dharti Heights,"Parel, Mumbai",₹4.97 Cr,"₹46,018 /sqft","1,080 sqft",(100 sqm),Carpet Area,3 BHK,3,Ready To Move,23rd out of 39 Floors | 2 side open,,"The flat is facing the west direction. The flat occupies a carpet area of 1080 sq.Ft. That consists of 3 bedrooms, 3 bathrooms and 3 balconies. The property is located on the 23rd floor of a 39 floors tall building. As the property is currently under construction , you can expect to get the possession immediately. The vitrified flooring of this flat is beautifully designed and helps to give it ...",Ask realtors,,,https://www.99acres.com/3-bhk-bedroom-apartment-flat-for-sale-in-om-dharti-heights-parel-south-mumbai-1080-sqft-spid-O93359704,,2
A92289772,PROPERTY,"3 BHK Flat in Parel, Mumbai","3 BHK Flat in Parel, Mumbai",Lodha Venezia,"Parel, Mumbai",₹5.3 Cr,"₹48,181 /sqft","1,100 sqft",(102 sqm),Carpet Area,3 BHK,3,Ready To Move,28th out of 65 Floors | 2 Covered Parking,,"Constructed on a carpet area of 1100 sq.Ft., the flat comprises 3 bedroom(s), 3 bathrooms and 1 balcony. This flat is situated on the 28th floor of this 65 floors tall residential building. Being a ready to move project, you can expect immediate possession of this 5-10 years old property. All the modern amenities such as swimming pool, gymnasium, club house, park, lift(s), security guard and ma...",Shree Tirupati Estate Agency,Dealer,,https://www.99acres.com/3-bhk-bedroom-apartment-flat-for-sale-in-lodha-venezia-parel-south-mumbai-1100-sqft-spid-A92289772,,2
S92027072,PROPERTY,"3 BHK Flat in Parel East, Mumbai","3 BHK Flat in Parel East, Mumbai",L&T Crescent Bay,"Parel East, Mumbai",₹7.5 Cr,"₹51,724 /sqft","1,450 sqft",(135 sqm),Carpet Area,3 BHK,3,Ready To Move,52nd out of 59 Floors | Overlooking Park,,"This is a east-Facing property. Containing 3 bedroom(s), 3 bathrooms and 2 balconies, this flat is spread over a carpet area of 1450 sq.Ft. This flat lies on the 52nd level of a 59 storey building. Being a ready to move project, you can expect immediate possession of this 0-1 year old property. The floor of this flat is beautifully designed using vitrified flooring, giving the flat an alluring ...",Xtreme Properties,Dealer,,https://www.99acres.com/3-bhk-bedroom-apartment-flat-for-sale-in-l-t-crescent-bay-parel-east-south-mumbai-1450-sqft-spid-S92027072,,2
Z90288954,PROPERTY,"2 BHK Flat in Parel, Mumbai","2 BHK Flat in Parel, Mumbai",Lodha Venezia,"Parel, Mumbai",₹4.5 Cr,"₹53,956 /sqft",834 sqft,(77 sqm),Carpet Area,2 BHK,2,Ready To Move,20th out of 65 Floors | Overlooking Park,,"This residential flat is south-Facing direction. Containing 2 bedroom(s), 2 bathrooms and 1 balcony, this flat is spread over a carpet area of 834 sq.Ft. This flat is situated on the 20th floor of this 65 floors tall residential building. Being a ready to move project, you can expect immediate possession of this 1-5 years old property. The marble flooring of this flat is beautifully designed an...",Sagar Reality,Dealer,,https://www.99acres.com/2-bhk-bedroom-apartment-flat-for-sale-in-lodha-venezia-parel-south-mumbai-834-sqft-spid-Z90288954,,2
C91502534,PROPERTY,"3 BHK Flat in Parel, Mumbai","3 BHK Flat in Parel, Mumbai",L&T Crescent Bay,"Parel, Mumbai",₹6 Cr,"₹30,000 /sqft","2,000 sqft",(186 sqm),Super Built-up Area,3 BHK,3,Ready To Move,20th out of 54 Floors | Overlooking Park,,"Crescent bay, mumbai's finest landmark in parel, features six residential towers forming a crescent shape. Each tower, built on an elevated podium, offers panoramic views of the city skyline and arabian sea. Parel is a fast-Developing residential locality known for its prime commercial centers, reputed schools, hospitals, banks, luxury retail stores, shopping malls, and premium entertainment hu...",Vaibhav Realty,Dealer,,https://www.99acres.com/3-bhk-bedroom-apartment-flat-for-sale-in-l-t-crescent-bay-parel-south-mumbai-2000-sqft-spid-C91502534,,2
E93302224,PROPERTY,"3 BHK Flat in Lalbaug, Parel","3 BHK Flat in Lalbaug, Parel",Pier 33,"Lalbaug, Parel",₹6.66 Cr,"₹41,651 /sqft","1,599 sqft",(149 sqm),Carpet Area,3 BHK,3,Ready To Move,9th out of 23 Floors | Overlooking Main Road,,"This residential flat is west-Facing direction. The floor plan additionally contains 3 bedroom(s), 3 bathrooms . All in all, the flat is spread over a carpet area of 1599 sq.Ft. The residential building has 23 floors in total and the flat for sale is located on the 9th floor. This residential flat is currently under construction and you can expect the possession of the same immediately. The flo...",Ask realtors,,,https://www.99acres.com/3-bhk-bedroom-apartment-flat-for-sale-in-lalbaug-south-mumbai-1599-sqft-spid-E93302224,,3
C93302146,PROPERTY,"3 BHK Flat in Lalbaug, Parel","3 BHK Flat in Lalbaug, Parel",Pier 33,"Lalbaug, Parel",₹6.65 Cr,"₹41,588 /sqft","1,599 sqft",(149 sqm),Carpet Area,3 BHK,3,Ready To Move,8th out of 23 Floors | Overlooking Main Road,,"This is a west-Facing property. The flat occupies a carpet area of 1599 sq.Ft. That consists of 3 bedrooms, 3 bathrooms . This flat lies on the 8th level of a 23 storey building. As the property is currently under construction , you can expect to get the possession immediately. The flat comes well built with vitrified flooring options. Many of the modern amenities being offered, like swimming p...",Ask realtors,,,https://www.99acres.com/3-bhk-bedroom-apartment-flat-for-sale-in-lalbaug-south-mumbai-1599-sqft-spid-C93302146,,3
C92274894,PROPERTY,"2 BHK Flat in Parel, Mumbai","2 BHK Flat in Parel, Mumbai",L&T Crescent Bay,"Parel, Mumbai",₹4 Cr,"₹42,105 /sqft",950 sqft,(88 sqm),Carpet Area,2 BHK,2,Ready To Move,45th out of 49 Floors | Private Garden,,"This is a south-East-Facing property. The flat is over 950 sq.Ft. Carpet area and comes with 2 bedroom(s), 2 bathrooms and 2 balconies. The flat has a total of 49 floors and this property is situated on 45th floor. An added advantage of this 1-5 years old flat is that it is available for immediate possession as the project is already ready to move. The floor of this flat is beautifully designed...",IMPERIAL ESTATE,Dealer,,https://www.99acres.com/2-bhk-bedroom-apartment-flat-for-sale-in-l-t-crescent-bay-parel-south-mumbai-950-sqft-spid-C92274894,,3
D92618118,PROPERTY,"2 BHK Flat in Parel, Mumbai","2 BHK Flat in Parel, Mumbai",L&T Crescent Bay,"Parel, Mumbai",₹4.4 Cr,"₹46,315 /sqft",950 sqft,(88 sqm),Carpet Area,2 BHK,2,Ready To Move,38th out of 59 Floors | Overlooking Park,,"The flat is facing the west direction. Containing 2 bedroom(s), 2 bathrooms and 1 balcony, this flat is spread over a carpet area of 950 sq.Ft. This flat lies on the 38th level of a 59 storey building. This is a ready to move project and the property is 1-5 years old. The beautifully designed marble flooring enhances the beauty of the flat. Another plus point for this is that it is situated nea...",Property Butler LLP,Dealer,,https://www.99acres.com/2-bhk-bedroom-apartment-flat-for-sale-in-l-t-crescent-bay-parel-south-mumbai-950-sqft-spid-D92618118,,3
A91798254,PROPERTY,"3 BHK Flat in Parel East, Mumbai","3 BHK Flat in Parel East, Mumbai",L&T Crescent Bay,"Parel East, Mumbai",₹10.1 Cr,"₹36,348 /sqft","2,780 sqft",(258 sqm),Super Built-up Area,3 BHK,4,Ready To Move,47th out of 59 Floors | Overlooking Park,,"Premium higher floor residences in crescent bay tower 6 - Ready to move, oc received apartments. - Exclusive higher floors for privacy and panoramic views. - 11ft height - Ac vrv system - Modular kitchen - World class amenities + exclusive gym for t6 residents",Ignite Properties and Services,Dealer,,https://www.99acres.com/3-bhk-bedroom-apartment-flat-for-sale-in-l-t-crescent-bay-parel-east-south-mumbai-2780-sqft-spid-A91798254,,3
T85624480,PROPERTY,"3 BHK Flat in Parel, Mumbai","3 BHK Flat in Parel, Mumbai",L&T Crescent Bay,"Parel, Mumbai",₹5.4 Cr,"₹43,654 /sqft","1,237 sqft",(115 sqm),Carpet Area,3 BHK,2,Ready To Move,30th out of 59 Floors | Overlooking Park,,"Located in the popular residential address of parel, mumbai south, l&t crescent bay is one of the most preferred destination for apartments in mumbai south. This 3 bhk flat is your ticket to be a part of this community. This property faces the east direction. The flat occupies a carpet area of 1237 sq.Ft. That consists of 3 bedrooms, 2 bathrooms and 1 balcony. The residential building has 59 fl...",Kothari Realtors,,,https://www.99acres.com/3-bhk-bedroom-apartment-flat-for-sale-in-l-t-crescent-bay-parel-south-mumbai-1237-sqft-r2-spid-T85624480,,3
Q90173404,PROPERTY,"3 BHK Flat in Parel, Mumbai","3 BHK Flat in Parel, Mumbai",Peninsula Celestia Spaces,"Parel, Mumbai",₹5.3 Cr,"₹43,054 /sqft","1,231 sqft",(114 sqm),Carpet Area,3 BHK,3,Under Construction,11th out of 50 Floors | Overlooking Main Road,,"This property faces the north-East direction. The floor plan additionally contains 3 bedroom(s), 3 bathrooms . All in all, the flat is spread over a carpet area of 1231 sq.Ft. This flat is situated on the 11th floor of this 50 floors tall residential building. The floor of this flat is beautifully designed using vitrified flooring, giving the flat an alluring look. The society complex is in the...",THRIVE SPACES PRIVATE LIMITED,,,https://www.99acres.com/3-bhk-bedroom-apartment-flat-for-sale-in-peninsula-celestia-spaces-parel-south-mumbai-1231-sqft-r1-spid-Q90173404,,3
T85623468,PROPERTY,"3 BHK Flat in Parel, Mumbai","3 BHK Flat in Parel, Mumbai",L&T Crescent Bay,"Parel, Mumbai",₹5.42 Cr,"₹45,166 /sqft","1,200 sqft",(111 sqm),Carpet Area,3 BHK,2,Ready To Move,26th out of 59 Floors | Overlooking Park,,"Situated in parel, mumbai south, l&t crescent bay is a well planned society that offers a pleasant living experience to its residents. This 3 bhk flat in mumbai south is your opportunity to be a part of this community. The flat is facing the east direction. The floor plan additionally contains 3 bedroom(s), 2 bathrooms and 1 balcony. All in all, the flat is spread over a carpet area of 1200 sq....",Kothari Realtors,,,https://www.99acres.com/3-bhk-bedroom-apartment-flat-for-sale-in-l-t-crescent-bay-parel-south-mumbai-1200-sqft-r1-spid-T85623468,,3
K92313004,PROPERTY,"3 BHK Flat in Parel, Mumbai","3 BHK Flat in Parel, Mumbai",Bhoomi Simana,"Parel, Mumbai",₹6.21 Cr,"₹37,750 /sqft","1,645 sqft",(153 sqm),Super Built-up Area,3 BHK,3,Ready To Move,22nd out of 53 Floors | North-East Facing,,"The flat is north-East-Facing. Constructed on a super built up area of 1645 sq.Ft., the flat comprises 3 bedroom(s), 3 bathrooms . This flat lies on the 22nd level of a 53 storey building. As the project is already ready to move, so you can easily move into this 0-1 year old property. The vitrified flooring of this flat is beautifully designed and helps to give it a pleasing look. Many of the m...",PROPSERVE INDIA REALTY LLP,,,https://www.99acres.com/3-bhk-bedroom-apartment-flat-for-sale-in-bhoomi-simana-parel-south-mumbai-1645-sqft-spid-K92313004,,3
K92307364,PROPERTY,"4 BHK Flat in Parel, Mumbai","4 BHK Flat in Parel, Mumbai",Bhoomi Simana,"Parel, Mumbai",₹8.9 Cr,"₹37,426 /sqft","2,378 sqft",(221 sqm),Super Built-up Area,4 BHK,4,Ready To Move,12th out of 53 Floors | North-East Facing,,"This is a north-East-Facing property. Containing 4 bedroom(s), 4 bathrooms , this flat is spread over a super built up area of 2378 sq.Ft. The flat has a total of 53 floors and this property is situated on 12th floor. This is a ready to move project and the property is 0-1 year old. The well built vitrified flooring enhances the aesthetic appeal of this flat. The flat will offer a modern lifest...",PROPSERVE INDIA REALTY LLP,,,https://www.99acres.com/4-bhk-bedroom-apartment-flat-for-sale-in-bhoomi-simana-parel-south-mumbai-2378-sqft-spid-K92307364,,3
M92313482,PROPERTY,"4 BHK Flat in Parel, Mumbai","4 BHK Flat in Parel, Mumbai",Bhoomi Simana,"Parel, Mumbai",₹8.91 Cr,"₹37,468 /sqft","2,378 sqft",(221 sqm),Super Built-up Area,4 BHK,4,Ready To Move,23rd out of 53 Floors | North-East Facing,,"This residential flat is north-East-Facing direction. The floor plan additionally contains 4 bedroom(s), 4 bathrooms . All in all, the flat is spread over a super built up area of 2378 sq.Ft. This flat lies on the 23rd level of a 53 storey building. This is a ready to move project and the property is 0-1 year old. The beautifully designed vitrified flooring enhances the beauty of the flat. The ...",PROPSERVE INDIA REALTY LLP,,,https://www.99acres.com/4-bhk-bedroom-apartment-flat-for-sale-in-bhoomi-simana-parel-south-mumbai-2378-sqft-spid-M92313482,,3
O92865048,PROPERTY,"3 BHK Flat in Parel, Mumbai","3 BHK Flat in Parel, Mumbai",L&T Crescent Bay,"Parel, Mumbai",₹6 Cr,"₹42,857 /sqft","1,400 sqft",(130 sqm),Carpet Area,3 BHK,3,Ready To Move,21st out of 59 Floors,,"Constructed on a carpet area of 1400 sq.Ft., the flat comprises 3 bedroom(s), 3 bathrooms and 1 balcony. This flat is situated on the 21st floor of this 59 floors tall residential building. Being a ready to move project, you can expect immediate possession of this 1-5 years old property. L&t crescent bay is designed very well to provide modern facilities such as swimming pool, gymnasium, club h...",Property Butler LLP,Dealer,,https://www.99acres.com/3-bhk-bedroom-apartment-flat-for-sale-in-l-t-crescent-bay-parel-south-mumbai-1400-sqft-spid-O92865048,,3
T92574766,PROPERTY,"3 BHK Flat in Parel, Mumbai","3 BHK Flat in Parel, Mumbai",Ruparel Ariana,"Parel, Mumbai",₹6 Cr,"₹44,411 /sqft","1,351 sqft",(126 sqm),Carpet Area,3 BHK,3,Ready To Move,65th out of 73 Floors | Overlooking Park,,"Behold the splendour of ruparel ariana. Where luxury is redefined. Where every inch is moulded to perfection. And where unstinting luxury speaks about the grandness, sprawled all around it.With its massive height making it a 73 storeyed elegant tower, ariana is all set to give you a life as majestic as kings. As grand as the grandness itself.",Property Pro,,,https://www.99acres.com/3-bhk-bedroom-apartment-flat-for-sale-in-ruparel-ariana-parel-south-mumbai-1351-sqft-spid-T92574766,,3
R74202311,PROPERTY,"3 BHK Flat in Parel, Mumbai","3 BHK Flat in Parel, Mumbai",Lodha Venezia,"Parel, Mumbai",₹6.25 Cr,"₹56,818 /sqft","1,100 sqft",(102 sqm),Carpet Area,3 BHK,3,Ready To Move,26th out of 65 Floors | East Facing,,"Lodha venezia is one of mumbai south's most sought after destination for apartments and this 3 bhk flat in parel is your opportunity to be a part of this community. The flat occupies a carpet area of 1100 sq.Ft. That consists of 3 bedrooms, 3 bathrooms and 1 balcony. The property is located on the 26th floor of a 65 floors tall building. This 0-1 year old property is available for immediate pos...",LAXMI PROPERTY,,,https://www.99acres.com/3-bhk-bedroom-apartment-flat-for-sale-in-lodha-venezia-parel-south-mumbai-1100-sqft-r6-spid-R74202311,,3
H90289076,PROPERTY,"3 BHK Flat in Parel, Mumbai","3 BHK Flat in Parel, Mumbai",Lodha Venezia,"Parel, Mumbai",₹6.5 Cr,"₹51,060 /sqft","1,273 sqft",(118 sqm),Carpet Area,3 BHK,3,Ready To Move,16th out of 65 Floors | Overlooking Park,,"This property faces the south direction. The floor plan additionally contains 3 bedroom(s), 3 bathrooms and 1 balcony. All in all, the flat is spread over a carpet area of 1273 sq.Ft. This flat lies on the 16th level of a 65 storey building. An added advantage of this 1-5 years old flat is that it is available for immediate possession as the project is already ready to move. The beautifully des...",Sagar Reality,Dealer,,https://www.99acres.com/3-bhk-bedroom-apartment-flat-for-sale-in-lodha-venezia-parel-south-mumbai-1273-sqft-spid-H90289076,,3
Q92027242,PROPERTY,"3 BHK Flat in Parel East, Mumbai","3 BHK Flat in Parel East, Mumbai",L&T Crescent Bay,"Parel East, Mumbai",₹6.5 Cr,"₹50,000 /sqft","1,300 sqft",(121 sqm),Carpet Area,3 BHK,3,Ready To Move,49th out of 59 Floors | Overlooking Park,,"The flat is facing the north-East direction. The floor plan additionally contains 3 bedroom(s), 3 bathrooms and 2 balconies. All in all, the flat is spread over a carpet area of 1300 sq.Ft. The flat has a total of 59 floors and this property is situated on 49th floor. As the project is already ready to move, so you can easily move into this 0-1 year old property. The beautifully designed vitrif...",Xtreme Properties,Dealer,,https://www.99acres.com/3-bhk-bedroom-apartment-flat-for-sale-in-l-t-crescent-bay-parel-east-south-mumbai-1300-sqft-spid-Q92027242,,3
K91240116,PROPERTY,"3 BHK Flat in Parel, Mumbai","3 BHK Flat in Parel, Mumbai",Runwal Parel,"Parel, Mumbai",₹6.34 Cr,"₹47,818 /sqft","1,325 sqft",(123 sqm),Carpet Area,3 BHK,4,Ready To Move,23rd out of 46 Floors | Overlooking Sea,,"This residential flat is north-East-Facing direction. The flat occupies a carpet area of 1325 sq.Ft. That consists of 3 bedrooms, 4 bathrooms and 1 balcony. This flat is situated on the 23rd floor of this 46 floors tall residential building. Being a ready to move project, you can expect immediate possession of this 0-1 year old property. The flat comes well built with ceramic flooring options. ...",PRAMOD GAIKAR,Dealer,,https://www.99acres.com/3-bhk-bedroom-apartment-flat-for-sale-in-runwal-parel-parel-south-mumbai-1325-sqft-spid-K91240116,,3
D92621470,PROPERTY,"3 BHK Flat in Parel, Mumbai","3 BHK Flat in Parel, Mumbai",L&T Crescent Bay,"Parel, Mumbai",₹7.1 Cr,"₹54,615 /sqft","1,300 sqft",(121 sqm),Carpet Area,3 BHK,3,Ready To Move,36th out of 59 Floors,,"This property faces the west direction. The flat is over 1300 sq.Ft. Carpet area and comes with 3 bedroom(s), 3 bathrooms and 1 balcony. The property is located on the 36th floor of a 59 floors tall building. As the project is already ready to move, so you can easily move into this 1-5 years old property. The beautifully designed marble flooring enhances the beauty of the flat. The society comp...",Property Butler LLP,Dealer,,https://www.99acres.com/3-bhk-bedroom-apartment-flat-for-sale-in-l-t-crescent-bay-parel-south-mumbai-1300-sqft-spid-D92621470,,3
S93082830,PROPERTY,"3 BHK Flat in Parel, Mumbai","3 BHK Flat in Parel, Mumbai",Ruparel Ariana,"Parel, Mumbai",₹6.5 Cr,"₹46,001 /sqft","1,413 sqft",(131 sqm),Carpet Area,3 BHK,3,Ready To Move,60th out of 65 Floors,,"Behold the splendour of ruperal ariana. Where luxury is redefined. Where every inch is moulded to perfection. And where unstinting luxury speaks about the grandness, sprawled all around it. With its massive height making it a 73 storeyed elegant tower, ariana is all set to give you a life as majestic as kings. As grand as the grandness itself.",Property Pro,,,https://www.99acres.com/3-bhk-bedroom-apartment-flat-for-sale-in-ruparel-ariana-parel-south-mumbai-1413-sqft-spid-S93082830,,3
O91645606,PROPERTY,"3 BHK Flat in Parel East, Mumbai","3 BHK Flat in Parel East, Mumbai",Ruparel Ariana,"Parel East, Mumbai",₹6.6 Cr,"₹46,715 /sqft","1,413 sqft",(131 sqm),Carpet Area,3 BHK,3,Ready To Move,60th out of 67 Floors | 1 Covered Parking,,"Ruparel ariana | parel east, mumbai An address above the ordinary Ruparel ariana is a landmark luxury residential development crafted for discerning homeowners seeking exclusivity, connectivity, and an elevated lifestyle in the heart of mumbai. Rising gracefully above the city skyline, this iconic tower combines contemporary architecture, thoughtfully designed residences, and world-Class amenit...",High Street Realtors,Dealer,,https://www.99acres.com/3-bhk-bedroom-apartment-flat-for-sale-in-ruparel-ariana-parel-east-south-mumbai-1413-sqft-spid-O91645606,,3
W92026712,PROPERTY,"3 BHK Flat in Parel East, Mumbai","3 BHK Flat in Parel East, Mumbai",L&T Crescent Bay,"Parel East, Mumbai",₹7 Cr,"₹50,000 /sqft","1,400 sqft",(130 sqm),Carpet Area,3 BHK,3,Ready To Move,49th out of 59 Floors | Overlooking Park,,"This is a north-East-Facing property. Constructed on a carpet area of 1400 sq.Ft., the flat comprises 3 bedroom(s), 3 bathrooms and 2 balconies. This flat is situated on the 49th floor of this 59 floors tall residential building. An added advantage of this 0-1 year old flat is that it is available for immediate possession as the project is already ready to move. The well built vitrified floorin...",Xtreme Properties,Dealer,,https://www.99acres.com/3-bhk-bedroom-apartment-flat-for-sale-in-parel-east-south-mumbai-1400-sqft-spid-W92026712,,3
K90252394,PROPERTY,"3 BHK Flat in Parel, Mumbai","3 BHK Flat in Parel, Mumbai",Peninsula Celestia Spaces,"Parel, Mumbai",₹6.5 Cr,"₹44,308 /sqft","1,467 sqft",(136 sqm),Carpet Area,3 BHK,4,Ready To Move,30th out of 50 Floors | North-East Facing,,"This is a north-East-Facing property. The flat is over 1467 sq.Ft. Carpet area and comes with 3 bedroom(s), 4 bathrooms . The flat has a total of 50 floors and this property is situated on 30th floor. This 1-5 years old property is available for immediate possession as the project is ready to move. The well built vitrified flooring enhances the aesthetic appeal of this flat. This flat is locate...",THRIVE SPACES PRIVATE LIMITED,,,https://www.99acres.com/3-bhk-bedroom-apartment-flat-for-sale-in-peninsula-celestia-spaces-parel-south-mumbai-1467-sqft-r1-spid-K90252394,,3
B91706070,PROPERTY,"2 BHK Flat in Parel, Mumbai","2 BHK Flat in Parel, Mumbai",Evita Empress,"Parel, Mumbai",₹6.5 Cr,"₹44,827 /sqft","1,450 sqft",(135 sqm),Carpet Area,2 BHK,3,Ready To Move,3rd out of 19 Floors | Overlooking Park,,"This 2 bhk flat at evita empress, parel, mumbai south spans 1450 sqft on the 3rd floor of a 19-Story high-Rise. Ready for immediate sale, the 5-10 year old residence includes 2 bedrooms and 3 bathrooms. Residents enjoy amenities like lift access, power backup, and a swimming pool, with nearby hospitals and temples adding convenience.",Owner,1mo ago,,https://www.99acres.com/2-bhk-bedroom-apartment-flat-for-sale-in-evita-empress-parel-south-mumbai-1450-sqft-spid-B91706070,,3
M92026986,PROPERTY,"3 BHK Flat in Parel East, Mumbai","3 BHK Flat in Parel East, Mumbai",L&T Crescent Bay,"Parel East, Mumbai",₹7.3 Cr,"₹50,554 /sqft","1,444 sqft",(134 sqm),Carpet Area,3 BHK,3,Ready To Move,49th out of 59 Floors | Overlooking Park,,"The flat is facing the east direction. The flat occupies a carpet area of 1444 sq.Ft. That consists of 3 bedrooms, 3 bathrooms and 2 balconies. The property is located on the 49th floor of a 59 floors tall building. An added advantage of this 0-1 year old flat is that it is available for immediate possession as the project is already ready to move. The flat comes well built with vitrified floor...",Xtreme Properties,Dealer,,https://www.99acres.com/3-bhk-bedroom-apartment-flat-for-sale-in-l-t-crescent-bay-parel-east-south-mumbai-1444-sqft-spid-M92026986,,3
K92027698,PROPERTY,"4 BHK Flat in Parel East, Mumbai","4 BHK Flat in Parel East, Mumbai",L&T Crescent Bay,"Parel East, Mumbai",₹11.99 Cr,"₹53,241 /sqft","2,252 sqft",(209 sqm),Carpet Area,4 BHK,4,Ready To Move,54th out of 59 Floors | Overlooking Park,,"The flat is east-Facing. Constructed on a carpet area of 2252 sq.Ft., the flat comprises 4 bedroom(s), 4 bathrooms and 2 balconies. The property is located on the 54th floor of a 59 floors tall building. Being a ready to move project, you can expect immediate possession of this 0-1 year old property. The well built vitrified flooring enhances the aesthetic appeal of this flat. Many of the moder...",Xtreme Properties,Dealer,,https://www.99acres.com/4-bhk-bedroom-apartment-flat-for-sale-in-l-t-crescent-bay-parel-east-south-mumbai-2252-sqft-spid-K92027698,,3
J92649166,PROPERTY,"3 BHK Flat in Parel, Mumbai","3 BHK Flat in Parel, Mumbai",L&T Crescent Bay,"Parel, Mumbai",₹6.5 Cr,"₹30,232 /sqft","2,150 sqft",(200 sqm),Built-up Area,3 BHK,3,Ready To Move,30th out of 54 Floors | Overlooking Sea,,"The flat is north-East-Facing. The flat occupies a built up area of 2150 sq.Ft. That consists of 3 bedrooms, 3 bathrooms and more than 3 balconies. This flat is situated on the 30th floor of this 54 floors tall residential building. As the project is already ready to move, so you can easily move into this 5-10 years old property. The vitrified flooring of this flat is beautifully designed and h...",Owner,3w ago,,https://www.99acres.com/3-bhk-bedroom-apartment-flat-for-sale-in-l-t-crescent-bay-parel-south-mumbai-2150-sqft-spid-J92649166,,4
V92025896,PROPERTY,"4 BHK Flat in Parel, Mumbai","4 BHK Flat in Parel, Mumbai",L&T Crescent Bay,"Parel, Mumbai",₹11.25 Cr,"₹58,746 /sqft","1,915 sqft",(178 sqm),Carpet Area,4 BHK,4,Ready To Move,54th out of 59 Floors | Overlooking Main Road,,"The flat is facing the east direction. The flat is over 1915 sq.Ft. Carpet area and comes with 4 bedroom(s), 4 bathrooms and 2 balconies. This flat lies on the 54th level of a 59 storey building. This is a ready to move project and the property is 0-1 year old. The beautifully designed vitrified flooring enhances the beauty of the flat. The flat will offer a modern lifestyle as it is presented ...",Xtreme Properties,Dealer,,https://www.99acres.com/4-bhk-bedroom-apartment-flat-for-sale-in-l-t-crescent-bay-parel-south-mumbai-1915-sqft-spid-V92025896,,4
M91798560,PROPERTY,"4 BHK Flat in Parel East, Mumbai","4 BHK Flat in Parel East, Mumbai",L&T Crescent Bay,"Parel East, Mumbai",₹14.34 Cr,"₹35,342 /sqft","4,056 sqft",(377 sqm),Super Built-up Area,4 BHK,4,Ready To Move,52nd out of 59 Floors | Overlooking Main Road,,"Premium higher floor residences in l&t crescent bay - Tower 6, ready to move apartments, oc received, now available for sale.",Ignite Properties and Services,Dealer,,https://www.99acres.com/4-bhk-bedroom-apartment-flat-for-sale-in-l-t-crescent-bay-parel-east-south-mumbai-4056-sqft-spid-M91798560,,4
Z92027608,PROPERTY,"4 BHK Flat in Parel East, Mumbai","4 BHK Flat in Parel East, Mumbai",L&T Crescent Bay,"Parel East, Mumbai",₹11.8 Cr,"₹53,758 /sqft","2,195 sqft",(204 sqm),Carpet Area,4 BHK,4,Ready To Move,53rd out of 59 Floors | Overlooking Park,,"The flat is facing the east direction. Constructed on a carpet area of 2195 sq.Ft., the flat comprises 4 bedroom(s), 4 bathrooms and 2 balconies. The property is located on the 53rd floor of a 59 floors tall building. This 0-1 year old property is available for immediate possession as the project is ready to move. The well built vitrified flooring enhances the aesthetic appeal of this flat. The...",Xtreme Properties,Dealer,,https://www.99acres.com/4-bhk-bedroom-apartment-flat-for-sale-in-l-t-crescent-bay-parel-east-south-mumbai-2195-sqft-spid-Z92027608,,4
U92071094,PROPERTY,"3 BHK Flat in Parel, Mumbai","3 BHK Flat in Parel, Mumbai",L&T Crescent Bay,"Parel, Mumbai",₹10.99 Cr,"₹61,055 /sqft","1,800 sqft",(167 sqm),Carpet Area,3 BHK,4,Ready To Move,52nd out of 54 Floors | Overlooking Park,,"Containing 3 bedroom(s), 4 bathrooms and 1 balcony, this flat is spread over a carpet area of 1800 sq.Ft. This flat lies on the 52nd level of a 54 storey building. As the project is already ready to move, so you can easily move into this 1-5 years old property. L&t crescent bay is designed very well to provide modern facilities such as swimming pool, fitness centre / gym, club house, park, cctv...",Dream Properties,,,https://www.99acres.com/3-bhk-bedroom-apartment-flat-for-sale-in-l-t-crescent-bay-parel-south-mumbai-1800-sqft-spid-U92071094,,4
L92819774,PROPERTY,"3 BHK Flat in Parel, Mumbai","3 BHK Flat in Parel, Mumbai",L&T Crescent Bay,"Parel, Mumbai",₹10.75 Cr,"₹65,349 /sqft","1,645 sqft",(153 sqm),Carpet Area,3 BHK,4,Ready To Move,54th out of 59 Floors,,"This residential flat is west-Facing direction. The flat occupies a carpet area of 1645 sq.Ft. That consists of 3 bedrooms, 4 bathrooms and 1 balcony. The property is located on the 54th floor of a 59 floors tall building. This 1-5 years old property is available for immediate possession as the project is ready to move. The marble flooring of this flat is beautifully designed and helps to give ...",Property Butler LLP,Dealer,,https://www.99acres.com/3-bhk-bedroom-apartment-flat-for-sale-in-l-t-crescent-bay-parel-south-mumbai-1645-sqft-spid-L92819774,,4
I92027546,PROPERTY,"4 BHK Flat in Parel East, Mumbai","4 BHK Flat in Parel East, Mumbai",L&T Crescent Bay,"Parel East, Mumbai",₹11.6 Cr,"₹61,052 /sqft","1,900 sqft",(177 sqm),Carpet Area,4 BHK,4,Ready To Move,57th out of 59 Floors | 1 Covered Parking,,"The flat is facing the east direction. The flat occupies a carpet area of 1900 sq.Ft. That consists of 4 bedrooms, 4 bathrooms and 2 balconies. The flat has a total of 59 floors and this property is situated on 57th floor. Being a ready to move project, you can expect immediate possession of this 0-1 year old property. The vitrified flooring of this flat is beautifully designed and helps to giv...",Xtreme Properties,Dealer,,https://www.99acres.com/4-bhk-bedroom-apartment-flat-for-sale-in-l-t-crescent-bay-parel-east-south-mumbai-1900-sqft-spid-I92027546,,4
E92816356,PROPERTY,"3 BHK Flat in Parel, Mumbai","3 BHK Flat in Parel, Mumbai",L&T Crescent Bay,"Parel, Mumbai",₹10.73 Cr,"₹65,227 /sqft","1,645 sqft",(153 sqm),Carpet Area,3 BHK,4,Ready To Move,53rd out of 59 Floors,,"This residential flat is west-Facing direction. Constructed on a carpet area of 1645 sq.Ft., the flat comprises 3 bedroom(s), 4 bathrooms and 1 balcony. This flat lies on the 53rd level of a 59 storey building. This 1-5 years old property is available for immediate possession as the project is ready to move. The flat comes well built with marble flooring options. L&t crescent bay is designed ve...",Property Butler LLP,Dealer,,https://www.99acres.com/3-bhk-bedroom-apartment-flat-for-sale-in-l-t-crescent-bay-parel-south-mumbai-1645-sqft-spid-E92816356,,4
M92026394,PROPERTY,"3 BHK Flat in Parel, Mumbai","3 BHK Flat in Parel, Mumbai",L&T Crescent Bay,"Parel, Mumbai",₹10.75 Cr,"₹63,235 /sqft","1,700 sqft",(158 sqm),Carpet Area,3 BHK,4,Ready To Move,54th out of 59 Floors | Overlooking Cityscape,,"The flat is east-Facing. The flat is over 1915 sq.Ft. Carpet area and comes with 3 bedroom(s), 4 bathrooms and more than 3 balconies. The flat has a total of 59 floors and this property is situated on 54th floor. As the project is already ready to move, so you can easily move into this 0-1 year old property. The vitrified flooring of this flat is beautifully designed and helps to give it a plea...",Xtreme Properties,Dealer,,https://www.99acres.com/3-bhk-bedroom-apartment-flat-for-sale-in-l-t-crescent-bay-parel-south-mumbai-1700-sqft-spid-M92026394,,4
P62148050,PROPERTY,"4 BHK Flat in Parel, Mumbai","4 BHK Flat in Parel, Mumbai",Lodha Venezia,"Parel, Mumbai",₹8.75 Cr,"₹51,470 /sqft","1,700 sqft",(158 sqm),Carpet Area,4 BHK,4,Ready To Move,26th out of 65 Floors | Overlooking Park,,"Awestfacing 4 bhk flat is available in the promising locality of parel, mumbai south. It is an spacious flat and is located on 30th floor. Every single detail of the flat is carefully designed. It is a gated society flat. It provides a spectacular view of the pool, park/garden, club and main road. The apartment is priced at rs. Rs 8.15 crore. It is a freehold property, with a carpet area of 165...",Jai Ambe Real estate,Dealer,,https://www.99acres.com/4-bhk-bedroom-apartment-flat-for-sale-in-lodha-venezia-parel-south-mumbai-1700-sqft-r14-spid-P62148050,,4
C92293714,PROPERTY,"3 BHK Flat in Parel, Mumbai","3 BHK Flat in Parel, Mumbai",L&T Crescent Bay,"Parel, Mumbai",₹10 Cr,"₹55,555 /sqft","1,800 sqft",(167 sqm),Carpet Area,3 BHK,4,Ready To Move,53rd out of 54 Floors | Overlooking Sea,,"The flat is facing the east direction. Containing 3 bedroom(s), 4 bathrooms and 2 balconies, this flat is spread over a carpet area of 1800 sq.Ft. The flat has a total of 54 floors and this property is situated on 53rd floor. This 5-10 years old property is available for immediate possession as the project is ready to move. The beautifully designed marble flooring enhances the beauty of the fla...",PRAMOD GAIKAR,Dealer,,https://www.99acres.com/3-bhk-bedroom-apartment-flat-for-sale-in-l-t-crescent-bay-parel-south-mumbai-1800-sqft-spid-C92293714,,4
Q92024016,PROPERTY,"4 BHK Flat in Parel, Mumbai","4 BHK Flat in Parel, Mumbai",L&T Crescent Bay,"Parel, Mumbai",₹9 Cr,"₹51,993 /sqft","1,731 sqft",(161 sqm),Carpet Area,4 BHK,4,Ready To Move,52nd out of 59 Floors | Overlooking Cityscape,,"This is a east-Facing property. The flat is over 1731 sq.Ft. Carpet area and comes with 4 bedroom(s), 4 bathrooms and 1 balcony. This flat is situated on the 52nd floor of this 59 floors tall residential building. Being a ready to move project, you can expect immediate possession of this 1-5 years old property. The beautifully designed vitrified flooring enhances the beauty of the flat. Many of...",Xtreme Properties,Dealer,,https://www.99acres.com/4-bhk-bedroom-apartment-flat-for-sale-in-l-t-crescent-bay-parel-south-mumbai-1731-sqft-spid-Q92024016,,4
Z85623930,PROPERTY,"3 BHK Flat in Parel, Mumbai","3 BHK Flat in Parel, Mumbai",L&T Crescent Bay,"Parel, Mumbai",₹9.1 Cr,"₹43,333 /sqft","2,100 sqft",(195 sqm),Carpet Area,3 BHK,3,Ready To Move,27th out of 59 Floors | Overlooking Park,,"Located in the popular residential address of parel, mumbai south, l&t crescent bay is one of the most preferred destination for apartments in mumbai south. This 3 bhk flat is your ticket to be a part of this community. The flat is east-Facing. Containing 3 bedroom(s), 3 bathrooms and more than 3 balconies, this flat is spread over a carpet area of 2100 sq.Ft. This flat is situated on the 27th ...",Kothari Realtors,,,https://www.99acres.com/3-bhk-bedroom-apartment-flat-for-sale-in-l-t-crescent-bay-parel-south-mumbai-2100-sqft-r2-spid-Z85623930,,4
J92819624,PROPERTY,"4 BHK Flat in Parel, Mumbai","4 BHK Flat in Parel, Mumbai",L&T Crescent Bay,"Parel, Mumbai",₹15.25 Cr,"₹63,541 /sqft","2,400 sqft",(223 sqm),Carpet Area,4 BHK,5,Ready To Move,53rd out of 59 Floors,,"The flat is facing the east direction. Constructed on a carpet area of 2400 sq.Ft., the flat comprises 4 bedroom(s), 5 bathrooms and 1 balcony. The flat has a total of 59 floors and this property is situated on 53rd floor. This 1-5 years old property is available for immediate possession as the project is ready to move. The well built marble flooring enhances the aesthetic appeal of this flat. ...",Property Butler LLP,Dealer,,https://www.99acres.com/4-bhk-bedroom-apartment-flat-for-sale-in-l-t-crescent-bay-parel-south-mumbai-2400-sqft-spid-J92819624,,4
A91974382,PROPERTY,"4 BHK Flat in Parel, Mumbai","4 BHK Flat in Parel, Mumbai",L&T Crescent Bay,"Parel, Mumbai",₹16.45 Cr,"₹68,541 /sqft","2,400 sqft",(223 sqm),Carpet Area,4 BHK,4,Ready To Move,54th out of 59 Floors | Overlooking Park,,L&t crescent bay at parel is luxury residential project offers 3/4bhk grand residences. Book reay to move ultra luxury 3/4bhk with deck at l&t parel starting at 11.87cr all incl. View floor plan,Property Pro,,,https://www.99acres.com/4-bhk-bedroom-apartment-flat-for-sale-in-l-t-crescent-bay-parel-south-mumbai-2400-sqft-spid-A91974382,,4
T92682870,PROPERTY,"4 BHK Flat in Parel, Mumbai","4 BHK Flat in Parel, Mumbai",L&T Crescent Bay,"Parel, Mumbai",₹14.72 Cr,"₹56,528 /sqft","2,604 sqft",(242 sqm),Carpet Area,4 BHK,5,Ready To Move,51st out of 59 Floors | 3 Covered Parking,,"Spacious 4bhk for immediate sale, best in class amenities",Property Merchants,Dealer,,https://www.99acres.com/4-bhk-bedroom-apartment-flat-for-sale-in-l-t-crescent-bay-parel-south-mumbai-2604-sqft-spid-T92682870,,4
Q92292808,PROPERTY,"4 BHK Flat in Parel, Mumbai","4 BHK Flat in Parel, Mumbai",L&T Crescent Bay,"Parel, Mumbai",₹14 Cr,"₹53,763 /sqft","2,604 sqft",(242 sqm),Carpet Area,4 BHK,5,Ready To Move,53rd out of 54 Floors | 3 Covered Parking,,"Containing 4 bedroom(s), 5 bathrooms and 3 balconies, this flat is spread over a carpet area of 2604 sq.Ft. This flat lies on the 53rd level of a 54 storey building. An added advantage of this 5-10 years old flat is that it is available for immediate possession as the project is already ready to move. The well built marble flooring enhances the aesthetic appeal of this flat. L&t crescent bay is...",PRAMOD GAIKAR,Dealer,,https://www.99acres.com/4-bhk-bedroom-apartment-flat-for-sale-in-l-t-crescent-bay-parel-south-mumbai-2604-sqft-spid-Q92292808,,4
Y92071686,PROPERTY,"4 BHK Flat in Parel, Mumbai","4 BHK Flat in Parel, Mumbai",L&T Crescent Bay,"Parel, Mumbai",₹15.59 Cr,"₹59,961 /sqft","2,600 sqft",(242 sqm),Carpet Area,4 BHK,5,Ready To Move,51st out of 54 Floors | Overlooking Park,,"The flat is over 2600 sq.Ft. Carpet area and comes with 4 bedroom(s), 5 bathrooms and 1 balcony. This flat lies on the 51st level of a 54 storey building. An added advantage of this 1-5 years old flat is that it is available for immediate possession as the project is already ready to move. Many of the modern amenities being offered, like swimming pool, fitness centre / gym, club house, park, cc...",Dream Properties,,,https://www.99acres.com/4-bhk-bedroom-apartment-flat-for-sale-in-l-t-crescent-bay-parel-south-mumbai-2600-sqft-spid-Y92071686,,4
I91848110,PROPERTY,"4 BHK Flat in Parel, Mumbai","4 BHK Flat in Parel, Mumbai",L&T Crescent Bay,"Parel, Mumbai",₹16.4 Cr,"₹64,313 /sqft","2,550 sqft",(237 sqm),Carpet Area,4 BHK,4,Ready To Move,65th out of 67 Floors | Overlooking Park,,"This property faces the east direction. Constructed on a carpet area of 2550 sq.Ft., the flat comprises 4 bedroom(s), 4 bathrooms and 1 balcony. The residential building has 67 floors in total and the flat for sale is located on the 65th floor. This 1-5 years old property is available for immediate possession as the project is ready to move. The beautifully designed vitrified flooring enhances ...",L.T REALTY,Dealer,,https://www.99acres.com/4-bhk-bedroom-apartment-flat-for-sale-in-l-t-crescent-bay-parel-south-mumbai-2550-sqft-spid-I91848110,,4
C91974276,PROPERTY,"3 BHK Flat in Parel, Mumbai","3 BHK Flat in Parel, Mumbai",L&T Crescent Bay,"Parel, Mumbai",₹11.6 Cr,"₹70,516 /sqft","1,645 sqft",(153 sqm),Carpet Area,3 BHK,3,Ready To Move,42nd out of 59 Floors | 2 Covered Parking,,L&t crescent bay at parel is luxury residential project offers 3/4bhk grand residences. Book reay to move ultra luxury 3/4bhk with deck at l&t parel starting at 11.87cr all incl. View floor plan,Property Pro,,,https://www.99acres.com/3-bhk-bedroom-apartment-flat-for-sale-in-l-t-crescent-bay-parel-south-mumbai-1645-sqft-spid-C91974276,,4
X91827204,PROPERTY,"3 BHK Flat in Parel, Mumbai","3 BHK Flat in Parel, Mumbai",L&T Crescent Bay,"Parel, Mumbai",₹11.87 Cr,"₹56,523 /sqft","2,100 sqft",(195 sqm),Super Built-up Area,3 BHK,3,Ready To Move,30th out of 59 Floors | Overlooking Park,,"The flat is east-Facing. The flat occupies a super built up area of 2100 sq.Ft. That consists of 3 bedrooms, 3 bathrooms . The property is located on the 30th floor of a 59 floors tall building. An added advantage of this 0-1 year old flat is that it is available for immediate possession as the project is already ready to move. The vitrified flooring of this flat is beautifully designed and hel...",JAI AMBE ADVISORY PVT LTD,,,https://www.99acres.com/3-bhk-bedroom-apartment-flat-for-sale-in-l-t-crescent-bay-parel-south-mumbai-2100-sqft-spid-X91827204,,4
X92949242,PROPERTY,"3 BHK Flat in Parel, Mumbai","3 BHK Flat in Parel, Mumbai",L&T Crescent Bay,"Parel, Mumbai",₹11.87 Cr,"₹65,944 /sqft","1,800 sqft",(167 sqm),Carpet Area,3 BHK,3,Ready To Move,26th out of 59 Floors | Overlooking Main Road,,"The flat is west-Facing. The flat occupies a carpet area of 1800 sq.Ft. That consists of 3 bedrooms, 3 bathrooms and 1 balcony. The property is located on the 26th floor of a 59 floors tall building. The flat is currently under construction stage and you can expect to get the possession of the property immediately. The vitrified flooring of this flat is beautifully designed and helps to give it...",Ask realtors,,,https://www.99acres.com/3-bhk-bedroom-apartment-flat-for-sale-in-l-t-crescent-bay-parel-south-mumbai-1800-sqft-spid-X92949242,,4
B92208000,PROPERTY,"3 BHK Flat in Parel, Mumbai","3 BHK Flat in Parel, Mumbai",L&T Crescent Bay,"Parel, Mumbai",₹11.8 Cr,"₹66,329 /sqft","1,779 sqft",(165 sqm),Carpet Area,3 BHK,4,Ready To Move,50th out of 54 Floors | Overlooking Park,,"The flat is facing the west direction. Containing 3 bedroom(s), 4 bathrooms and 1 balcony, this flat is spread over a carpet area of 1779 sq.Ft. The flat has a total of 54 floors and this property is situated on 50th floor. This is a ready to move project and the property is 1-5 years old. The well built marble flooring enhances the aesthetic appeal of this flat. L&t crescent bay is designed ve...",IRICA REALTY,Dealer,,https://www.99acres.com/3-bhk-bedroom-apartment-flat-for-sale-in-l-t-crescent-bay-parel-south-mumbai-1779-sqft-spid-B92208000,,4
A93271816,PROPERTY,"4 BHK Flat in Parel, Mumbai","4 BHK Flat in Parel, Mumbai",L&T Crescent Bay,"Parel, Mumbai",₹13 Cr,"₹48,148 /sqft","2,700 sqft",(251 sqm),Carpet Area,4 BHK,6,Ready To Move,52nd out of 59 Floors | Overlooking Cityscape,,"This property faces the east direction. The flat is over 2700 sq.Ft. Carpet area and comes with 4 bedroom(s), 6 bathrooms and more than 3 balconies. The flat has a total of 59 floors and this property is situated on 52nd floor. This residential property is still under construction and will be available for possession immediately. The italian marble flooring of this flat is beautifully designed ...",Jai Ambe Real estate,Dealer,,https://www.99acres.com/4-bhk-bedroom-apartment-flat-for-sale-in-l-t-crescent-bay-parel-south-mumbai-2700-sqft-spid-A93271816,,4
H91827312,PROPERTY,"4 BHK Flat in Parel, Mumbai","4 BHK Flat in Parel, Mumbai",L&T Crescent Bay,"Parel, Mumbai",₹16.55 Cr,"₹61,296 /sqft","2,700 sqft",(251 sqm),Super Built-up Area,4 BHK,4,Ready To Move,35th out of 59 Floors | Overlooking Park,,"The flat is east-Facing. Containing 4 bedroom(s), 4 bathrooms , this flat is spread over a super built up area of 2700 sq.Ft. The residential building has 59 floors in total and the flat for sale is located on the 35th floor. As the project is already ready to move, so you can easily move into this 0-1 year old property. The flat comes well built with vitrified flooring options. The flat will o...",JAI AMBE ADVISORY PVT LTD,,,https://www.99acres.com/4-bhk-bedroom-apartment-flat-for-sale-in-l-t-crescent-bay-parel-south-mumbai-2700-sqft-spid-H91827312,,4
G81895180,PROPERTY,"3 BHK Flat in Parel, Mumbai","3 BHK Flat in Parel, Mumbai",L&T Crescent Bay,"Parel, Mumbai",₹6.75 Cr,"₹55,970 /sqft","1,206 sqft",(112 sqm),Carpet Area,3 BHK,3,Ready To Move,47th out of 59 Floors | Overlooking Main Road,,"L&t crescent bay, parel Luxury residential project by l&t realty and omkar realtors. Key features - 2bhk, 3bhk, and 4bhk apartments - 5.48 acres of land with 70% open space - 6 towers, 59 floors, and 1282 units - Rera registered project - 52 amenities for a luxurious living experience Available unit - 3bhk with deck, 1206 sqft, higher floor, furnished - 1 premium covered parking on ground floor...",K.Hemandas real estate,Dealer,,https://www.99acres.com/3-bhk-bedroom-apartment-flat-for-sale-in-l-t-crescent-bay-parel-south-mumbai-1206-sqft-r3-spid-G81895180,,5
M83823770,PROPERTY,"2 BHK Flat in Parmanand Wadi, Parel","2 BHK Flat in Parmanand Wadi, Parel",Omkar Veda Exclusive,"Parmanand Wadi, Parel",₹3.5 Cr,"₹38,888 /sqft",900 sqft,(84 sqm),Carpet Area,2 BHK,2,Ready To Move,14th out of 27 Floors | Overlooking Park,,"Omkar veda exclusive is one of the most popular destination for buying apartments/ flats in parmanand wadi, mumbai south. You too can be a part of this society by purchasing this 2 bhk flat here. This property faces the east direction. Constructed on a carpet area of 900 sq.Ft., the flat comprises 2 bedroom(s), 2 bathrooms and 3 balconies. This flat is situated on the 14th floor of this 27 floo...",Kothari Realtors,,,https://www.99acres.com/2-bhk-bedroom-apartment-flat-for-sale-in-omkar-veda-exclusive-parmanand-wadi-mumbai-south-900-sqft-r4-spid-M83823770,,5
O88279034,PROPERTY,"3 BHK Flat in Parel, Mumbai","3 BHK Flat in Parel, Mumbai",Kalpataru Habitat,"Parel, Mumbai",₹7 Cr,"₹52,671 /sqft","1,329 sqft",(123 sqm),Carpet Area,3 BHK,3,Ready To Move,3rd out of 20 Floors,,"This property faces the north-East direction. The flat occupies a carpet area of 1329 sq.Ft. That consists of 3 bedrooms, 3 bathrooms . This flat lies on the 12th level of a 20 storey building. This 10+ years old property is available for immediate possession as the project is ready to move. The vitrified flooring of this flat is beautifully designed and helps to give it a pleasing look. Anothe...",K.Hemandas real estate,Dealer,,https://www.99acres.com/3-bhk-bedroom-apartment-flat-for-sale-in-kalpataru-habitat-parel-south-mumbai-1329-sqft-r1-spid-O88279034,,5
R91317586,PROPERTY,"2 BHK Flat in Abhyudaya Nagar, Parel","2 BHK Flat in Abhyudaya Nagar, Parel",Rushabh Tower,"Abhyudaya Nagar, Parel",₹3.3 Cr,"₹32,289 /sqft","1,022 sqft",(95 sqm),Built-up Area,2 BHK,2,Ready To Move,14th out of 22 Floors | East Facing,,"Offering immediate possession, this 2 bhk flat spans 1022 sqft on the 14th floor of a 22-Story high-Rise at rushabh tower, abhyudaya nagar, parel. Over 10 years old, it features 2 bedrooms, 2 bathrooms, lift access, and is unfurnished. Residents enjoy nearby religious sites, hospitals, parking, and a fitness center, combining convenience with comfort.",Owner,2mo ago,,https://www.99acres.com/2-bhk-bedroom-apartment-flat-for-sale-in-rushabh-tower-abhyudaya-nagar-mumbai-south-1022-sqft-spid-R91317586,,5
V84770526,PROPERTY,"2 BHK Flat in Parmanand Wadi, Parel","2 BHK Flat in Parmanand Wadi, Parel",Omkar Veda Exclusive,"Parmanand Wadi, Parel",₹3.3 Cr,"₹26,400 /sqft","1,250 sqft",(116 sqm),Built-up Area,2 BHK,2,Ready To Move,13th out of 27 Floors | East Facing,,"This 2 bhk in parel for sale is an ideal home , its spacious and comfortable. This home is 1250 sqft. & comes with a large parking space for car. With community centre, kids playing zone, gym, garden & swimming pool available in this home, you will always have something to do here. As this home comes with visitor parking, fire fighting equipment & waste treatment plant & more such amenities.",Owner,3mo ago,,https://www.99acres.com/2-bhk-bedroom-apartment-flat-for-sale-in-omkar-veda-exclusive-parmanand-wadi-mumbai-south-1250-sqft-spid-V84770526,,5
V78435351,PROPERTY,"2 BHK Flat in Parel, Mumbai","2 BHK Flat in Parel, Mumbai",L&T Crescent Bay,"Parel, Mumbai",₹3.75 Cr,"₹39,473 /sqft",950 sqft,(130 sqm),Carpet Area,2 BHK,2,Ready To Move,15th out of 59 Floors | 2 Covered Parking,,Available elegant apartment for sale in a prime location. Additional details :,Excel Realty,,,https://www.99acres.com/2-bhk-bedroom-apartment-flat-for-sale-in-l-t-crescent-bay-parel-south-mumbai-1400-sqft-r1-spid-V78435351,,5
F88467570,PROPERTY,"2 BHK Flat in Parel, Mumbai","2 BHK Flat in Parel, Mumbai",L&T Crescent Bay,"Parel, Mumbai",₹4.25 Cr,"₹44,456 /sqft",956 sqft,(89 sqm),Carpet Area,2 BHK,2,Ready To Move,36th out of 59 Floors | Overlooking Park,,"This property faces the east direction. Containing 2 bedroom(s), 2 bathrooms and 2 balconies, this flat is spread over a carpet area of 956 sq.Ft. This flat lies on the 36th level of a 59 storey building. As the project is already ready to move, so you can easily move into this 1-5 years old property. The floor of this flat is beautifully designed using vitrified flooring, giving the flat an al...",Kothari Realtors,,,https://www.99acres.com/2-bhk-bedroom-apartment-flat-for-sale-in-l-t-crescent-bay-parel-south-mumbai-956-sqft-r2-spid-F88467570,,5
D90193534,PROPERTY,"2 BHK Flat in Parel, Mumbai","2 BHK Flat in Parel, Mumbai",22 Dhuleva,"Parel, Mumbai",₹2.9 Cr,"₹41,673 /sqft",695.89 sqft,(109 sqm),Carpet Area,2 BHK,2,Ready To Move,16th out of 21 Floors | Overlooking Main Road,,"Fully furnished flat taste fully made, higher floor very clear view of west. Vastu complaint flat, open area 3 flats per floor. Corner property connected to stations and markets.",D A Ventures,Dealer,,https://www.99acres.com/2-bhk-bedroom-apartment-flat-for-sale-in-22-dhuleva-parel-south-mumbai-1169-sqft-r1-spid-D90193534,,5
B90734114,PROPERTY,"2 BHK Flat in Lalbaug, Parel","2 BHK Flat in Lalbaug, Parel",Promesa-Fremont,"Lalbaug, Parel",₹2.97 Cr,"₹42,307 /sqft",702 sqft,(65 sqm),Carpet Area,2 BHK,2,Under Construction,49th out of 60 Floors | Overlooking Park,,"To provide luxurious and exclusive homes in the center of mumbai south, darsshan properties has introduced darsshan promesa fremont, the pinnacle of luxury living. Darsshan promesa fremont lalbaug offers stylish residences in the shape of magnificent apartments, redefining comfortable living. This project is a fresh launch. Darsshan promesa fremont, which was painstakingly designed to raise the...",JLL,,,https://www.99acres.com/2-bhk-bedroom-apartment-flat-for-sale-in-lalbaug-south-mumbai-702-sqft-spid-B90734114,,5
N90911046,PROPERTY,"2 BHK Flat in Parel, Mumbai","2 BHK Flat in Parel, Mumbai",L&T Crescent Bay,"Parel, Mumbai",₹3.5 Cr,"₹35,897 /sqft",975 sqft,(91 sqm),Carpet Area,2 BHK,2,Ready To Move,35th out of 59 Floors | Overlooking Park,,"The flat is north-East-Facing. Containing 2 bedroom(s), 2 bathrooms and 1 balcony, this flat is spread over a carpet area of 975 sq.Ft. The flat has a total of 59 floors and this property is situated on 35th floor. As the project is already ready to move, so you can easily move into this 10+ years old property. The well built ceramic flooring enhances the aesthetic appeal of this flat. The flat...",SOBO PROPERTIES & SERVICES,Dealer,,https://www.99acres.com/2-bhk-bedroom-apartment-flat-for-sale-in-l-t-crescent-bay-parel-south-mumbai-975-sqft-r1-spid-N90911046,,5
K92273920,PROPERTY,"2 BHK Flat in Parel, Mumbai","2 BHK Flat in Parel, Mumbai",L&T Crescent Bay,"Parel, Mumbai",₹3.65 Cr,"₹38,421 /sqft",950 sqft,(88 sqm),Carpet Area,2 BHK,2,Ready To Move,22nd out of 49 Floors | Overlooking Main Road,,"The flat is east-Facing. Constructed on a carpet area of 950 sq.Ft., the flat comprises 2 bedroom(s), 2 bathrooms and 2 balconies. The residential building has 49 floors in total and the flat for sale is located on the 22nd floor. As the project is already ready to move, so you can easily move into this 1-5 years old property. The floor of this flat is beautifully designed using marble flooring...",IMPERIAL ESTATE,Dealer,,https://www.99acres.com/2-bhk-bedroom-apartment-flat-for-sale-in-l-t-crescent-bay-parel-south-mumbai-950-sqft-spid-K92273920,,5
J83831224,PROPERTY,"2 BHK Flat in Parel, Mumbai","2 BHK Flat in Parel, Mumbai",Dharti Heights,"Parel, Mumbai",₹3.56 Cr,"₹38,992 /sqft",913 sqft,(85 sqm),Carpet Area,2 BHK,2,Ready To Move,22nd out of 39 Floors | Overlooking Park,,"This 2 bhk apartment is available for sale in dharti heights, one of the most prominent projects for flats in parel, mumbai south. The flat is facing the west direction. The floor plan additionally contains 2 bedroom(s), 2 bathrooms . All in all, the flat is spread over a carpet area of 913 sq.Ft. This flat is situated on the 22nd floor of this 39 floors tall residential building. As the projec...",Ask realtors,,,https://www.99acres.com/2-bhk-bedroom-apartment-flat-for-sale-in-parel-south-mumbai-913-sqft-r1-spid-J83831224,,5
M89683686,PROPERTY,"2 BHK Flat in Parel East, Mumbai","2 BHK Flat in Parel East, Mumbai","RUSTOMJEE VISTA BAY,PAREL,MUMBAI","Parel East, Mumbai",₹3.3 Cr,"₹40,993 /sqft",805 sqft,(75 sqm),Built-up Area,2 BHK,3,Under Construction,30th out of 33 Floors | Overlooking Park,,"The flat occupies a built up area of 805 sq.Ft. That consists of 2 bedrooms, 3 bathrooms . The flat has a total of 33 floors and this property is situated on 30th floor. The flat is currently under construction stage and you can expect to get the possession of the property by january 2031.Call us for more info and site visit",Dream Properties,,,https://www.99acres.com/2-bhk-bedroom-apartment-flat-for-sale-in-parel-east-south-mumbai-805-sqft-r2-spid-M89683686,,5
G89355281,PROPERTY,"2 BHK Flat in Parel East, Mumbai","2 BHK Flat in Parel East, Mumbai",Sattva Sumera,"Parel East, Mumbai",₹3.2 Cr,"₹40,000 /sqft",800 sqft,(74 sqm),Carpet Area,2 BHK,2,Under Construction,40th out of 62 Floors | TATA Hospital within 500m,,"This property faces the west direction. The flat is over 750 sq.Ft. Carpet area and comes with 2 bedroom(s), 2 bathrooms and 1 balcony. This flat lies on the 40th level of a 62 storey building. This residential flat is currently under construction and you can expect the possession of the same by march 2030. The flat comes well built with marble flooring options. Another plus point for this is t...",Flat for Sale,Dealer,,https://www.99acres.com/2-bhk-bedroom-apartment-flat-for-sale-in-parel-east-south-mumbai-800-sqft-r1-spid-G89355281,,5
J90620948,PROPERTY,"2 BHK Flat in Parel, Mumbai","2 BHK Flat in Parel, Mumbai",Ruparel Ariana,"Parel, Mumbai",₹3.25 Cr,"₹43,918 /sqft",740 sqft,(69 sqm),Carpet Area,2 BHK,2,Ready To Move,39th out of 73 Floors | Overlooking Park,,"This is a east-Facing property. The floor plan additionally contains 2 bedroom(s), 2 bathrooms . All in all, the flat is spread over a carpet area of 740 sq.Ft. The residential building has 73 floors in total and the flat for sale is located on the 39th floor. This 1-5 years old property is available for immediate possession as the project is ready to move. The well built vitrified flooring enh...",D A Ventures,Dealer,,https://www.99acres.com/2-bhk-bedroom-apartment-flat-for-sale-in-ruparel-ariana-parel-south-mumbai-740-sqft-r1-spid-J90620948,,5
I92079844,PROPERTY,"2 BHK Flat in Lal Baug, Parel","2 BHK Flat in Lal Baug, Parel",Tejukaya Esparenza,"Lal Baug, Parel",₹3.11 Cr,"₹48,593 /sqft",640 sqft,(59 sqm),Carpet Area,2 BHK,2,Ready To Move,10th out of 20 Floors | Overlooking Main Road,,"Tejukaya esperanza* is a ready-To-Move residential project by tejukaya group in *lalbaug, parel, mumbai south Project tejukaya esperanza / esparenza Developer** tejukaya group of companies Location** lal baug, mumbai - South mumbai pin 400012 Key features & amenities Specifications: Laminated wooden flooring, plastic emulsion walls, pop ceiling, split ac, modular kitchen, premium bath fittings ...",Jayesh Realty,Dealer,,https://www.99acres.com/2-bhk-bedroom-apartment-flat-for-sale-in-tejukaya-esparenza-lal-baug-mumbai-south-640-sqft-spid-I92079844,,5
Q85182700,PROPERTY,"2 BHK Flat in Parmanand Wadi, Parel","2 BHK Flat in Parmanand Wadi, Parel",Omkar Veda Exclusive,"Parmanand Wadi, Parel",₹3.55 Cr,"₹40,571 /sqft",875 sqft,(81 sqm),Carpet Area,2 BHK,2,Ready To Move,18th out of 34 Floors | Overlooking Park,,"This beautiful 2 bhk flat in parmanand wadi, mumbai south is situated in omkar veda exclusive, one of the popular residential society in mumbai south. The flat is facing the east direction. The flat is over 875 sq.Ft. Carpet area and comes with 2 bedroom(s), 2 bathrooms . The property is located on the 18th floor of a 34 floors tall building. An added advantage of this 1-5 years old flat is tha...",Kothari Realtors,,,https://www.99acres.com/2-bhk-bedroom-apartment-flat-for-sale-in-omkar-veda-exclusive-parmanand-wadi-mumbai-south-875-sqft-r4-spid-Q85182700,,5
J86315496,PROPERTY,"2 BHK Flat in Parel, Mumbai","2 BHK Flat in Parel, Mumbai",CMG Arihant Tower,"Parel, Mumbai",₹3.5 Cr,"₹38,888 /sqft",900 sqft,(84 sqm),Carpet Area,2 BHK,2,Ready To Move,5th out of 15 Floors | Overlooking Main Road,,"Immediate sale Beautifully done up fully furnished 900 sf crpt 2bhk at parel south mumbai with 1cp for sale @ 3.5crs To be given as is where is basis with 3 air conditioners, washing machines, modern furniture sofa bed stylish kitchen with very good interiors..",Owner,1mo ago,,https://www.99acres.com/2-bhk-bedroom-apartment-flat-for-sale-in-cmg-arihant-tower-parel-south-mumbai-900-sqft-spid-J86315496,,5
M92231924,PROPERTY,"2 BHK Flat in Parel, Mumbai","2 BHK Flat in Parel, Mumbai",L&T Crescent Bay,"Parel, Mumbai",₹3.55 Cr,"₹41,423 /sqft",857 sqft,(88 sqm),Carpet Area,2 BHK,2,Ready To Move,30th out of 59 Floors | Overlooking Main Road,,"Available elegant, luxury apartment for sale in a prime location.",Excel Realty,,,https://www.99acres.com/2-bhk-bedroom-apartment-flat-for-sale-in-l-t-crescent-bay-parel-south-mumbai-950-sqft-spid-M92231924,,5
F85318978,PROPERTY,"2 BHK Flat in Parel, Mumbai","2 BHK Flat in Parel, Mumbai",L&T Crescent Bay,"Parel, Mumbai",₹3.6 Cr,"₹40,000 /sqft",900 sqft,(84 sqm),Carpet Area,2 BHK,2,Ready To Move,26th out of 59 Floors | Overlooking Park,,"This 2 bhk apartment is available for sale in l&t crescent bay, one of the most prominent projects for flats in parel, mumbai south. This residential flat is east-Facing direction. The floor plan additionally contains 2 bedroom(s), 2 bathrooms and 1 balcony. All in all, the flat is spread over a carpet area of 900 sq.Ft. This flat is situated on the 26th floor of this 59 floors tall residential...",Kothari Realtors,,,https://www.99acres.com/2-bhk-bedroom-apartment-flat-for-sale-in-l-t-crescent-bay-parel-south-mumbai-900-sqft-r4-spid-F85318978,,5
C89198221,PROPERTY,"3 BHK Flat in Parel East, Mumbai","3 BHK Flat in Parel East, Mumbai",Dharti Heights,"Parel East, Mumbai",₹4.1 Cr,"₹37,962 /sqft","1,080 sqft",(100 sqm),Carpet Area,3 BHK,3,Ready To Move,28th out of 39 Floors | Overlooking Main Road,,"Containing 3 bedroom(s), 3 bathrooms and 3 balconies, this flat is spread over a carpet area of 1080 sq.Ft. The property is located on the 28th floor of a 39 floors tall building.",Resipro,Dealer,,https://www.99acres.com/3-bhk-bedroom-apartment-flat-for-sale-in-parel-east-south-mumbai-1080-sqft-spid-C89198221,,5
A89868576,PROPERTY,"1 BHK Flat in Parel, Mumbai","1 BHK Flat in Parel, Mumbai",On Request,"Parel, Mumbai",₹1.79 Cr,"₹39,340 /sqft",455 sqft,(42 sqm),Carpet Area,1 BHK,2,Under Construction,15th out of 22 Floors | Overlooking Main Road,,"Available for sell under construction 1 bhk in parel, prime location, 455 & 458 sqft carpet flat with one surface car parking, 22nd storey tower, only 4 flats per floor, price rs 1.79 cr + govt. Tax possession december 2027, for more information please call hariom estate consultant.",Hariom Estate Consultants,,,https://www.99acres.com/1-bhk-bedroom-apartment-flat-for-sale-in-parel-south-mumbai-455-sqft-spid-A89868576,,5
P91269624,PROPERTY,"2 BHK Flat in Parel, Mumbai","2 BHK Flat in Parel, Mumbai",Prathana Heights,"Parel, Mumbai",₹3.65 Cr,"₹31,196 /sqft","1,170 sqft",(109 sqm),Built-up Area,2 BHK,2,Ready To Move,25th out of 37 Floors | Overlooking Main Road,,"Set on the 25th floor of a 35-Story high-Rise, this 2 bhk flat spans 1170 sqft in prathana heights, parel, mumbai south. Over 10 years old and semi-Furnished, it offers immediate availability. Residents benefit from nearby parking, religious sites, a hospital, and convenient atm access, blending comfort with location.",Owner,2mo ago,,https://www.99acres.com/2-bhk-bedroom-apartment-flat-for-sale-in-prathana-heights-parel-south-mumbai-1170-sqft-spid-P91269624,,5
O78871409,PROPERTY,"3 BHK Flat in Parel East, Mumbai","3 BHK Flat in Parel East, Mumbai",Bhoomi Simana,"Parel East, Mumbai",₹5.8 Cr,"₹61,181 /sqft",948 sqft,(88 sqm),Carpet Area,3 BHK,2,Ready To Move,28th out of 53 Floors | Overlooking Park,,"We have been working with bhoomi group on this project form launch,have been awarded from last 3yrs for best performance. This lovely 3 bhk apartment/flat in parel east is available for sale in one of mumbai south's most popular projects, bhoomi simana. The floor plan additionally contains 3 bedroom(s), 3 bathrooms . All in all, the flat is spread over a super built up area of 1433 sq.Ft. This ...",Shubh Properties,Dealer,,https://www.99acres.com/3-bhk-bedroom-apartment-flat-for-sale-in-bhoomi-simana-parel-east-south-mumbai-948-sqft-r5-spid-O78871409,,5
A92476312,PROPERTY,"2 BHK Flat in Parel, Mumbai","2 BHK Flat in Parel, Mumbai",Sidhigiri Heights,"Parel, Mumbai",₹3.65 Cr,"₹45,229 /sqft",807 sqft,(75 sqm),Carpet Area,2 BHK,2,Ready To Move,14th out of 22 Floors | North-East Facing,,"The flat is north-East-Facing. Containing 2 bedroom(s), 2 bathrooms , this flat is spread over a carpet area of 807 sq.Ft. This flat is situated on the 14th floor of this 22 floors tall residential building. Being a ready to move project, you can expect immediate possession of this 5-10 years old property. The flat comes well built with vitrified flooring options. All the modern amenities such ...",Parmar Properties and Infrastructure Pvt. Ltd.,Dealer,,https://www.99acres.com/2-bhk-bedroom-apartment-flat-for-sale-in-sidhigiri-heights-parel-south-mumbai-807-sqft-spid-A92476312,,5
Y86376202,PROPERTY,"2 BHK Flat in Parel, Mumbai","2 BHK Flat in Parel, Mumbai",Runwal Nirvana,"Parel, Mumbai",₹3.5 Cr,"₹35,000 /sqft","1,000 sqft",(93 sqm),Super Built-up Area,2 BHK,2,Ready To Move,20th out of 54 Floors | North-East Facing,,Available elegant apartment for sale in a prime location.,Excel Realty,,https://imagecdn.99acres.com/media1/39165/0/783300648M-1782387078354.webp,https://www.99acres.com/2-bhk-bedroom-apartment-flat-for-sale-in-runwal-nirvana-parel-south-mumbai-1000-sqft-r1-spid-Y86376202,,6
U78851731,PROPERTY,"3 BHK Flat in Parel East, Mumbai","3 BHK Flat in Parel East, Mumbai",Bhoomi Simana,"Parel East, Mumbai",₹6.75 Cr,"₹59,576 /sqft","1,133 sqft",(105 sqm),Carpet Area,3 BHK,2,Ready To Move,8th out of 43 Floors | Overlooking Park,,"We have many units available in the premises. Looking for a 3 bhk property for sale in mumbai south? Buy this 3 bhk flat in bhoomi simana that is situated in parel east, mumbai south. The floor plan additionally contains 3 bedroom(s), 2 bathrooms . All in all, the flat is spread over a super built up area of 1300 sq.Ft. The property is located on the 8th floor of a 43 floors tall building. This...",Shubh Properties,Dealer,https://www.99acres.com/universalapp/img/UnderscreeningTopaz.png,https://www.99acres.com/3-bhk-bedroom-apartment-flat-for-sale-in-bhoomi-simana-parel-east-south-mumbai-1133-sqft-r5-spid-U78851731,,6
E78433933,PROPERTY,"2 BHK Flat in Parel, Mumbai","2 BHK Flat in Parel, Mumbai",L&T Crescent Bay,"Parel, Mumbai",₹3.9 Cr,"₹41,052 /sqft",950 sqft,(130 sqm),Carpet Area,2 BHK,2,Ready To Move,10th out of 59 Floors | 2 Covered Parking,,Available elegant apartment for sale in a prime location with panaromic sea views. All modern amenities are available in the complex. Additional details : Piped gas facility is available in the property. The apartment has borings water supply. Daily needs shopping could be done within the society premises to make the stay convinent. Full power backup is available. The society has dedicated secu...,Excel Realty,,,https://www.99acres.com/2-bhk-bedroom-apartment-flat-for-sale-in-l-t-crescent-bay-parel-south-mumbai-1400-sqft-r1-spid-E78433933,,6
M83831326,PROPERTY,"3 BHK Flat in Parel, Mumbai","3 BHK Flat in Parel, Mumbai",Dharti Heights,"Parel, Mumbai",₹4.21 Cr,"₹38,981 /sqft","1,080 sqft",(100 sqm),Carpet Area,3 BHK,3,Ready To Move,21st out of 39 Floors | Overlooking Park,,"This lovely 3 bhk apartment/flat in parel is available for sale in one of mumbai south's most popular projects, dharti heights. The flat is facing the west direction. Constructed on a carpet area of 1080 sq.Ft., the flat comprises 3 bedroom(s), 3 bathrooms . The residential building has 39 floors in total and the flat for sale is located on the 21st floor. Being a ready to move project, you can...",Ask realtors,,,https://www.99acres.com/3-bhk-bedroom-apartment-flat-for-sale-in-parel-south-mumbai-1080-sqft-r1-spid-M83831326,,6
B86350886,PROPERTY,"3 BHK Flat in Parel, Mumbai","3 BHK Flat in Parel, Mumbai",Ruparel Ariana,"Parel, Mumbai",₹4.35 Cr,"₹28,064 /sqft","1,550 sqft",(144 sqm),Super Built-up Area,3 BHK,3,Ready To Move,50th out of 73 Floors | North-East Facing,,Spacious 3 bed elegant apartment for sale in a prime location.,Excel Realty,,,https://www.99acres.com/3-bhk-bedroom-apartment-flat-for-sale-in-ruparel-ariana-parel-south-mumbai-1550-sqft-r1-spid-B86350886,,6
X72542126,PROPERTY,"2 BHK Flat in Parel, Mumbai","2 BHK Flat in Parel, Mumbai",L&T Crescent Bay,"Parel, Mumbai",₹3.8 Cr,"₹45,783 /sqft",830 sqft,(77 sqm),Carpet Area,2 BHK,2,Ready To Move,29th out of 50 Floors | Overlooking Sea,,"Located in the popular residential address of parel, south mumbai, l and t crescent bay is one of the most preferred destination for apartments in south mumbai. This 2 bhk flat is your ticket to be a part of this community. Containing 2 bedroom(s), 2 bathrooms and 1 balcony, this flat is spread over a carpet area of 824 sq.Ft. The property is located on the 32nd floor of a 50 floors tall buildi...",Sabnis Estate Consultants,,,https://www.99acres.com/2-bhk-bedroom-apartment-flat-for-sale-in-l-t-crescent-bay-parel-south-mumbai-830-sqft-r5-spid-X72542126,,6
Q83609072,PROPERTY,"2 BHK Flat in Parel, Mumbai","2 BHK Flat in Parel, Mumbai",L&T Crescent Bay,"Parel, Mumbai",₹3.79 Cr,"₹45,995 /sqft",824 sqft,(77 sqm),Carpet Area,2 BHK,2,Ready To Move,18th out of 43 Floors | Overlooking Park,,"Situated in parel, mumbai south, l and t crescent bay is a well planned society that offers a pleasant living experience to its residents. This 2 bhk flat in mumbai south is your opportunity to be a part of this community. This is a east-Facing property. Containing 2 bedroom(s), 2 bathrooms , this flat is spread over a carpet area of 824 sq.Ft. This flat lies on the 18th level of a 43 storey bu...",Kothari Realtors,,,https://www.99acres.com/2-bhk-bedroom-apartment-flat-for-sale-in-l-t-crescent-bay-parel-south-mumbai-824-sqft-r4-spid-Q83609072,,6
Q91827762,PROPERTY,"3 BHK Flat in Parel, Mumbai","3 BHK Flat in Parel, Mumbai",Matoshree Pride,"Parel, Mumbai",₹3.9 Cr,"₹36,111 /sqft","1,080 sqft",(102 sqm),Carpet Area,3 BHK,3,Ready To Move,15th out of 23 Floors | 1 Covered Parking & 1 Open Parking,,"Located at parel spacious 3 bhk flat with good cross ventilation,podium parking,",D A Ventures,Dealer,,https://www.99acres.com/3-bhk-bedroom-apartment-flat-for-sale-in-matoshree-pride-parel-south-mumbai-1100-sqft-spid-Q91827762,,6
H91986104,PROPERTY,"2 BHK Flat in Parel, Mumbai","2 BHK Flat in Parel, Mumbai",L&T Crescent Bay,"Parel, Mumbai",₹3.85 Cr,"₹40,526 /sqft",950 sqft,(102 sqm),Carpet Area,2 BHK,2,Ready To Move,14th out of 59 Floors | 1 Covered Parking,,"Constructed on a super built up area of 1100 sq.Ft., the flat comprises 2 bedroom(s), 2 bathrooms and 1 balcony. The property is located on the 14th floor of a 59 floors tall building. This is a ready to move project and the property is 1-5 years old. All the modern amenities such as swimming pool, fitness centre / gym, club house, park, cctv surveillance and lift(s) will make life easier for you.",DHM Estates,Dealer,,https://www.99acres.com/2-bhk-bedroom-apartment-flat-for-sale-in-l-t-crescent-bay-parel-south-mumbai-1100-sqft-spid-H91986104,,6
H91980486,PROPERTY,"2 BHK Flat in Parel, Mumbai","2 BHK Flat in Parel, Mumbai",L&T Crescent Bay,"Parel, Mumbai",₹3.85 Cr,"₹39,086 /sqft",985 sqft,(92 sqm),Carpet Area,2 BHK,2,Ready To Move,1st out of 59 Floors | Overlooking Park,,"This residential flat is north-Facing direction. Containing 2 bedroom(s), 2 bathrooms and 1 balcony, this flat is spread over a carpet area of 985 sq.Ft. The residential building has 59 floors in total and the flat for sale is located on the 1st floor. This is a ready to move project and the property is 1-5 years old. The well built marble flooring enhances the aesthetic appeal of this flat. Th...",DHM Estates,Dealer,,https://www.99acres.com/2-bhk-bedroom-apartment-flat-for-sale-in-l-t-crescent-bay-parel-south-mumbai-985-sqft-spid-H91980486,,6
H83607656,PROPERTY,"2 BHK Flat in Parel, Mumbai","2 BHK Flat in Parel, Mumbai",L&T Crescent Bay,"Parel, Mumbai",₹3.85 Cr,"₹46,723 /sqft",824 sqft,(77 sqm),Carpet Area,2 BHK,2,Ready To Move,30th out of 43 Floors | Overlooking Park,,"This 2 bhk apartment is available for sale in l and t crescent bay, one of the most prominent projects for flats in parel, mumbai south. This property faces the east direction. Containing 2 bedroom(s), 2 bathrooms , this flat is spread over a carpet area of 824 sq.Ft. The residential building has 43 floors in total and the flat for sale is located on the 30th floor. As the project is already re...",Kothari Realtors,,,https://www.99acres.com/2-bhk-bedroom-apartment-flat-for-sale-in-l-t-crescent-bay-parel-south-mumbai-824-sqft-r4-spid-H83607656,,6
N85318872,PROPERTY,"2 BHK Flat in Parel, Mumbai","2 BHK Flat in Parel, Mumbai",L&T Crescent Bay,"Parel, Mumbai",₹4 Cr,"₹40,899 /sqft",978 sqft,(91 sqm),Carpet Area,2 BHK,2,Ready To Move,28th out of 59 Floors | Overlooking Park,,"L&t crescent bay is one of mumbai south's most sought after destination for apartments and this 2 bhk flat in parel is your opportunity to be a part of this community. This residential flat is east-Facing direction. The flat is over 978 sq.Ft. Carpet area and comes with 2 bedroom(s), 2 bathrooms and 2 balconies. This flat lies on the 28th level of a 59 storey building. Being a ready to move pro...",Kothari Realtors,,,https://www.99acres.com/2-bhk-bedroom-apartment-flat-for-sale-in-l-t-crescent-bay-parel-south-mumbai-978-sqft-r4-spid-N85318872,,6
B93298630,PROPERTY,"4 BHK Flat in Lalbaug, Parel","4 BHK Flat in Lalbaug, Parel",lodha,"Lalbaug, Parel",₹10 Cr,"₹59,347 /sqft","1,685 sqft",(157 sqm),Carpet Area,4 BHK,4,Ready To Move,52nd out of 65 Floors | Overlooking Swimming Pool,,4 bhk for sale Semi furnished Higher floor,Divine Housing,Dealer,,https://www.99acres.com/4-bhk-bedroom-apartment-flat-for-sale-in-lalbaug-south-mumbai-1685-sqft-spid-B93298630,,6
P79471747,PROPERTY,"2 BHK Flat in Parel, Mumbai","2 BHK Flat in Parel, Mumbai",Lodha Venezia,"Parel, Mumbai",₹4.15 Cr,"₹49,700 /sqft",835 sqft,(78 sqm),Carpet Area,2 BHK,2,Ready To Move,35th out of 65 Floors | Overlooking Main Road,,"We have many other option also available also.This 2 bhk apartment is available for sale in lodha venezia, one of the most prominent projects for flats in parel, mumbai south. The floor plan additionally contains 2 bedroom(s), 2 bathrooms . All in all, the flat is spread over a carpet area of 835 sq.Ft. The residential building has 65 floors in total and the flat for sale is located on the 35th...",Shubh Properties,Dealer,,https://www.99acres.com/2-bhk-bedroom-apartment-flat-for-sale-in-lodha-venezia-parel-south-mumbai-835-sqft-r4-spid-P79471747,,6
O84284244,PROPERTY,"2 BHK Flat in Parel, Mumbai","2 BHK Flat in Parel, Mumbai",L&T Crescent Bay,"Parel, Mumbai",₹3.9 Cr,"₹45,882 /sqft",850 sqft,(79 sqm),Carpet Area,2 BHK,2,Ready To Move,32nd out of 59 Floors | Overlooking Park,,"This lovely 2 bhk apartment/flat in parel is available for sale in one of mumbai south's most popular projects, l and t crescent bay. The flat is east-Facing. Constructed on a carpet area of 850 sq.Ft., the flat comprises 2 bedroom(s), 2 bathrooms . The residential building has 59 floors in total and the flat for sale is located on the 41st floor. Being a ready to move project, you can expect i...",Kothari Realtors,,,https://www.99acres.com/2-bhk-bedroom-apartment-flat-for-sale-in-l-t-crescent-bay-parel-south-mumbai-850-sqft-r4-spid-O84284244,,6
Q83823184,PROPERTY,"2 BHK Flat in Parel, Mumbai","2 BHK Flat in Parel, Mumbai",Peninsula Celestia Spaces,"Parel, Mumbai",₹3.94 Cr,"₹47,757 /sqft",825 sqft,(77 sqm),Carpet Area,2 BHK,2,Ready To Move,30th out of 63 Floors | Overlooking Park,,"Located in the popular residential address of parel, mumbai south, peninsula celestia spaces is one of the most preferred destination for apartments in mumbai south. This 2 bhk flat is your ticket to be a part of this community. This residential flat is east-Facing direction. Containing 2 bedroom(s), 2 bathrooms , this flat is spread over a carpet area of 825 sq.Ft. The property is located on t...",Kothari Realtors,,,https://www.99acres.com/2-bhk-bedroom-apartment-flat-for-sale-in-peninsula-celestia-spaces-parel-south-mumbai-825-sqft-r4-spid-Q83823184,,6
U91906076,PROPERTY,"3 BHK Flat in Parel, Mumbai","3 BHK Flat in Parel, Mumbai",Ruparel Ariana,"Parel, Mumbai",₹4.6 Cr,"₹37,520 /sqft","1,226 sqft",(130 sqm),Carpet Area,3 BHK,3,Ready To Move,50th out of 73 Floors | Overlooking Main Road,,"The flat is east-Facing. Constructed on a built up area of 1400 sq.Ft., the flat comprises 3 bedroom(s), 3 bathrooms and 1 balcony. The flat has a total of 73 floors and this property is situated on 50th floor. This is a ready to move project and the property is 1-5 years old. The floor of this flat is beautifully designed using marble flooring, giving the flat an alluring look. Another plus po...",SPACE N ACRES REALTY,,,https://www.99acres.com/3-bhk-bedroom-apartment-flat-for-sale-in-ruparel-ariana-parel-south-mumbai-1400-sqft-spid-U91906076,,6
R83608888,PROPERTY,"2 BHK Flat in Parel, Mumbai","2 BHK Flat in Parel, Mumbai",L&T Crescent Bay,"Parel, Mumbai",₹4.06 Cr,"₹49,271 /sqft",824 sqft,(77 sqm),Carpet Area,2 BHK,2,Ready To Move,28th out of 43 Floors | Overlooking Park,,"This lovely 2 bhk apartment/flat in parel is available for sale in one of mumbai south's most popular projects, l and t crescent bay. The flat is facing the east direction. Containing 2 bedroom(s), 2 bathrooms , this flat is spread over a carpet area of 824 sq.Ft. The property is located on the 28th floor of a 43 floors tall building. This 1-5 years old property is available for immediate posse...",Kothari Realtors,,,https://www.99acres.com/2-bhk-bedroom-apartment-flat-for-sale-in-l-t-crescent-bay-parel-south-mumbai-824-sqft-r4-spid-R83608888,,6
C92406368,PROPERTY,"3 BHK Flat in Parel, Mumbai","3 BHK Flat in Parel, Mumbai",Peninsula Celestia Spaces,"Parel, Mumbai",₹5.78 Cr,"₹37,290 /sqft","1,550 sqft",(144 sqm),Super Built-up Area,3 BHK,4,Ready To Move,12th out of 63 Floors | North-East Facing,,Distress sale..... Available 3 bed majestic apartment for sale in a prime location.,Excel Realty,,,https://www.99acres.com/3-bhk-bedroom-apartment-flat-for-sale-in-peninsula-celestia-spaces-parel-south-mumbai-1550-sqft-spid-C92406368,,6
I82230598,PROPERTY,"4 BHK Flat in Parel, Mumbai","4 BHK Flat in Parel, Mumbai",Ruparel Jewel,"Parel, Mumbai",₹6.4 Cr,"₹21,333 /sqft","3,000 sqft",(279 sqm),Built-up Area,4 BHK,5,Ready To Move,18th out of 63 Floors | Overlooking Main Road,,Residential flat available for sale in ruparel jewel one of the finest buildings in parel the flat is on higher floor with good view and car parking for more details and queries please do contact brokers please do not respond,S P Realtors,Dealer,,https://www.99acres.com/4-bhk-bedroom-apartment-flat-for-sale-in-ruparel-jewel-parel-south-mumbai-3000-sqft-r4-spid-I82230598,,6
W92874300,PROPERTY,"2 BHK Flat in Parel, Mumbai","2 BHK Flat in Parel, Mumbai",Peninsula Celestia Spaces,"Parel, Mumbai",₹4.3 Cr,"₹47,777 /sqft",900 sqft,(84 sqm),Built-up Area,2 BHK,2,Ready To Move,45th out of 63 Floors | Overlooking Main Road,,"Constructed on a built up area of 900 sq.Ft., the flat comprises 2 bedroom(s), 2 bathrooms . The flat has a total of 63 floors and this property is situated on 45th floor. This residential flat is currently under construction and you can expect the possession of the same immediately. Peninsula celestia spaces is designed very well to provide modern facilities such as swimming pool, gymnasium, c...",Dream Properties,,,https://www.99acres.com/2-bhk-bedroom-apartment-flat-for-sale-in-peninsula-celestia-spaces-parel-south-mumbai-900-sqft-spid-W92874300,,6
X89119285,PROPERTY,"3 BHK Flat in Parel, Mumbai","3 BHK Flat in Parel, Mumbai",Ruparel Jewel,"Parel, Mumbai",₹8 Cr,"₹34,782 /sqft","2,300 sqft",(214 sqm),Carpet Area,3 BHK,3,Under Construction,46th out of 60 Floors | Overlooking Main Road,,"The floor plan additionally contains 3 bedroom(s), 3 bathrooms and more than 3 balconies. All in all, the flat is spread over a carpet area of 2300 sq.Ft. The flat has a seperate elevator wich gives a private and luxury feel you are getting a jacuzzi inside your flat also the property faces worli sealink, atal setu and a beautiful blanket seaview",PRAMOD GAIKAR,Dealer,,https://www.99acres.com/3-bhk-bedroom-apartment-flat-for-sale-in-ruparel-jewel-parel-south-mumbai-2300-sqft-spid-X89119285,,6
P85789832,PROPERTY,"3 BHK Flat in Parel, Mumbai","3 BHK Flat in Parel, Mumbai",L&T Crescent Bay,"Parel, Mumbai",₹5.1 Cr,"₹46,363 /sqft","1,100 sqft",(102 sqm),Carpet Area,3 BHK,2,Ready To Move,15th out of 59 Floors | Overlooking Park,,"This 3 bhk flat is located in l&t crescent bay, which houses some of the most spacious flats in parel, mumbai south. This is a east-Facing property. Constructed on a carpet area of 1100 sq.Ft., the flat comprises 3 bedroom(s), 2 bathrooms . The residential building has 59 floors in total and the flat for sale is located on the 15th floor. This is a ready to move project and the property is 1-5 ...",Kothari Realtors,,,https://www.99acres.com/3-bhk-bedroom-apartment-flat-for-sale-in-l-t-crescent-bay-parel-south-mumbai-1100-sqft-r2-spid-P85789832,,6
A82681292,PROPERTY,"3 BHK Flat in Parel, Mumbai","3 BHK Flat in Parel, Mumbai",L&T Crescent Bay,"Parel, Mumbai",₹5.5 Cr,"₹50,000 /sqft","1,100 sqft",(102 sqm),Carpet Area,3 BHK,3,Ready To Move,23rd out of 43 Floors | Overlooking Park,,"L and t crescent bay is one of the most popular destination for buying apartments/ flats in parel, mumbai south. You too can be a part of this society by purchasing this 3 bhk flat here. This residential flat is east-Facing direction. Containing 3 bedroom(s), 3 bathrooms , this flat is spread over a carpet area of 1100 sq.Ft. The residential building has 43 floors in total and the flat for sale...",Kothari Realtors,,,https://www.99acres.com/3-bhk-bedroom-apartment-flat-for-sale-in-l-t-crescent-bay-parel-south-mumbai-1100-sqft-r4-spid-A82681292,,6
K90235898,PROPERTY,"2 BHK Flat in Parel, Mumbai","2 BHK Flat in Parel, Mumbai",Bhoomi Simana,"Parel, Mumbai",₹4.5 Cr,"₹54,479 /sqft",826 sqft,(77 sqm),Carpet Area,2 BHK,2,Ready To Move,32nd out of 55 Floors | East Facing,,"Constructed on a carpet area of 826 sq.Ft., the flat comprises 2 bedroom(s), 2 bathrooms . The property is located on the 32nd floor of a 55 floors tall building. This residential flat is currently under construction and you can expect the possession of the same by december 2026. The society is well equipped with many modern amenities, including swimming pool, fitness centre / gym, club house, ...",Dream Properties,,,https://www.99acres.com/2-bhk-bedroom-apartment-flat-for-sale-in-bhoomi-simana-parel-south-mumbai-826-sqft-r1-spid-K90235898,,6
32040,PROJECT,The Imperial i,The Imperial i,,"Tardeo, Mumbai",₹13.61 - 19.13 Cr | ₹17.71 - 34.16 Cr | ₹28.35 - 75.79 Cr,,,,,5 BHK,,,,Willingdon Golf Club | Dome SVP Stadium,"The Imperial i, one of the known housing societes in Mumbai South, brings classic yet modern 3,4,5 BHK apartments in Tardeo. The Imperial i is a RERA- registered society and P51900050473 is the RERA registration number. Apartment prices in this housing society vary in the range of Rs. 13.61 - 75.79 Cr. Apartments in The Imperial i have SUPER area ranging between 1,815 - 10,105 sqft",SD Corporation,,,https://www.99acres.com/the-imperial-i-tardeo-south-mumbai-npxid-r32040,3 BHK Apartment: ₹13.61 - 19.13 Cr | 4 BHK Apartment & Duplex: ₹17.71 - 34.16 Cr | 5 BHK Apartment & Duplex: ₹28.35 - 75.79 Cr,1
394867,PROJECT,Lodha Marq,Lodha Marq,,"Tardeo, Mumbai",₹9.92 - 10.55 Cr | ₹13.5 Cr | ₹20.9 Cr | ₹21.79 - 29.88 Cr,,,,,5 BHK,,,,Mumbai Railway station | International airport,"Spacious 2,3,4,5 BHK apartments in Tardeo are available for sale.Check out latest property options at Lodha Marq housing society. Lodha Marq apartments are available in multiples sizes, ranging from 1,063 - 3,200 sqft CARPET area. This society is RERA approved and P51900046132 is the RERA number. Apartment prices in this housing society vary in the range of Rs. 9.92 - 29.88 Cr",Lodha,,,https://www.99acres.com/lodha-marq-tardeo-south-mumbai-npxid-r394867,2 BHK Apartment: ₹9.92 - 10.55 Cr | 3 BHK Apartment: ₹13.5 Cr | 4 BHK Apartment: ₹20.9 Cr | 5 BHK Apartment: ₹21.79 - 29.88 Cr,1
416809,PROJECT,MICL Aaradhya Avaan,MICL Aaradhya Avaan,,"Tardeo, Mumbai",₹9.75 - 10.92 Cr | ₹15.22 Cr,,,,,4 BHK,,,,The Universal School | Jaslok Hospital,"Finest 3,4 BHK apartments in Tardeo available for sale in MICL Aaradhya Avaan. Apartment prices in this housing society vary in the range of Rs. 9.75 - 15.22 Cr. MICL Aaradhya Avaan has apartments in multiple configurations, in range of 1,300 - 2,029 sqft. MICL Aaradhya Avaan is a RERA- registered society and P51900048675 is the RERA registration number",MICL,,,https://www.99acres.com/micl-aaradhya-avaan-tardeo-south-mumbai-npxid-r416809,3 BHK Apartment: ₹9.75 - 10.92 Cr | 4 BHK Apartment: ₹15.22 Cr,1
443200,PROJECT,Aplite Sapphire,Aplite Sapphire,,"Tardeo, Mumbai",₹2.75 Cr | ₹4.33 Cr,,,,,3 BHK,,,,Mumbai Central Station | Grant Road Station,"Choose your dream home from the wide variety of 2,3 BHK apartments in Tardeo, available for sale in Aplite Sapphire. Prices of apartments in this project, vary between Rs. 2.75 - 4.33 Cr. Aplite Sapphire apartments are available in multiples sizes, ranging from 642 - 1,073 sqft CARPET area. Aplite Sapphire is a RERA- registered society and P51900078543 is the RERA registration number",Aplite Developers LLP,,,https://www.99acres.com/aplite-sapphire-tardeo-south-mumbai-npxid-r443200,2 BHK Apartment: ₹2.75 Cr | 3 BHK Apartment: ₹4.33 Cr,1
O88281558,PROPERTY,"1 BHK Flat in Tardeo, Mumbai","1 BHK Flat in Tardeo, Mumbai",Universal Height,"Tardeo, Mumbai",₹2.75 Cr,"₹55,000 /sqft",500 sqft,(46 sqm),Carpet Area,1 BHK,2,Ready To Move,24th out of 28 Floors,,"The flat is west-Facing. The flat is over 500 sq.Ft. Carpet area and comes with 1 bedroom(s), 2 bathrooms . This flat is situated on the 24th floor of this 28 floors tall residential building. An added advantage of this 10+ years old flat is that it is available for immediate possession as the project is already ready to move. The floor of this flat is beautifully designed using vitrified floor...",K.Hemandas real estate,Dealer,,https://www.99acres.com/1-bhk-bedroom-apartment-flat-for-sale-in-universal-height-tardeo-south-mumbai-500-sqft-r1-spid-O88281558,,1
P92848722,PROPERTY,"4 BHK Flat in Altamount Road, Tardeo, Mumbai","4 BHK Flat in Altamount Road, Tardeo, Mumbai",bldg on request,"Altamount Road, Tardeo, Mumbai",₹16 Cr,"₹94,117 /sqft","1,700 sqft",(158 sqm),Carpet Area,4 BHK,4,Ready To Move,11th out of 21 Floors | Overlooking Main Road,,Prime location well maintain society,BJ Realty,Dealer,,https://www.99acres.com/4-bhk-bedroom-apartment-flat-for-sale-in-altamount-road-south-mumbai-1700-sqft-spid-P92848722,,1
L91214026,PROPERTY,"2 BHK Flat in Tardeo, Mumbai","2 BHK Flat in Tardeo, Mumbai",Optimum Wellingdon View,"Tardeo, Mumbai",₹5.2 Cr,"₹63,414 /sqft",820 sqft,(76 sqm),Carpet Area,2 BHK,1,Ready To Move,25th out of 32 Floors | Overlooking Park,,"This is a north-East-Facing property. Containing 2 bedroom(s), 1 bathroom and 1 balcony, this flat is spread over a carpet area of 820 sq.Ft. This flat is situated on the 25th floor of this 32 floors tall residential building. An added advantage of this 10+ years old flat is that it is available for immediate possession as the project is already ready to move. The beautifully designed marble fl...",ACCURATE DEALS,Dealer,,https://www.99acres.com/2-bhk-bedroom-apartment-flat-for-sale-in-optimum-wellingdon-view-tardeo-south-mumbai-820-sqft-r1-spid-L91214026,,1
V92902208,PROPERTY,"2 BHK Flat in Tardeo, Mumbai","2 BHK Flat in Tardeo, Mumbai",Yog Milan,"Tardeo, Mumbai",₹2.7 Cr,"₹47,619 /sqft",567 sqft,(53 sqm),Carpet Area,2 BHK,2,Ready To Move,7th out of 9 Floors | Overlooking Main Road,,"This property faces the west direction. Containing 2 bedroom(s), 2 bathrooms , this flat is spread over a carpet area of 567 sq.Ft. This flat lies on the 7th level of a 9 storey building. Being a ready to move project, you can expect immediate possession of this 0-1 year old property. The well built vitrified flooring enhances the aesthetic appeal of this flat. The society is well equipped with...",Ask realtors,,,https://www.99acres.com/2-bhk-bedroom-apartment-flat-for-sale-in-tardeo-south-mumbai-567-sqft-spid-V92902208,,1
Z93124292,PROPERTY,"2 BHK Flat in Tardeo, Mumbai","2 BHK Flat in Tardeo, Mumbai",Ayuddha Eved,"Tardeo, Mumbai",₹4.25 Cr,"₹50,595 /sqft",840 sqft,(78 sqm),Carpet Area,2 BHK,3,Under Construction,15th out of 20 Floors | Overlooking Park,,"Exclusive luxury living by the developers of sukruti samyra presents you ayuddha eved Experience premium living in a thoughtfully designed residential tower that blends luxury, comfort, and modern architecture. *project location:* Ayuddha eved, bg desai marg, tardeo, mumbai Project highlights Ground + 1st floor premium lifestyle amenities 19 residential floors Rooftop recreation terrace with br...",Vivek Dadhe,Dealer,,https://www.99acres.com/2-bhk-bedroom-apartment-flat-for-sale-in-tardeo-south-mumbai-840-sqft-spid-Z93124292,,1
M92429162,PROPERTY,"3 BHK Flat in Dadal Estate, Tardeo, Mumbai","3 BHK Flat in Dadal Estate, Tardeo, Mumbai",Sanghvi Aaditya Heights,"Dadal Estate, Tardeo, Mumbai",₹8 Cr,"₹48,929 /sqft","1,635 sqft",(152 sqm),Built-up Area,3 BHK,3,Under Construction,25th out of 36 Floors | Overlooking Park,,"The project features a grand double-Height entrance lobby, multi-Level podium parking, landscaped amenities, a swimming pool, gymnasium, banquet hall, children's play area, indoor games, yoga zone, and 247 security. Residents also benefit from excellent connectivity to mumbai central, mahalaxmi, peddar road, and key business districts, along with reputed schools, hospitals, shopping destination...",Advertising Team,Dealer,,https://www.99acres.com/3-bhk-bedroom-apartment-flat-for-sale-in-sanghvi-aaditya-heights-dadal-estate-mumbai-south-1635-sqft-spid-M92429162,,1
A86639910,PROPERTY,"2 BHK Flat in Tardeo, Mumbai","2 BHK Flat in Tardeo, Mumbai",Aplite Sapphire,"Tardeo, Mumbai",₹3.08 Cr,"₹31,752 /sqft",970 sqft,(90 sqm),Super Built-up Area,2 BHK,2,Under Construction,12th out of 21 Floors | North-East Facing,,"This is a north-East-Facing property. The floor plan additionally contains 2 bedroom(s), 2 bathrooms . All in all, the flat is spread over a super built up area of 970 sq.Ft. The flat has a total of 21 floors and this property is situated on 12th floor. As the property is currently under construction , you can expect to get the possession by december 2028. The vitrified flooring of this flat is...",Parmar Properties and Infrastructure Pvt. Ltd.,Dealer,,https://www.99acres.com/2-bhk-bedroom-apartment-flat-for-sale-in-tardeo-south-mumbai-970-sqft-r2-spid-A86639910,,1
F78966721,PROPERTY,"3 BHK Flat in Tardeo, Mumbai","3 BHK Flat in Tardeo, Mumbai",MICL Aaradhya Avaan,"Tardeo, Mumbai",₹8.99 Cr,"₹61,617 /sqft","1,459 sqft",(136 sqm),Carpet Area,3 BHK,3,Under Construction,48th out of 78 Floors | Private Garden,,"Experience elevated living at micl la residence, an exceptional residential landmark in tardeo, mumbai. Discover luxurious 3, 4 & 5 bhk apartments in india's tallest residential tower, offering breathtaking views of the sea and cityscape. Thoughtfully designed spaces with premium fittings create a warm and inviting atmosphere.",K.Hemandas real estate,Dealer,,https://www.99acres.com/3-bhk-bedroom-apartment-flat-for-sale-in-micl-aaradhya-avaan-tardeo-south-mumbai-1459-sqft-r3-spid-F78966721,,1
C80057731,PROPERTY,"3 BHK Flat in Tardeo, Mumbai","3 BHK Flat in Tardeo, Mumbai",Walchand Terraces,"Tardeo, Mumbai",₹7.25 Cr,"₹24,166 /sqft","3,000 sqft",(279 sqm),Super Built-up Area,3 BHK,3,Ready To Move,4th out of 6 Floors | East Facing,,"This beautiful 2 bhk flat in tardeo, mumbai south is situated in walchand terraces, one of the popular residential society in mumbai south. The flat is east-Facing. Containing 2 bedroom(s), 2 bathrooms and 2 balconies, this flat is spread over a super built up area of 2800 sq.Ft. The flat has a total of 6 floors and this property is situated on 4th floor. As the project is already ready to move...",Parmar Properties and Infrastructure Pvt. Ltd.,Dealer,,https://www.99acres.com/3-bhk-bedroom-apartment-flat-for-sale-in-walchand-terraces-tardeo-south-mumbai-3000-sqft-r5-spid-C80057731,,1
N79227637,PROPERTY,"4 BHK Flat in Janata Nagar, Tardeo, Mumbai","4 BHK Flat in Janata Nagar, Tardeo, Mumbai",SD The Imperial Edge,"Janata Nagar, Tardeo, Mumbai",₹35 Cr,₹1 L /sqft,"3,500 sqft",(325 sqm),Carpet Area,4 BHK,5,Ready To Move,48th out of 50 Floors | Overlooking Sea,,"Sd the imperial edge is one of the most popular destination for buying apartments/ flats in janata nagar, mumbai south. You too can be a part of this society by purchasing this 4 bhk flat here. The flat is south-Facing. Containing 4 bedroom(s), 5 bathrooms and 3 balconies, this flat is spread over a carpet area of 3500 sq.Ft. The flat has a total of 50 floors and this property is situated on 48...",Mani solanki,Dealer,,https://www.99acres.com/4-bhk-bedroom-apartment-flat-for-sale-in-sd-the-imperial-edge-janata-nagar-mumbai-south-3500-sqft-r5-spid-N79227637,,1
I91403984,PROPERTY,"2 BHK Flat in Tardeo, Mumbai","2 BHK Flat in Tardeo, Mumbai",Vastu Shilp Apartment,"Tardeo, Mumbai",₹8.5 Cr,"₹94,444 /sqft",900 sqft,(84 sqm),Carpet Area,2 BHK,2,Ready To Move,6th out of 14 Floors | 2 Covered Parking,,"Agreement area is 900 s.F carpet where you get to use 1200 s.F carpet A greed building, international school is next to building , it has club,gym, garden , swimming pool",Tiwari Associates,Dealer,,https://www.99acres.com/2-bhk-bedroom-apartment-flat-for-sale-in-vastu-shilp-apartment-tardeo-south-mumbai-900-sqft-spid-I91403984,,1
Y92770196,PROPERTY,"3 BHK Flat in Papanas Wadi, Tardeo, Mumbai","3 BHK Flat in Papanas Wadi, Tardeo, Mumbai",Dhawalgiri Building,"Papanas Wadi, Tardeo, Mumbai",₹7.5 Cr,"₹69,444 /sqft","1,080 sqft",(100 sqm),Carpet Area,3 BHK,2,Ready To Move,15th out of 18 Floors | Furnished,,"The flat occupies a carpet area of 1080 sq.Ft. That consists of 3 bedrooms, 2 bathrooms . The flat has a total of 18 floors and this property is situated on 15th floor. As the project is already ready to move, so you can easily move into this 10+ years old property.",Vijay Kantilal Kataria,Dealer,,https://www.99acres.com/3-bhk-bedroom-apartment-flat-for-sale-in-dhawalgiri-building-papanas-wadi-mumbai-south-1080-sqft-spid-Y92770196,,1
R92479804,PROPERTY,"2 BHK Flat in Tardeo, Mumbai","2 BHK Flat in Tardeo, Mumbai",Stardeous,"Tardeo, Mumbai",₹4.07 Cr,"₹43,205 /sqft",942 sqft,(88 sqm),Built-up Area,2 BHK,2,Under Construction,35th out of 43 Floors | Overlooking Park,,"The flat is facing the east direction. The floor plan additionally contains 2 bedroom(s), 2 bathrooms and 2 balconies. All in all, the flat is spread over a built up area of 567 sq.Ft. The property is located on the 35th floor of a 43 floors tall building. This residential property is still under construction and will be available for possession by december 2027. The floor of this flat is beaut...",Easy Home Realty,Dealer,,https://www.99acres.com/2-bhk-bedroom-apartment-flat-for-sale-in-tardeo-south-mumbai-942-sqft-spid-R92479804,,1
V92489026,PROPERTY,"2 BHK Flat in Tardeo, Mumbai","2 BHK Flat in Tardeo, Mumbai",Optimum Wellingdon View,"Tardeo, Mumbai",₹4.75 Cr,"₹45,238 /sqft","1,050 sqft",(98 sqm),Super Built-up Area,2 BHK,2,Ready To Move,4th out of 25 Floors | Overlooking Main Road,,"This is a north-East-Facing property. The floor plan additionally contains 2 bedroom(s), 2 bathrooms . All in all, the flat is spread over a super built up area of 1050 sq.Ft. This flat lies on the 4th level of a 25 storey building. This is a ready to move project and the property is 5-10 years old. The floor of this flat is beautifully designed using vitrified flooring, giving the flat an allu...",Wadhwa Realtor,Dealer,,https://www.99acres.com/2-bhk-bedroom-apartment-flat-for-sale-in-optimum-wellingdon-view-tardeo-south-mumbai-1050-sqft-spid-V92489026,,1
I89173949,PROPERTY,"2 BHK Flat in Tardeo, Mumbai","2 BHK Flat in Tardeo, Mumbai",Veesita Luxuria,"Tardeo, Mumbai",₹4.75 Cr,"₹45,238 /sqft","1,050 sqft",(98 sqm),Carpet Area,2 BHK,2,Ready To Move,8th out of 13 Floors | North-East Facing,,"This is a north-East-Facing property. Containing 2 bedroom(s), 2 bathrooms , this flat is spread over a carpet area of 1050 sq.Ft. The residential building has 13 floors in total and the flat for sale is located on the 8th floor. An added advantage of this 10+ years old flat is that it is available for immediate possession as the project is already ready to move. The flat comes well built with ...",K.Hemandas real estate,Dealer,,https://www.99acres.com/2-bhk-bedroom-apartment-flat-for-sale-in-veesita-luxuria-tardeo-south-mumbai-1050-sqft-r1-spid-I89173949,,1
V91959004,PROPERTY,"2 BHK Flat in Tardeo, Mumbai","2 BHK Flat in Tardeo, Mumbai",Sanghvi Aaditya Heights,"Tardeo, Mumbai",₹5.5 Cr,"₹40,740 /sqft","1,350 sqft",(125 sqm),Built-up Area,2 BHK,2,Under Construction,25th out of 35 Floors | Overlooking Park,,"Premium location in tardeo, south mumbai. Modern 2 & 3 bhk residences. Grand entrance lobby and high-Speed elevators. Swimming pool, fitness centre, indoor games area and banquet hall. Children's play area and landscaped spaces. 247 security with cctv surveillance. Excellent connectivity to mumbai central, grant road, peddar road and mahalaxmi.",Advertising Team,Dealer,,https://www.99acres.com/2-bhk-bedroom-apartment-flat-for-sale-in-sanghvi-aaditya-heights-tardeo-south-mumbai-1350-sqft-spid-V91959004,,1
S91959732,PROPERTY,"3 BHK Flat in Tardeo, Mumbai","3 BHK Flat in Tardeo, Mumbai",Sanghvi Aaditya Heights,"Tardeo, Mumbai",₹6.8 Cr,"₹38,159 /sqft","1,782 sqft",(166 sqm),Built-up Area,3 BHK,3,Under Construction,24th out of 35 Floors | Overlooking Park,,"Aaditya heights mumbai is an exclusive tower of g + 35 storey. Sanghvi aaditya heights sanghvi group mumbai property features amenities like derasar & upashray within the premises, iconic swinging swimming pool, huge banquet hall, indoor play area, state-Of-The-Art fitness centre, high-Speed elevators, advanced 247 security & cctv surveillance, designer lobby lounge & mailbox area, professional...",Advertising Team,Dealer,,https://www.99acres.com/3-bhk-bedroom-apartment-flat-for-sale-in-sanghvi-aaditya-heights-tardeo-south-mumbai-1782-sqft-spid-S91959732,,1
R73825611,PROPERTY,"2 BHK Flat in Tardeo, Mumbai","2 BHK Flat in Tardeo, Mumbai",Spenta Stardeous,"Tardeo, Mumbai",₹3.6 Cr,"₹28,823 /sqft","1,249 sqft",(116 sqm),Super Built-up Area,2 BHK,2,Under Construction,25th out of 43 Floors | Overlooking Park,,"This 2 bhk apartment is available for sale in spenta stardeous, one of the most prominent projects for flats in tardeo, mumbai south. This residential flat is east-Facing direction. The flat is over 970 sq.Ft. Built up area and comes with 2 bedroom(s), 2 bathrooms . The property is located on the 25th floor of a 43 floors tall building. As the property is currently under construction , you can ...",Parmar Properties and Infrastructure Pvt. Ltd.,Dealer,,https://www.99acres.com/2-bhk-bedroom-apartment-flat-for-sale-in-tardeo-south-mumbai-1249-sqft-r7-spid-R73825611,,1
G89188237,PROPERTY,"2 BHK Flat in Tardeo, Mumbai","2 BHK Flat in Tardeo, Mumbai",on request,"Tardeo, Mumbai",₹5.75 Cr,"₹41,071 /sqft","1,400 sqft",(130 sqm),Super Built-up Area,2 BHK,3,Ready To Move,15th out of 30 Floors | Overlooking Park,,"This residential flat is north-East-Facing direction. Constructed on a super built up area of 1400 sq.Ft., the flat comprises 2 bedroom(s), 3 bathrooms and 1 balcony. This flat is situated on the 15th floor of this 30 floors tall residential building. An added advantage of this 5-10 years old flat is that it is available for immediate possession as the project is already ready to move. The flat...",Dilip shah,Dealer,,https://www.99acres.com/2-bhk-bedroom-apartment-flat-for-sale-in-tardeo-south-mumbai-1400-sqft-r2-spid-G89188237,,1
L88751346,PROPERTY,"2 BHK Flat in Tardeo, Mumbai","2 BHK Flat in Tardeo, Mumbai",Aarti Apartment,"Tardeo, Mumbai",₹4.5 Cr,"₹59,840 /sqft",752 sqft,(70 sqm),Carpet Area,2 BHK,2,Ready To Move,2nd out of 3 Floors | North Facing,,"This property faces the north direction. The floor plan additionally contains 2 bedroom(s), 2 bathrooms . All in all, the flat is spread over a carpet area of 752 sq.Ft. This flat is situated on the 2nd floor of this 3 floors tall residential building. An added advantage of this 10+ years old flat is that it is available for immediate possession as the project is already ready to move. The beau...",K.Hemandas real estate,Dealer,,https://www.99acres.com/2-bhk-bedroom-apartment-flat-for-sale-in-tardeo-south-mumbai-752-sqft-r1-spid-L88751346,,1
Z91769728,PROPERTY,"2 BHK Flat in Tardeo, Mumbai","2 BHK Flat in Tardeo, Mumbai",on request,"Tardeo, Mumbai",₹4.5 Cr,"₹54,216 /sqft",830 sqft,(77 sqm),Carpet Area,2 BHK,2,Under Construction,11th out of 28 Floors | Overlooking Main Road,,"This property faces the east direction. Constructed on a carpet area of 830 sq.Ft., the flat comprises 2 bedroom(s), 2 bathrooms and 1 balcony. The residential building has 28 floors in total and the flat for sale is located on the 11th floor. This residential flat is currently under construction and you can expect the possession of the same by december 2028. On request is designed very well to...",vibrantkey,Dealer,,https://www.99acres.com/2-bhk-bedroom-apartment-flat-for-sale-in-tardeo-south-mumbai-830-sqft-spid-Z91769728,,1
X90624596,PROPERTY,"2 BHK Flat in Tardeo, Mumbai","2 BHK Flat in Tardeo, Mumbai",Sanghvi Aaditya Heights,"Tardeo, Mumbai",₹5.5 Cr,"₹61,111 /sqft",900 sqft,(84 sqm),Carpet Area,2 BHK,2,Ready To Move,15th out of 35 Floors | East Facing,,Aditya height is residential tower located in tardeo is ready to move.,KAILASH GUL RAJANI,,,https://www.99acres.com/2-bhk-bedroom-apartment-flat-for-sale-in-sanghvi-aaditya-heights-tardeo-south-mumbai-900-sqft-spid-X90624596,,2
F92571586,PROPERTY,"3 BHK Flat in Tardeo, Mumbai","3 BHK Flat in Tardeo, Mumbai",Hubtown Ackruti Aditya,"Tardeo, Mumbai",₹6 Cr,"₹60,000 /sqft","1,000 sqft",(93 sqm),Carpet Area,3 BHK,3,Ready To Move,5th out of 21 Floors | East Facing,,"Hubtown ackruti aditya (Also known as aditya akruti) is a premium, ready-To-Move-In residential tower developed by hubtown ltd. (Formerly ackruti city), strategically located at nana chowk, grant road west, on the edge of tardeo, south mumbai",KAILASH GUL RAJANI,,,https://www.99acres.com/3-bhk-bedroom-apartment-flat-for-sale-in-hubtown-ackruti-aditya-tardeo-south-mumbai-1000-sqft-spid-F92571586,,2
W92210612,PROPERTY,"3 BHK Flat in Tardeo, Mumbai","3 BHK Flat in Tardeo, Mumbai",Sanghvi Aaditya Heights,"Tardeo, Mumbai",₹7.12 Cr,"₹59,932 /sqft","1,188 sqft",(110 sqm),Carpet Area,3 BHK,3,Ready To Move,24th out of 35 Floors | East Facing,,"This residential flat is east-Facing direction. Containing 3 bedroom(s), 3 bathrooms and 2 balconies, this flat is spread over a carpet area of 1188 sq.Ft. The flat has a total of 35 floors and this property is situated on 24th floor. This 0-1 year old property is available for immediate possession as the project is ready to move. The beautifully designed vitrified flooring enhances the beauty ...",Parmar Properties and Infrastructure Pvt. Ltd.,Dealer,,https://www.99acres.com/3-bhk-bedroom-apartment-flat-for-sale-in-sanghvi-aaditya-heights-tardeo-south-mumbai-1188-sqft-spid-W92210612,,2
D91770154,PROPERTY,"3 BHK Flat in Tardeo, Mumbai","3 BHK Flat in Tardeo, Mumbai",Enterprise Apartments,"Tardeo, Mumbai",₹7.3 Cr,"₹54,887 /sqft","1,330 sqft",(124 sqm),Carpet Area,3 BHK,3,Ready To Move,6th out of 19 Floors | Overlooking Park,,"Enterprise apartment is a prestigious residential complex located in tardeo, south mumbai. It offers a mix of spacious 1 bhk to 3 bhk flats. Known for its prime location near pedder road, the property provides luxury city living combined with robust security and lifestyle amenities.",ROMI And MANOR,Dealer,,https://www.99acres.com/3-bhk-bedroom-apartment-flat-for-sale-in-enterprise-apartments-tardeo-south-mumbai-1330-sqft-spid-D91770154,,2
Q78966549,PROPERTY,"3 BHK Flat in Tardeo, Mumbai","3 BHK Flat in Tardeo, Mumbai",MICL Aaradhya Avaan,"Tardeo, Mumbai",₹7.99 Cr,"₹61,603 /sqft","1,297 sqft",(121 sqm),Carpet Area,3 BHK,3,Under Construction,45th out of 61 Floors | Private Garden,,"Experience elevated living at micl la residence, an exceptional residential landmark in tardeo, mumbai. Discover luxurious 3, 4 & 5 bhk apartments in india's tallest residential tower, offering breathtaking views of the sea and cityscape. Thoughtfully designed spaces with premium fittings create a warm and inviting atmosphere.",K.Hemandas real estate,Dealer,,https://www.99acres.com/3-bhk-bedroom-apartment-flat-for-sale-in-micl-aaradhya-avaan-tardeo-south-mumbai-1297-sqft-r3-spid-Q78966549,,2
S93030180,PROPERTY,"6 BHK Flat in Janata Nagar, Tardeo, Mumbai","6 BHK Flat in Janata Nagar, Tardeo, Mumbai",SD The Imperial Edge,"Janata Nagar, Tardeo, Mumbai",₹85 Cr,"₹88,541 /sqft","9,600 sqft",(892 sqm),Built-up Area,6 BHK,6,Ready To Move,41st out of 50 Floors | Overlooking Park,,"This rare 8 bhk residence at the imperial edge is an opportunity to own a landmark home that reflects success, exclusivity, and sophistication a residence designed for those who desire the finest expression of luxury living in mumbai.This exceptional home features a grand living and dining area, multiple luxurious bedrooms with en-Suite bathrooms, a private family lounge, elegant entertainment ...",Homes For All Real Estate Private Limited,,,https://www.99acres.com/6-bhk-bedroom-apartment-flat-for-sale-in-sd-the-imperial-edge-janata-nagar-mumbai-south-9600-sqft-spid-S93030180,,2
S87083970,PROPERTY,"3 BHK Flat in Tardeo, Mumbai","3 BHK Flat in Tardeo, Mumbai",Lodha Marq,"Tardeo, Mumbai",₹10 Cr,"₹38,095 /sqft","2,625 sqft",(244 sqm),Super Built-up Area,3 BHK,3,Under Construction,26th out of 35 Floors | East Facing,,"This 3 bhk flat is located in lodha marq, which houses some of the most spacious flats in tardeo, mumbai south. The flat is facing the east direction. Constructed on a super built up area of 2625 sq.Ft., the flat comprises 3 bedroom(s), 3 bathrooms and 1 balcony. The property is located on the 26th floor of a 35 floors tall building. The flat is currently under construction stage and you can ex...",Parmar Properties and Infrastructure Pvt. Ltd.,Dealer,,https://www.99acres.com/3-bhk-bedroom-apartment-flat-for-sale-in-tardeo-south-mumbai-2625-sqft-r2-spid-S87083970,,2
T85910832,PROPERTY,"3 BHK Flat in Tardeo, Mumbai","3 BHK Flat in Tardeo, Mumbai",Crescent Tower,"Tardeo, Mumbai",₹10.8 Cr,"₹69,677 /sqft","1,550 sqft",(144 sqm),Carpet Area,3 BHK,4,Ready To Move,17th out of 21 Floors | Overlooking Park,,"Situated in tardeo, mumbai south, crescent tower is a well planned society that offers a pleasant living experience to its residents. This 3 bhk flat in mumbai south is your opportunity to be a part of this community. The flat is north-Facing. Containing 3 bedroom(s), 4 bathrooms , this flat is spread over a carpet area of 1550 sq.Ft. This flat lies on the 17th level of a 21 storey building. Th...",ATUL DAYHALAL SHAH,Dealer,,https://www.99acres.com/3-bhk-bedroom-apartment-flat-for-sale-in-tardeo-south-mumbai-1550-sqft-r4-spid-T85910832,,2
M92429272,PROPERTY,"3 BHK Flat in Dadal Estate, Tardeo, Mumbai","3 BHK Flat in Dadal Estate, Tardeo, Mumbai",Sanghvi Aaditya Heights,"Dadal Estate, Tardeo, Mumbai",₹10 Cr,"₹54,054 /sqft","1,850 sqft",(172 sqm),Built-up Area,3 BHK,3,Under Construction,20th out of 36 Floors | Overlooking Park,,"The project features a grand double-Height entrance lobby, multi-Level podium parking, landscaped amenities, a swimming pool, gymnasium, banquet hall, children's play area, indoor games, yoga zone, and 247 security. Residents also benefit from excellent connectivity to mumbai central, mahalaxmi, peddar road, and key business districts, along with reputed schools, hospitals, shopping destination...",Advertising Team,Dealer,,https://www.99acres.com/3-bhk-bedroom-apartment-flat-for-sale-in-sanghvi-aaditya-heights-dadal-estate-mumbai-south-1850-sqft-spid-M92429272,,2
J89098127,PROPERTY,"2 BHK Flat in Tardeo, Mumbai","2 BHK Flat in Tardeo, Mumbai",Mahindra Heights,"Tardeo, Mumbai",₹8.65 Cr,"₹83,494 /sqft","1,036 sqft",(96 sqm),Carpet Area,2 BHK,2,Ready To Move,5th out of 20 Floors | Overlooking Main Road,,"Prime 2bhk for sale in tardeo near imperial towers at mahindra heights 1036 sq ft carpet area 2bhk +study/ staff room 2 parking 1 podium 1 basement A well maintained and spacious 2bhk apartment in mahindra heights, tardeo. Larger layouts. Fully functional with wardrobes, beds, lights, kitchen , tv Available immediately Spacious grand building lobby 2 elevators Serperate service entrance Garden ...",Terraa Propex LLP,,,https://www.99acres.com/2-bhk-bedroom-apartment-flat-for-sale-in-mahindra-heights-tardeo-south-mumbai-1036-sqft-r1-spid-J89098127,,2
R93030090,PROPERTY,"8 BHK Flat in Janata Nagar, Tardeo, Mumbai","8 BHK Flat in Janata Nagar, Tardeo, Mumbai",SD The Imperial Edge,"Janata Nagar, Tardeo, Mumbai",₹125 Cr,"₹74,404 /sqft","16,800 sqft","(1,561 sqm)",Built-up Area,8 BHK,8,Ready To Move,43rd out of 50 Floors | Overlooking Park,,"Presenting an extraordinary 8 bhk ultra-Luxury residence at the imperial edge, tardeo, an exclusive address that represents the pinnacle of refined living, privacy, and timeless elegance in south mumbai. Designed for connoisseurs of luxury, this magnificent residence offers expansive living spaces, breathtaking views, and an unmatched lifestyle experience in one of mumbais most prestigious neig...",Homes For All Real Estate Private Limited,,,https://www.99acres.com/8-bhk-bedroom-apartment-flat-for-sale-in-sd-the-imperial-edge-janata-nagar-mumbai-south-16800-sqft-spid-R93030090,,2
T80949717,PROPERTY,"3 BHK Flat in Tardeo, Mumbai","3 BHK Flat in Tardeo, Mumbai",Lodha marq,"Tardeo, Mumbai",₹11 Cr,"₹73,333 /sqft","1,500 sqft",(139 sqm),Carpet Area,3 BHK,3,Under Construction,21st out of 36 Floors | Overlooking Swimming Pool,,"Lodha marp is one of the most popular destination for buying apartments/ flats in tardeo, mumbai south. You too can be a part of this society by purchasing this 3 bhk flat here. This is a east-Facing property. The flat occupies a carpet area of 1500 sq.Ft. That consists of 3 bedrooms, 3 bathrooms and 1 balcony. This flat is situated on the 21st floor of this 36 floors tall residential building....",Value Properties,,,https://www.99acres.com/3-bhk-bedroom-apartment-flat-for-sale-in-tardeo-south-mumbai-1500-sqft-r4-spid-T80949717,,2
V89996738,PROPERTY,"3 BHK Flat in Tardeo, Mumbai","3 BHK Flat in Tardeo, Mumbai",MICL Aaradhya Avaan,"Tardeo, Mumbai",₹9.75 Cr,"₹75,000 /sqft","1,300 sqft",(204 sqm),Carpet Area,3 BHK,3,Under Construction,36th out of 81 Floors | East Facing,,"The flat is facing the east direction. Constructed on a super built up area of 2200 sq.Ft., the flat comprises 3 bedroom(s), 3 bathrooms . The residential building has 81 floors in total and the flat for sale is located on the 36th floor. The flat is currently under construction stage and you can expect to get the possession of the property by december 2030. The flat comes well built with marbl...",Parmar Properties and Infrastructure Pvt. Ltd.,Dealer,,https://www.99acres.com/3-bhk-bedroom-apartment-flat-for-sale-in-micl-aaradhya-avaan-tardeo-south-mumbai-2200-sqft-r1-spid-V89996738,,2
F91615822,PROPERTY,"3 BHK Flat in Tardeo, Mumbai","3 BHK Flat in Tardeo, Mumbai",MICL Aaradhya Avaan,"Tardeo, Mumbai",₹9.75 Cr,"₹75,000 /sqft","1,300 sqft",(121 sqm),Carpet Area,3 BHK,3,Under Construction,2nd out of 61 Floors | 1 Covered Parking,,View South - Queen's necklace view North - Racecourse view West - Arabian sea view East 3 level of basement Triple heighted lobby 1 to 8 podium car park 9 to 17 robotic car park (So we have 20 level of car park) 18 and 19 is our first club house (18000 sf) 20 our first habitable starts (200 ft from ground) 53 is our service floor 54 and 55 we have second club house (17000 sf) 56 onwards our sky...,Moksha Realty,Dealer,,https://www.99acres.com/3-bhk-bedroom-apartment-flat-for-sale-in-micl-aaradhya-avaan-tardeo-south-mumbai-1300-sqft-spid-F91615822,,2
V80882925,PROPERTY,"3 BHK Flat in Tardeo, Mumbai","3 BHK Flat in Tardeo, Mumbai",MICL Aaradhya Avaan,"Tardeo, Mumbai",₹8.45 Cr,"₹65,000 /sqft","1,300 sqft",(121 sqm),Carpet Area,3 BHK,3,Under Construction,41st out of 81 Floors | Overlooking Swimming Pool,,"This beautiful 3 bhk flat in tardeo, mumbai south is situated in micl aaradhya avaan, one of the popular residential society in mumbai south. This is a east-Facing property. Constructed on a carpet area of 1300 sq.Ft., the flat comprises 3 bedroom(s), 3 bathrooms and 1 balcony. This flat lies on the 41st level of a 81 storey building. Moreover, the flat is currently under construction and posse...",Value Properties,,,https://www.99acres.com/3-bhk-bedroom-apartment-flat-for-sale-in-micl-aaradhya-avaan-tardeo-south-mumbai-1300-sqft-r4-spid-V80882925,,2
X93363658,PROPERTY,"3 BHK Flat in Tardeo, Mumbai","3 BHK Flat in Tardeo, Mumbai",MICL Aaradhya Avaan,"Tardeo, Mumbai",₹9.5 Cr,"₹73,076 /sqft","1,300 sqft",(121 sqm),Carpet Area,3 BHK,3,Under Construction,29th out of 61 Floors | Overlooking Sea,,Micl aradhya avan Tardeo 3bhk 1300 carpet Higher floor With amenities Possession 2028 Barehsell,Sanjay Corporation,Dealer,,https://www.99acres.com/3-bhk-bedroom-apartment-flat-for-sale-in-micl-aaradhya-avaan-tardeo-south-mumbai-1300-sqft-spid-X93363658,,2
I91515222,PROPERTY,"3 BHK Flat in Tardeo, Mumbai","3 BHK Flat in Tardeo, Mumbai",MICL Aaradhya Avaan,"Tardeo, Mumbai",₹9.25 Cr,"₹71,153 /sqft","1,300 sqft",(121 sqm),Carpet Area,3 BHK,4,Under Construction,40th out of 61 Floors | 2 Open Parking,,Micl Bhatia hospital behinde 3bhk 1306carpet 9.25cr 2parking With amwnities,Sanjay Corporation,Dealer,,https://www.99acres.com/3-bhk-bedroom-apartment-flat-for-sale-in-micl-aaradhya-avaan-tardeo-south-mumbai-1300-sqft-spid-I91515222,,2
O91435774,PROPERTY,"2 BHK Flat in Tardeo, Mumbai","2 BHK Flat in Tardeo, Mumbai",Girnar Building,"Tardeo, Mumbai",₹6.25 Cr,"₹69,444 /sqft",900 sqft,(84 sqm),Carpet Area,2 BHK,2,Ready To Move,4th out of 16 Floors | Overlooking Main Road,,"Girnar building is a well-Maintained, ready-To-Move-In residential complex located on tardeo road in south mumbai",KAILASH GUL RAJANI,,,https://www.99acres.com/2-bhk-bedroom-apartment-flat-for-sale-in-girnar-building-tardeo-south-mumbai-900-sqft-spid-O91435774,,2
Y91289816,PROPERTY,"3 BHK Flat in Tardeo, Mumbai","3 BHK Flat in Tardeo, Mumbai",MICL Aaradhya Avaan,"Tardeo, Mumbai",₹10 Cr,"₹77,101 /sqft","1,297 sqft",(121 sqm),Carpet Area,3 BHK,3,Under Construction,30th out of 81 Floors | 2 Covered Parking,,"Containing 3 bedroom(s), 3 bathrooms and 1 balcony, this flat is spread over a carpet area of 1297 sq.Ft. The flat has a total of 81 floors and this property is situated on 30th floor. Moreover, the flat is currently under construction and possession is expected by 2029. Micl aaradhya avaan is designed very well to provide modern facilities such as swimming pool, fitness centre / gym and park.",SIDHAN HOMES,,,https://www.99acres.com/3-bhk-bedroom-apartment-flat-for-sale-in-micl-aaradhya-avaan-tardeo-south-mumbai-1297-sqft-r1-spid-Y91289816,,2
P83130494,PROPERTY,"4 BHK Flat in Altamount Road, Tardeo, Mumbai","4 BHK Flat in Altamount Road, Tardeo, Mumbai",on request,"Altamount Road, Tardeo, Mumbai",₹16 Cr,"₹64,000 /sqft","2,500 sqft",(232 sqm),Super Built-up Area,4 BHK,5,Ready To Move,14th out of 21 Floors | Overlooking Main Road,,"On request is one of mumbai south's most sought after destination for apartments and this 4 bhk flat in altamount road is your opportunity to be a part of this community. This is a north-East-Facing property. The flat occupies a super built up area of 2500 sq.Ft. That consists of 4 bedrooms, 5 bathrooms and 2 balconies. The flat has a total of 21 floors and this property is situated on 14th flo...",Dilip shah,Dealer,,https://www.99acres.com/4-bhk-bedroom-apartment-flat-for-sale-in-altamount-road-south-mumbai-2500-sqft-r7-spid-P83130494,,2
W90510760,PROPERTY,"3 BHK Flat in Tardeo, Mumbai","3 BHK Flat in Tardeo, Mumbai",Optimum Wellingdon View,"Tardeo, Mumbai",₹9 Cr,"₹60,000 /sqft","1,500 sqft",(139 sqm),Carpet Area,3 BHK,3,Ready To Move,22nd out of 34 Floors | East Facing,,"Wellingdon view, located in ratan tata colony, tardeo, mumbai, is a premium ready-To-Move-In residential project developed by wellingdon groups/chittaranjan housing. Known for its central location near nana chowk, it offers high-End amenities like a pool, gym, and 24/7 security",KAILASH GUL RAJANI,,,https://www.99acres.com/3-bhk-bedroom-apartment-flat-for-sale-in-optimum-wellingdon-view-tardeo-south-mumbai-1500-sqft-spid-W90510760,,2
B80883057,PROPERTY,"3 BHK Flat in Tardeo, Mumbai","3 BHK Flat in Tardeo, Mumbai",MICL Aaradhya Avaan,"Tardeo, Mumbai",₹9.1 Cr,"₹65,000 /sqft","1,400 sqft",(130 sqm),Carpet Area,3 BHK,3,Under Construction,23rd out of 81 Floors | Overlooking Swimming Pool,,"This 3 bhk apartment is available for sale in micl aaradhya avaan, one of the most prominent projects for flats in tardeo, mumbai south. The flat is east-Facing. Containing 3 bedroom(s), 3 bathrooms and 1 balcony, this flat is spread over a carpet area of 1400 sq.Ft. The property is located on the 23rd floor of a 81 floors tall building. As the property is currently under construction , you can...",Value Properties,,,https://www.99acres.com/3-bhk-bedroom-apartment-flat-for-sale-in-micl-aaradhya-avaan-tardeo-south-mumbai-1400-sqft-r3-spid-B80883057,,2
T90577206,PROPERTY,"3 BHK Flat in Tardeo, Mumbai","3 BHK Flat in Tardeo, Mumbai",MICL Aaradhya Avaan,"Tardeo, Mumbai",₹10 Cr,"₹76,569 /sqft","1,306 sqft",(121 sqm),Carpet Area,3 BHK,3,Under Construction,70th out of 78 Floors | Overlooking Main Road,,Aaradhya avaan by micl group Oceano - 81 levels Serano -78 levels Vertical theme base tropical amenities 18th level-Wave house (18 thousand sqft of wave house) * two lane bowling ally * summer garden * arcade zone * family pool * multipurpose court 34th-35th-Sunrise house (17 thousand sqft of sunrise house) * hammam bath * vichy shower * escape zone * farmers cafe * salon * guest room * le roya...,M S Property Solution,Dealer,,https://www.99acres.com/3-bhk-bedroom-apartment-flat-for-sale-in-micl-aaradhya-avaan-tardeo-south-mumbai-1306-sqft-spid-T90577206,,2
Z92741528,PROPERTY,"3 BHK Flat in Tardeo, Mumbai","3 BHK Flat in Tardeo, Mumbai",MICL Aaradhya Avaan,"Tardeo, Mumbai",₹19 Cr,₹1.45 L /sqft,"1,306 sqft",(121 sqm),Carpet Area,3 BHK,3,Under Construction,55th out of 61 Floors | North-East Facing,,"This residential flat is north-East-Facing direction. The flat is over 1306 sq.Ft. Carpet area and comes with 3 bedroom(s), 3 bathrooms and 3 balconies. The flat has a total of 61 floors and this property is situated on 55th floor. This residential flat is currently under construction and you can expect the possession of the same by december 2028. The flat comes well built with vitrified floori...",AAKANSHA NAIK,Dealer,,https://www.99acres.com/3-bhk-bedroom-apartment-flat-for-sale-in-micl-aaradhya-avaan-tardeo-south-mumbai-1306-sqft-spid-Z92741528,,2
R92277202,PROPERTY,"3 BHK Flat in Tardeo, Mumbai","3 BHK Flat in Tardeo, Mumbai",S D Crescent Heights,"Tardeo, Mumbai",₹15.5 Cr,"₹69,662 /sqft","2,225 sqft",(207 sqm),Carpet Area,3 BHK,4,Ready To Move,23rd out of 25 Floors | Private Garden,,"Luxury duplex apartment with terrace for sale | crescent heights, forjett hill | south mumbai A rare opportunity to own a one-Of-A-Kind 3 bhk duplex residence in the prestigious crescent heights, forjett hill. Spanning 2,227 sq. Ft. Carpet area, this beautifully designed home blends timeless elegance with modern functionality, featuring exquisite wooden interiors, handmade tiles, and an expansi...",Terraa Propex LLP,,,https://www.99acres.com/3-bhk-bedroom-apartment-flat-for-sale-in-s-d-crescent-heights-tardeo-south-mumbai-2225-sqft-spid-R92277202,,2
Q84119088,PROPERTY,"3 BHK Flat in Tardeo, Mumbai","3 BHK Flat in Tardeo, Mumbai",MICL Aaradhya Avaan,"Tardeo, Mumbai",₹9 Cr,"₹69,230 /sqft","1,300 sqft",(121 sqm),Carpet Area,3 BHK,3,Under Construction,47th out of 61 Floors | Overlooking Park,,"Welcome to good token realty! Micl aaradhya avaan is one of the most popular destination for buying apartments/ flats in tardeo, mumbai south. You too can be a part of this society by purchasing this 3 bhk flat here. The floor plan additionally contains 3 bedroom(s), 3 bathrooms and 1 balcony. All in all, the flat is spread over a carpet area of 1300 sq.Ft. The flat has a total of 61 floors and...",Good Token,,,https://www.99acres.com/3-bhk-bedroom-apartment-flat-for-sale-in-micl-aaradhya-avaan-tardeo-south-mumbai-1300-sqft-r5-spid-Q84119088,,3
F84119174,PROPERTY,"3 BHK Flat in Tardeo, Mumbai","3 BHK Flat in Tardeo, Mumbai",MICL Aaradhya Avaan,"Tardeo, Mumbai",₹9.1 Cr,"₹62,493 /sqft","1,456 sqft",(135 sqm),Carpet Area,3 BHK,4,Under Construction,38th out of 61 Floors | Overlooking Park,,"Welcome to good token realty ! Micl aaradhya avaan is one of mumbai south's most sought after destination for apartments and this 3 bhk flat in tardeo is your opportunity to be a part of this community. Containing 3 bedroom(s), 4 bathrooms and 1 balcony, this flat is spread over a carpet area of 1456 sq.Ft. The flat has a total of 61 floors and this property is situated on 38th floor. This resi...",Good Token,,,https://www.99acres.com/3-bhk-bedroom-apartment-flat-for-sale-in-micl-aaradhya-avaan-tardeo-south-mumbai-1456-sqft-r5-spid-F84119174,,3
D92672246,PROPERTY,"4 BHK Flat in Tardeo, Mumbai","4 BHK Flat in Tardeo, Mumbai",Prithvi Apartments,"Tardeo, Mumbai",₹26 Cr,₹1 L /sqft,"2,601 sqft",(242 sqm),Carpet Area,4 BHK,4,Ready To Move,15th out of 30 Floors | East Facing,,"Prithvi apartments is a prominent, well-Secured residential skyscraper located at 21, altamount road, tardeo, mumbai.",KAILASH GUL RAJANI,,,https://www.99acres.com/4-bhk-bedroom-apartment-flat-for-sale-in-prithvi-apartments-tardeo-south-mumbai-2601-sqft-spid-D92672246,,3
L80883155,PROPERTY,"4 BHK Flat in Tardeo, Mumbai","4 BHK Flat in Tardeo, Mumbai",MICL Aaradhya Avaan,"Tardeo, Mumbai",₹14.6 Cr,"₹64,888 /sqft","2,250 sqft",(209 sqm),Carpet Area,4 BHK,4,Under Construction,22nd out of 81 Floors | Overlooking Swimming Pool,,"Located in the popular residential address of tardeo, mumbai south, micl aaradhya avaan is one of the most preferred destination for apartments in mumbai south. This 4 bhk flat is your ticket to be a part of this community. The flat is facing the east direction. Constructed on a carpet area of 2250 sq.Ft., the flat comprises 4 bedroom(s), 4 bathrooms and 1 balcony. This flat lies on the 22nd le...",Value Properties,,,https://www.99acres.com/4-bhk-bedroom-apartment-flat-for-sale-in-micl-aaradhya-avaan-tardeo-south-mumbai-2250-sqft-r4-spid-L80883155,,3
M91059326,PROPERTY,"4 BHK Flat in Tardeo, Mumbai","4 BHK Flat in Tardeo, Mumbai",Carmichael Residences,"Tardeo, Mumbai",₹75 Cr,₹2.27 L /sqft,"3,300 sqft",(307 sqm),Carpet Area,4 BHK,4,Ready To Move,17th out of 22 Floors | North-East Facing,,"This is a north-East-Facing property. Containing 4 bedroom(s), 4 bathrooms , this flat is spread over a carpet area of 3300 sq.Ft. This flat is situated on the 17th floor of this 22 floors tall residential building. An added advantage of this 5-10 years old flat is that it is available for immediate possession as the project is already ready to move. The floor of this flat is beautifully design...",ACCURATE DEALS,Dealer,,https://www.99acres.com/4-bhk-bedroom-apartment-flat-for-sale-in-carmichael-residences-tardeo-south-mumbai-3300-sqft-r1-spid-M91059326,,3
V92763636,PROPERTY,"4 BHK Flat in Tardeo, Mumbai","4 BHK Flat in Tardeo, Mumbai",Carmichael Residences,"Tardeo, Mumbai",₹69 Cr,₹2.09 L /sqft,"3,300 sqft",(307 sqm),Carpet Area,4 BHK,4,Ready To Move,19th out of 20 Floors | Overlooking Park,,Carmichael residence 4 bhk converted Into a spacious 3 bhk 3300 sq ft carpet Newly fully furnished apartment 4 car parks Interior done by renowned interior designer Rent 25 lakhs. Building with amenities,V.D. REALTY,Dealer,,https://www.99acres.com/4-bhk-bedroom-apartment-flat-for-sale-in-carmichael-residences-tardeo-south-mumbai-3300-sqft-spid-V92763636,,3
B93347090,PROPERTY,"5 BHK Duplex Flat in Gowalia Tank, Tardeo, Mumbai","5 BHK Duplex Flat in Gowalia Tank, Tardeo, Mumbai",Lodha Altamount,"Gowalia Tank, Tardeo, Mumbai",₹52 Cr,₹1.24 L /sqft,"4,200 sqft",(390 sqm),Carpet Area,5 BHK,5,Ready To Move,30th out of 40 Floors | Overlooking Main Road,,"5bhk, bareshell condition, the flat is over 4200 sq.Ft. Carpet area and comes with 5 bedroom(s), 5 bathrooms and 2 balconies. The residential building has 40 floors in total and the flat for sale is located on the 30th floor. Moreover, the flat is currently under construction and possession is expected immediately. Lodha altamount is designed very well to provide modern facilities such as swimm...",Jai Ambe Real estate,Dealer,,https://www.99acres.com/5-bhk-bedroom-apartment-flat-for-sale-in-lodha-altamount-gowalia-tank-mumbai-south-4200-sqft-spid-B93347090,,3
J73418801,PROPERTY,"4 BHK Flat in Tardeo, Mumbai","4 BHK Flat in Tardeo, Mumbai",Orbit Heights,"Tardeo, Mumbai",₹12.5 Cr,"₹55,555 /sqft","2,250 sqft",(209 sqm),Carpet Area,4 BHK,4,Ready To Move,21st out of 35 Floors | East Facing,,"This is 4 bhk flat in nana chowk tardeo opp grant road station near by school, college, bank , atm , market, hospital, temple etc....This is sea view city view flat with 2 car parking i have one more option 3.5 bhk more information call on solanki properties...I have multiple options in south mumbai and new project also.. Thank you",Mani solanki,Dealer,,https://www.99acres.com/4-bhk-bedroom-apartment-flat-for-sale-in-orbit-heights-tardeo-south-mumbai-2250-sqft-r5-spid-J73418801,,3
N84119274,PROPERTY,"4 BHK Flat in Tardeo, Mumbai","4 BHK Flat in Tardeo, Mumbai",MICL Aaradhya Avaan,"Tardeo, Mumbai",₹18.5 Cr,"₹72,549 /sqft","2,550 sqft",(237 sqm),Carpet Area,4 BHK,4,Under Construction,40th out of 61 Floors | Overlooking Park,,"Welcome to good token realty! This lovely 4 bhk apartment/flat in tardeo is available for sale in one of mumbai south's most popular projects, micl aaradhya avaan. Containing 4 bedroom(s), 4 bathrooms and 1 balcony, this flat is spread over a carpet area of 2550 sq.Ft. The flat has a total of 61 floors and this property is situated on 40th floor. This residential property is still under constru...",Good Token,,,https://www.99acres.com/4-bhk-bedroom-apartment-flat-for-sale-in-micl-aaradhya-avaan-tardeo-south-mumbai-2550-sqft-r5-spid-N84119274,,3
A92763510,PROPERTY,"4 BHK Flat in Tardeo, Mumbai","4 BHK Flat in Tardeo, Mumbai",Carmichael Residences,"Tardeo, Mumbai",₹72.05 Cr,₹2.18 L /sqft,"3,300 sqft",(307 sqm),Carpet Area,4 BHK,4,Ready To Move,12th out of 20 Floors | Overlooking Main Road,,Carmichael residence 4 bhk converted Into a spacious 3 bhk 3300 sq ft carpet Newly fully furnished apartment 4 car parks Interior done by renowned interior designer Rent 25 lakhs. Building with amenities,V.D. REALTY,Dealer,,https://www.99acres.com/4-bhk-bedroom-apartment-flat-for-sale-in-carmichael-residences-tardeo-south-mumbai-3300-sqft-spid-A92763510,,3
X92737766,PROPERTY,"4 BHK Flat in Tardeo, Mumbai","4 BHK Flat in Tardeo, Mumbai",Carmichael Residences,"Tardeo, Mumbai",₹70.25 Cr,₹2.13 L /sqft,"3,300 sqft",(307 sqm),Carpet Area,4 BHK,4,Ready To Move,13th out of 20 Floors | Overlooking Park,,Carmichael residence 4 bhk converted Into spacious 3 bhk 3300 sq ft carpet Newly fully furnished apartment 4 car parks Interior done by renowned interior designer Rent 25 lakhs. Building with amenities,V.D. REALTY,Dealer,,https://www.99acres.com/4-bhk-bedroom-apartment-flat-for-sale-in-carmichael-residences-tardeo-south-mumbai-3300-sqft-spid-X92737766,,3
S92887492,PROPERTY,"5 BHK Flat in Altamount Road, Tardeo, Mumbai","5 BHK Flat in Altamount Road, Tardeo, Mumbai",Kalpataru Prive,"Altamount Road, Tardeo, Mumbai",₹43.65 Cr,₹1.42 L /sqft,"3,084 sqft",(287 sqm),Carpet Area,5 BHK,5,Ready To Move,14th out of 32 Floors | Overlooking Sea,,Lavish 5 bhk of 3087 sq feet carpet area in 32 storied tower called kalpataru prive. Every apartment is got clear sea views. Single apartment per floor. Very low density project.,GOLD PROPERTIES,Dealer,,https://www.99acres.com/5-bhk-bedroom-apartment-flat-for-sale-in-kalpataru-prive-altamount-road-south-mumbai-3084-sqft-spid-S92887492,,3
K92737158,PROPERTY,"4 BHK Flat in Tardeo, Mumbai","4 BHK Flat in Tardeo, Mumbai",Carmichael Residences,"Tardeo, Mumbai",₹70.1 Cr,₹2.12 L /sqft,"3,300 sqft",(307 sqm),Carpet Area,4 BHK,4,Ready To Move,9th out of 20 Floors | Overlooking Park,,Carmichael residence 4 bhk converted Into spacious 3 bhk 3300 sq ft carpet Newly fully furnished apartment 4 car parks Interior done by renowned interior designer Rent 25 lakhs. Building with amenities,V.D. REALTY,Dealer,,https://www.99acres.com/4-bhk-bedroom-apartment-flat-for-sale-in-carmichael-residences-tardeo-south-mumbai-3300-sqft-spid-K92737158,,3
X92736886,PROPERTY,"4 BHK Flat in Tardeo, Mumbai","4 BHK Flat in Tardeo, Mumbai",Carmichael Residences,"Tardeo, Mumbai",₹70 Cr,₹2.12 L /sqft,"3,300 sqft",(307 sqm),Carpet Area,4 BHK,4,Ready To Move,11th out of 20 Floors | Overlooking Park,,Carmichael residence 4 bhk converted Into spacious 3 bhk 3300 sq ft carpet Newly fully furnished apartment 4 car parks Interior done by renowned interior designer Rent 25 lacs Building with amenities,V.D. REALTY,Dealer,,https://www.99acres.com/4-bhk-bedroom-apartment-flat-for-sale-in-carmichael-residences-tardeo-south-mumbai-3300-sqft-spid-X92736886,,3
P85826068,PROPERTY,"4 BHK Flat in Altamount Road, Tardeo, Mumbai","4 BHK Flat in Altamount Road, Tardeo, Mumbai",Kalpataru Prive,"Altamount Road, Tardeo, Mumbai",₹43 Cr,₹1.39 L /sqft,"3,087 sqft",(287 sqm),Carpet Area,4 BHK,4,Under Construction,14th out of 24 Floors | Overlooking Park,,"This 4 bhk flat is located in kalpataru prive, which houses some of the most spacious flats in altamount road, mumbai south. Containing 4 bedroom(s), 4 bathrooms and 2 balconies, this flat is spread over a carpet area of 3087 sq.Ft. The property is located on the 14th floor of a 24 floors tall building. This residential flat is currently under construction and you can expect the possession of t...",V.D. REALTY,Dealer,,https://www.99acres.com/4-bhk-bedroom-apartment-flat-for-sale-in-kalpataru-prive-altamount-road-south-mumbai-3087-sqft-r5-spid-P85826068,,3
T85825798,PROPERTY,"4 BHK Flat in Altamount Road, Tardeo, Mumbai","4 BHK Flat in Altamount Road, Tardeo, Mumbai",Kalpataru Prive,"Altamount Road, Tardeo, Mumbai",₹42 Cr,₹1.36 L /sqft,"3,087 sqft",(287 sqm),Carpet Area,4 BHK,4,Under Construction,13th out of 24 Floors | Overlooking Park,,"If you're looking for an apartment in mumbai south's highly desirable altamount road area, this 4 bhk flat presents a great opportunity. The flat offers a spacious 3087 sq.Ft. Of carpet area and includes 4 bedrooms, 4 bathrooms, and 2 balconies. Located on the 13th floor of a 24-Story building, this property is currently under construction and will be ready for possession by 2027. Kalpataru pri...",V.D. REALTY,Dealer,,https://www.99acres.com/4-bhk-bedroom-apartment-flat-for-sale-in-kalpataru-prive-altamount-road-south-mumbai-3087-sqft-r5-spid-T85825798,,3
R93334072,PROPERTY,"3 BHK Flat in Tardeo, Mumbai","3 BHK Flat in Tardeo, Mumbai",Prithvi Apartments,"Tardeo, Mumbai",₹36 Cr,₹1.44 L /sqft,"2,500 sqft",(232 sqm),Carpet Area,3 BHK,3,Ready To Move,19th out of 30 Floors | Furnished,,"Containing 3 bedroom(s), 3 bathrooms , this flat is spread over a carpet area of 2500 sq.Ft. This flat lies on the 19th level of a 30 storey building. This residential flat is currently under construction and you can expect the possession of the same immediately. The beautifully designed italian marble flooring enhances the beauty of the flat. All the modern amenities such as lift(s), security ...",vibrantkey,Dealer,,https://www.99acres.com/3-bhk-bedroom-apartment-flat-for-sale-in-prithvi-apartments-tardeo-south-mumbai-2500-sqft-spid-R93334072,,3
G81851670,PROPERTY,"3 BHK Flat in Tardeo, Mumbai","3 BHK Flat in Tardeo, Mumbai",Lodha Marq,"Tardeo, Mumbai",₹11.7 Cr,"₹53,181 /sqft","2,200 sqft",(204 sqm),Super Built-up Area,3 BHK,4,Under Construction,15th out of 35 Floors | Overlooking Park,,"This beautiful 3 bhk flat in tardeo, mumbai south is situated in lodha marq, one of the popular residential society in mumbai south. This residential flat is north-East-Facing direction. Constructed on a super built up area of 2200 sq.Ft., the flat comprises 3 bedroom(s), 4 bathrooms and 3 balconies. The flat has a total of 35 floors and this property is situated on 15th floor. As the property ...",Shubh Properties,Dealer,,https://www.99acres.com/3-bhk-bedroom-apartment-flat-for-sale-in-tardeo-south-mumbai-2200-sqft-r4-spid-G81851670,,3
S93031378,PROPERTY,"4 BHK Flat in Tardeo, Mumbai","4 BHK Flat in Tardeo, Mumbai",Carmichael Residences,"Tardeo, Mumbai",₹71 Cr,₹1.79 L /sqft,"3,960 sqft",(368 sqm),Built-up Area,4 BHK,4,Ready To Move,19th out of 22 Floors | Overlooking Park,,"Presenting an exclusive 4 bhk luxury residence at carmichael residences, tardeo, a prestigious boutique address crafted for those who appreciate privacy, sophistication, and timeless elegance. Located on one of mumbais most coveted residential avenues, this exceptional home offers an unparalleled blend of refined architecture, expansive living spaces, and world-Class luxury.This magnificent res...",Homes For All Real Estate Private Limited,,,https://www.99acres.com/4-bhk-bedroom-apartment-flat-for-sale-in-carmichael-residences-tardeo-south-mumbai-3960-sqft-spid-S93031378,,3
E93031294,PROPERTY,"4 BHK Flat in Tardeo, Mumbai","4 BHK Flat in Tardeo, Mumbai",Carmichael Residences,"Tardeo, Mumbai",₹69 Cr,₹1.74 L /sqft,"3,960 sqft",(368 sqm),Built-up Area,4 BHK,4,Ready To Move,15th out of 22 Floors | Overlooking Park,,"This exceptional 4 bhk residence at carmichael residences presents a unique opportunity to own a home that embodies exclusivity, elegance, and refined living in the heart of south mumbai.Large windows and well-Designed spaces allow abundant natural light while offering breathtaking views of the south mumbai skyline, cityscape, and surrounding greenery. Every detail reflects superior craftsmansh...",Homes For All Real Estate Private Limited,,,https://www.99acres.com/4-bhk-bedroom-apartment-flat-for-sale-in-carmichael-residences-tardeo-south-mumbai-3960-sqft-spid-E93031294,,3
U85826394,PROPERTY,"4 BHK Flat in Altamount Road, Tardeo, Mumbai","4 BHK Flat in Altamount Road, Tardeo, Mumbai",Kalpataru Prive,"Altamount Road, Tardeo, Mumbai",₹43 Cr,₹1.39 L /sqft,"3,087 sqft",(287 sqm),Carpet Area,4 BHK,4,Under Construction,21st out of 24 Floors | Overlooking Park,,"Kalpataru prive is one of the most popular destinations for buying apartments/flats on altamount road in south mumbai. You too can be a part of this society by purchasing this 4 bhk flat here. The flat occupies a carpet area of 3087 sq. Ft. That consists of 4 bedrooms, 4 bathrooms, and 2 balconies. This flat is situated on the 21st floor of this 24-Story-Tall residential building. Moreover, the...",V.D. REALTY,Dealer,,https://www.99acres.com/4-bhk-bedroom-apartment-flat-for-sale-in-kalpataru-prive-altamount-road-south-mumbai-3087-sqft-r5-spid-U85826394,,3
I85826220,PROPERTY,"4 BHK Flat in Altamount Road, Tardeo, Mumbai","4 BHK Flat in Altamount Road, Tardeo, Mumbai",Kalpataru Prive,"Altamount Road, Tardeo, Mumbai",₹41.67 Cr,₹1.35 L /sqft,"3,087 sqft",(287 sqm),Carpet Area,4 BHK,4,Under Construction,14th out of 24 Floors | Overlooking Park,,"Check out this 4 bhk apartment for sale in kalpataru prive, a popular residential project that houses in-Demand flats in altamount road, mumbai south. The flat is over 3087 sq.Ft. Carpet area and comes with 4 bedroom(s), 4 bathrooms and 2 balconies. This flat lies on the 14th level of a 24 storey building. Moreover, the flat is currently under construction and possession is expected by 2027. Al...",V.D. REALTY,Dealer,,https://www.99acres.com/4-bhk-bedroom-apartment-flat-for-sale-in-kalpataru-prive-altamount-road-south-mumbai-3087-sqft-r5-spid-I85826220,,3
T93031140,PROPERTY,"4 BHK Flat in Tardeo, Mumbai","4 BHK Flat in Tardeo, Mumbai",Carmichael Residences,"Tardeo, Mumbai",₹70 Cr,₹1.77 L /sqft,"3,960 sqft",(368 sqm),Built-up Area,4 BHK,4,Ready To Move,14th out of 22 Floors | Overlooking Park,,"Presenting an exclusive 4 bhk luxury residence at carmichael residences, tardeo, a prestigious boutique address crafted for those who appreciate privacy, sophistication, and timeless elegance. Located on one of mumbais most coveted residential avenues, this exceptional home offers an unparalleled blend of refined architecture, expansive living spaces, and world-Class luxury.This magnificent res...",Homes For All Real Estate Private Limited,,,https://www.99acres.com/4-bhk-bedroom-apartment-flat-for-sale-in-carmichael-residences-tardeo-south-mumbai-3960-sqft-spid-T93031140,,3
D93029474,PROPERTY,"4 BHK Flat in Tardeo, Mumbai","4 BHK Flat in Tardeo, Mumbai",Kalpataru Prive,"Tardeo, Mumbai",₹43 Cr,₹1.16 L /sqft,"3,700 sqft",(344 sqm),Built-up Area,4 BHK,4,Ready To Move,18th out of 30 Floors | Overlooking Park,,"This exceptional 5 bhk residence at kalpataru priv is a rare opportunity to own a home that represents exclusivity, elegance, and prestige created for those who desire the very best of luxury living in mumbai.Every detail of this exceptional home reflects timeless elegance and superior craftsmanship. The residence features premium finishes, bespoke interiors, spacious layouts, and floor-To-Ceil...",Homes For All Real Estate Private Limited,,,https://www.99acres.com/4-bhk-bedroom-apartment-flat-for-sale-in-kalpataru-prive-tardeo-south-mumbai-3700-sqft-spid-D93029474,,3
E90884574,PROPERTY,"4 BHK Flat in Altamount Road, Tardeo, Mumbai","4 BHK Flat in Altamount Road, Tardeo, Mumbai",Godrej Carmichael,"Altamount Road, Tardeo, Mumbai",₹71 Cr,₹1.47 L /sqft,"4,818 sqft",(448 sqm),Carpet Area,4 BHK,6,Under Construction,21st out of 25 Floors | North-East Facing,,"The flat is facing the north-East direction. The floor plan additionally contains 4 bedroom(s), 6 bathrooms and 3 balconies. All in all, the flat is spread over a carpet area of 4818 sq.Ft. The property is located on the 21st floor of a 25 floors tall building. Moreover, the flat is currently under construction and possession is expected by march 2029. The marble flooring of this flat is beauti...",LEAF MARKETING SOLUTIONS PRIVATE LIMITED,Dealer,,https://www.99acres.com/4-bhk-bedroom-apartment-flat-for-sale-in-altamount-road-south-mumbai-4818-sqft-r1-spid-E90884574,,3
U92245964,PROPERTY,"3 BHK Flat in Tardeo, Mumbai","3 BHK Flat in Tardeo, Mumbai",Lodha Marq,"Tardeo, Mumbai",₹12.6 Cr,"₹84,677 /sqft","1,488 sqft",(138 sqm),Carpet Area,3 BHK,3,Under Construction,18th out of 33 Floors | Overlooking Park,,"The flat is facing the west direction. Constructed on a carpet area of 1488 sq.Ft., the flat comprises 3 bedroom(s), 3 bathrooms and 1 balcony. This flat is situated on the 18th floor of this 33 floors tall residential building. Moreover, the flat is currently under construction and possession is expected within 6 months. The flat comes well built with vitrified flooring options. The flat will ...",Ask realtors,,,https://www.99acres.com/3-bhk-bedroom-apartment-flat-for-sale-in-tardeo-south-mumbai-1488-sqft-spid-U92245964,,4
B92245898,PROPERTY,"3 BHK Flat in Tardeo, Mumbai","3 BHK Flat in Tardeo, Mumbai",Lodha Marq,"Tardeo, Mumbai",₹12.64 Cr,"₹84,946 /sqft","1,488 sqft",(138 sqm),Carpet Area,3 BHK,3,Under Construction,16th out of 33 Floors | Overlooking Main Road,,"The flat is west-Facing. The floor plan additionally contains 3 bedroom(s), 3 bathrooms and 1 balcony. All in all, the flat is spread over a carpet area of 1488 sq.Ft. This flat is situated on the 16th floor of this 33 floors tall residential building. This residential property is still under construction and will be available for possession within 6 months. The beautifully designed vitrified f...",Ask realtors,,,https://www.99acres.com/3-bhk-bedroom-apartment-flat-for-sale-in-tardeo-south-mumbai-1488-sqft-spid-B92245898,,4
I92817954,PROPERTY,"4 BHK Flat in Papanas Wadi, Tardeo, Mumbai","4 BHK Flat in Papanas Wadi, Tardeo, Mumbai",Sri Le Palazzo,"Papanas Wadi, Tardeo, Mumbai",₹23 Cr,"₹79,310 /sqft","2,900 sqft",(269 sqm),Carpet Area,4 BHK,4,Ready To Move,24th out of 41 Floors,,"The floor plan additionally contains 4 bedroom(s), 4 bathrooms and 1 balcony. All in all, the flat is spread over a carpet area of 2900 sq.Ft. The flat has a total of 41 floors and this property is situated on 24th floor. As the project is already ready to move, so you can easily move into this 1-5 years old property. All the modern amenities such as lift(s) will make life easier for you.",Vijay Kantilal Kataria,Dealer,,https://www.99acres.com/4-bhk-bedroom-apartment-flat-for-sale-in-sri-le-palazzo-papanas-wadi-mumbai-south-2900-sqft-spid-I92817954,,4
K88279572,PROPERTY,"4 BHK Flat in Altamount Road, Tardeo, Mumbai","4 BHK Flat in Altamount Road, Tardeo, Mumbai",Kalpataru Prive,"Altamount Road, Tardeo, Mumbai",₹43.22 Cr,₹1.4 L /sqft,"3,087 sqft",(287 sqm),Carpet Area,4 BHK,5,Under Construction,14th out of 32 Floors | Private Garden,,"State of the art development with just 18 residences. 3 basement + ground floor + 10 podium + service floor/ amenities + 20nhabitable floors + 2 level roof top amenities. 1 residence per floor for utmost privacy. 4 bhk with rera carpet area of 3087 sq.Ft, customizable floor plan. Floor to ceiling height 12'6"" Grand sun decks with stunning panoramic sea views. Temperature controlled rooftop infi...",BHARAT INDUR TAHILRAMANI,Dealer,,https://www.99acres.com/4-bhk-bedroom-apartment-flat-for-sale-in-kalpataru-prive-altamount-road-south-mumbai-3087-sqft-r2-spid-K88279572,,4
W88974972,PROPERTY,"3 BHK Flat in Altamount Road, Tardeo, Mumbai","3 BHK Flat in Altamount Road, Tardeo, Mumbai",bldg on request,"Altamount Road, Tardeo, Mumbai",₹13 Cr,"₹79,656 /sqft","1,632 sqft",(152 sqm),Carpet Area,3 BHK,3,Ready To Move,2nd out of 9 Floors | Overlooking Main Road,,It's prime location very well maintain society specious beautiful balcony,BJ Realty,Dealer,,https://www.99acres.com/3-bhk-bedroom-apartment-flat-for-sale-in-altamount-road-south-mumbai-1632-sqft-r1-spid-W88974972,,4
G93029376,PROPERTY,"5 BHK Flat in Tardeo, Mumbai","5 BHK Flat in Tardeo, Mumbai",Kalpataru Prive,"Tardeo, Mumbai",₹43.65 Cr,₹1.18 L /sqft,"3,700 sqft",(344 sqm),Built-up Area,5 BHK,5,Ready To Move,27th out of 30 Floors | Overlooking Park,,"Presenting an exclusive 5 bhk ultra-Luxury residence at kalpataru priv, altamount road, one of south mumbais most prestigious addresses, designed for those who seek unparalleled privacy, sophistication, and refined living. This magnificent residence offers expansive living and dining spaces, lavish bedrooms with en-Suite bathrooms, a private family lounge, elegant interiors, a premium kitchen, ...",Homes For All Real Estate Private Limited,,,https://www.99acres.com/5-bhk-bedroom-apartment-flat-for-sale-in-kalpataru-prive-tardeo-south-mumbai-3700-sqft-spid-G93029376,,4
W89242953,PROPERTY,"3 BHK Flat in Tardeo, Mumbai","3 BHK Flat in Tardeo, Mumbai",S D Crescent Heights,"Tardeo, Mumbai",₹15 Cr,"₹76,647 /sqft","1,957 sqft",(182 sqm),Carpet Area,3 BHK,4,Ready To Move,23rd out of 25 Floors | 3 Covered Parking & 1 Open Parking,,"Apartment for sale in tardeo mumbai | 3 bhk | 1,957 sq ft carpet | terrace | near coastal road Higher floor duplex in shapoorji crescent tower with private terrace and covered garage. Spacious layout with large living area. Premium residential tower in south mumbai.",Terraa Propex LLP,,,https://www.99acres.com/3-bhk-bedroom-apartment-flat-for-sale-in-s-d-crescent-heights-tardeo-south-mumbai-1957-sqft-r2-spid-W89242953,,4
Q77803779,PROPERTY,"4 BHK Flat in Altamount Road, Tardeo, Mumbai","4 BHK Flat in Altamount Road, Tardeo, Mumbai",One Altamount Apartment,"Altamount Road, Tardeo, Mumbai",₹45 Cr,"₹60,000 /sqft","7,500 sqft",(697 sqm),Super Built-up Area,4 BHK,4,Ready To Move,20th out of 34 Floors | Overlooking Park,,Exclusive duplex available for sale at altamount road Building : One altamount Type: 4 bhk duplex with internal lift Middle floor. Area: 7500 sq ft plus 2000 sq ft of double-Height terrace. Private 3500sq ft entertainment zone on 6th Level. 7 star immaculate condition 7/8 car parkings,V.D. REALTY,Dealer,,https://www.99acres.com/4-bhk-bedroom-apartment-flat-for-sale-in-one-altamount-apartment-altamount-road-south-mumbai-7500-sqft-r11-spid-Q77803779,,4
T90332030,PROPERTY,"3 BHK Flat in Tardeo, Mumbai","3 BHK Flat in Tardeo, Mumbai",S D Crescent Heights,"Tardeo, Mumbai",₹15.5 Cr,"₹79,202 /sqft","1,957 sqft",(182 sqm),Carpet Area,3 BHK,3,Ready To Move,23rd out of 25 Floors | Overlooking Park,,"This flat, with a carpet area of 1957 sq. Ft., offers 3 bedrooms, 3 bathrooms, and 1 balcony. It is situated on the 23rd floor of a 25-Story residential building. This is a ready-To-Move-In property, over 10 years old.",V.D. REALTY,Dealer,,https://www.99acres.com/3-bhk-bedroom-apartment-flat-for-sale-in-s-d-crescent-heights-tardeo-south-mumbai-1957-sqft-r1-spid-T90332030,,4
G90577398,PROPERTY,"5 BHK Flat in Tardeo, Mumbai","5 BHK Flat in Tardeo, Mumbai",MICL Aaradhya Avaan,"Tardeo, Mumbai",₹29.3 Cr,"₹90,000 /sqft","3,255 sqft",(302 sqm),Carpet Area,5 BHK,4,Under Construction,76th out of 81 Floors | Overlooking Main Road,,Aaradhya avaan by micl group Oceano - 81 levels Serano -78 levels Vertical theme base tropical amenities 18th level-Wave house (18 thousand sqft of wave house) * two lane bowling ally * summer garden * arcade zone * family pool * multipurpose court 34th-35th-Sunrise house (17 thousand sqft of sunrise house) * hammam bath * vichy shower * escape zone * farmers cafe * salon * guest room * le roya...,M S Property Solution,Dealer,,https://www.99acres.com/5-bhk-bedroom-apartment-flat-for-sale-in-micl-aaradhya-avaan-tardeo-south-mumbai-3255-sqft-spid-G90577398,,4
N89484844,PROPERTY,"3 BHK Flat in Tardeo, Mumbai","3 BHK Flat in Tardeo, Mumbai",The Imperial i,"Tardeo, Mumbai",₹17 Cr,"₹53,526 /sqft","3,176 sqft",(295 sqm),Super Built-up Area,3 BHK,3,Under Construction,44th out of 62 Floors | East Facing,,"This is a east-Facing property. Constructed on a super built up area of 3176 sq.Ft., the flat comprises 3 bedroom(s), 3 bathrooms and 2 balconies. The flat has a total of 62 floors and this property is situated on 44th floor. Moreover, the flat is currently under construction and possession is expected by march 2028. The flat comes well built with vitrified flooring options. All the modern amen...",Parmar Properties and Infrastructure Pvt. Ltd.,Dealer,,https://www.99acres.com/3-bhk-bedroom-apartment-flat-for-sale-in-the-imperial-i-tardeo-south-mumbai-3176-sqft-r1-spid-N89484844,,4
X88709320,PROPERTY,"3 BHK Flat in Tardeo, Mumbai","3 BHK Flat in Tardeo, Mumbai",Optimum Wellingdon View,"Tardeo, Mumbai",₹14 Cr,"₹82,352 /sqft","1,700 sqft",(158 sqm),Carpet Area,3 BHK,3,Ready To Move,43rd out of 50 Floors | Vaastu Compliant,,"This property faces the west direction. The flat is over 1700 sq.Ft. Carpet area and comes with 3 bedroom(s), 3 bathrooms . This flat is situated on the 43rd floor of this 50 floors tall residential building. As the project is already ready to move, so you can easily move into this 1-5 years old property. The well built vitrified flooring enhances the aesthetic appeal of this flat. Another plus...",K.Hemandas real estate,Dealer,,https://www.99acres.com/3-bhk-bedroom-apartment-flat-for-sale-in-optimum-wellingdon-view-tardeo-south-mumbai-1700-sqft-r1-spid-X88709320,,4
A89996908,PROPERTY,"4 BHK Flat in Tardeo, Mumbai","4 BHK Flat in Tardeo, Mumbai",MICL Aaradhya Avaan,"Tardeo, Mumbai",₹20 Cr,"₹98,570 /sqft","2,029 sqft",(236 sqm),Carpet Area,4 BHK,4,Under Construction,48th out of 61 Floors | Overlooking Swimming Pool,,"This property faces the north-East direction. Containing 4 bedroom(s), 4 bathrooms and 1 balcony, this flat is spread over a built up area of 2536 sq.Ft. The flat has a total of 61 floors and this property is situated on 48th floor. This residential property is still under construction and will be available for possession by december 2030. The vitrified flooring of this flat is beautifully desi...",Parmar Properties and Infrastructure Pvt. Ltd.,Dealer,,https://www.99acres.com/4-bhk-bedroom-apartment-flat-for-sale-in-micl-aaradhya-avaan-tardeo-south-mumbai-2536-sqft-r1-spid-A89996908,,4
Z90577300,PROPERTY,"4 BHK Flat in Tardeo, Mumbai","4 BHK Flat in Tardeo, Mumbai",MICL Aaradhya Avaan,"Tardeo, Mumbai",₹23 Cr,"₹89,703 /sqft","2,564 sqft",(238 sqm),Carpet Area,4 BHK,4,Under Construction,78th out of 81 Floors | Overlooking Main Road,,Aaradhya avaan by micl group Oceano - 81 levels Serano -78 levels Vertical theme base tropical amenities 18th level-Wave house (18 thousand sqft of wave house) * two lane bowling ally * summer garden * arcade zone * family pool * multipurpose court 34th-35th-Sunrise house (17 thousand sqft of sunrise house) * hammam bath * vichy shower * escape zone * farmers cafe * salon * guest room * le roya...,M S Property Solution,Dealer,,https://www.99acres.com/4-bhk-bedroom-apartment-flat-for-sale-in-micl-aaradhya-avaan-tardeo-south-mumbai-2564-sqft-spid-Z90577300,,4
X83106500,PROPERTY,"4 BHK Flat in Altamount Road, Tardeo, Mumbai","4 BHK Flat in Altamount Road, Tardeo, Mumbai",on request,"Altamount Road, Tardeo, Mumbai",₹28 Cr,"₹58,333 /sqft","4,800 sqft",(446 sqm),Super Built-up Area,4 BHK,5,Ready To Move,2nd out of 7 Floors | Overlooking Park,,"Check out this 4 bhk apartment for sale in on request, a popular residential project that houses in-Demand flats in altamount road, mumbai south. The flat is over 4800 sq.Ft. Super built up area and comes with 4 bedroom(s), 5 bathrooms and 2 balconies. This flat lies on the 2nd level of a 7 storey building. This 10+ years old property is available for immediate possession as the project is read...",Dilip shah,Dealer,,https://www.99acres.com/4-bhk-bedroom-apartment-flat-for-sale-in-altamount-road-south-mumbai-4800-sqft-r7-spid-X83106500,,4
P81851182,PROPERTY,"5 BHK Flat in Tardeo, Mumbai","5 BHK Flat in Tardeo, Mumbai",MICL Aaradhya Avaan,"Tardeo, Mumbai",₹24 Cr,"₹75,000 /sqft","3,200 sqft",(297 sqm),Carpet Area,5 BHK,6,Under Construction,50th out of 61 Floors | Overlooking Park,,"This 5 bhk flat is located in micl aaradhya avaan, which houses some of the most spacious flats in tardeo, mumbai south. This residential flat is north-East-Facing direction. Containing 5 bedroom(s), 6 bathrooms and 2 balconies, this flat is spread over a super built up area of 4000 sq.Ft. This flat is situated on the 50th floor of this 61 floors tall residential building. As the property is cu...",Shubh Properties,Dealer,,https://www.99acres.com/5-bhk-bedroom-apartment-flat-for-sale-in-micl-aaradhya-avaan-tardeo-south-mumbai-3200-sqft-r4-spid-P81851182,,4
I80949881,PROPERTY,"5 BHK Flat in Tardeo, Mumbai","5 BHK Flat in Tardeo, Mumbai",Lodha marq,"Tardeo, Mumbai",₹22.7 Cr,"₹74,917 /sqft","3,030 sqft",(282 sqm),Carpet Area,5 BHK,5,Under Construction,26th out of 36 Floors | East Facing,,"Check out this 5 bhk apartment for sale in lodha marq, a popular residential project that houses in-Demand flats in tardeo, mumbai south. This property faces the east direction. The flat is over 3030 sq.Ft. Carpet area and comes with 5 bedroom(s), 5 bathrooms and 1 balcony. The residential building has 36 floors in total and the flat for sale is located on the 26th floor. This residential flat ...",Value Properties,,,https://www.99acres.com/5-bhk-bedroom-apartment-flat-for-sale-in-tardeo-south-mumbai-3030-sqft-r4-spid-I80949881,,4
B92379626,PROPERTY,"3 BHK Flat in Tardeo, Mumbai","3 BHK Flat in Tardeo, Mumbai",Crescent Tower Mumbai South,"Tardeo, Mumbai",₹16 Cr,"₹82,051 /sqft","1,950 sqft",(181 sqm),Carpet Area,3 BHK,4,Ready To Move,25th out of 28 Floors | 4 Covered Parking,,Residential 3bhk duplex flat for sale at tardeo full furnished immediate possession vacant possession call for more details and inspection...........,Vinod Real Estate Agency,Dealer,,https://www.99acres.com/3-bhk-bedroom-apartment-flat-for-sale-in-tardeo-south-mumbai-1950-sqft-r1-spid-B92379626,,4
A92246090,PROPERTY,"5 BHK Flat in Tardeo, Mumbai","5 BHK Flat in Tardeo, Mumbai",Lodha Marq,"Tardeo, Mumbai",₹27.2 Cr,"₹85,000 /sqft","3,200 sqft",(297 sqm),Carpet Area,5 BHK,5,Under Construction,19th out of 33 Floors | Overlooking Park,,"This property faces the west direction. Containing 5 bedroom(s), 5 bathrooms and 2 balconies, this flat is spread over a carpet area of 3200 sq.Ft. This flat lies on the 19th level of a 33 storey building. The flat is currently under construction stage and you can expect to get the possession of the property within 6 months. The well built vitrified flooring enhances the aesthetic appeal of thi...",Ask realtors,,,https://www.99acres.com/5-bhk-bedroom-apartment-flat-for-sale-in-tardeo-south-mumbai-3200-sqft-spid-A92246090,,4
T89188923,PROPERTY,"5 BHK Flat in Tardeo, Mumbai","5 BHK Flat in Tardeo, Mumbai",on request,"Tardeo, Mumbai",₹15 Cr,"₹53,571 /sqft","2,800 sqft",(260 sqm),Super Built-up Area,5 BHK,7,Ready To Move,33rd out of 35 Floors | Overlooking Park,,"The flat is north-East-Facing. Constructed on a super built up area of 2800 sq.Ft., the flat comprises 5 bedroom(s), 7 bathrooms and 2 balconies. This flat is situated on the 33rd floor of this 35 floors tall residential building. This is a ready to move project and the property is 5-10 years old. The flat comes well built with concrete flooring options. Another plus point for this is that it i...",Dilip shah,Dealer,,https://www.99acres.com/5-bhk-bedroom-apartment-flat-for-sale-in-tardeo-south-mumbai-2800-sqft-r2-spid-T89188923,,4
Y92246020,PROPERTY,"5 BHK Flat in Tardeo, Mumbai","5 BHK Flat in Tardeo, Mumbai",Lodha Marq,"Tardeo, Mumbai",₹25.75 Cr,"₹84,983 /sqft","3,030 sqft",(282 sqm),Carpet Area,5 BHK,5,Under Construction,22nd out of 33 Floors | Overlooking Main Road,,"The flat is west-Facing. Containing 5 bedroom(s), 5 bathrooms and 2 balconies, this flat is spread over a carpet area of 3030 sq.Ft. The flat has a total of 33 floors and this property is situated on 22nd floor. This residential flat is currently under construction and you can expect the possession of the same within 6 months. The well built vitrified flooring enhances the aesthetic appeal of t...",Ask realtors,,,https://www.99acres.com/5-bhk-bedroom-apartment-flat-for-sale-in-tardeo-south-mumbai-3030-sqft-spid-Y92246020,,4
Y92126428,PROPERTY,"4 BHK Flat in Tardeo, Mumbai","4 BHK Flat in Tardeo, Mumbai",The Imperial,"Tardeo, Mumbai",₹24 Cr,"₹78,175 /sqft","3,070 sqft",(285 sqm),Carpet Area,4 BHK,4,Ready To Move,20th out of 60 Floors | East Facing,,"The imperial (Often referred to as imperial towers) is an iconic, ultra-Luxury residential twin-Tower skyscraper complex located in tardeo, south mumbai.",KAILASH GUL RAJANI,,,https://www.99acres.com/4-bhk-bedroom-apartment-flat-for-sale-in-tardeo-south-mumbai-3070-sqft-spid-Y92126428,,4
E84119358,PROPERTY,"5 BHK Flat in Tardeo, Mumbai","5 BHK Flat in Tardeo, Mumbai",MICL Aaradhya Avaan,"Tardeo, Mumbai",₹24.5 Cr,"₹76,562 /sqft","3,200 sqft",(297 sqm),Carpet Area,5 BHK,4,Under Construction,46th out of 61 Floors | Overlooking Park,,"Welcome to good token realty! Looking for a 5 bhk property for sale in mumbai south? Buy this 5 bhk flat in micl aaradhya avaan that is situated in tardeo, mumbai south. The flat occupies a carpet area of 3200 sq.Ft. That consists of 5 bedrooms, 4 bathrooms and 2 balconies. The property is located on the 46th floor of a 61 floors tall building. This residential property is still under construct...",Good Token,,,https://www.99acres.com/5-bhk-bedroom-apartment-flat-for-sale-in-micl-aaradhya-avaan-tardeo-south-mumbai-3200-sqft-r5-spid-E84119358,,4
Q80949815,PROPERTY,"4 BHK Flat in Tardeo, Mumbai","4 BHK Flat in Tardeo, Mumbai",Lodha marq,"Tardeo, Mumbai",₹20 Cr,"₹74,074 /sqft","2,700 sqft",(251 sqm),Carpet Area,4 BHK,4,Under Construction,13th out of 36 Floors | Overlooking Swimming Pool,,"This 4 bhk flat is located in lodha marq, which houses some of the most spacious flats in tardeo, mumbai south. The flat is facing the east direction. The flat occupies a carpet area of 2700 sq.Ft. That consists of 4 bedrooms, 4 bathrooms and 1 balcony. The flat has a total of 36 floors and this property is situated on 13th floor. The flat is currently under construction stage and you can expec...",Value Properties,,,https://www.99acres.com/4-bhk-bedroom-apartment-flat-for-sale-in-tardeo-south-mumbai-2700-sqft-r4-spid-Q80949815,,4
G88626794,PROPERTY,"4 BHK Flat in Tardeo, Mumbai","4 BHK Flat in Tardeo, Mumbai",The Imperial i,"Tardeo, Mumbai",₹23 Cr,₹1.1 L /sqft,"2,100 sqft",(195 sqm),Carpet Area,4 BHK,4,Ready To Move,21st out of 62 Floors | East Facing,,"The flat is east-Facing. The floor plan additionally contains 4 bedroom(s), 4 bathrooms and 1 balcony. All in all, the flat is spread over a carpet area of 2100 sq.Ft. The residential building has 62 floors in total and the flat for sale is located on the 21st floor. Being a ready to move project, you can expect immediate possession of this 10+ years old property. The marble flooring of this fl...",JLL,,,https://www.99acres.com/4-bhk-bedroom-apartment-flat-for-sale-in-the-imperial-i-tardeo-south-mumbai-2100-sqft-r1-spid-G88626794,,4
T83812420,PROPERTY,"2 BHK Flat in Tardeo, Mumbai","2 BHK Flat in Tardeo, Mumbai",Amorina Heights,"Tardeo, Mumbai",₹2 Cr,"₹39,369 /sqft",508 sqft,(47 sqm),Carpet Area,2 BHK,2,Ready To Move,8th out of 21 Floors | Overlooking Main Road,,"We are the proud owners of this 2 bhk apartment available in amorina heights, tardeo, mumbai south. This it is a and the unit is located on 8th floor and has a carpet area of 508 sq.Ft. . It has 2 bathroom(s). The ownership is freehold type.",Owner,4mo ago,,https://www.99acres.com/2-bhk-bedroom-apartment-flat-for-sale-in-amorina-heights-tardeo-south-mumbai-508-sqft-spid-T83812420,,5
F78262341,PROPERTY,"1 BHK Flat in Tardeo, Mumbai","1 BHK Flat in Tardeo, Mumbai",Sankar sheth mainson,"Tardeo, Mumbai",₹2.35 Cr,"₹36,153 /sqft",650 sqft,(60 sqm),Built-up Area,1 BHK,1,Ready To Move,1st out of 5 Floors | Vaastu Compliant,,"This lovely 1 bhk apartment/flat in tardeo sankar sheth is available for sale in one of mumbai south's most popular projects, sankar sheth mainson. The flat is facing the south-East direction. The floor plan additionally contains 1 bedroom(s), 1 bathroom . All in all, the flat is spread over a built up area of 650 sq.Ft. The flat has a total of 5 floors and this property is situated on 1st floo...",Sahiyara property,Dealer,,https://www.99acres.com/1-bhk-bedroom-apartment-flat-for-sale-in-tardeo-south-mumbai-650-sqft-r5-spid-F78262341,,5
B84656260,PROPERTY,"3 BHK Flat in Chikalwadi, Tardeo, Mumbai","3 BHK Flat in Chikalwadi, Tardeo, Mumbai",on request,"Chikalwadi, Tardeo, Mumbai",₹7.5 Cr,"₹37,500 /sqft","2,000 sqft",(186 sqm),Super Built-up Area,3 BHK,3,Ready To Move,10th out of 30 Floors | Overlooking Main Road,,"Situated in bhatia hospital, mumbai south, on request is a well planned society that offers a pleasant living experience to its residents. This 3 bhk flat in mumbai south is your opportunity to be a part of this community. The flat is north-East-Facing. Containing 3 bedroom(s), 3 bathrooms and 1 balcony, this flat is spread over a super built up area of 2000 sq.Ft. This flat is situated on the ...",Dilip shah,Dealer,,https://www.99acres.com/3-bhk-bedroom-apartment-flat-for-sale-in-chikalwadi-south-mumbai-2000-sqft-r6-spid-B84656260,,5
F83585528,PROPERTY,"1 BHK Flat in Tardeo, Mumbai","1 BHK Flat in Tardeo, Mumbai",suvarna amrut coop hsg society,"Tardeo, Mumbai",₹1.3 Cr,"₹48,148 /sqft",270 sqft,(25 sqm),Super Built-up Area,1 BHK,1,Ready To Move,2nd out of 4 Floors,,"We are the proud owners of this 1 bhk apartment available in suvarna amrut coop hsg society, tardeo, mumbai south. This it is a and the unit is located on 2nd floor and has a super built-Up area of 270 sq.Ft. . It has 1 bathroom(s). The ownership is freehold type.",Owner,1mo ago,,https://www.99acres.com/1-bhk-bedroom-apartment-flat-for-sale-in-tardeo-south-mumbai-270-sqft-spid-F83585528,,5
F89954400,PROPERTY,"1 BHK Flat in Tardeo, Mumbai","1 BHK Flat in Tardeo, Mumbai",Orbit Heights,"Tardeo, Mumbai",₹1.5 Cr,"₹49,180 /sqft",305 sqft,(28 sqm),Carpet Area,1 BHK,1,Ready To Move,2nd out of 14 Floors | Vaastu Compliant,,"Situated on the 2nd floor of a 14-Story high-Rise in orbit heights, tardeo, this 1 bhk flat spans 305 sq.Ft. Over 10 years old, it offers a corner layout and is vaastu compliant. Ready for immediate sale, the residence includes a clubhouse, lift, power backup, and on-Call maintenance. Nearby, find hospitals, religious sites, and banking facilities.",Owner,4mo ago,,https://www.99acres.com/1-bhk-bedroom-apartment-flat-for-sale-in-orbit-heights-tardeo-south-mumbai-305-sqft-spid-F89954400,,5
I84620620,PROPERTY,"3 BHK Flat in Chikalwadi, Tardeo, Mumbai","3 BHK Flat in Chikalwadi, Tardeo, Mumbai",on request,"Chikalwadi, Tardeo, Mumbai",₹6.6 Cr,"₹36,666 /sqft","1,800 sqft",(167 sqm),Super Built-up Area,3 BHK,3,Ready To Move,20th out of 29 Floors | Overlooking Main Road,,"On request is one of the most popular destination for buying apartments/ flats in bhatia hospital, mumbai south. You too can be a part of this society by purchasing this 3 bhk flat here. The flat is facing the north-East direction. The floor plan additionally contains 3 bedroom(s), 3 bathrooms and 1 balcony. All in all, the flat is spread over a super built up area of 1800 sq.Ft. The flat has a...",Dilip shah,Dealer,,https://www.99acres.com/3-bhk-bedroom-apartment-flat-for-sale-in-chikalwadi-south-mumbai-1800-sqft-r6-spid-I84620620,,5
K90360954,PROPERTY,"1 BHK Flat in Tardeo, Mumbai","1 BHK Flat in Tardeo, Mumbai",Bane Compound,"Tardeo, Mumbai",₹2.25 Cr,"₹47,368 /sqft",475 sqft,(44 sqm),Carpet Area,1 BHK,1,Ready To Move,2nd out of 2 Floors | Overlooking Main Road,,"Located in the heart of bane compound, tardeo, this 1 bhk flat offers 475 sq.Ft. Of comfortable living on the top floor of a low-Rise building. With 10+ years of age, the apartment features 1 bedroom and 1 bathroom, is unfurnished, and available immediately. Proximity to hospitals and essential services adds to its convenience.",Owner,3mo ago,,https://www.99acres.com/1-bhk-bedroom-apartment-flat-for-sale-in-bane-compound-tardeo-south-mumbai-475-sqft-spid-K90360954,,5
F90993732,PROPERTY,"2 BHK Flat in Tardeo, Mumbai","2 BHK Flat in Tardeo, Mumbai",Optimum Wellingdon View,"Tardeo, Mumbai",₹5.5 Cr,"₹61,590 /sqft",893 sqft,(83 sqm),Carpet Area,2 BHK,2,Ready To Move,15th out of 22 Floors | Overlooking Main Road,,Wellington view (Also known as wellingdon view) is a luxury residential project located on sane guruji marg in the upscale tardeo neighborhood of south mumbai.,KAILASH GUL RAJANI,,,https://www.99acres.com/2-bhk-bedroom-apartment-flat-for-sale-in-optimum-wellingdon-view-tardeo-south-mumbai-893-sqft-spid-F90993732,,5
L92478802,PROPERTY,"2 BHK Flat in Tardeo, Mumbai","2 BHK Flat in Tardeo, Mumbai",Ayuddha Eved,"Tardeo, Mumbai",₹4.12 Cr,"₹39,238 /sqft","1,050 sqft",(98 sqm),Built-up Area,2 BHK,2,Under Construction,15th out of 20 Floors | Overlooking Park,,"This is a east-Facing property. The flat is over 1050 sq.Ft. Built up area and comes with 2 bedroom(s), 2 bathrooms and 2 balconies. The residential building has 20 floors in total and the flat for sale is located on the 15th floor. This residential flat is currently under construction and you can expect the possession of the same by december 2028. The beautifully designed vitrified flooring en...",Easy Home Realty,Dealer,,https://www.99acres.com/2-bhk-bedroom-apartment-flat-for-sale-in-tardeo-south-mumbai-1050-sqft-spid-L92478802,,5
W84953544,PROPERTY,"4 BHK Flat in Altamount Road, Tardeo, Mumbai","4 BHK Flat in Altamount Road, Tardeo, Mumbai",One Altamount Apartment,"Altamount Road, Tardeo, Mumbai",₹100 Cr,₹1 L /sqft,"10,000 sqft",(929 sqm),Carpet Area,4 BHK,4,Ready To Move,21st out of 34 Floors | Overlooking Park,,"Located on altamount road in south mumbai, this stunning 4 bhk flat is in one altamount apartment, a well-Regarded residential complex. The flat features 4 bedrooms, 4 bathrooms, and 3 balconies, and offers a spacious carpet area of 10,000 sq. Ft. Situated on the 21st floor of a 34-Story building, this apartment is over 10 years old and is ready for immediate occupancy, as the project is move-I...",V.D. REALTY,Dealer,,https://www.99acres.com/4-bhk-bedroom-apartment-flat-for-sale-in-one-altamount-apartment-altamount-road-south-mumbai-10000-sqft-r4-spid-W84953544,,5
R89356995,PROPERTY,"1 BHK Flat in Tardeo, Mumbai","1 BHK Flat in Tardeo, Mumbai",Navyug Mansion,"Tardeo, Mumbai",₹1.75 Cr,"₹41,666 /sqft",420 sqft,(39 sqm),Carpet Area,1 BHK,1,Ready To Move,2nd out of 6 Floors | Overlooking Main Road,,"It is just 2 mins from grant rd stn west and 5 mins from metro stn. Chowpatty at 15 mins. All necessities like collages, theatres, bhaji gulli and all types of daily essentials in minutes. Nice in society with peaceful neighbours.",Owner,4mo ago,,https://www.99acres.com/1-bhk-bedroom-apartment-flat-for-sale-in-navyug-mansion-tardeo-south-mumbai-420-sqft-spid-R89356995,,5
O89820560,PROPERTY,"1 BHK Flat in Tardeo, Mumbai","1 BHK Flat in Tardeo, Mumbai",Bane Compound,"Tardeo, Mumbai",₹1.8 Cr,"₹56,250 /sqft",320 sqft,(30 sqm),Carpet Area,1 BHK,1,Ready To Move,2nd out of 4 Floors,,"Located in the heart of bane compound, tardeo, this 1 bhk flat offers 320 sq.Ft. Of well-Planned space on the 2nd floor of a 4-Floor low-Rise building. Over 10 years old and semi-Furnished, its available for immediate sale. Nearby amenities include hospitals, an atm, and a religious place, making it a convenient mumbai south residence.",Owner,4mo ago,,https://www.99acres.com/1-bhk-bedroom-apartment-flat-for-sale-in-bane-compound-tardeo-south-mumbai-320-sqft-spid-O89820560,,5
R91859578,PROPERTY,"2 BHK Flat in Tardeo, Mumbai","2 BHK Flat in Tardeo, Mumbai",Ratan Abad,"Tardeo, Mumbai",₹3.9 Cr,"₹39,000 /sqft","1,000 sqft",(93 sqm),Super Built-up Area,2 BHK,2,Ready To Move,2nd out of 5 Floors | Overlooking Main Road,,"This property faces the south-East direction. Containing 2 bedroom(s), 2 bathrooms and 1 balcony, this flat is spread over a super built up area of 1000 sq.Ft. The property is located on the 2nd floor of a 5 floors tall building. This is a ready to move project and the property is 10+ years old. The floor of this flat is beautifully designed using concrete flooring, giving the flat an alluring ...",GODSPEED And ASSOCIATES,Dealer,,https://www.99acres.com/2-bhk-bedroom-apartment-flat-for-sale-in-tardeo-south-mumbai-1000-sqft-spid-R91859578,,5
P92478906,PROPERTY,"2 BHK Flat in Tardeo, Mumbai","2 BHK Flat in Tardeo, Mumbai",Ayuddha Eved,"Tardeo, Mumbai",₹4.26 Cr,"₹40,075 /sqft","1,063 sqft",(99 sqm),Built-up Area,2 BHK,2,Under Construction,15th out of 20 Floors | Overlooking Park,,"The flat is east-Facing. Constructed on a built up area of 1063 sq.Ft., the flat comprises 2 bedroom(s), 2 bathrooms and 2 balconies. The residential building has 20 floors in total and the flat for sale is located on the 15th floor. Moreover, the flat is currently under construction and possession is expected by december 2028. The beautifully designed vitrified flooring enhances the beauty of ...",Easy Home Realty,Dealer,,https://www.99acres.com/2-bhk-bedroom-apartment-flat-for-sale-in-tardeo-south-mumbai-1063-sqft-spid-P92478906,,5
O92478996,PROPERTY,"3 BHK Flat in Tardeo, Mumbai","3 BHK Flat in Tardeo, Mumbai",Ayuddha Eved,"Tardeo, Mumbai",₹5.14 Cr,"₹39,206 /sqft","1,311 sqft",(122 sqm),Built-up Area,3 BHK,3,Under Construction,15th out of 20 Floors | Overlooking Park,,"This property faces the east direction. The floor plan additionally contains 3 bedroom(s), 3 bathrooms and 3 balconies. All in all, the flat is spread over a built up area of 1311 sq.Ft. The property is located on the 15th floor of a 20 floors tall building. This residential property is still under construction and will be available for possession by december 2028. The beautifully designed vitr...",Easy Home Realty,Dealer,,https://www.99acres.com/3-bhk-bedroom-apartment-flat-for-sale-in-tardeo-south-mumbai-1311-sqft-spid-O92478996,,5
R88473118,PROPERTY,"2 BHK Flat in Tardeo, Mumbai","2 BHK Flat in Tardeo, Mumbai",Optimum Wellingdon View,"Tardeo, Mumbai",₹4.5 Cr,"₹40,909 /sqft","1,100 sqft",(102 sqm),Super Built-up Area,2 BHK,2,Ready To Move,12th out of 20 Floors | North Facing,,Have swimming pool podium community hall sauna and gym,Owner,5mo ago,,https://www.99acres.com/2-bhk-bedroom-apartment-flat-for-sale-in-optimum-wellingdon-view-tardeo-south-mumbai-1100-sqft-spid-R88473118,,5
A88347582,PROPERTY,"1 BHK Flat in Tardeo, Mumbai","1 BHK Flat in Tardeo, Mumbai",Khushnuma Apartment,"Tardeo, Mumbai",₹5.39 Cr,"₹77,705 /sqft",693 sqft,(64 sqm),Carpet Area,1 BHK,2,Ready To Move,9th out of 18 Floors | Private Garden,,"Located on prestigious carmichael rd, with neighbors including the world- Famous ambanis and birlas, this flat with its elegant floor plan lies in the heart of mumbai's old-World charm, convenience and status. Airy and bright rooms with plenty of natural light and a spacious hall with panoramic windows offers easy and convenient living with easy access to the business and pleasure centers that ...",Owner,6mo ago,,https://www.99acres.com/1-bhk-bedroom-apartment-flat-for-sale-in-khushnuma-apartment-tardeo-south-mumbai-693-sqft-spid-A88347582,,5
B92412112,PROPERTY,"2 BHK Flat in Tardeo, Mumbai","2 BHK Flat in Tardeo, Mumbai",on request,"Tardeo, Mumbai",₹3.9 Cr,"₹44,879 /sqft",869 sqft,(81 sqm),Carpet Area,2 BHK,2,Under Construction,11th out of 23 Floors | East Facing,,"Discover a premium opportunity to own a **2 bhk builder-Finished flat for sale in tardeo**, one of south mumbais most prestigious and centrally located residential destinations. Offering **869 sq.Ft. Carpet area**, this thoughtfully designed apartment is perfect for families, professionals, and investors looking for a modern home with strong appreciation potential. This well-Planned **2 bhk apa...",vibrantkey,Dealer,,https://www.99acres.com/2-bhk-bedroom-apartment-flat-for-sale-in-tardeo-south-mumbai-869-sqft-spid-B92412112,,5
I92480038,PROPERTY,"2 BHK Flat in Tardeo, Mumbai","2 BHK Flat in Tardeo, Mumbai",Stardeous,"Tardeo, Mumbai",₹4.48 Cr,"₹43,159 /sqft","1,038 sqft",(96 sqm),Built-up Area,2 BHK,2,Under Construction,35th out of 43 Floors | Overlooking Park,,"This residential flat is east-Facing direction. The floor plan additionally contains 2 bedroom(s), 2 bathrooms and 2 balconies. All in all, the flat is spread over a built up area of 1038 sq.Ft. The flat has a total of 43 floors and this property is situated on 35th floor. The flat is currently under construction stage and you can expect to get the possession of the property by december 2027. T...",Easy Home Realty,Dealer,,https://www.99acres.com/2-bhk-bedroom-apartment-flat-for-sale-in-tardeo-south-mumbai-1038-sqft-spid-I92480038,,5
H79284667,PROPERTY,"2 BHK Flat in Tardeo, Mumbai","2 BHK Flat in Tardeo, Mumbai",Ratan Abad Cooperative Hsg Society Ltd,"Tardeo, Mumbai",₹4.1 Cr,"₹45,555 /sqft",900 sqft,(84 sqm),Carpet Area,2 BHK,1,Ready To Move,2nd out of 5 Floors | Overlooking Main Road,,"Quiet, tree lined area in heart of south mumbai. Reputed, award winning society. Hospital, railway station, famous bhaji galli 3-5 minutes' walking distance. 24 hours water supply, cctv surveillance, gated property, watchmen, recently painted and renovated well maintained flat, kitchen fitted with storage cabinets and shelves, mahanagar gas, intercom, mtnl line, weekly plumber visit, collection...",Owner,1mo ago,,https://www.99acres.com/2-bhk-bedroom-apartment-flat-for-sale-in-tardeo-south-mumbai-900-sqft-r2-spid-H79284667,,5
E91033390,PROPERTY,"2 BHK Flat in Tardeo, Mumbai","2 BHK Flat in Tardeo, Mumbai",on request,"Tardeo, Mumbai",₹4.8 Cr,"₹48,241 /sqft",995 sqft,(92 sqm),Carpet Area,2 BHK,2,Ready To Move,15th out of 30 Floors | Gated Society,,"Discover premium family living with this spacious 2 bhk flat for sale in tardeo, one of south mumbais most centrally located and highly sought-After residential areas. This beautifully planned apartment offers approximately 995 sq.Ft. Carpet area along with more than 3 balconies, making it a rare and highly desirable property for buyers seeking open spaces, natural light, and a comfortable life...",vibrantkey,Dealer,,https://www.99acres.com/2-bhk-bedroom-apartment-flat-for-sale-in-tardeo-south-mumbai-995-sqft-r1-spid-E91033390,,5
Y85573348,PROPERTY,"3 BHK Flat in Tardeo, Mumbai","3 BHK Flat in Tardeo, Mumbai",Shree Heights,"Tardeo, Mumbai",₹5.25 Cr,"₹65,625 /sqft",800 sqft,(74 sqm),Carpet Area,3 BHK,3,Ready To Move,10th out of 23 Floors | East Facing,,"We are the proud owners of this 3 bhk apartment available in shree heights, tardeo, mumbai south. This unit is located on 10th floor and has a built up area of 1250 sq.Ft. . It has 3 bathroom(s). The ownership is freehold type.",Owner,3w ago,,https://www.99acres.com/3-bhk-bedroom-apartment-flat-for-sale-in-shree-heights-tardeo-south-mumbai-800-sqft-r1-spid-Y85573348,,5
F90389358,PROPERTY,"2 BHK Flat in Tardeo, Mumbai","2 BHK Flat in Tardeo, Mumbai",on request,"Tardeo, Mumbai",₹5.5 Cr,"₹68,750 /sqft",800 sqft,(74 sqm),Carpet Area,2 BHK,2,Ready To Move,19th out of 25 Floors | East Facing,,"Discover a premium opportunity to own a fully furnished 2 bhk flat for sale in tardeo, one of south mumbais most centrally located and high-Demand residential areas. This well done-Up apartment offers a spacious 800 sq.Ft. Carpet area, making it an ideal choice for families, investors, and end-Users looking for a ready-To-Move-In home in a prime location. This thoughtfully designed 2 bhk apartm...",vibrantkey,Dealer,,https://www.99acres.com/2-bhk-bedroom-apartment-flat-for-sale-in-tardeo-south-mumbai-800-sqft-spid-F90389358,,5
L92414224,PROPERTY,"3 BHK Flat in Tardeo, Mumbai","3 BHK Flat in Tardeo, Mumbai",on request,"Tardeo, Mumbai",₹5.5 Cr,"₹45,193 /sqft","1,217 sqft",(113 sqm),Carpet Area,3 BHK,3,Under Construction,11th out of 23 Floors | East Facing,,"Discover a premium opportunity to own a **2 bhk builder-Finished flat for sale in tardeo**, one of south mumbais most prestigious and centrally located residential destinations. Offering **869 sq.Ft. Carpet area**, this thoughtfully designed apartment is perfect for families, professionals, and investors looking for a modern home with strong appreciation potential. This well-Planned **2 bhk apa...",vibrantkey,Dealer,,https://www.99acres.com/3-bhk-bedroom-apartment-flat-for-sale-in-tardeo-south-mumbai-1217-sqft-spid-L92414224,,5
F91860302,PROPERTY,"3 BHK Flat in Tardeo, Mumbai","3 BHK Flat in Tardeo, Mumbai",Shree Heights,"Tardeo, Mumbai",₹5.25 Cr,"₹58,333 /sqft",900 sqft,(84 sqm),Built-up Area,3 BHK,3,Ready To Move,10th out of 21 Floors | Overlooking Main Road,,"This is a south-East-Facing property. The flat is over 1400 sq.Ft. Super built up area and comes with 3 bedroom(s), 3 bathrooms . This flat lies on the 10th level of a 21 storey building. This 5-10 years old property is available for immediate possession as the project is ready to move. The beautifully designed marble flooring enhances the beauty of the flat. Shree heights is designed very well...",GODSPEED And ASSOCIATES,Dealer,,https://www.99acres.com/3-bhk-bedroom-apartment-flat-for-sale-in-shree-heights-tardeo-south-mumbai-900-sqft-spid-F91860302,,5
F80720915,PROPERTY,"2 BHK Flat in Tardeo, Mumbai","2 BHK Flat in Tardeo, Mumbai",Elite Crest,"Tardeo, Mumbai",₹1.15 Cr,"₹11,588 /sqft",992.33 sqft,(92 sqm),Carpet Area,2 BHK,2,Ready To Move,3rd out of 23 Floors | 2 Covered Parking,,"Elite crest is one of the most popular destination for buying apartments/ flats in tardeo, mumbai south. You too can be a part of this society by purchasing this 2 bhk flat here. The flat is facing the south-West direction. The flat is over 92 sq.M. Carpet area and comes with 2 bedroom(s), 2 bathrooms and 2 balconies. The property is located on the 3rd floor of a 23 floors tall building. Being ...",Novel Homes,Dealer,,https://www.99acres.com/2-bhk-bedroom-apartment-flat-for-sale-in-elite-crest-tardeo-south-mumbai-991-sqft-r3-spid-F80720915,,6
V87631090,PROPERTY,"2 BHK Flat in Tardeo, Mumbai","2 BHK Flat in Tardeo, Mumbai",yogmilam building,"Tardeo, Mumbai",₹3.22 Cr,"₹56,590 /sqft",569 sqft,(53 sqm),Carpet Area,2 BHK,2,Ready To Move,4th out of 9 Floors | Overlooking Main Road,,"Looking for a 2 bhk property for sale in mumbai south west? Buy this 2 bhk flat in yogmilam building that is situated in forjett hill, mumbai south west. Containing 2 bathrooms, this flat is spread over an carpet area of 569 sq.Ft.. The property is located on the 4th floor of a 9 floor tall building. As the project is already ready to move, so you can easily move into this 10+ year(s) old prope...",Owner,7mo ago,,https://www.99acres.com/2-bhk-bedroom-apartment-flat-for-sale-in-tardeo-south-mumbai-569-sqft-spid-V87631090,,6
B90392580,PROPERTY,"1 BHK Flat in Tardeo, Mumbai","1 BHK Flat in Tardeo, Mumbai",N/A,"Tardeo, Mumbai",₹2.25 Cr,"₹47,368 /sqft",475 sqft,(44 sqm),Built-up Area,1 BHK,1,Ready To Move,GF out of 1 Floors,,"The floor plan additionally contains 1 bedroom(s), 1 bathroom . All in all, the flat is spread over a built up area of 475 sq.Ft. The residential building has 1 floor in total and the flat for sale is located on the ground floor. As the project is already ready to move, so you can easily move into this 0-1 year old property.",Owner,3mo ago,,https://www.99acres.com/1-bhk-bedroom-apartment-flat-for-sale-in-tardeo-south-mumbai-475-sqft-spid-B90392580,,6
A93340214,PROPERTY,"1 BHK Flat in Tardeo, Mumbai","1 BHK Flat in Tardeo, Mumbai",Sai Sadan,"Tardeo, Mumbai",₹85 Lac,"₹47,222 /sqft",180 sqft,(17 sqm),Super Built-up Area,1 BHK,1,Ready To Move,1st out of 5 Floors,,"We are the proud owners of this 1 bhk apartment available in sai sadan, tardeo, mumbai south. This it is a and the unit is located on 1st floor and has a super built-Up area of 180 sq.Ft. . It has 1 bathroom(s). The ownership is freehold type.",Owner,2d ago,,https://www.99acres.com/1-bhk-bedroom-apartment-flat-for-sale-in-sai-sadan-tardeo-south-mumbai-180-sqft-spid-A93340214,,6
B83587024,PROPERTY,"1 BHK Flat in Tardeo, Mumbai","1 BHK Flat in Tardeo, Mumbai",suvarna amrut coop hsg society,"Tardeo, Mumbai",₹1.3 Cr,"₹39,393 /sqft",330 sqft,(31 sqm),Super Built-up Area,1 BHK,1,Ready To Move,2nd out of 4 Floors,,"We are the proud owners of this 1 bhk apartment available in suvarna amrut coop hsg society, tardeo, mumbai south. This it is a and the unit is located on 2nd floor and has a super built-Up area of 330 sq.Ft. . It has 1 bathroom(s). The ownership is freehold type.",Owner,3mo ago,,https://www.99acres.com/1-bhk-bedroom-apartment-flat-for-sale-in-tardeo-south-mumbai-330-sqft-r1-spid-B83587024,,6
Y93298532,PROPERTY,"1 BHK Flat in Tardeo, Mumbai","1 BHK Flat in Tardeo, Mumbai",Ratan Tata,"Tardeo, Mumbai",₹1.35 Cr,"₹49,632 /sqft",272 sqft,(25 sqm),Carpet Area,1 BHK,1,Ready To Move,1st out of 3 Floors,,"We are the proud owners of this 1 bhk apartment available in ratan tata, tardeo, mumbai south. This it is a and the unit is located on 1st floor and has a carpet area of 272 sq.Ft. . It has 1 bathroom(s). The ownership is freehold type.",Owner,3d ago,,https://www.99acres.com/1-bhk-bedroom-apartment-flat-for-sale-in-ratan-tata-tardeo-south-mumbai-272-sqft-spid-Y93298532,,6
I78385147,PROPERTY,"1 BHK Flat in Tardeo, Mumbai","1 BHK Flat in Tardeo, Mumbai",Bane Compound,"Tardeo, Mumbai",₹2.25 Cr,"₹80,357 /sqft",280 sqft,(26 sqm),Carpet Area,1 BHK,1,Ready To Move,2nd out of 4 Floors,,"School, railway station,bus stand market police station all are near by",Owner,3w ago,,https://www.99acres.com/1-bhk-bedroom-apartment-flat-for-sale-in-bane-compound-tardeo-south-mumbai-280-sqft-r2-spid-I78385147,,6
Y83117018,PROPERTY,"1 BHK Flat in Tardeo, Mumbai","1 BHK Flat in Tardeo, Mumbai",Shastri Hall,"Tardeo, Mumbai",₹2.01 Cr,"₹50,250 /sqft",400 sqft,(37 sqm),Carpet Area,1 BHK,1,Ready To Move,9th out of 9 Floors | Furnished,,"This 1 bhk apartment is available for sale in shastri hall, one of the most prominent projects for flats in tardeo, mumbai south. The flat is south-Facing. Constructed on a carpet area of 400 sq.Ft., the flat comprises 1 bedroom(s), 1 bathroom . This flat lies on the top level of a 9 storey building. An added advantage of this 10+ years old flat is that it is available for immediate possession ...",Owner,1mo ago,,https://www.99acres.com/1-bhk-bedroom-apartment-flat-for-sale-in-tardeo-south-mumbai-400-sqft-spid-Y83117018,,6
R65819040,PROPERTY,"2 BHK Flat in Tardeo, Mumbai","2 BHK Flat in Tardeo, Mumbai",Optimum Wellingdon View,"Tardeo, Mumbai",₹4.35 Cr,"₹35,802 /sqft","1,215 sqft",(113 sqm),Super Built-up Area,2 BHK,2,Ready To Move,10th out of 22 Floors | 1 Covered Parking,,"A nice and spacious 2 bhk apartment is available for sale in south mumbai's premium locality of tardeo. This lovely and airy apartment offers good ventilation. The apartment has a large and open living and dining area, 2 bedrooms with 2 bathrooms and a spacious kitchen. The apartment comes with 1 reserved car parking. The complex offers one modern lifestyle amenities like swimming pool, indoor ...",B.D.L.ESTATE AND PROPERTY (PROP.DEEPAK MOHANLAL LAHORI),Dealer,,https://www.99acres.com/2-bhk-bedroom-apartment-flat-for-sale-in-optimum-wellingdon-view-tardeo-south-mumbai-1215-sqft-r19-spid-R65819040,,6
U90949532,PROPERTY,"1 BHK Flat in Tardeo, Mumbai","1 BHK Flat in Tardeo, Mumbai",Krishna Apartment,"Tardeo, Mumbai",₹1.9 Cr,"₹46,913 /sqft",405 sqft,(38 sqm),Carpet Area,1 BHK,1,Ready To Move,2nd out of 22 Floors | Overlooking Main Road,,"This 1 bhk flat in krishna apartment, tardeo, mumbai south offers 405 sqft of well-Planned living space on the 2nd floor of a 22-Story high-Rise. With 1 bedroom and 1 bathroom, the 1-5 year-Old residential apartment comes unfurnished and is available for immediate sale. Nearby amenities include hospitals, a religious site, and an atm.",Owner,3mo ago,,https://www.99acres.com/1-bhk-bedroom-apartment-flat-for-sale-in-krishna-apartment-tardeo-south-mumbai-405-sqft-spid-U90949532,,6
M85405004,PROPERTY,"2 BHK Flat in Tardeo, Mumbai","2 BHK Flat in Tardeo, Mumbai",on request,"Tardeo, Mumbai",₹5 Cr,"₹40,000 /sqft","1,250 sqft",(116 sqm),Super Built-up Area,2 BHK,2,Ready To Move,12th out of 18 Floors | Overlooking Main Road,,"This 2 bhk apartment is available for sale in on request, one of the most prominent projects for flats in tardeo, mumbai south. This property faces the north-East direction. Containing 2 bedroom(s), 2 bathrooms and 1 balcony, this flat is spread over a super built up area of 1250 sq.Ft. This flat is situated on the 12th floor of this 18 floors tall residential building. Being a ready to move pr...",Dilip shah,Dealer,,https://www.99acres.com/2-bhk-bedroom-apartment-flat-for-sale-in-tardeo-south-mumbai-1250-sqft-r4-spid-M85405004,,6
Y87572620,PROPERTY,"2 BHK Builder Floor in Tardeo, Mumbai","2 BHK Builder Floor in Tardeo, Mumbai","Tardeo, Mumbai, Mumbai South","Tardeo, Mumbai",₹3.9 Cr,"₹43,333 /sqft",900 sqft,(84 sqm),Built-up Area,2 BHK,2,Ready To Move,GF out of 1 Floors | Newly Constructed,,"Planning to purchase dream house in mumbai south? This 2 bhk builder floor in tardeo is a great option for you. This property has 2 bedrooms, 2 bathrooms . The furnishing status of the builder floor is semi-Furnished. This spacious builder floor has built up area of 900 sq.Ft. It is located on ground floor of 1 storey building. You can plan to move in immediately in this amazing ready to move i...",Owner,2w ago,,https://www.99acres.com/2-bhk-bedroom-independent-builder-floor-for-sale-in-tardeo-south-mumbai-900-sqft-spid-Y87572620,,6
K88707198,PROPERTY,"3 BHK Flat in Tardeo, Mumbai","3 BHK Flat in Tardeo, Mumbai",Enterprise Apartments,"Tardeo, Mumbai",₹5.5 Cr,"₹52,380 /sqft","1,050 sqft",(98 sqm),Carpet Area,3 BHK,3,Ready To Move,22nd out of 30 Floors | East Facing,,"This property faces the east direction. Containing 3 bedroom(s), 3 bathrooms , this flat is spread over a carpet area of 1050 sq.Ft. The residential building has 30 floors in total and the flat for sale is located on the 22nd floor. This is a ready to move project and the property is 10+ years old. The well built vitrified flooring enhances the aesthetic appeal of this flat. Proximity to landma...",K.Hemandas real estate,Dealer,,https://www.99acres.com/3-bhk-bedroom-apartment-flat-for-sale-in-enterprise-apartments-tardeo-south-mumbai-1050-sqft-r1-spid-K88707198,,6
K92047696,PROPERTY,"3 BHK Flat in Tardeo, Mumbai","3 BHK Flat in Tardeo, Mumbai",Kalikund Heights,"Tardeo, Mumbai",₹6.5 Cr,"₹61,904 /sqft","1,050 sqft",(98 sqm),Carpet Area,3 BHK,4,Ready To Move,17th out of 23 Floors | Overlooking Park,,"Experience luxury living in a thoughtfully designed residential development featuring world-Class amenities and modern architecture. Wave house with a bowling alley, family pool, arcade zone, summer garden, and sports court. Every space is crafted to offer comfort, recreation, and wellness for all age groups. A perfect blend of premium lifestyle, convenience, and investment potential in a prime...",Cherry on Top,,,https://www.99acres.com/3-bhk-bedroom-apartment-flat-for-sale-in-kalikund-heights-tardeo-south-mumbai-1050-sqft-spid-K92047696,,6
S92073578,PROPERTY,"3 BHK Flat in Tardeo, Mumbai","3 BHK Flat in Tardeo, Mumbai",Three Bedroom Hall,"Tardeo, Mumbai",₹6.4 Cr,"₹53,917 /sqft","1,187 sqft",(110 sqm),Carpet Area,3 BHK,3,Under Construction,35th out of 43 Floors | Overlooking Park,,"Presenting an ultra-Premium 3 bhk residence in the prestigious location of tardeo, available for sale at 6.40 cr. Constructed on a carpet area of 1187 sq.Ft., the flat comprises 3 bedroom(s), 3 bathrooms and 1 balcony featuring well-Ventilated interiors and abundant natural light, the residence includes 2 car parks and is situated in one of tardeo's most well-Connected neighborhoods. The proper...",Highrise Estates,Dealer,,https://www.99acres.com/3-bhk-bedroom-apartment-flat-for-sale-in-tardeo-south-mumbai-1187-sqft-spid-S92073578,,6
L62611968,PROPERTY,"2 BHK Flat in Altamount Road, Tardeo, Mumbai","2 BHK Flat in Altamount Road, Tardeo, Mumbai",Prabhu Kutir,"Altamount Road, Tardeo, Mumbai",₹10.25 Cr,"₹68,333 /sqft","1,500 sqft",(139 sqm),Super Built-up Area,2 BHK,3,Ready To Move,5th out of 10 Floors | North-East Facing,,"Prabhu kutir is one of mumbai south's most sought after destination for residential apartments and this 2 bhk flat in altamount road is your opportunity to be a part of this community. The apartment is facing the north-East direction. The apartment occupies a super built up area of 1500 sq.Ft. That consists of 2 bedrooms, 3 bathrooms and 1 balcony. The residential building has 10 floors in tota...",Kishore Alreja,Dealer,,https://www.99acres.com/2-bhk-bedroom-apartment-flat-for-sale-in-altamount-road-south-mumbai-1500-sqft-r6-spid-L62611968,,6
U88364060,PROPERTY,"3 BHK Flat in Altamount Road, Tardeo, Mumbai","3 BHK Flat in Altamount Road, Tardeo, Mumbai",on request,"Altamount Road, Tardeo, Mumbai",₹10.5 Cr,"₹50,000 /sqft","2,100 sqft",(195 sqm),Super Built-up Area,3 BHK,4,Ready To Move,6th out of 10 Floors | Overlooking Main Road,,"This property faces the north-East direction. The floor plan additionally contains 3 bedroom(s), 4 bathrooms and 1 balcony. All in all, the flat is spread over a super built up area of 2100 sq.Ft. This flat lies on the 6th level of a 10 storey building. This 10+ years old property is available for immediate possession as the project is ready to move. The well built marble flooring enhances the ...",Dilip shah,Dealer,,https://www.99acres.com/3-bhk-bedroom-apartment-flat-for-sale-in-altamount-road-south-mumbai-2100-sqft-r3-spid-U88364060,,6
R91852690,PROPERTY,"3 BHK Flat in Tardeo, Mumbai","3 BHK Flat in Tardeo, Mumbai",Valencia Tower,"Tardeo, Mumbai",₹6.6 Cr,"₹52,800 /sqft","1,250 sqft",(116 sqm),Carpet Area,3 BHK,3,Ready To Move,13th out of 16 Floors | East Facing,,"This property faces the east direction. Containing 3 bedroom(s), 3 bathrooms , this flat is spread over a carpet area of 1250 sq.Ft. The flat has a total of 16 floors and this property is situated on 13th floor. This is a ready to move project and the property is 10+ years old. The flat comes well built with marble flooring options.",Mani solanki,Dealer,,https://www.99acres.com/3-bhk-bedroom-apartment-flat-for-sale-in-valencia-tower-tardeo-south-mumbai-1250-sqft-spid-R91852690,,6
A89105569,PROPERTY,"3 BHK Flat in Tardeo, Mumbai","3 BHK Flat in Tardeo, Mumbai",Valencia Tower,"Tardeo, Mumbai",₹6.75 Cr,"₹48,214 /sqft","1,400 sqft",(130 sqm),Carpet Area,3 BHK,3,Ready To Move,11th out of 19 Floors | Open Side,,Well maintain society nice air / light ventilation higher floor pic is original more info and visit pl call,BJ Realty,Dealer,,https://www.99acres.com/3-bhk-bedroom-apartment-flat-for-sale-in-valencia-tower-tardeo-south-mumbai-1400-sqft-spid-A89105569,,6
O92501364,PROPERTY,"2 BHK Flat in Tardeo, Mumbai","2 BHK Flat in Tardeo, Mumbai",Optimum Wellingdon View,"Tardeo, Mumbai",₹4.75 Cr,"₹54,285 /sqft",875 sqft,(81 sqm),Carpet Area,2 BHK,2,Ready To Move,7th out of 25 Floors | Overlooking Park,,"This spacious 2 bhk apartment available for sale in a premium building wellingdon view tardeo, and priced at 4.75 cr. The floor plan additionally contains 2 bedroom(s), 2 bathrooms, servant room and 1 balcony. All in all, the flat is spread over a carpet area of 875 sq.Ft and comes with 1 car park. The flat has a total of 25 floors and this property is situated on 7th floor. An added advantage ...",Highrise Estates,Dealer,,https://www.99acres.com/2-bhk-bedroom-apartment-flat-for-sale-in-optimum-wellingdon-view-tardeo-south-mumbai-875-sqft-spid-O92501364,,6
K90910938,PROPERTY,"2 BHK Flat in Tardeo, Mumbai","2 BHK Flat in Tardeo, Mumbai",Optimum Wellingdon View,"Tardeo, Mumbai",₹4.5 Cr,"₹45,546 /sqft",988 sqft,(92 sqm),Carpet Area,2 BHK,3,Ready To Move,8th out of 17 Floors | Overlooking Park,,"This property faces the north-East direction. Containing 2 bedroom(s), 3 bathrooms , this flat is spread over a carpet area of 988 sq.Ft. The property is located on the 8th floor of a 17 floors tall building. This 10+ years old property is available for immediate possession as the project is ready to move. The beautifully designed ceramic flooring enhances the beauty of the flat. Optimum wellin...",SOBO PROPERTIES & SERVICES,Dealer,,https://www.99acres.com/2-bhk-bedroom-apartment-flat-for-sale-in-optimum-wellingdon-view-tardeo-south-mumbai-988-sqft-r1-spid-K90910938,,6
Y92210512,PROPERTY,"2 BHK Flat in Tardeo, Mumbai","2 BHK Flat in Tardeo, Mumbai",Sanghvi Aaditya Heights,"Tardeo, Mumbai",₹5.4 Cr,"₹60,000 /sqft",900 sqft,(84 sqm),Carpet Area,2 BHK,2,Ready To Move,14th out of 35 Floors | North Facing,,"This is a north-Facing property. The floor plan additionally contains 2 bedroom(s), 2 bathrooms and 1 balcony. All in all, the flat is spread over a carpet area of 900 sq.Ft. This flat lies on the 14th level of a 35 storey building. As the project is already ready to move, so you can easily move into this 0-1 year old property. The well built vitrified flooring enhances the aesthetic appeal of ...",Parmar Properties and Infrastructure Pvt. Ltd.,Dealer,,https://www.99acres.com/2-bhk-bedroom-apartment-flat-for-sale-in-sanghvi-aaditya-heights-tardeo-south-mumbai-900-sqft-spid-Y92210512,,6
K85894722,PROPERTY,"3 BHK Flat in Tardeo, Mumbai","3 BHK Flat in Tardeo, Mumbai",on request,"Tardeo, Mumbai",₹7.5 Cr,"₹35,714 /sqft","2,100 sqft",(195 sqm),Super Built-up Area,3 BHK,4,Ready To Move,4th out of 10 Floors | Overlooking Park,,"This 3 bhk apartment is available for sale in on request, one of the most prominent projects for flats in tardeo, mumbai south. This is a north-East-Facing property. The flat occupies a super built up area of 2100 sq.Ft. That consists of 3 bedrooms, 4 bathrooms and 1 balcony. This flat is situated on the 4th floor of this 10 floors tall residential building. An added advantage of this 10+ years...",Dilip shah,Dealer,,https://www.99acres.com/3-bhk-bedroom-apartment-flat-for-sale-in-tardeo-south-mumbai-2100-sqft-r5-spid-K85894722,,6
O92166464,PROPERTY,"3 BHK Flat in Tardeo, Mumbai","3 BHK Flat in Tardeo, Mumbai",Walchand Terraces,"Tardeo, Mumbai",₹7.3 Cr,"₹48,666 /sqft","1,500 sqft",(139 sqm),Carpet Area,3 BHK,3,Ready To Move,7th out of 15 Floors | North-East Facing,,"Experience luxury living in a thoughtfully designed residential development featuring world-Class amenities and modern architecture. Wave house with a bowling alley, family pool, arcade zone, summer garden, and sports court. Every space is crafted to offer comfort, recreation, and wellness for all age groups. A perfect blend of premium lifestyle, convenience, and investment potential in a prime...",Cherry on Top,,,https://www.99acres.com/3-bhk-bedroom-apartment-flat-for-sale-in-walchand-terraces-tardeo-south-mumbai-1500-sqft-spid-O92166464,,6
Q92480148,PROPERTY,"3 BHK Flat in Tardeo, Mumbai","3 BHK Flat in Tardeo, Mumbai",Stardeous,"Tardeo, Mumbai",₹6.4 Cr,"₹43,155 /sqft","1,483 sqft",(138 sqm),Built-up Area,3 BHK,3,Under Construction,35th out of 43 Floors | Overlooking Park,,"The flat is facing the east direction. Containing 3 bedroom(s), 3 bathrooms and 3 balconies, this flat is spread over a built up area of 1483 sq.Ft. This flat lies on the 35th level of a 43 storey building. This residential property is still under construction and will be available for possession by december 2027. The vitrified flooring of this flat is beautifully designed and helps to give it ...",Easy Home Realty,Dealer,,https://www.99acres.com/3-bhk-bedroom-apartment-flat-for-sale-in-tardeo-south-mumbai-1483-sqft-spid-Q92480148,,6
X80719863,PROPERTY,"4 BHK Flat in Altamount Road, Tardeo, Mumbai","4 BHK Flat in Altamount Road, Tardeo, Mumbai",Kalpataru Prive,"Altamount Road, Tardeo, Mumbai",₹30 Cr,₹2.44 L /sqft,"1,230 sqft",(114 sqm),Carpet Area,4 BHK,4,Ready To Move,3rd out of 23 Floors | 2 Covered Parking,,"Check out this 4 bhk apartment for sale in kalpataru prive, a popular residential project that houses in-Demand flats in malabar hill, mumbai south. This is a south-West-Facing property. The floor plan additionally contains 4 bedroom(s), 4 bathrooms and 3 balconies. All in all, the flat is spread over a carpet area of 23013 sq.Ft. The property is located on the 3rd floor of a 23 floors tall bui...",Novel Homes,Dealer,,https://www.99acres.com/4-bhk-bedroom-apartment-flat-for-sale-in-kalpataru-prive-altamount-road-south-mumbai-1230-sqft-r3-spid-X80719863,,7
G81851064,PROPERTY,"3 BHK Flat in Tardeo, Mumbai","3 BHK Flat in Tardeo, Mumbai",MICL Aaradhya Avaan,"Tardeo, Mumbai",₹8.45 Cr,"₹58,035 /sqft","1,456 sqft",(167 sqm),Carpet Area,3 BHK,4,Under Construction,40th out of 61 Floors | Overlooking Park,,"This 3 bhk apartment is available for sale in micl aaradhya avaan, one of the most prominent projects for flats in tardeo, mumbai south. This is a north-East-Facing property. The flat is over 1800 sq.Ft. Super built up area and comes with 3 bedroom(s), 4 bathrooms and 1 balcony. This flat is situated on the 40th floor of this 61 floors tall residential building. Moreover, the flat is currently ...",Shubh Properties,Dealer,,https://www.99acres.com/3-bhk-bedroom-apartment-flat-for-sale-in-micl-aaradhya-avaan-tardeo-south-mumbai-1800-sqft-r3-spid-G81851064,,7
C92074352,PROPERTY,"3 BHK Flat in Tardeo, Mumbai","3 BHK Flat in Tardeo, Mumbai",Three Bedroom Hall,"Tardeo, Mumbai",₹7.12 Cr,"₹59,932 /sqft","1,188 sqft",(110 sqm),Carpet Area,3 BHK,3,Ready To Move,30th out of 35 Floors | Overlooking Park,,"Presenting an ultra-Premium 3 bhk residence in the prestigious location of tardeo, available for sale at 7.12 cr. The flat occupies a carpet area of 1188 sq.Ft. That consists of 3 bedrooms, 3 bathrooms and 1 balcony ensuring ample natural light and ventilation. Comes with 2 car parks and enjoys a prime location with excellent connectivity to key areas.. This flat lies on the 30th level of a 35 ...",Highrise Estates,Dealer,,https://www.99acres.com/3-bhk-bedroom-apartment-flat-for-sale-in-tardeo-south-mumbai-1188-sqft-spid-C92074352,,7
A88707812,PROPERTY,"3 BHK Flat in Tardeo, Mumbai","3 BHK Flat in Tardeo, Mumbai",Kinjal Heaven,"Tardeo, Mumbai",₹7 Cr,"₹70,000 /sqft","1,000 sqft",(93 sqm),Carpet Area,3 BHK,3,Ready To Move,14th out of 20 Floors | East Facing,,"This residential flat is east-Facing direction. The floor plan additionally contains 3 bedroom(s), 3 bathrooms . All in all, the flat is spread over a carpet area of 1000 sq.Ft. This flat is situated on the 14th floor of this 20 floors tall residential building. Being a ready to move project, you can expect immediate possession of this 10+ years old property. The floor of this flat is beautiful...",K.Hemandas real estate,Dealer,,https://www.99acres.com/3-bhk-bedroom-apartment-flat-for-sale-in-kinjal-heaven-tardeo-south-mumbai-1000-sqft-r1-spid-A88707812,,7
Z92775196,PROPERTY,"Residential land / Plot in Tardeo, Mumbai","Residential land / Plot in Tardeo, Mumbai","Tardeo, Mumbai, Mumbai South","Tardeo, Mumbai",₹13 Cr,₹4.19 L /sqm,310 sqm,"(3,336 sqft)",Plot Area,Plot/Land,,Ready To Move,3 side open | Boundary wall,,"Prime residential plot for sale tardeo, south mumbai An exceptional residential plot with existing tenants, offering an outstanding opportunity for redevelopment in one of the most prestigious and sought-After locations of tardeo, south mumbai. This prime asset is ideal for developers and investors looking to capitalize on the area's strong demand, premium surroundings, and excellent redevelopm...",Crestone Reality,Dealer,,https://www.99acres.com/residential-land-plot-for-sale-in-tardeo-south-mumbai-371-sqyd-spid-Z92775196,,7
407955,PROJECT,Jayant Araia,Jayant Araia,,"Tardeo, Mumbai",₹2.88 - 3.09 Cr,,,,,2 BHK,,,,,"Jayant Araia society now offers elegantly built 2 BHK apartments in Tardeo. The housing society is RERA-registered with P51900050460 registration number. Apartments in this complex are available in price range of Rs. 2.88 - 3.09 Cr. Jayant Araia has apartments in multiple configurations, in range of 590 - 633 sqft",Jayant Group,,,https://www.99acres.com/jayant-araia-tardeo-south-mumbai-npxid-r407955,2 BHK Apartment: ₹2.88 - 3.09 Cr,7
P85399984,PROPERTY,"3 BHK Flat in Tardeo, Mumbai","3 BHK Flat in Tardeo, Mumbai",on request,"Tardeo, Mumbai",₹8.5 Cr,"₹47,222 /sqft","1,800 sqft",(167 sqm),Super Built-up Area,3 BHK,3,Ready To Move,15th out of 15 Floors | Overlooking Park,,"On request is one of mumbai south's most sought after destination for apartments and this 3 bhk flat in tardeo is your opportunity to be a part of this community. This property faces the north-East direction. The floor plan additionally contains 3 bedroom(s), 3 bathrooms and 1 balcony. All in all, the flat is spread over a super built up area of 1800 sq.Ft. The flat has a total of 15 floors and...",Dilip shah,Dealer,,https://www.99acres.com/3-bhk-bedroom-apartment-flat-for-sale-in-tardeo-south-mumbai-1800-sqft-r5-spid-P85399984,,7
G92775164,PROPERTY,"Residential land / Plot in Tardeo, Mumbai","Residential land / Plot in Tardeo, Mumbai","Tardeo, Mumbai, Mumbai South","Tardeo, Mumbai",₹12 Cr,₹4.53 L /sqm,265 sqm,"(2,852 sqft)",Plot Area,Plot/Land,,Ready To Move,Corner Property | 3 side open,,"Prime residential plot for sale tardeo, south mumbai An exceptional residential plot with existing tenants, offering an outstanding opportunity for redevelopment in one of the most prestigious and sought-After locations of tardeo, south mumbai. This prime asset is ideal for developers and investors looking to capitalize on the area's strong demand, premium surroundings, and excellent redevelopm...",Crestone Reality,Dealer,,https://www.99acres.com/residential-land-plot-for-sale-in-tardeo-south-mumbai-317-sqyd-spid-G92775164,,7
T84656656,PROPERTY,"3 BHK Flat in Chikalwadi, Tardeo, Mumbai","3 BHK Flat in Chikalwadi, Tardeo, Mumbai",on request,"Chikalwadi, Tardeo, Mumbai",₹8.75 Cr,"₹43,750 /sqft","2,000 sqft",(186 sqm),Super Built-up Area,3 BHK,3,Ready To Move,3rd out of 22 Floors | Overlooking Main Road,,"This beautiful 3 bhk flat in bhatia hispital, mumbai south is situated in on request, one of the popular residential society in mumbai south. The flat is facing the north-East direction. The floor plan additionally contains 3 bedroom(s), 3 bathrooms and 1 balcony. All in all, the flat is spread over a super built up area of 2000 sq.Ft. The residential building has 22 floors in total and the fla...",Dilip shah,Dealer,,https://www.99acres.com/3-bhk-bedroom-apartment-flat-for-sale-in-chikalwadi-south-mumbai-2000-sqft-r6-spid-T84656656,,7
D88660206,PROPERTY,"4 BHK Flat in Altamount Road, Tardeo, Mumbai","4 BHK Flat in Altamount Road, Tardeo, Mumbai",Pushpak Apartment,"Altamount Road, Tardeo, Mumbai",₹16 Cr,"₹94,117 /sqft","1,700 sqft",(158 sqm),Carpet Area,4 BHK,4,Ready To Move,9th out of 12 Floors,,"This property faces the north-West direction. Constructed on a carpet area of 1700 sq.Ft., the flat comprises 4 bedroom(s), 4 bathrooms . This flat lies on the 9th level of a 12 storey building. As the project is already ready to move, so you can easily move into this 10+ years old property. The floor of this flat is beautifully designed using vitrified flooring, giving the flat an alluring loo...",K.Hemandas real estate,Dealer,,https://www.99acres.com/4-bhk-bedroom-apartment-flat-for-sale-in-pushpak-apartment-altamount-road-south-mumbai-1700-sqft-r1-spid-D88660206,,7
V92251798,PROPERTY,"3 BHK Flat in Tardeo, Mumbai","3 BHK Flat in Tardeo, Mumbai",Elite Crest,"Tardeo, Mumbai",₹15 Cr,"₹97,991 /sqft","1,530.74 sqft",(142 sqm),Carpet Area,3 BHK,3,Ready To Move,9th out of 23 Floors | Furnished,,"The flat is over 142 sq.M. Carpet area and comes with 3 bedroom(s), 3 bathrooms . The residential building has 23 floors in total and the flat for sale is located on the 9th floor. This 1-5 years old property is available for immediate possession as the project is ready to move. The flat will offer a modern lifestyle as it is presented with many of the amenities such as lift(s).",Vijay Kantilal Kataria,Dealer,,https://www.99acres.com/3-bhk-bedroom-apartment-flat-for-sale-in-elite-crest-tardeo-south-mumbai-1531-sqft-spid-V92251798,,7
M89044332,PROPERTY,"3 BHK Flat in Altamount Road, Tardeo, Mumbai","3 BHK Flat in Altamount Road, Tardeo, Mumbai",Alt View,"Altamount Road, Tardeo, Mumbai",₹13.25 Cr,"₹79,246 /sqft","1,672 sqft",(155 sqm),Carpet Area,3 BHK,4,Ready To Move,4th out of 6 Floors | East Facing,,"This residential flat is east-Facing direction. The floor plan additionally contains 3 bedroom(s), 4 bathrooms . All in all, the flat is spread over a carpet area of 1672 sq.Ft. The property is located on the 4th floor of a 6 floors tall building. This is a ready to move project and the property is 10+ years old. The beautifully designed vitrified flooring enhances the beauty of the flat. The s...",K.Hemandas real estate,Dealer,,https://www.99acres.com/3-bhk-bedroom-apartment-flat-for-sale-in-altamount-road-south-mumbai-1672-sqft-r1-spid-M89044332,,7
V92182060,PROPERTY,"3 BHK Flat in Tardeo, Mumbai","3 BHK Flat in Tardeo, Mumbai",The Imperial i,"Tardeo, Mumbai",₹16.25 Cr,"₹79,970 /sqft","2,032 sqft",(189 sqm),Carpet Area,3 BHK,3,Under Construction,18th out of 62 Floors | Overlooking Park,,"This spacious 3 bhk apartment available for sale in a premium building imperial 1 tardeo, and priced at 16.25 cr. Constructed on a carpet area of 2032 sq.Ft., the flat comprises 3 bedroom(s), 3 bathrooms and 1 balcony with sea view, wellingdon & racecourse view. This property comes with 2 car parks. The residential building has 62 floors in total and the flat for sale is located on the 18th flo...",Highrise Estates,Dealer,,https://www.99acres.com/3-bhk-bedroom-apartment-flat-for-sale-in-the-imperial-i-tardeo-south-mumbai-2032-sqft-spid-V92182060,,7
F92181566,PROPERTY,"3 BHK Flat in Tardeo, Mumbai","3 BHK Flat in Tardeo, Mumbai",The Imperial i,"Tardeo, Mumbai",₹15.77 Cr,"₹79,969 /sqft","1,972 sqft",(183 sqm),Carpet Area,3 BHK,3,Under Construction,18th out of 62 Floors | Overlooking Park,,"Discover elevated living at the imperial 1 tardeo, with this expansive 3 bhk residence available for sale at 15.77 cr. The flat occupies a carpet area of 1972 sq.Ft. That consists of 3 bedrooms, 3 bathrooms and 1 balcony and with sea view, wellingdon & racecourse view. This property comes with 2 car parks. The flat has a total of 62 floors and this property is situated on 18th floor. This resid...",Highrise Estates,Dealer,,https://www.99acres.com/3-bhk-bedroom-apartment-flat-for-sale-in-the-imperial-i-tardeo-south-mumbai-1972-sqft-spid-F92181566,,7
H56968992,PROPERTY,"5 BHK Flat in Altamount Road, Tardeo, Mumbai","5 BHK Flat in Altamount Road, Tardeo, Mumbai",on request,"Altamount Road, Tardeo, Mumbai",₹50 Cr,"₹90,909 /sqft","5,500 sqft",(511 sqm),Super Built-up Area,5 BHK,6,Ready To Move,3rd out of 10 Floors | North-East Facing,,A 5 bhk flat is available for sale in mumbai south altamount road. This north-East facing property is a part of on request. The built-Up area is 5250 sq.Ft. The carpet area is 5000 sq.Ft. This is a a semi-Furnished with 40light1stove1curtains5ac5wardrobe1exhaust fan1modular kitchen2bed1water purifier7fan. It has more than two bathrooms.The apartment has 2 balconies. It is a north-East facing fl...,Kishore Alreja,Dealer,,https://www.99acres.com/5-bhk-bedroom-apartment-flat-for-sale-in-altamount-road-south-mumbai-5500-sqft-r9-spid-H56968992,,7
H81550225,PROPERTY,"4 BHK Flat in Altamount Road, Tardeo, Mumbai","4 BHK Flat in Altamount Road, Tardeo, Mumbai",on request,"Altamount Road, Tardeo, Mumbai",₹34 Cr,"₹94,444 /sqft","3,600 sqft",(334 sqm),Super Built-up Area,4 BHK,6,Ready To Move,6th out of 15 Floors | East Facing,,"Located in the popular residential address of altamount road, mumbai south, on request is one of the most preferred destination for apartments in mumbai south. This 4 bhk flat is your ticket to be a part of this community. The flat is facing the east direction. The floor plan additionally contains 4 bedroom(s), 6 bathrooms and 1 balcony. All in all, the flat is spread over a super built up area...",Kishore Alreja,Dealer,,https://www.99acres.com/4-bhk-bedroom-apartment-flat-for-sale-in-altamount-road-south-mumbai-3600-sqft-r5-spid-H81550225,,7
X92174320,PROPERTY,"3 BHK Flat in Tardeo, Mumbai","3 BHK Flat in Tardeo, Mumbai",The Imperial i,"Tardeo, Mumbai",₹14.52 Cr,"₹80,000 /sqft","1,815 sqft",(169 sqm),Carpet Area,3 BHK,3,Under Construction,20th out of 62 Floors | Overlooking Park,,"Elevate your lifestyle with this premium 3 bhk sea view residence at the imperial 1 tardeo, available for sale at 14.52 cr++. The flat occupies a carpet area of 1815 sq.Ft. That consists of 3 bedrooms, 3 bathrooms and 1 balcony with sea view, wellingdon & racecourse view. This property comes with 2 car parks. The residential building has 62 floors in total and the flat for sale is located on th...",Highrise Estates,Dealer,,https://www.99acres.com/3-bhk-bedroom-apartment-flat-for-sale-in-the-imperial-i-tardeo-south-mumbai-1815-sqft-spid-X92174320,,7
R92226978,PROPERTY,"4 BHK Flat in Tardeo, Mumbai","4 BHK Flat in Tardeo, Mumbai",The Imperial i,"Tardeo, Mumbai",₹18.88 Cr,"₹79,966 /sqft","2,361 sqft",(219 sqm),Carpet Area,4 BHK,4,Under Construction,21st out of 62 Floors | Overlooking Park,,"This spacious 4 bhk apartment available for sale in a premium building imperial 1 tardeo, and priced at 18.88 cr. The floor plan additionally contains 4 bedroom(s), 4 bathrooms and 1 balcony with sea view, wellingdon & racecourse view. This property comes with 3 car parks. . All in all, the flat is spread over a carpet area of 2361 sq.Ft. The residential building has 62 floors in total and the ...",Highrise Estates,Dealer,,https://www.99acres.com/4-bhk-bedroom-apartment-flat-for-sale-in-the-imperial-i-tardeo-south-mumbai-2361-sqft-spid-R92226978,,7
P53813026,PROPERTY,"3 BHK Flat in Altamount Road, Tardeo, Mumbai","3 BHK Flat in Altamount Road, Tardeo, Mumbai",on request,"Altamount Road, Tardeo, Mumbai",₹20 Cr,"₹76,923 /sqft","2,600 sqft",(242 sqm),Super Built-up Area,3 BHK,4,Ready To Move,4th out of 10 Floors | East Facing,,"This is an east facing semi-Furnished 3 bhk flat for sale in altamount road ,mumbai south. It has 4 bathroom(s). The apartment has a single balcony. It is built over a total area of 2600 sq.Ft. With built-Up area 2400 sq.Ft. And carpet area 2200 sq.Ft. It adorns marble flooring. Additionally, this 3 bhk has a servant room and study room. It is on the 4th floor of 10 floors. The expected price o...",Kishore Alreja,Dealer,,https://www.99acres.com/3-bhk-bedroom-apartment-flat-for-sale-in-altamount-road-south-mumbai-2600-sqft-r22-spid-P53813026,,7
M51350514,PROPERTY,"6 BHK Flat in Altamount Road, Tardeo, Mumbai","6 BHK Flat in Altamount Road, Tardeo, Mumbai",One Altamount Apartment,"Altamount Road, Tardeo, Mumbai",₹100 Cr,"₹80,000 /sqft","12,500 sqft","(1,161 sqm)",Built-up Area,6 BHK,8,Ready To Move,22nd out of 41 Floors | Overlooking Park,,"6 bedroom duplex flat, located in altamount road, mumbai south. It is a ready to move in furnished flat located in one altamount apartment. Situated in a prominent locality in prime condition. The flat is on the middle floor of the building. Aesthetically designed with marble flooring. The flat faces the west direction and has a good view of the locality. The flat is a freehold property and has...",Jai Ambe Real estate,Dealer,,https://www.99acres.com/6-bhk-bedroom-apartment-flat-for-sale-in-one-altamount-apartment-altamount-road-south-mumbai-12500-sqft-r7-spid-M51350514,,7
F84338924,PROPERTY,"4 BHK Flat in Altamount Road, Tardeo, Mumbai","4 BHK Flat in Altamount Road, Tardeo, Mumbai",on request,"Altamount Road, Tardeo, Mumbai",₹48 Cr,"₹77,419 /sqft","6,200 sqft",(576 sqm),Super Built-up Area,4 BHK,6,Ready To Move,8th out of 12 Floors | North-East Facing,,"This lovely 4 bhk apartment/flat in altamount road is available for sale in one of mumbai south's most popular projects, on request. This residential flat is north-East-Facing direction. The floor plan additionally contains 4 bedroom(s), 6 bathrooms and 2 balconies. All in all, the flat is spread over a super built up area of 6200 sq.Ft. The residential building has 12 floors in total and the f...",Kishore Alreja,Dealer,,https://www.99acres.com/4-bhk-bedroom-apartment-flat-for-sale-in-altamount-road-south-mumbai-6200-sqft-r3-spid-F84338924,,7
A55683806,PROPERTY,"5 BHK Flat in Altamount Road, Tardeo, Mumbai","5 BHK Flat in Altamount Road, Tardeo, Mumbai",on request,"Altamount Road, Tardeo, Mumbai",₹43 Cr,"₹76,785 /sqft","5,600 sqft",(520 sqm),Super Built-up Area,5 BHK,6,Ready To Move,6th out of 10 Floors | Overlooking Main Road,,A 5 bhk flat is available for sale in mumbai south altamount road. This property is a part of on request. The built-Up area is 5400 sq.Ft. The carpet area is 5200 sq.Ft. This is a a semi-Furnished with 5geyser1water purifier5wardrobe1modular kitchen2bed10fan25light1exhaust fan. It has more than two bathrooms.The apartment has a single balcony. It has a servant room and study room. Located on th...,Kishore Alreja,Dealer,,https://www.99acres.com/5-bhk-bedroom-apartment-flat-for-sale-in-altamount-road-south-mumbai-5600-sqft-r10-spid-A55683806,,7
D86578424,PROPERTY,"4 BHK Flat in Gowalia Tank, Tardeo, Mumbai","4 BHK Flat in Gowalia Tank, Tardeo, Mumbai",on request,"Gowalia Tank, Tardeo, Mumbai",₹14 Cr,"₹46,666 /sqft","3,000 sqft",(279 sqm),Super Built-up Area,4 BHK,4,Ready To Move,21st out of 28 Floors | Overlooking Main Road,,"On request is one of the most popular destination for buying apartments/ flats in gowalia tank, mumbai south. You too can be a part of this society by purchasing this 4 bhk flat here. This residential flat is north-East-Facing direction. The flat occupies a super built up area of 3000 sq.Ft. That consists of 4 bedrooms, 4 bathrooms and 2 balconies. The residential building has 28 floors in tota...",Dilip shah,Dealer,,https://www.99acres.com/4-bhk-bedroom-apartment-flat-for-sale-in-gowalia-tank-mumbai-south-3000-sqft-r5-spid-D86578424,,7
X54844644,PROPERTY,"4 BHK Flat in Altamount Road, Tardeo, Mumbai","4 BHK Flat in Altamount Road, Tardeo, Mumbai",on request,"Altamount Road, Tardeo, Mumbai",₹30 Cr,"₹75,000 /sqft","4,000 sqft",(372 sqm),Super Built-up Area,4 BHK,6,Ready To Move,4th out of 10 Floors | 1 Covered Parking & 2 Open Parking,,"This is a meticulously designed 4 bhk apartment located in altamount road, mumbai south. It is a freehold property. The flat is a spacious property and is . Located in an integrated society of on request, it has 6 bathroom(s) and 1 balcony(s).It has marble flooring. It is a north-West facing propertyit is located on 4th floor. Full power back up. The unit is located in a gated society. The apar...",Kishore Alreja,Dealer,,https://www.99acres.com/4-bhk-bedroom-apartment-flat-for-sale-in-altamount-road-south-mumbai-4000-sqft-r15-spid-X54844644,,7
U88632944,PROPERTY,"4 BHK Flat in Tardeo, Mumbai","4 BHK Flat in Tardeo, Mumbai",The Imperial i,"Tardeo, Mumbai",₹19 Cr,"₹54,285 /sqft","3,500 sqft",(325 sqm),Super Built-up Area,4 BHK,5,Ready To Move,20th out of 60 Floors | Overlooking Park,,"The flat is over 3500 sq.Ft. Super built up area and comes with 4 bedroom(s), 5 bathrooms and more than 3 balconies. The residential building has 60 floors in total and the flat for sale is located on the 20th floor. This is a ready to move project and the property is 5-10 years old. The marble flooring of this flat is beautifully designed and helps to give it a pleasing look. All the modern am...",Om Sai Estate Consultancy,Dealer,,https://www.99acres.com/4-bhk-bedroom-apartment-flat-for-sale-in-the-imperial-i-tardeo-south-mumbai-3500-sqft-r1-spid-U88632944,,7
J92228904,PROPERTY,"4 BHK Flat in Tardeo, Mumbai","4 BHK Flat in Tardeo, Mumbai",The Imperial i,"Tardeo, Mumbai",₹22.59 Cr,"₹79,992 /sqft","2,824 sqft",(262 sqm),Carpet Area,4 BHK,4,Under Construction,23rd out of 62 Floors | Overlooking Park,,"This luxurious 4 bed residence available for sale in a premium building imperial 1 tardeo, and priced at 22.59 cr. Constructed on a carpet area of 2824 sq.Ft., the flat comprises 4 bedroom(s), 4 bathrooms and 1 balcony with sea view, wellingdon & racecourse view. This property comes with 3 car parks. This flat is situated on the 23rd floor of this 62 floors tall residential building. As the pro...",Highrise Estates,Dealer,https://imagecdn.99acres.com/media1/39218/9/784369540M-1782553251749.jpg,https://www.99acres.com/4-bhk-bedroom-apartment-flat-for-sale-in-the-imperial-i-tardeo-south-mumbai-2824-sqft-spid-J92228904,,8
J81318033,PROPERTY,"4 BHK Flat in Altamount Road, Tardeo, Mumbai","4 BHK Flat in Altamount Road, Tardeo, Mumbai",on request,"Altamount Road, Tardeo, Mumbai",₹30 Cr,"₹73,170 /sqft","4,100 sqft",(381 sqm),Super Built-up Area,4 BHK,5,Ready To Move,3rd out of 12 Floors | Gated Society,,"This lovely 4 bhk apartment/flat in altamount road is available for sale in one of mumbai south's most popular projects, on request. This property faces the south direction. The flat occupies a super built up area of 4100 sq.Ft. That consists of 4 bedrooms, 5 bathrooms and 1 balcony. The property is located on the 3rd floor of a 12 floors tall building. This is a ready to move project and the p...",Kishore Alreja,Dealer,,https://www.99acres.com/4-bhk-bedroom-apartment-flat-for-sale-in-altamount-road-south-mumbai-4100-sqft-r5-spid-J81318033,,8
A83640302,PROPERTY,"5 BHK Flat in Altamount Road, Tardeo, Mumbai","5 BHK Flat in Altamount Road, Tardeo, Mumbai",on request,"Altamount Road, Tardeo, Mumbai",₹24 Cr,"₹75,000 /sqft","3,200 sqft",(297 sqm),Super Built-up Area,5 BHK,6,Ready To Move,7th out of 12 Floors | Overlooking Park,,"This beautiful 5 bhk flat in altamount road, mumbai south is situated in on request, one of the popular residential society in mumbai south. This property faces the north-East direction. Containing 5 bedroom(s), 6 bathrooms and 2 balconies, this flat is spread over a super built up area of 3200 sq.Ft. This flat lies on the 7th level of a 12 storey building. Being a ready to move project, you ca...",Dilip shah,Dealer,,https://www.99acres.com/5-bhk-bedroom-apartment-flat-for-sale-in-altamount-road-south-mumbai-3200-sqft-r7-spid-A83640302,,8
V92228360,PROPERTY,"4 BHK Flat in Tardeo, Mumbai","4 BHK Flat in Tardeo, Mumbai",The Imperial i,"Tardeo, Mumbai",₹20 Cr,"₹80,000 /sqft","2,500 sqft",(232 sqm),Carpet Area,4 BHK,4,Under Construction,21st out of 62 Floors | Overlooking Park,,"This exclusive 4 bhk residence available for sale in a premium building imperial 1 tardeo, and priced at 20 cr++. The floor plan additionally contains 4 bedroom(s), 4 bathrooms and 1 balcony. All in all, the flat is spread over a carpet area of 2500 sq.Ft with sea view, wellingdon & racecourse view. This property comes with 3 car parks. This flat lies on the 21st level of a 62 storey building. ...",Highrise Estates,Dealer,,https://www.99acres.com/4-bhk-bedroom-apartment-flat-for-sale-in-the-imperial-i-tardeo-south-mumbai-2500-sqft-spid-V92228360,,8
A61757224,PROPERTY,"4 BHK Flat in Tardeo, Mumbai","4 BHK Flat in Tardeo, Mumbai",The Imperial i,"Tardeo, Mumbai",₹23 Cr,"₹50,493 /sqft","4,555 sqft",(423 sqm),Super Built-up Area,4 BHK,5,Ready To Move,35th out of 62 Floors | Overlooking Park,,"This is a east-Facing property. The flat occupies a super built up area of 4555 sq.Ft. That consists of 4 bedrooms, 5 bathrooms and 2 balconies. The property is located on the 35th floor of a 62 floors tall building. This 5-10 years old property is available for immediate possession as the project is ready to move. The floor of this flat is beautifully designed using vitrified flooring, giving ...",LAXMI PROPERTY,,,https://www.99acres.com/4-bhk-bedroom-apartment-flat-for-sale-in-the-imperial-i-tardeo-south-mumbai-4555-sqft-r8-spid-A61757224,,8
M70134170,PROPERTY,"4 BHK Flat in Tardeo, Mumbai","4 BHK Flat in Tardeo, Mumbai",The Imperial i,"Tardeo, Mumbai",₹23 Cr,"₹74,918 /sqft","3,070 sqft",(285 sqm),Super Built-up Area,4 BHK,5,Ready To Move,23rd out of 62 Floors | Overlooking Main Road,,"Sd the imperial is one of the most popular destination for buying apartments/ flats in tardeo, south mumbai. You too can be a part of this society by purchasing this 4 bbk duplex flat here. The flat occupies a super built up area of 3070 sq.Ft. That consists of 4 bedrooms, 5 bathrooms and 3 balconies. The property is located on the 23rd floor of a 62 floors tall building. This is a ready to mov...",Mani solanki,Dealer,,https://www.99acres.com/4-bhk-bedroom-apartment-flat-for-sale-in-the-imperial-i-tardeo-south-mumbai-3070-sqft-r9-spid-M70134170,,8
J87182234,PROPERTY,"4 BHK Flat in Tardeo, Mumbai","4 BHK Flat in Tardeo, Mumbai",Verain Iora,"Tardeo, Mumbai",₹24 Cr,₹1.12 L /sqft,"2,144 sqft",(199 sqm),Carpet Area,4 BHK,4,Ready To Move,19th out of 53 Floors | Overlooking Main Road,,"Looking for a 4 bhk property for sale in mumbai south? Buy this 4 bhk flat in verain iora that is situated in tardeo, mumbai south. The flat occupies a carpet area of 2144 sq.Ft. That consists of 4 bedrooms, 4 bathrooms . This flat lies on the 19th level of a 53 storey building. As the project is already ready to move, this is barshall so you can easily move into this 0-1 year old property. Man...",Mani solanki,Dealer,,https://www.99acres.com/4-bhk-bedroom-apartment-flat-for-sale-in-verain-iora-tardeo-south-mumbai-2144-sqft-r1-spid-J87182234,,8
